Raman_Shift_cm-1,Intensity_norm
43.92156862745098,135.97838452787258
43.92156862745098,135.97838452787258
43.92156862745098,135.97838452787258
43.92156862745098,135.97838452787258
43.92156862745098,135.97838452787258
43.92156862745098,135.97838452787258
43.92156862745098,135.97838452787258
43.92156862745098,135.97838452787258
43.92156862745098,135.97838452787258
43.92156862745098,135.97838452787258
43.92156862745098,135.97838452787258
43.92156862745098,135.97838452787258
43.92156862745098,135.97838452787258
43.92156862745098,135.97838452787258
43.92156862745098,135.97838452787258
43.92156862745098,135.97838452787258
43.92156862745098,135.97838452787258
43.92156862745098,135.97838452787258
43.92156862745098,135.97838452787258
43.92156862745098,135.97838452787258
43.92156862745098,135.97838452787258
43.92156862745098,135.97838452787258
43.92156862745098,135.97838452787258
43.92156862745098,135.97838452787258
43.92156862745098,135.97838452787258
43.92156862745098,135.97838452787258
43.92156862745098,135.97838452787258
43.92156862745098,135.97838452787258
43.92156862745098,135.97838452787258
43.92156862745098,135.97838452787258
43.92156862745098,135.97838452787258
43.92156862745098,135.97838452787258
43.92156862745098,135.97838452787258
43.92156862745098,135.97838452787258
43.92156862745098,135.97838452787258
43.92156862745098,135.97838452787258
43.92156862745098,135.97838452787258
43.92156862745098,135.97838452787258
43.92156862745098,135.97838452787258
43.92156862745098,135.97838452787258
43.92156862745098,135.97838452787258
43.92156862745098,135.97838452787258
43.92156862745098,135.97838452787258
43.92156862745098,135.97838452787258
43.92156862745098,135.97838452787258
43.92156862745098,135.97838452787258
43.92156862745098,135.97838452787258
43.92156862745098,135.97838452787258
43.92156862745098,135.97838452787258
43.92156862745098,135.97838452787258
43.92156862745098,135.97838452787258
43.92156862745098,135.97838452787258
43.92156862745098,135.97838452787258
43.92156862745098,135.97838452787258
43.92156862745098,135.97838452787258
43.92156862745098,135.97838452787258
43.92156862745098,135.97838452787258
43.92156862745098,135.97838452787258
43.92156862745098,135.97838452787258
43.92156862745098,135.97838452787258
43.92156862745098,135.97838452787258
43.92156862745098,135.97838452787258
43.92156862745098,135.97838452787258
47.05882352941176,152.3037542662116
47.05882352941176,152.3037542662116
47.05882352941176,152.3037542662116
47.05882352941176,152.3037542662116
47.05882352941176,152.3037542662116
47.05882352941176,152.3037542662116
47.05882352941176,152.3037542662116
47.05882352941176,152.3037542662116
47.05882352941176,152.3037542662116
47.05882352941176,152.3037542662116
47.05882352941176,152.3037542662116
47.05882352941176,152.3037542662116
47.05882352941176,152.3037542662116
47.05882352941176,152.3037542662116
47.05882352941176,152.3037542662116
47.05882352941176,152.3037542662116
47.05882352941176,152.3037542662116
47.05882352941176,152.3037542662116
47.05882352941176,152.3037542662116
47.05882352941176,152.3037542662116
47.05882352941176,152.3037542662116
47.05882352941176,152.3037542662116
47.05882352941176,152.3037542662116
47.05882352941176,152.3037542662116
47.05882352941176,152.3037542662116
47.05882352941176,152.3037542662116
47.05882352941176,152.3037542662116
47.05882352941176,152.3037542662116
47.05882352941176,152.3037542662116
47.05882352941176,152.3037542662116
47.05882352941176,152.3037542662116
47.05882352941176,152.3037542662116
47.05882352941176,152.3037542662116
47.05882352941176,152.3037542662116
47.05882352941176,152.3037542662116
47.05882352941176,152.3037542662116
47.05882352941176,152.3037542662116
47.05882352941176,152.3037542662116
47.05882352941176,152.3037542662116
47.05882352941176,152.3037542662116
47.05882352941176,152.3037542662116
47.05882352941176,152.3037542662116
47.05882352941176,152.3037542662116
47.05882352941176,152.3037542662116
47.05882352941176,152.3037542662116
47.05882352941176,152.3037542662116
47.05882352941176,152.3037542662116
47.05882352941176,152.3037542662116
47.05882352941176,152.3037542662116
47.05882352941176,152.3037542662116
47.05882352941176,152.3037542662116
47.05882352941176,152.3037542662116
47.05882352941176,152.3037542662116
47.05882352941176,152.3037542662116
47.05882352941176,152.3037542662116
47.05882352941176,152.3037542662116
47.05882352941176,152.3037542662116
47.05882352941176,152.3037542662116
47.05882352941176,152.3037542662116
47.05882352941176,152.3037542662116
47.05882352941176,152.3037542662116
47.05882352941176,152.3037542662116
47.05882352941176,152.3037542662116
47.05882352941176,152.3037542662116
47.05882352941176,152.3037542662116
47.05882352941176,152.3037542662116
47.05882352941176,152.3037542662116
47.05882352941176,152.3037542662116
47.05882352941176,152.3037542662116
47.05882352941176,152.3037542662116
47.05882352941176,152.3037542662116
47.05882352941176,152.3037542662116
47.05882352941176,152.3037542662116
47.05882352941176,152.3037542662116
47.05882352941176,152.3037542662116
47.05882352941176,152.3037542662116
47.05882352941176,152.3037542662116
47.05882352941176,152.3037542662116
47.05882352941176,152.3037542662116
47.05882352941176,152.3037542662116
47.05882352941176,152.3037542662116
47.05882352941176,152.3037542662116
47.05882352941176,152.3037542662116
47.05882352941176,152.3037542662116
47.05882352941176,152.3037542662116
47.05882352941176,152.3037542662116
47.05882352941176,152.3037542662116
47.05882352941176,152.3037542662116
47.05882352941176,152.3037542662116
47.05882352941176,152.3037542662116
47.05882352941176,152.3037542662116
47.05882352941176,152.3037542662116
47.05882352941176,152.3037542662116
47.05882352941176,152.3037542662116
47.05882352941176,152.3037542662116
47.05882352941176,152.3037542662116
47.05882352941176,152.3037542662116
47.05882352941176,152.3037542662116
47.05882352941176,152.3037542662116
47.05882352941176,152.3037542662116
47.05882352941176,152.3037542662116
47.05882352941176,152.3037542662116
47.05882352941176,152.3037542662116
47.05882352941176,152.3037542662116
47.05882352941176,152.3037542662116
47.05882352941176,152.3037542662116
47.05882352941176,152.3037542662116
47.05882352941176,152.3037542662116
47.05882352941176,152.3037542662116
47.05882352941176,152.3037542662116
47.05882352941176,152.3037542662116
47.05882352941176,152.3037542662116
47.05882352941176,152.3037542662116
47.05882352941176,152.3037542662116
47.05882352941176,152.3037542662116
47.05882352941176,152.3037542662116
47.05882352941176,152.3037542662116
47.05882352941176,152.3037542662116
47.05882352941176,152.3037542662116
47.05882352941176,152.3037542662116
47.05882352941176,152.3037542662116
47.05882352941176,152.3037542662116
47.05882352941176,152.3037542662116
47.05882352941176,152.3037542662116
47.05882352941176,152.3037542662116
47.05882352941176,152.3037542662116
47.05882352941176,152.3037542662116
47.05882352941176,152.3037542662116
47.05882352941176,152.3037542662116
47.05882352941176,152.3037542662116
47.05882352941176,152.3037542662116
47.05882352941176,152.3037542662116
47.05882352941176,152.3037542662116
47.05882352941176,152.3037542662116
47.05882352941176,152.3037542662116
47.05882352941176,152.3037542662116
47.05882352941176,152.3037542662116
47.05882352941176,152.3037542662116
47.05882352941176,152.3037542662116
47.05882352941176,152.3037542662116
47.05882352941176,152.3037542662116
47.05882352941176,152.3037542662116
47.05882352941176,152.3037542662116
47.05882352941176,152.3037542662116
47.05882352941176,152.3037542662116
47.05882352941176,152.3037542662116
47.05882352941176,152.3037542662116
47.05882352941176,152.3037542662116
47.05882352941176,152.3037542662116
47.05882352941176,152.3037542662116
47.05882352941176,152.3037542662116
47.05882352941176,152.3037542662116
47.05882352941176,152.3037542662116
47.05882352941176,152.3037542662116
47.05882352941176,152.3037542662116
47.05882352941176,152.3037542662116
47.05882352941176,152.3037542662116
47.05882352941176,152.3037542662116
47.05882352941176,152.3037542662116
47.05882352941176,152.3037542662116
47.05882352941176,152.3037542662116
47.05882352941176,152.3037542662116
47.05882352941176,152.3037542662116
47.05882352941176,152.3037542662116
47.05882352941176,152.3037542662116
47.05882352941176,152.3037542662116
47.05882352941176,152.3037542662116
47.05882352941176,152.3037542662116
47.05882352941176,152.3037542662116
47.05882352941176,152.3037542662116
47.05882352941176,152.3037542662116
47.05882352941176,152.3037542662116
47.05882352941176,152.3037542662116
47.05882352941176,152.3037542662116
47.05882352941176,152.3037542662116
47.05882352941176,152.3037542662116
47.05882352941176,152.3037542662116
47.05882352941176,152.3037542662116
47.05882352941176,152.3037542662116
47.05882352941176,152.3037542662116
47.05882352941176,152.3037542662116
47.05882352941176,152.3037542662116
47.05882352941176,152.3037542662116
47.05882352941176,152.3037542662116
47.05882352941176,152.3037542662116
47.05882352941176,152.3037542662116
47.05882352941176,152.3037542662116
47.05882352941176,152.3037542662116
47.05882352941176,152.3037542662116
47.05882352941176,152.3037542662116
47.05882352941176,152.3037542662116
47.05882352941176,152.3037542662116
47.05882352941176,152.3037542662116
47.05882352941176,152.3037542662116
47.05882352941176,152.3037542662116
47.05882352941176,152.3037542662116
47.05882352941176,152.3037542662116
47.05882352941176,152.3037542662116
47.05882352941176,152.3037542662116
47.05882352941176,152.3037542662116
47.05882352941176,152.3037542662116
47.05882352941176,152.3037542662116
47.05882352941176,152.3037542662116
47.05882352941176,152.3037542662116
47.05882352941176,152.3037542662116
47.05882352941176,152.3037542662116
47.05882352941176,152.3037542662116
47.05882352941176,152.3037542662116
47.05882352941176,152.3037542662116
47.05882352941176,152.3037542662116
47.05882352941176,152.3037542662116
47.05882352941176,152.3037542662116
47.05882352941176,152.3037542662116
47.05882352941176,152.3037542662116
47.05882352941176,152.3037542662116
47.05882352941176,152.3037542662116
47.05882352941176,152.3037542662116
47.05882352941176,152.3037542662116
47.05882352941176,152.3037542662116
47.05882352941176,152.3037542662116
47.05882352941176,152.3037542662116
47.05882352941176,152.3037542662116
47.05882352941176,152.3037542662116
47.05882352941176,152.3037542662116
47.05882352941176,152.3037542662116
47.05882352941176,152.3037542662116
47.05882352941176,152.3037542662116
47.05882352941176,152.3037542662116
47.05882352941176,152.3037542662116
50.19607843137255,130.30432309442548
50.19607843137255,130.30432309442548
50.19607843137255,130.30432309442548
50.19607843137255,130.30432309442548
50.19607843137255,130.30432309442548
50.19607843137255,130.30432309442548
50.19607843137255,130.30432309442548
50.19607843137255,130.30432309442548
50.19607843137255,130.30432309442548
50.19607843137255,130.30432309442548
50.19607843137255,130.30432309442548
50.19607843137255,130.30432309442548
50.19607843137255,130.30432309442548
50.19607843137255,130.30432309442548
50.19607843137255,130.30432309442548
50.19607843137255,130.30432309442548
50.19607843137255,130.30432309442548
50.19607843137255,130.30432309442548
50.19607843137255,130.30432309442548
50.19607843137255,130.30432309442548
50.19607843137255,130.30432309442548
50.19607843137255,130.30432309442548
50.19607843137255,130.30432309442548
50.19607843137255,130.30432309442548
50.19607843137255,130.30432309442548
50.19607843137255,130.30432309442548
50.19607843137255,130.30432309442548
50.19607843137255,130.30432309442548
50.19607843137255,130.30432309442548
50.19607843137255,130.30432309442548
50.19607843137255,130.30432309442548
50.19607843137255,130.30432309442548
50.19607843137255,130.30432309442548
50.19607843137255,130.30432309442548
50.19607843137255,130.30432309442548
50.19607843137255,130.30432309442548
50.19607843137255,130.30432309442548
50.19607843137255,130.30432309442548
50.19607843137255,130.30432309442548
50.19607843137255,130.30432309442548
50.19607843137255,130.30432309442548
50.19607843137255,130.30432309442548
50.19607843137255,130.30432309442548
50.19607843137255,130.30432309442548
50.19607843137255,130.30432309442548
50.19607843137255,130.30432309442548
50.19607843137255,130.30432309442548
50.19607843137255,130.30432309442548
50.19607843137255,130.30432309442548
50.19607843137255,130.30432309442548
50.19607843137255,130.30432309442548
50.19607843137255,130.30432309442548
50.19607843137255,130.30432309442548
50.19607843137255,130.30432309442548
50.19607843137255,130.30432309442548
50.19607843137255,130.30432309442548
50.19607843137255,130.30432309442548
50.19607843137255,130.30432309442548
50.19607843137255,130.30432309442548
50.19607843137255,130.30432309442548
50.19607843137255,130.30432309442548
50.19607843137255,130.30432309442548
50.19607843137255,130.30432309442548
50.19607843137255,130.30432309442548
50.19607843137255,130.30432309442548
50.19607843137255,130.30432309442548
50.19607843137255,130.30432309442548
50.19607843137255,130.30432309442548
50.19607843137255,130.30432309442548
50.19607843137255,130.30432309442548
50.19607843137255,130.30432309442548
50.19607843137255,130.30432309442548
50.19607843137255,130.30432309442548
50.19607843137255,130.30432309442548
50.19607843137255,130.30432309442548
50.19607843137255,130.30432309442548
50.19607843137255,130.30432309442548
50.19607843137255,130.30432309442548
50.19607843137255,130.30432309442548
50.19607843137255,130.30432309442548
50.19607843137255,130.30432309442548
50.19607843137255,130.30432309442548
50.19607843137255,130.30432309442548
50.19607843137255,130.30432309442548
50.19607843137255,130.30432309442548
50.19607843137255,130.30432309442548
50.19607843137255,130.30432309442548
50.19607843137255,130.30432309442548
50.19607843137255,130.30432309442548
50.19607843137255,130.30432309442548
50.19607843137255,130.30432309442548
50.19607843137255,130.30432309442548
50.19607843137255,130.30432309442548
50.19607843137255,130.30432309442548
50.19607843137255,130.30432309442548
50.19607843137255,130.30432309442548
50.19607843137255,130.30432309442548
50.19607843137255,130.30432309442548
50.19607843137255,130.30432309442548
50.19607843137255,130.30432309442548
50.19607843137255,130.30432309442548
50.19607843137255,130.30432309442548
50.19607843137255,130.30432309442548
50.19607843137255,130.30432309442548
50.19607843137255,130.30432309442548
50.19607843137255,130.30432309442548
50.19607843137255,130.30432309442548
50.19607843137255,130.30432309442548
50.19607843137255,130.30432309442548
50.19607843137255,130.30432309442548
50.19607843137255,130.30432309442548
50.19607843137255,130.30432309442548
50.19607843137255,130.30432309442548
50.19607843137255,130.30432309442548
50.19607843137255,130.30432309442548
50.19607843137255,130.30432309442548
50.19607843137255,130.30432309442548
50.19607843137255,130.30432309442548
50.19607843137255,130.30432309442548
50.19607843137255,130.30432309442548
50.19607843137255,130.30432309442548
50.19607843137255,130.30432309442548
50.19607843137255,130.30432309442548
50.19607843137255,130.30432309442548
50.19607843137255,130.30432309442548
50.19607843137255,130.30432309442548
50.19607843137255,130.30432309442548
50.19607843137255,130.30432309442548
50.19607843137255,130.30432309442548
50.19607843137255,130.30432309442548
50.19607843137255,130.30432309442548
50.19607843137255,130.30432309442548
50.19607843137255,130.30432309442548
50.19607843137255,130.30432309442548
50.19607843137255,130.30432309442548
50.19607843137255,130.30432309442548
50.19607843137255,130.30432309442548
50.19607843137255,130.30432309442548
50.19607843137255,130.30432309442548
50.19607843137255,130.30432309442548
50.19607843137255,130.30432309442548
50.19607843137255,130.30432309442548
50.19607843137255,130.30432309442548
50.19607843137255,130.30432309442548
50.19607843137255,130.30432309442548
50.19607843137255,130.30432309442548
50.19607843137255,130.30432309442548
50.19607843137255,130.30432309442548
50.19607843137255,130.30432309442548
50.19607843137255,130.30432309442548
50.19607843137255,130.30432309442548
50.19607843137255,130.30432309442548
50.19607843137255,130.30432309442548
50.19607843137255,130.30432309442548
50.19607843137255,130.30432309442548
50.19607843137255,130.30432309442548
50.19607843137255,130.30432309442548
50.19607843137255,130.30432309442548
50.19607843137255,130.30432309442548
50.19607843137255,130.30432309442548
50.19607843137255,130.30432309442548
50.19607843137255,130.30432309442548
50.19607843137255,130.30432309442548
50.19607843137255,130.30432309442548
50.19607843137255,130.30432309442548
50.19607843137255,130.30432309442548
50.19607843137255,130.30432309442548
50.19607843137255,130.30432309442548
50.19607843137255,130.30432309442548
50.19607843137255,130.30432309442548
50.19607843137255,130.30432309442548
50.19607843137255,130.30432309442548
50.19607843137255,130.30432309442548
50.19607843137255,130.30432309442548
50.19607843137255,130.30432309442548
50.19607843137255,130.30432309442548
50.19607843137255,130.30432309442548
50.19607843137255,130.30432309442548
50.19607843137255,130.30432309442548
50.19607843137255,130.30432309442548
50.19607843137255,130.30432309442548
50.19607843137255,130.30432309442548
50.19607843137255,130.30432309442548
50.19607843137255,130.30432309442548
50.19607843137255,130.30432309442548
50.19607843137255,130.30432309442548
50.19607843137255,130.30432309442548
50.19607843137255,130.30432309442548
50.19607843137255,130.30432309442548
50.19607843137255,130.30432309442548
50.19607843137255,130.30432309442548
50.19607843137255,130.30432309442548
50.19607843137255,130.30432309442548
50.19607843137255,130.30432309442548
50.19607843137255,130.30432309442548
50.19607843137255,130.30432309442548
50.19607843137255,130.30432309442548
50.19607843137255,130.30432309442548
50.19607843137255,130.30432309442548
50.19607843137255,130.30432309442548
50.19607843137255,130.30432309442548
50.19607843137255,130.30432309442548
50.19607843137255,130.30432309442548
50.19607843137255,130.30432309442548
50.19607843137255,130.30432309442548
50.19607843137255,130.30432309442548
50.19607843137255,130.30432309442548
50.19607843137255,130.30432309442548
50.19607843137255,130.30432309442548
50.19607843137255,130.30432309442548
50.19607843137255,130.30432309442548
50.19607843137255,130.30432309442548
50.19607843137255,130.30432309442548
50.19607843137255,130.30432309442548
50.19607843137255,130.30432309442548
50.19607843137255,130.30432309442548
50.19607843137255,130.30432309442548
50.19607843137255,130.30432309442548
50.19607843137255,130.30432309442548
50.19607843137255,130.30432309442548
50.19607843137255,130.30432309442548
50.19607843137255,130.30432309442548
50.19607843137255,130.30432309442548
50.19607843137255,130.30432309442548
50.19607843137255,130.30432309442548
50.19607843137255,130.30432309442548
50.19607843137255,130.30432309442548
50.19607843137255,130.30432309442548
50.19607843137255,130.30432309442548
50.19607843137255,130.30432309442548
50.19607843137255,130.30432309442548
50.19607843137255,130.30432309442548
50.19607843137255,130.30432309442548
50.19607843137255,130.30432309442548
50.19607843137255,130.30432309442548
50.19607843137255,130.30432309442548
50.19607843137255,130.30432309442548
50.19607843137255,130.30432309442548
50.19607843137255,130.30432309442548
50.19607843137255,130.30432309442548
50.19607843137255,130.30432309442548
50.19607843137255,130.30432309442548
50.19607843137255,130.30432309442548
50.19607843137255,130.30432309442548
50.19607843137255,130.30432309442548
50.19607843137255,130.30432309442548
50.19607843137255,130.30432309442548
50.19607843137255,130.30432309442548
50.19607843137255,130.30432309442548
50.19607843137255,130.30432309442548
50.19607843137255,130.30432309442548
50.19607843137255,130.30432309442548
50.19607843137255,130.30432309442548
50.19607843137255,130.30432309442548
50.19607843137255,130.30432309442548
50.19607843137255,130.30432309442548
50.19607843137255,130.30432309442548
50.19607843137255,130.30432309442548
50.19607843137255,130.30432309442548
50.19607843137255,130.30432309442548
50.19607843137255,130.30432309442548
50.19607843137255,130.30432309442548
50.19607843137255,130.30432309442548
50.19607843137255,130.30432309442548
50.19607843137255,130.30432309442548
50.19607843137255,130.30432309442548
50.19607843137255,130.30432309442548
50.19607843137255,130.30432309442548
50.19607843137255,130.30432309442548
50.19607843137255,130.30432309442548
50.19607843137255,130.30432309442548
50.19607843137255,130.30432309442548
50.19607843137255,130.30432309442548
50.19607843137255,130.30432309442548
50.19607843137255,130.30432309442548
50.19607843137255,130.30432309442548
50.19607843137255,130.30432309442548
50.19607843137255,130.30432309442548
50.19607843137255,130.30432309442548
50.19607843137255,130.30432309442548
50.19607843137255,130.30432309442548
50.19607843137255,130.30432309442548
50.19607843137255,130.30432309442548
50.19607843137255,130.30432309442548
50.19607843137255,130.30432309442548
50.19607843137255,130.30432309442548
50.19607843137255,130.30432309442548
50.19607843137255,130.30432309442548
50.19607843137255,130.30432309442548
50.19607843137255,130.30432309442548
50.19607843137255,130.30432309442548
50.19607843137255,130.30432309442548
50.19607843137255,130.30432309442548
50.19607843137255,130.30432309442548
50.19607843137255,130.30432309442548
50.19607843137255,130.30432309442548
50.19607843137255,130.30432309442548
50.19607843137255,130.30432309442548
50.19607843137255,130.30432309442548
50.19607843137255,130.30432309442548
50.19607843137255,130.30432309442548
50.19607843137255,130.30432309442548
50.19607843137255,130.30432309442548
50.19607843137255,130.30432309442548
50.19607843137255,130.30432309442548
50.19607843137255,130.30432309442548
50.19607843137255,130.30432309442548
50.19607843137255,130.30432309442548
50.19607843137255,130.30432309442548
50.19607843137255,130.30432309442548
50.19607843137255,130.30432309442548
50.19607843137255,130.30432309442548
50.19607843137255,130.30432309442548
50.19607843137255,130.30432309442548
50.19607843137255,130.30432309442548
50.19607843137255,130.30432309442548
50.19607843137255,130.30432309442548
50.19607843137255,130.30432309442548
50.19607843137255,130.30432309442548
50.19607843137255,130.30432309442548
50.19607843137255,130.30432309442548
50.19607843137255,130.30432309442548
50.19607843137255,130.30432309442548
50.19607843137255,130.30432309442548
50.19607843137255,130.30432309442548
50.19607843137255,130.30432309442548
50.19607843137255,130.30432309442548
50.19607843137255,130.30432309442548
50.19607843137255,130.30432309442548
50.19607843137255,130.30432309442548
50.19607843137255,130.30432309442548
50.19607843137255,130.30432309442548
50.19607843137255,130.30432309442548
50.19607843137255,130.30432309442548
50.19607843137255,130.30432309442548
50.19607843137255,130.30432309442548
50.19607843137255,130.30432309442548
50.19607843137255,130.30432309442548
50.19607843137255,130.30432309442548
50.19607843137255,130.30432309442548
50.19607843137255,130.30432309442548
50.19607843137255,130.30432309442548
50.19607843137255,130.30432309442548
50.19607843137255,130.30432309442548
50.19607843137255,130.30432309442548
50.19607843137255,130.30432309442548
50.19607843137255,130.30432309442548
50.19607843137255,130.30432309442548
50.19607843137255,130.30432309442548
50.19607843137255,130.30432309442548
50.19607843137255,130.30432309442548
50.19607843137255,130.30432309442548
50.19607843137255,130.30432309442548
50.19607843137255,130.30432309442548
50.19607843137255,130.30432309442548
50.19607843137255,130.30432309442548
50.19607843137255,130.30432309442548
50.19607843137255,130.30432309442548
50.19607843137255,130.30432309442548
50.19607843137255,130.30432309442548
50.19607843137255,130.30432309442548
50.19607843137255,130.30432309442548
50.19607843137255,130.30432309442548
50.19607843137255,130.30432309442548
50.19607843137255,130.30432309442548
50.19607843137255,130.30432309442548
50.19607843137255,130.30432309442548
50.19607843137255,130.30432309442548
50.19607843137255,130.30432309442548
50.19607843137255,130.30432309442548
50.19607843137255,130.30432309442548
50.19607843137255,130.30432309442548
50.19607843137255,130.30432309442548
50.19607843137255,130.30432309442548
50.19607843137255,130.30432309442548
50.19607843137255,130.30432309442548
50.19607843137255,130.30432309442548
50.19607843137255,130.30432309442548
50.19607843137255,130.30432309442548
50.19607843137255,130.30432309442548
50.19607843137255,130.30432309442548
50.19607843137255,130.30432309442548
50.19607843137255,130.30432309442548
50.19607843137255,130.30432309442548
50.19607843137255,130.30432309442548
50.19607843137255,130.30432309442548
50.19607843137255,130.30432309442548
50.19607843137255,130.30432309442548
50.19607843137255,130.30432309442548
50.19607843137255,130.30432309442548
50.19607843137255,130.30432309442548
50.19607843137255,130.30432309442548
50.19607843137255,130.30432309442548
50.19607843137255,130.30432309442548
50.19607843137255,130.30432309442548
50.19607843137255,130.30432309442548
50.19607843137255,130.30432309442548
50.19607843137255,130.30432309442548
50.19607843137255,130.30432309442548
50.19607843137255,130.30432309442548
50.19607843137255,130.30432309442548
50.19607843137255,130.30432309442548
50.19607843137255,130.30432309442548
50.19607843137255,130.30432309442548
50.19607843137255,130.30432309442548
50.19607843137255,130.30432309442548
50.19607843137255,130.30432309442548
50.19607843137255,130.30432309442548
50.19607843137255,130.30432309442548
50.19607843137255,130.30432309442548
50.19607843137255,130.30432309442548
50.19607843137255,130.30432309442548
50.19607843137255,130.30432309442548
50.19607843137255,130.30432309442548
50.19607843137255,130.30432309442548
50.19607843137255,130.30432309442548
50.19607843137255,130.30432309442548
50.19607843137255,130.30432309442548
50.19607843137255,130.30432309442548
50.19607843137255,130.30432309442548
50.19607843137255,130.30432309442548
50.19607843137255,130.30432309442548
50.19607843137255,130.30432309442548
50.19607843137255,130.30432309442548
50.19607843137255,130.30432309442548
50.19607843137255,130.30432309442548
50.19607843137255,130.30432309442548
50.19607843137255,130.30432309442548
50.19607843137255,130.30432309442548
50.19607843137255,130.30432309442548
50.19607843137255,130.30432309442548
50.19607843137255,130.30432309442548
50.19607843137255,130.30432309442548
50.19607843137255,130.30432309442548
50.19607843137255,130.30432309442548
50.19607843137255,130.30432309442548
50.19607843137255,130.30432309442548
50.19607843137255,130.30432309442548
50.19607843137255,130.30432309442548
50.19607843137255,130.30432309442548
50.19607843137255,130.30432309442548
50.19607843137255,130.30432309442548
50.19607843137255,130.30432309442548
50.19607843137255,130.30432309442548
50.19607843137255,130.30432309442548
50.19607843137255,130.30432309442548
50.19607843137255,130.30432309442548
50.19607843137255,130.30432309442548
50.19607843137255,130.30432309442548
50.19607843137255,130.30432309442548
53.333333333333336,124.13253697383391
53.333333333333336,124.13253697383391
53.333333333333336,124.13253697383391
53.333333333333336,124.13253697383391
53.333333333333336,124.13253697383391
53.333333333333336,124.13253697383391
53.333333333333336,124.13253697383391
53.333333333333336,124.13253697383391
53.333333333333336,124.13253697383391
53.333333333333336,124.13253697383391
53.333333333333336,124.13253697383391
53.333333333333336,124.13253697383391
53.333333333333336,124.13253697383391
53.333333333333336,124.13253697383391
53.333333333333336,124.13253697383391
53.333333333333336,124.13253697383391
53.333333333333336,124.13253697383391
53.333333333333336,124.13253697383391
53.333333333333336,124.13253697383391
53.333333333333336,124.13253697383391
53.333333333333336,124.13253697383391
53.333333333333336,124.13253697383391
53.333333333333336,124.13253697383391
53.333333333333336,124.13253697383391
53.333333333333336,124.13253697383391
53.333333333333336,124.13253697383391
53.333333333333336,124.13253697383391
53.333333333333336,124.13253697383391
53.333333333333336,124.13253697383391
53.333333333333336,124.13253697383391
53.333333333333336,124.13253697383391
53.333333333333336,124.13253697383391
53.333333333333336,124.13253697383391
53.333333333333336,124.13253697383391
53.333333333333336,124.13253697383391
53.333333333333336,124.13253697383391
53.333333333333336,124.13253697383391
53.333333333333336,124.13253697383391
53.333333333333336,124.13253697383391
53.333333333333336,124.13253697383391
53.333333333333336,124.13253697383391
53.333333333333336,124.13253697383391
53.333333333333336,124.13253697383391
53.333333333333336,124.13253697383391
53.333333333333336,124.13253697383391
53.333333333333336,124.13253697383391
53.333333333333336,124.13253697383391
53.333333333333336,124.13253697383391
53.333333333333336,124.13253697383391
53.333333333333336,124.13253697383391
53.333333333333336,124.13253697383391
53.333333333333336,124.13253697383391
53.333333333333336,124.13253697383391
53.333333333333336,124.13253697383391
53.333333333333336,124.13253697383391
53.333333333333336,124.13253697383391
53.333333333333336,124.13253697383391
53.333333333333336,124.13253697383391
53.333333333333336,124.13253697383391
53.333333333333336,124.13253697383391
53.333333333333336,124.13253697383391
53.333333333333336,124.13253697383391
53.333333333333336,124.13253697383391
53.333333333333336,124.13253697383391
53.333333333333336,124.13253697383391
53.333333333333336,124.13253697383391
53.333333333333336,124.13253697383391
53.333333333333336,124.13253697383391
53.333333333333336,124.13253697383391
53.333333333333336,124.13253697383391
53.333333333333336,124.13253697383391
53.333333333333336,124.13253697383391
53.333333333333336,124.13253697383391
53.333333333333336,124.13253697383391
53.333333333333336,124.13253697383391
53.333333333333336,124.13253697383391
53.333333333333336,124.13253697383391
53.333333333333336,124.13253697383391
53.333333333333336,124.13253697383391
53.333333333333336,124.13253697383391
53.333333333333336,124.13253697383391
53.333333333333336,124.13253697383391
53.333333333333336,124.13253697383391
53.333333333333336,124.13253697383391
53.333333333333336,124.13253697383391
53.333333333333336,124.13253697383391
53.333333333333336,124.13253697383391
53.333333333333336,124.13253697383391
53.333333333333336,124.13253697383391
53.333333333333336,124.13253697383391
53.333333333333336,124.13253697383391
53.333333333333336,124.13253697383391
53.333333333333336,124.13253697383391
53.333333333333336,124.13253697383391
53.333333333333336,124.13253697383391
53.333333333333336,124.13253697383391
53.333333333333336,124.13253697383391
53.333333333333336,124.13253697383391
53.333333333333336,124.13253697383391
53.333333333333336,124.13253697383391
53.333333333333336,124.13253697383391
53.333333333333336,124.13253697383391
53.333333333333336,124.13253697383391
53.333333333333336,124.13253697383391
53.333333333333336,124.13253697383391
53.333333333333336,124.13253697383391
53.333333333333336,124.13253697383391
53.333333333333336,124.13253697383391
53.333333333333336,124.13253697383391
53.333333333333336,124.13253697383391
53.333333333333336,124.13253697383391
53.333333333333336,124.13253697383391
53.333333333333336,124.13253697383391
53.333333333333336,124.13253697383391
53.333333333333336,124.13253697383391
53.333333333333336,124.13253697383391
53.333333333333336,124.13253697383391
53.333333333333336,124.13253697383391
53.333333333333336,124.13253697383391
53.333333333333336,124.13253697383391
53.333333333333336,124.13253697383391
53.333333333333336,124.13253697383391
53.333333333333336,124.13253697383391
53.333333333333336,124.13253697383391
53.333333333333336,124.13253697383391
53.333333333333336,124.13253697383391
53.333333333333336,124.13253697383391
53.333333333333336,124.13253697383391
53.333333333333336,124.13253697383391
53.333333333333336,124.13253697383391
53.333333333333336,124.13253697383391
53.333333333333336,124.13253697383391
53.333333333333336,124.13253697383391
53.333333333333336,124.13253697383391
53.333333333333336,124.13253697383391
53.333333333333336,124.13253697383391
53.333333333333336,124.13253697383391
53.333333333333336,124.13253697383391
53.333333333333336,124.13253697383391
53.333333333333336,124.13253697383391
53.333333333333336,124.13253697383391
53.333333333333336,124.13253697383391
53.333333333333336,124.13253697383391
53.333333333333336,124.13253697383391
53.333333333333336,124.13253697383391
53.333333333333336,124.13253697383391
53.333333333333336,124.13253697383391
53.333333333333336,124.13253697383391
53.333333333333336,124.13253697383391
53.333333333333336,124.13253697383391
53.333333333333336,124.13253697383391
53.333333333333336,124.13253697383391
53.333333333333336,124.13253697383391
53.333333333333336,124.13253697383391
53.333333333333336,124.13253697383391
53.333333333333336,124.13253697383391
53.333333333333336,124.13253697383391
53.333333333333336,124.13253697383391
53.333333333333336,124.13253697383391
53.333333333333336,124.13253697383391
53.333333333333336,124.13253697383391
53.333333333333336,124.13253697383391
53.333333333333336,124.13253697383391
53.333333333333336,124.13253697383391
53.333333333333336,124.13253697383391
53.333333333333336,124.13253697383391
53.333333333333336,124.13253697383391
53.333333333333336,124.13253697383391
53.333333333333336,124.13253697383391
53.333333333333336,124.13253697383391
53.333333333333336,124.13253697383391
53.333333333333336,124.13253697383391
53.333333333333336,124.13253697383391
53.333333333333336,124.13253697383391
53.333333333333336,124.13253697383391
53.333333333333336,124.13253697383391
53.333333333333336,124.13253697383391
53.333333333333336,124.13253697383391
53.333333333333336,124.13253697383391
53.333333333333336,124.13253697383391
53.333333333333336,124.13253697383391
53.333333333333336,124.13253697383391
53.333333333333336,124.13253697383391
53.333333333333336,124.13253697383391
53.333333333333336,124.13253697383391
53.333333333333336,124.13253697383391
53.333333333333336,124.13253697383391
53.333333333333336,124.13253697383391
53.333333333333336,124.13253697383391
53.333333333333336,124.13253697383391
53.333333333333336,124.13253697383391
53.333333333333336,124.13253697383391
53.333333333333336,124.13253697383391
53.333333333333336,124.13253697383391
53.333333333333336,124.13253697383391
53.333333333333336,124.13253697383391
53.333333333333336,124.13253697383391
53.333333333333336,124.13253697383391
53.333333333333336,124.13253697383391
53.333333333333336,124.13253697383391
53.333333333333336,124.13253697383391
53.333333333333336,124.13253697383391
53.333333333333336,124.13253697383391
53.333333333333336,124.13253697383391
53.333333333333336,124.13253697383391
53.333333333333336,124.13253697383391
53.333333333333336,124.13253697383391
53.333333333333336,124.13253697383391
53.333333333333336,124.13253697383391
53.333333333333336,124.13253697383391
53.333333333333336,124.13253697383391
53.333333333333336,124.13253697383391
53.333333333333336,124.13253697383391
53.333333333333336,124.13253697383391
53.333333333333336,124.13253697383391
53.333333333333336,124.13253697383391
53.333333333333336,124.13253697383391
53.333333333333336,124.13253697383391
53.333333333333336,124.13253697383391
53.333333333333336,124.13253697383391
53.333333333333336,124.13253697383391
53.333333333333336,124.13253697383391
53.333333333333336,124.13253697383391
53.333333333333336,124.13253697383391
53.333333333333336,124.13253697383391
53.333333333333336,124.13253697383391
53.333333333333336,124.13253697383391
53.333333333333336,124.13253697383391
53.333333333333336,124.13253697383391
53.333333333333336,124.13253697383391
53.333333333333336,124.13253697383391
53.333333333333336,124.13253697383391
53.333333333333336,124.13253697383391
53.333333333333336,124.13253697383391
53.333333333333336,124.13253697383391
53.333333333333336,124.13253697383391
53.333333333333336,124.13253697383391
53.333333333333336,124.13253697383391
53.333333333333336,124.13253697383391
53.333333333333336,124.13253697383391
53.333333333333336,124.13253697383391
53.333333333333336,124.13253697383391
53.333333333333336,124.13253697383391
53.333333333333336,124.13253697383391
53.333333333333336,124.13253697383391
53.333333333333336,124.13253697383391
53.333333333333336,124.13253697383391
53.333333333333336,124.13253697383391
53.333333333333336,124.13253697383391
53.333333333333336,124.13253697383391
53.333333333333336,124.13253697383391
53.333333333333336,124.13253697383391
53.333333333333336,124.13253697383391
53.333333333333336,124.13253697383391
53.333333333333336,124.13253697383391
53.333333333333336,124.13253697383391
53.333333333333336,124.13253697383391
53.333333333333336,124.13253697383391
53.333333333333336,124.13253697383391
53.333333333333336,124.13253697383391
53.333333333333336,124.13253697383391
53.333333333333336,124.13253697383391
53.333333333333336,124.13253697383391
53.333333333333336,124.13253697383391
53.333333333333336,124.13253697383391
53.333333333333336,124.13253697383391
53.333333333333336,124.13253697383391
53.333333333333336,124.13253697383391
53.333333333333336,124.13253697383391
53.333333333333336,124.13253697383391
53.333333333333336,124.13253697383391
53.333333333333336,124.13253697383391
53.333333333333336,124.13253697383391
53.333333333333336,124.13253697383391
53.333333333333336,124.13253697383391
53.333333333333336,124.13253697383391
53.333333333333336,124.13253697383391
53.333333333333336,124.13253697383391
53.333333333333336,124.13253697383391
53.333333333333336,124.13253697383391
53.333333333333336,124.13253697383391
53.333333333333336,124.13253697383391
53.333333333333336,124.13253697383391
53.333333333333336,124.13253697383391
53.333333333333336,124.13253697383391
53.333333333333336,124.13253697383391
53.333333333333336,124.13253697383391
53.333333333333336,124.13253697383391
53.333333333333336,124.13253697383391
53.333333333333336,124.13253697383391
53.333333333333336,124.13253697383391
53.333333333333336,124.13253697383391
53.333333333333336,124.13253697383391
53.333333333333336,124.13253697383391
53.333333333333336,124.13253697383391
53.333333333333336,124.13253697383391
53.333333333333336,124.13253697383391
53.333333333333336,124.13253697383391
53.333333333333336,124.13253697383391
53.333333333333336,124.13253697383391
53.333333333333336,124.13253697383391
53.333333333333336,124.13253697383391
53.333333333333336,124.13253697383391
53.333333333333336,124.13253697383391
53.333333333333336,124.13253697383391
53.333333333333336,124.13253697383391
53.333333333333336,124.13253697383391
53.333333333333336,124.13253697383391
53.333333333333336,124.13253697383391
53.333333333333336,124.13253697383391
53.333333333333336,124.13253697383391
53.333333333333336,124.13253697383391
53.333333333333336,124.13253697383391
53.333333333333336,124.13253697383391
53.333333333333336,124.13253697383391
53.333333333333336,124.13253697383391
53.333333333333336,124.13253697383391
53.333333333333336,124.13253697383391
53.333333333333336,124.13253697383391
53.333333333333336,124.13253697383391
53.333333333333336,124.13253697383391
53.333333333333336,124.13253697383391
53.333333333333336,124.13253697383391
53.333333333333336,124.13253697383391
53.333333333333336,124.13253697383391
53.333333333333336,124.13253697383391
53.333333333333336,124.13253697383391
53.333333333333336,124.13253697383391
53.333333333333336,124.13253697383391
53.333333333333336,124.13253697383391
53.333333333333336,124.13253697383391
53.333333333333336,124.13253697383391
53.333333333333336,124.13253697383391
53.333333333333336,124.13253697383391
53.333333333333336,124.13253697383391
53.333333333333336,124.13253697383391
53.333333333333336,124.13253697383391
53.333333333333336,124.13253697383391
53.333333333333336,124.13253697383391
53.333333333333336,124.13253697383391
53.333333333333336,124.13253697383391
53.333333333333336,124.13253697383391
53.333333333333336,124.13253697383391
53.333333333333336,124.13253697383391
53.333333333333336,124.13253697383391
53.333333333333336,124.13253697383391
53.333333333333336,124.13253697383391
53.333333333333336,124.13253697383391
53.333333333333336,124.13253697383391
53.333333333333336,124.13253697383391
53.333333333333336,124.13253697383391
53.333333333333336,124.13253697383391
53.333333333333336,124.13253697383391
53.333333333333336,124.13253697383391
53.333333333333336,124.13253697383391
53.333333333333336,124.13253697383391
53.333333333333336,124.13253697383391
53.333333333333336,124.13253697383391
53.333333333333336,124.13253697383391
53.333333333333336,124.13253697383391
53.333333333333336,124.13253697383391
53.333333333333336,124.13253697383391
53.333333333333336,124.13253697383391
53.333333333333336,124.13253697383391
53.333333333333336,124.13253697383391
53.333333333333336,124.13253697383391
53.333333333333336,124.13253697383391
53.333333333333336,124.13253697383391
53.333333333333336,124.13253697383391
53.333333333333336,124.13253697383391
53.333333333333336,124.13253697383391
53.333333333333336,124.13253697383391
53.333333333333336,124.13253697383391
53.333333333333336,124.13253697383391
53.333333333333336,124.13253697383391
53.333333333333336,124.13253697383391
53.333333333333336,124.13253697383391
53.333333333333336,124.13253697383391
53.333333333333336,124.13253697383391
53.333333333333336,124.13253697383391
53.333333333333336,124.13253697383391
53.333333333333336,124.13253697383391
53.333333333333336,124.13253697383391
53.333333333333336,124.13253697383391
53.333333333333336,124.13253697383391
53.333333333333336,124.13253697383391
53.333333333333336,124.13253697383391
53.333333333333336,124.13253697383391
53.333333333333336,124.13253697383391
53.333333333333336,124.13253697383391
53.333333333333336,124.13253697383391
53.333333333333336,124.13253697383391
53.333333333333336,124.13253697383391
53.333333333333336,124.13253697383391
53.333333333333336,124.13253697383391
53.333333333333336,124.13253697383391
53.333333333333336,124.13253697383391
53.333333333333336,124.13253697383391
53.333333333333336,124.13253697383391
53.333333333333336,124.13253697383391
53.333333333333336,124.13253697383391
53.333333333333336,124.13253697383391
53.333333333333336,124.13253697383391
53.333333333333336,124.13253697383391
53.333333333333336,124.13253697383391
53.333333333333336,124.13253697383391
53.333333333333336,124.13253697383391
53.333333333333336,124.13253697383391
53.333333333333336,124.13253697383391
53.333333333333336,124.13253697383391
53.333333333333336,124.13253697383391
53.333333333333336,124.13253697383391
53.333333333333336,124.13253697383391
53.333333333333336,124.13253697383391
53.333333333333336,124.13253697383391
53.333333333333336,124.13253697383391
53.333333333333336,124.13253697383391
53.333333333333336,124.13253697383391
53.333333333333336,124.13253697383391
53.333333333333336,124.13253697383391
53.333333333333336,124.13253697383391
53.333333333333336,124.13253697383391
53.333333333333336,124.13253697383391
53.333333333333336,124.13253697383391
53.333333333333336,124.13253697383391
53.333333333333336,124.13253697383391
53.333333333333336,124.13253697383391
53.333333333333336,124.13253697383391
53.333333333333336,124.13253697383391
53.333333333333336,124.13253697383391
53.333333333333336,124.13253697383391
53.333333333333336,124.13253697383391
53.333333333333336,124.13253697383391
53.333333333333336,124.13253697383391
53.333333333333336,124.13253697383391
53.333333333333336,124.13253697383391
53.333333333333336,124.13253697383391
53.333333333333336,124.13253697383391
53.333333333333336,124.13253697383391
53.333333333333336,124.13253697383391
53.333333333333336,124.13253697383391
53.333333333333336,124.13253697383391
53.333333333333336,124.13253697383391
53.333333333333336,124.13253697383391
53.333333333333336,124.13253697383391
53.333333333333336,124.13253697383391
53.333333333333336,124.13253697383391
53.333333333333336,124.13253697383391
53.333333333333336,124.13253697383391
53.333333333333336,124.13253697383391
53.333333333333336,124.13253697383391
53.333333333333336,124.13253697383391
53.333333333333336,124.13253697383391
53.333333333333336,124.13253697383391
53.333333333333336,124.13253697383391
53.333333333333336,124.13253697383391
53.333333333333336,124.13253697383391
53.333333333333336,124.13253697383391
53.333333333333336,124.13253697383391
53.333333333333336,124.13253697383391
53.333333333333336,124.13253697383391
53.333333333333336,124.13253697383391
53.333333333333336,124.13253697383391
53.333333333333336,124.13253697383391
53.333333333333336,124.13253697383391
53.333333333333336,124.13253697383391
53.333333333333336,124.13253697383391
53.333333333333336,124.13253697383391
53.333333333333336,124.13253697383391
53.333333333333336,124.13253697383391
53.333333333333336,124.13253697383391
53.333333333333336,124.13253697383391
53.333333333333336,124.13253697383391
53.333333333333336,124.13253697383391
53.333333333333336,124.13253697383391
53.333333333333336,124.13253697383391
53.333333333333336,124.13253697383391
53.333333333333336,124.13253697383391
53.333333333333336,124.13253697383391
53.333333333333336,124.13253697383391
53.333333333333336,124.13253697383391
53.333333333333336,124.13253697383391
53.333333333333336,124.13253697383391
53.333333333333336,124.13253697383391
53.333333333333336,124.13253697383391
53.333333333333336,124.13253697383391
53.333333333333336,124.13253697383391
53.333333333333336,124.13253697383391
53.333333333333336,124.13253697383391
53.333333333333336,124.13253697383391
53.333333333333336,124.13253697383391
53.333333333333336,124.13253697383391
53.333333333333336,124.13253697383391
53.333333333333336,124.13253697383391
53.333333333333336,124.13253697383391
53.333333333333336,124.13253697383391
53.333333333333336,124.13253697383391
53.333333333333336,124.13253697383391
53.333333333333336,124.13253697383391
53.333333333333336,124.13253697383391
53.333333333333336,124.13253697383391
53.333333333333336,124.13253697383391
53.333333333333336,124.13253697383391
53.333333333333336,124.13253697383391
53.333333333333336,124.13253697383391
53.333333333333336,124.13253697383391
53.333333333333336,124.13253697383391
53.333333333333336,124.13253697383391
53.333333333333336,124.13253697383391
53.333333333333336,124.13253697383391
53.333333333333336,124.13253697383391
53.333333333333336,124.13253697383391
56.47058823529412,122.44027303754265
56.47058823529412,122.44027303754265
56.47058823529412,122.44027303754265
56.47058823529412,122.44027303754265
56.47058823529412,122.44027303754265
56.47058823529412,122.44027303754265
56.47058823529412,122.44027303754265
56.47058823529412,122.44027303754265
56.47058823529412,122.44027303754265
56.47058823529412,122.44027303754265
56.47058823529412,122.44027303754265
56.47058823529412,122.44027303754265
56.47058823529412,122.44027303754265
56.47058823529412,122.44027303754265
56.47058823529412,122.44027303754265
56.47058823529412,122.44027303754265
56.47058823529412,122.44027303754265
56.47058823529412,122.44027303754265
56.47058823529412,122.44027303754265
56.47058823529412,122.44027303754265
56.47058823529412,122.44027303754265
56.47058823529412,122.44027303754265
56.47058823529412,122.44027303754265
56.47058823529412,122.44027303754265
56.47058823529412,122.44027303754265
56.47058823529412,122.44027303754265
56.47058823529412,122.44027303754265
56.47058823529412,122.44027303754265
56.47058823529412,122.44027303754265
56.47058823529412,122.44027303754265
56.47058823529412,122.44027303754265
56.47058823529412,122.44027303754265
56.47058823529412,122.44027303754265
56.47058823529412,122.44027303754265
56.47058823529412,122.44027303754265
56.47058823529412,122.44027303754265
56.47058823529412,122.44027303754265
56.47058823529412,122.44027303754265
56.47058823529412,122.44027303754265
56.47058823529412,122.44027303754265
56.47058823529412,122.44027303754265
56.47058823529412,122.44027303754265
56.47058823529412,122.44027303754265
56.47058823529412,122.44027303754265
56.47058823529412,122.44027303754265
56.47058823529412,122.44027303754265
56.47058823529412,122.44027303754265
56.47058823529412,122.44027303754265
56.47058823529412,122.44027303754265
56.47058823529412,122.44027303754265
56.47058823529412,122.44027303754265
56.47058823529412,122.44027303754265
56.47058823529412,122.44027303754265
56.47058823529412,122.44027303754265
56.47058823529412,122.44027303754265
56.47058823529412,122.44027303754265
56.47058823529412,122.44027303754265
56.47058823529412,122.44027303754265
56.47058823529412,122.44027303754265
56.47058823529412,122.44027303754265
56.47058823529412,122.44027303754265
56.47058823529412,122.44027303754265
56.47058823529412,122.44027303754265
56.47058823529412,122.44027303754265
56.47058823529412,122.44027303754265
56.47058823529412,122.44027303754265
56.47058823529412,122.44027303754265
56.47058823529412,122.44027303754265
56.47058823529412,122.44027303754265
56.47058823529412,122.44027303754265
56.47058823529412,122.44027303754265
56.47058823529412,122.44027303754265
56.47058823529412,122.44027303754265
56.47058823529412,122.44027303754265
56.47058823529412,122.44027303754265
56.47058823529412,122.44027303754265
56.47058823529412,122.44027303754265
56.47058823529412,122.44027303754265
56.47058823529412,122.44027303754265
56.47058823529412,122.44027303754265
56.47058823529412,122.44027303754265
56.47058823529412,122.44027303754265
56.47058823529412,122.44027303754265
56.47058823529412,122.44027303754265
56.47058823529412,122.44027303754265
56.47058823529412,122.44027303754265
56.47058823529412,122.44027303754265
56.47058823529412,122.44027303754265
56.47058823529412,122.44027303754265
56.47058823529412,122.44027303754265
56.47058823529412,122.44027303754265
56.47058823529412,122.44027303754265
56.47058823529412,122.44027303754265
56.47058823529412,122.44027303754265
56.47058823529412,122.44027303754265
56.47058823529412,122.44027303754265
56.47058823529412,122.44027303754265
56.47058823529412,122.44027303754265
56.47058823529412,122.44027303754265
56.47058823529412,122.44027303754265
56.47058823529412,122.44027303754265
56.47058823529412,122.44027303754265
56.47058823529412,122.44027303754265
56.47058823529412,122.44027303754265
56.47058823529412,122.44027303754265
56.47058823529412,122.44027303754265
56.47058823529412,122.44027303754265
56.47058823529412,122.44027303754265
56.47058823529412,122.44027303754265
56.47058823529412,122.44027303754265
56.47058823529412,122.44027303754265
56.47058823529412,122.44027303754265
56.47058823529412,122.44027303754265
56.47058823529412,122.44027303754265
56.47058823529412,122.44027303754265
56.47058823529412,122.44027303754265
56.47058823529412,122.44027303754265
56.47058823529412,122.44027303754265
56.47058823529412,122.44027303754265
56.47058823529412,122.44027303754265
56.47058823529412,122.44027303754265
56.47058823529412,122.44027303754265
56.47058823529412,122.44027303754265
56.47058823529412,122.44027303754265
56.47058823529412,122.44027303754265
56.47058823529412,122.44027303754265
56.47058823529412,122.44027303754265
56.47058823529412,122.44027303754265
56.47058823529412,122.44027303754265
56.47058823529412,122.44027303754265
56.47058823529412,122.44027303754265
56.47058823529412,122.44027303754265
56.47058823529412,122.44027303754265
56.47058823529412,122.44027303754265
56.47058823529412,122.44027303754265
56.47058823529412,122.44027303754265
56.47058823529412,122.44027303754265
56.47058823529412,122.44027303754265
56.47058823529412,122.44027303754265
56.47058823529412,122.44027303754265
56.47058823529412,122.44027303754265
56.47058823529412,122.44027303754265
56.47058823529412,122.44027303754265
56.47058823529412,122.44027303754265
56.47058823529412,122.44027303754265
56.47058823529412,122.44027303754265
56.47058823529412,122.44027303754265
56.47058823529412,122.44027303754265
56.47058823529412,122.44027303754265
56.47058823529412,122.44027303754265
56.47058823529412,122.44027303754265
56.47058823529412,122.44027303754265
56.47058823529412,122.44027303754265
56.47058823529412,122.44027303754265
56.47058823529412,122.44027303754265
56.47058823529412,122.44027303754265
56.47058823529412,122.44027303754265
56.47058823529412,122.44027303754265
56.47058823529412,122.44027303754265
56.47058823529412,122.44027303754265
56.47058823529412,122.44027303754265
56.47058823529412,122.44027303754265
56.47058823529412,122.44027303754265
56.47058823529412,122.44027303754265
56.47058823529412,122.44027303754265
56.47058823529412,122.44027303754265
56.47058823529412,122.44027303754265
56.47058823529412,122.44027303754265
56.47058823529412,122.44027303754265
56.47058823529412,122.44027303754265
56.47058823529412,122.44027303754265
56.47058823529412,122.44027303754265
56.47058823529412,122.44027303754265
56.47058823529412,122.44027303754265
56.47058823529412,122.44027303754265
56.47058823529412,122.44027303754265
56.47058823529412,122.44027303754265
56.47058823529412,122.44027303754265
56.47058823529412,122.44027303754265
56.47058823529412,122.44027303754265
56.47058823529412,122.44027303754265
56.47058823529412,122.44027303754265
56.47058823529412,122.44027303754265
56.47058823529412,122.44027303754265
56.47058823529412,122.44027303754265
56.47058823529412,122.44027303754265
56.47058823529412,122.44027303754265
56.47058823529412,122.44027303754265
56.47058823529412,122.44027303754265
56.47058823529412,122.44027303754265
56.47058823529412,122.44027303754265
56.47058823529412,122.44027303754265
56.47058823529412,122.44027303754265
56.47058823529412,122.44027303754265
56.47058823529412,122.44027303754265
56.47058823529412,122.44027303754265
56.47058823529412,122.44027303754265
56.47058823529412,122.44027303754265
56.47058823529412,122.44027303754265
56.47058823529412,122.44027303754265
56.47058823529412,122.44027303754265
56.47058823529412,122.44027303754265
56.47058823529412,122.44027303754265
56.47058823529412,122.44027303754265
56.47058823529412,122.44027303754265
56.47058823529412,122.44027303754265
56.47058823529412,122.44027303754265
56.47058823529412,122.44027303754265
56.47058823529412,122.44027303754265
56.47058823529412,122.44027303754265
56.47058823529412,122.44027303754265
56.47058823529412,122.44027303754265
56.47058823529412,122.44027303754265
56.47058823529412,122.44027303754265
56.47058823529412,122.44027303754265
56.47058823529412,122.44027303754265
56.47058823529412,122.44027303754265
56.47058823529412,122.44027303754265
56.47058823529412,122.44027303754265
56.47058823529412,122.44027303754265
56.47058823529412,122.44027303754265
56.47058823529412,122.44027303754265
56.47058823529412,122.44027303754265
56.47058823529412,122.44027303754265
56.47058823529412,122.44027303754265
56.47058823529412,122.44027303754265
56.47058823529412,122.44027303754265
56.47058823529412,122.44027303754265
56.47058823529412,122.44027303754265
56.47058823529412,122.44027303754265
56.47058823529412,122.44027303754265
56.47058823529412,122.44027303754265
56.47058823529412,122.44027303754265
56.47058823529412,122.44027303754265
56.47058823529412,122.44027303754265
56.47058823529412,122.44027303754265
56.47058823529412,122.44027303754265
56.47058823529412,122.44027303754265
56.47058823529412,122.44027303754265
56.47058823529412,122.44027303754265
56.47058823529412,122.44027303754265
56.47058823529412,122.44027303754265
56.47058823529412,122.44027303754265
56.47058823529412,122.44027303754265
56.47058823529412,122.44027303754265
56.47058823529412,122.44027303754265
56.47058823529412,122.44027303754265
56.47058823529412,122.44027303754265
56.47058823529412,122.44027303754265
56.47058823529412,122.44027303754265
56.47058823529412,122.44027303754265
56.47058823529412,122.44027303754265
56.47058823529412,122.44027303754265
56.47058823529412,122.44027303754265
56.47058823529412,122.44027303754265
56.47058823529412,122.44027303754265
56.47058823529412,122.44027303754265
56.47058823529412,122.44027303754265
56.47058823529412,122.44027303754265
56.47058823529412,122.44027303754265
56.47058823529412,122.44027303754265
56.47058823529412,122.44027303754265
56.47058823529412,122.44027303754265
56.47058823529412,122.44027303754265
56.47058823529412,122.44027303754265
56.47058823529412,122.44027303754265
56.47058823529412,122.44027303754265
56.47058823529412,122.44027303754265
56.47058823529412,122.44027303754265
56.47058823529412,122.44027303754265
56.47058823529412,122.44027303754265
56.47058823529412,122.44027303754265
56.47058823529412,122.44027303754265
56.47058823529412,122.44027303754265
56.47058823529412,122.44027303754265
56.47058823529412,122.44027303754265
56.47058823529412,122.44027303754265
56.47058823529412,122.44027303754265
56.47058823529412,122.44027303754265
56.47058823529412,122.44027303754265
56.47058823529412,122.44027303754265
56.47058823529412,122.44027303754265
56.47058823529412,122.44027303754265
56.47058823529412,122.44027303754265
56.47058823529412,122.44027303754265
56.47058823529412,122.44027303754265
56.47058823529412,122.44027303754265
56.47058823529412,122.44027303754265
56.47058823529412,122.44027303754265
56.47058823529412,122.44027303754265
56.47058823529412,122.44027303754265
56.47058823529412,122.44027303754265
56.47058823529412,122.44027303754265
56.47058823529412,122.44027303754265
56.47058823529412,122.44027303754265
56.47058823529412,122.44027303754265
56.47058823529412,122.44027303754265
56.47058823529412,122.44027303754265
56.47058823529412,122.44027303754265
56.47058823529412,122.44027303754265
56.47058823529412,122.44027303754265
56.47058823529412,122.44027303754265
56.47058823529412,122.44027303754265
56.47058823529412,122.44027303754265
56.47058823529412,122.44027303754265
56.47058823529412,122.44027303754265
56.47058823529412,122.44027303754265
56.47058823529412,122.44027303754265
56.47058823529412,122.44027303754265
56.47058823529412,122.44027303754265
56.47058823529412,122.44027303754265
56.47058823529412,122.44027303754265
56.47058823529412,122.44027303754265
56.47058823529412,122.44027303754265
56.47058823529412,122.44027303754265
56.47058823529412,122.44027303754265
56.47058823529412,122.44027303754265
56.47058823529412,122.44027303754265
56.47058823529412,122.44027303754265
56.47058823529412,122.44027303754265
56.47058823529412,122.44027303754265
56.47058823529412,122.44027303754265
56.47058823529412,122.44027303754265
56.47058823529412,122.44027303754265
56.47058823529412,122.44027303754265
56.47058823529412,122.44027303754265
56.47058823529412,122.44027303754265
56.47058823529412,122.44027303754265
56.47058823529412,122.44027303754265
56.47058823529412,122.44027303754265
56.47058823529412,122.44027303754265
56.47058823529412,122.44027303754265
56.47058823529412,122.44027303754265
56.47058823529412,122.44027303754265
56.47058823529412,122.44027303754265
56.47058823529412,122.44027303754265
56.47058823529412,122.44027303754265
56.47058823529412,122.44027303754265
56.47058823529412,122.44027303754265
56.47058823529412,122.44027303754265
56.47058823529412,122.44027303754265
56.47058823529412,122.44027303754265
56.47058823529412,122.44027303754265
56.47058823529412,122.44027303754265
56.47058823529412,122.44027303754265
56.47058823529412,122.44027303754265
56.47058823529412,122.44027303754265
56.47058823529412,122.44027303754265
56.47058823529412,122.44027303754265
56.47058823529412,122.44027303754265
56.47058823529412,122.44027303754265
56.47058823529412,122.44027303754265
56.47058823529412,122.44027303754265
56.47058823529412,122.44027303754265
56.47058823529412,122.44027303754265
56.47058823529412,122.44027303754265
56.47058823529412,122.44027303754265
56.47058823529412,122.44027303754265
56.47058823529412,122.44027303754265
56.47058823529412,122.44027303754265
56.47058823529412,122.44027303754265
56.47058823529412,122.44027303754265
56.47058823529412,122.44027303754265
56.47058823529412,122.44027303754265
56.47058823529412,122.44027303754265
56.47058823529412,122.44027303754265
56.47058823529412,122.44027303754265
56.47058823529412,122.44027303754265
56.47058823529412,122.44027303754265
56.47058823529412,122.44027303754265
56.47058823529412,122.44027303754265
56.47058823529412,122.44027303754265
56.47058823529412,122.44027303754265
56.47058823529412,122.44027303754265
56.47058823529412,122.44027303754265
56.47058823529412,122.44027303754265
56.47058823529412,122.44027303754265
56.47058823529412,122.44027303754265
56.47058823529412,122.44027303754265
56.47058823529412,122.44027303754265
56.47058823529412,122.44027303754265
56.47058823529412,122.44027303754265
56.47058823529412,122.44027303754265
56.47058823529412,122.44027303754265
56.47058823529412,122.44027303754265
56.47058823529412,122.44027303754265
56.47058823529412,122.44027303754265
56.47058823529412,122.44027303754265
56.47058823529412,122.44027303754265
56.47058823529412,122.44027303754265
56.47058823529412,122.44027303754265
56.47058823529412,122.44027303754265
56.47058823529412,122.44027303754265
56.47058823529412,122.44027303754265
56.47058823529412,122.44027303754265
56.47058823529412,122.44027303754265
56.47058823529412,122.44027303754265
56.47058823529412,122.44027303754265
56.47058823529412,122.44027303754265
56.47058823529412,122.44027303754265
56.47058823529412,122.44027303754265
56.47058823529412,122.44027303754265
56.47058823529412,122.44027303754265
56.47058823529412,122.44027303754265
56.47058823529412,122.44027303754265
56.47058823529412,122.44027303754265
56.47058823529412,122.44027303754265
56.47058823529412,122.44027303754265
56.47058823529412,122.44027303754265
56.47058823529412,122.44027303754265
56.47058823529412,122.44027303754265
56.47058823529412,122.44027303754265
56.47058823529412,122.44027303754265
56.47058823529412,122.44027303754265
56.47058823529412,122.44027303754265
56.47058823529412,122.44027303754265
56.47058823529412,122.44027303754265
56.47058823529412,122.44027303754265
56.47058823529412,122.44027303754265
56.47058823529412,122.44027303754265
56.47058823529412,122.44027303754265
56.47058823529412,122.44027303754265
56.47058823529412,122.44027303754265
56.47058823529412,122.44027303754265
56.47058823529412,122.44027303754265
56.47058823529412,122.44027303754265
56.47058823529412,122.44027303754265
56.47058823529412,122.44027303754265
56.47058823529412,122.44027303754265
56.47058823529412,122.44027303754265
56.47058823529412,122.44027303754265
56.47058823529412,122.44027303754265
56.47058823529412,122.44027303754265
56.47058823529412,122.44027303754265
56.47058823529412,122.44027303754265
56.47058823529412,122.44027303754265
56.47058823529412,122.44027303754265
56.47058823529412,122.44027303754265
56.47058823529412,122.44027303754265
56.47058823529412,122.44027303754265
56.47058823529412,122.44027303754265
56.47058823529412,122.44027303754265
56.47058823529412,122.44027303754265
56.47058823529412,122.44027303754265
56.47058823529412,122.44027303754265
56.47058823529412,122.44027303754265
56.47058823529412,122.44027303754265
56.47058823529412,122.44027303754265
56.47058823529412,122.44027303754265
56.47058823529412,122.44027303754265
56.47058823529412,122.44027303754265
56.47058823529412,122.44027303754265
56.47058823529412,122.44027303754265
56.47058823529412,122.44027303754265
56.47058823529412,122.44027303754265
56.47058823529412,122.44027303754265
56.47058823529412,122.44027303754265
56.47058823529412,122.44027303754265
56.47058823529412,122.44027303754265
56.47058823529412,122.44027303754265
56.47058823529412,122.44027303754265
56.47058823529412,122.44027303754265
56.47058823529412,122.44027303754265
56.47058823529412,122.44027303754265
56.47058823529412,122.44027303754265
56.47058823529412,122.44027303754265
56.47058823529412,122.44027303754265
56.47058823529412,122.44027303754265
56.47058823529412,122.44027303754265
56.47058823529412,122.44027303754265
56.47058823529412,122.44027303754265
56.47058823529412,122.44027303754265
56.47058823529412,122.44027303754265
56.47058823529412,122.44027303754265
56.47058823529412,122.44027303754265
56.47058823529412,122.44027303754265
56.47058823529412,122.44027303754265
56.47058823529412,122.44027303754265
56.47058823529412,122.44027303754265
56.47058823529412,122.44027303754265
56.47058823529412,122.44027303754265
56.47058823529412,122.44027303754265
56.47058823529412,122.44027303754265
56.47058823529412,122.44027303754265
56.47058823529412,122.44027303754265
56.47058823529412,122.44027303754265
56.47058823529412,122.44027303754265
56.47058823529412,122.44027303754265
56.47058823529412,122.44027303754265
56.47058823529412,122.44027303754265
56.47058823529412,122.44027303754265
56.47058823529412,122.44027303754265
56.47058823529412,122.44027303754265
56.47058823529412,122.44027303754265
56.47058823529412,122.44027303754265
56.47058823529412,122.44027303754265
56.47058823529412,122.44027303754265
56.47058823529412,122.44027303754265
56.47058823529412,122.44027303754265
56.47058823529412,122.44027303754265
56.47058823529412,122.44027303754265
56.47058823529412,122.44027303754265
56.47058823529412,122.44027303754265
56.47058823529412,122.44027303754265
56.47058823529412,122.44027303754265
56.47058823529412,122.44027303754265
56.47058823529412,122.44027303754265
56.47058823529412,122.44027303754265
56.47058823529412,122.44027303754265
56.47058823529412,122.44027303754265
56.47058823529412,122.44027303754265
56.47058823529412,122.44027303754265
56.47058823529412,122.44027303754265
56.47058823529412,122.44027303754265
56.47058823529412,122.44027303754265
56.47058823529412,122.44027303754265
56.47058823529412,122.44027303754265
56.47058823529412,122.44027303754265
56.47058823529412,122.44027303754265
56.47058823529412,122.44027303754265
56.47058823529412,122.44027303754265
56.47058823529412,122.44027303754265
56.47058823529412,122.44027303754265
56.47058823529412,122.44027303754265
56.47058823529412,122.44027303754265
56.47058823529412,122.44027303754265
56.47058823529412,122.44027303754265
56.47058823529412,122.44027303754265
56.47058823529412,122.44027303754265
59.6078431372549,121.64391353811149
59.6078431372549,121.64391353811149
59.6078431372549,121.64391353811149
59.6078431372549,121.64391353811149
59.6078431372549,121.64391353811149
59.6078431372549,121.64391353811149
59.6078431372549,121.64391353811149
59.6078431372549,121.64391353811149
59.6078431372549,121.64391353811149
59.6078431372549,121.64391353811149
59.6078431372549,121.64391353811149
59.6078431372549,121.64391353811149
59.6078431372549,121.64391353811149
59.6078431372549,121.64391353811149
59.6078431372549,121.64391353811149
59.6078431372549,121.64391353811149
59.6078431372549,121.64391353811149
59.6078431372549,121.64391353811149
59.6078431372549,121.64391353811149
59.6078431372549,121.64391353811149
59.6078431372549,121.64391353811149
59.6078431372549,121.64391353811149
59.6078431372549,121.64391353811149
59.6078431372549,121.64391353811149
59.6078431372549,121.64391353811149
59.6078431372549,121.64391353811149
59.6078431372549,121.64391353811149
59.6078431372549,121.64391353811149
59.6078431372549,121.64391353811149
59.6078431372549,121.64391353811149
59.6078431372549,121.64391353811149
59.6078431372549,121.64391353811149
59.6078431372549,121.64391353811149
59.6078431372549,121.64391353811149
59.6078431372549,121.64391353811149
59.6078431372549,121.64391353811149
59.6078431372549,121.64391353811149
59.6078431372549,121.64391353811149
59.6078431372549,121.64391353811149
59.6078431372549,121.64391353811149
59.6078431372549,121.64391353811149
59.6078431372549,121.64391353811149
59.6078431372549,121.64391353811149
59.6078431372549,121.64391353811149
59.6078431372549,121.64391353811149
59.6078431372549,121.64391353811149
59.6078431372549,121.64391353811149
59.6078431372549,121.64391353811149
59.6078431372549,121.64391353811149
59.6078431372549,121.64391353811149
59.6078431372549,121.64391353811149
59.6078431372549,121.64391353811149
59.6078431372549,121.64391353811149
59.6078431372549,121.64391353811149
59.6078431372549,121.64391353811149
59.6078431372549,121.64391353811149
59.6078431372549,121.64391353811149
59.6078431372549,121.64391353811149
59.6078431372549,121.64391353811149
59.6078431372549,121.64391353811149
59.6078431372549,121.64391353811149
59.6078431372549,121.64391353811149
59.6078431372549,121.64391353811149
59.6078431372549,121.64391353811149
59.6078431372549,121.64391353811149
59.6078431372549,121.64391353811149
59.6078431372549,121.64391353811149
59.6078431372549,121.64391353811149
59.6078431372549,121.64391353811149
59.6078431372549,121.64391353811149
59.6078431372549,121.64391353811149
59.6078431372549,121.64391353811149
59.6078431372549,121.64391353811149
59.6078431372549,121.64391353811149
59.6078431372549,121.64391353811149
59.6078431372549,121.64391353811149
59.6078431372549,121.64391353811149
59.6078431372549,121.64391353811149
59.6078431372549,121.64391353811149
59.6078431372549,121.64391353811149
59.6078431372549,121.64391353811149
59.6078431372549,121.64391353811149
59.6078431372549,121.64391353811149
59.6078431372549,121.64391353811149
59.6078431372549,121.64391353811149
59.6078431372549,121.64391353811149
59.6078431372549,121.64391353811149
59.6078431372549,121.64391353811149
59.6078431372549,121.64391353811149
59.6078431372549,121.64391353811149
59.6078431372549,121.64391353811149
59.6078431372549,121.64391353811149
59.6078431372549,121.64391353811149
59.6078431372549,121.64391353811149
59.6078431372549,121.64391353811149
59.6078431372549,121.64391353811149
59.6078431372549,121.64391353811149
59.6078431372549,121.64391353811149
59.6078431372549,121.64391353811149
59.6078431372549,121.64391353811149
59.6078431372549,121.64391353811149
59.6078431372549,121.64391353811149
59.6078431372549,121.64391353811149
59.6078431372549,121.64391353811149
59.6078431372549,121.64391353811149
59.6078431372549,121.64391353811149
59.6078431372549,121.64391353811149
59.6078431372549,121.64391353811149
59.6078431372549,121.64391353811149
59.6078431372549,121.64391353811149
59.6078431372549,121.64391353811149
59.6078431372549,121.64391353811149
59.6078431372549,121.64391353811149
59.6078431372549,121.64391353811149
59.6078431372549,121.64391353811149
59.6078431372549,121.64391353811149
59.6078431372549,121.64391353811149
59.6078431372549,121.64391353811149
59.6078431372549,121.64391353811149
59.6078431372549,121.64391353811149
59.6078431372549,121.64391353811149
59.6078431372549,121.64391353811149
59.6078431372549,121.64391353811149
59.6078431372549,121.64391353811149
59.6078431372549,121.64391353811149
59.6078431372549,121.64391353811149
59.6078431372549,121.64391353811149
59.6078431372549,121.64391353811149
59.6078431372549,121.64391353811149
59.6078431372549,121.64391353811149
59.6078431372549,121.64391353811149
59.6078431372549,121.64391353811149
59.6078431372549,121.64391353811149
59.6078431372549,121.64391353811149
59.6078431372549,121.64391353811149
59.6078431372549,121.64391353811149
59.6078431372549,121.64391353811149
59.6078431372549,121.64391353811149
59.6078431372549,121.64391353811149
59.6078431372549,121.64391353811149
59.6078431372549,121.64391353811149
59.6078431372549,121.64391353811149
59.6078431372549,121.64391353811149
59.6078431372549,121.64391353811149
59.6078431372549,121.64391353811149
59.6078431372549,121.64391353811149
59.6078431372549,121.64391353811149
59.6078431372549,121.64391353811149
59.6078431372549,121.64391353811149
59.6078431372549,121.64391353811149
59.6078431372549,121.64391353811149
59.6078431372549,121.64391353811149
59.6078431372549,121.64391353811149
59.6078431372549,121.64391353811149
59.6078431372549,121.64391353811149
59.6078431372549,121.64391353811149
59.6078431372549,121.64391353811149
59.6078431372549,121.64391353811149
59.6078431372549,121.64391353811149
59.6078431372549,121.64391353811149
59.6078431372549,121.64391353811149
59.6078431372549,121.64391353811149
59.6078431372549,121.64391353811149
59.6078431372549,121.64391353811149
59.6078431372549,121.64391353811149
59.6078431372549,121.64391353811149
59.6078431372549,121.64391353811149
59.6078431372549,121.64391353811149
59.6078431372549,121.64391353811149
59.6078431372549,121.64391353811149
59.6078431372549,121.64391353811149
59.6078431372549,121.64391353811149
59.6078431372549,121.64391353811149
59.6078431372549,121.64391353811149
59.6078431372549,121.64391353811149
59.6078431372549,121.64391353811149
59.6078431372549,121.64391353811149
59.6078431372549,121.64391353811149
59.6078431372549,121.64391353811149
59.6078431372549,121.64391353811149
59.6078431372549,121.64391353811149
59.6078431372549,121.64391353811149
59.6078431372549,121.64391353811149
59.6078431372549,121.64391353811149
59.6078431372549,121.64391353811149
59.6078431372549,121.64391353811149
59.6078431372549,121.64391353811149
59.6078431372549,121.64391353811149
59.6078431372549,121.64391353811149
59.6078431372549,121.64391353811149
59.6078431372549,121.64391353811149
59.6078431372549,121.64391353811149
59.6078431372549,121.64391353811149
59.6078431372549,121.64391353811149
59.6078431372549,121.64391353811149
59.6078431372549,121.64391353811149
59.6078431372549,121.64391353811149
59.6078431372549,121.64391353811149
59.6078431372549,121.64391353811149
59.6078431372549,121.64391353811149
59.6078431372549,121.64391353811149
59.6078431372549,121.64391353811149
59.6078431372549,121.64391353811149
59.6078431372549,121.64391353811149
59.6078431372549,121.64391353811149
59.6078431372549,121.64391353811149
59.6078431372549,121.64391353811149
59.6078431372549,121.64391353811149
59.6078431372549,121.64391353811149
59.6078431372549,121.64391353811149
59.6078431372549,121.64391353811149
59.6078431372549,121.64391353811149
59.6078431372549,121.64391353811149
59.6078431372549,121.64391353811149
59.6078431372549,121.64391353811149
59.6078431372549,121.64391353811149
59.6078431372549,121.64391353811149
59.6078431372549,121.64391353811149
59.6078431372549,121.64391353811149
59.6078431372549,121.64391353811149
59.6078431372549,121.64391353811149
59.6078431372549,121.64391353811149
59.6078431372549,121.64391353811149
59.6078431372549,121.64391353811149
59.6078431372549,121.64391353811149
59.6078431372549,121.64391353811149
59.6078431372549,121.64391353811149
59.6078431372549,121.64391353811149
59.6078431372549,121.64391353811149
59.6078431372549,121.64391353811149
59.6078431372549,121.64391353811149
59.6078431372549,121.64391353811149
59.6078431372549,121.64391353811149
59.6078431372549,121.64391353811149
59.6078431372549,121.64391353811149
59.6078431372549,121.64391353811149
59.6078431372549,121.64391353811149
59.6078431372549,121.64391353811149
59.6078431372549,121.64391353811149
59.6078431372549,121.64391353811149
59.6078431372549,121.64391353811149
59.6078431372549,121.64391353811149
59.6078431372549,121.64391353811149
59.6078431372549,121.64391353811149
59.6078431372549,121.64391353811149
59.6078431372549,121.64391353811149
59.6078431372549,121.64391353811149
59.6078431372549,121.64391353811149
59.6078431372549,121.64391353811149
59.6078431372549,121.64391353811149
59.6078431372549,121.64391353811149
59.6078431372549,121.64391353811149
59.6078431372549,121.64391353811149
59.6078431372549,121.64391353811149
59.6078431372549,121.64391353811149
59.6078431372549,121.64391353811149
59.6078431372549,121.64391353811149
59.6078431372549,121.64391353811149
59.6078431372549,121.64391353811149
59.6078431372549,121.64391353811149
59.6078431372549,121.64391353811149
59.6078431372549,121.64391353811149
59.6078431372549,121.64391353811149
59.6078431372549,121.64391353811149
59.6078431372549,121.64391353811149
59.6078431372549,121.64391353811149
59.6078431372549,121.64391353811149
59.6078431372549,121.64391353811149
59.6078431372549,121.64391353811149
59.6078431372549,121.64391353811149
59.6078431372549,121.64391353811149
59.6078431372549,121.64391353811149
59.6078431372549,121.64391353811149
59.6078431372549,121.64391353811149
59.6078431372549,121.64391353811149
59.6078431372549,121.64391353811149
59.6078431372549,121.64391353811149
59.6078431372549,121.64391353811149
59.6078431372549,121.64391353811149
59.6078431372549,121.64391353811149
59.6078431372549,121.64391353811149
59.6078431372549,121.64391353811149
59.6078431372549,121.64391353811149
59.6078431372549,121.64391353811149
59.6078431372549,121.64391353811149
59.6078431372549,121.64391353811149
59.6078431372549,121.64391353811149
59.6078431372549,121.64391353811149
59.6078431372549,121.64391353811149
59.6078431372549,121.64391353811149
59.6078431372549,121.64391353811149
59.6078431372549,121.64391353811149
59.6078431372549,121.64391353811149
59.6078431372549,121.64391353811149
59.6078431372549,121.64391353811149
59.6078431372549,121.64391353811149
59.6078431372549,121.64391353811149
59.6078431372549,121.64391353811149
59.6078431372549,121.64391353811149
59.6078431372549,121.64391353811149
59.6078431372549,121.64391353811149
59.6078431372549,121.64391353811149
59.6078431372549,121.64391353811149
59.6078431372549,121.64391353811149
59.6078431372549,121.64391353811149
59.6078431372549,121.64391353811149
59.6078431372549,121.64391353811149
59.6078431372549,121.64391353811149
59.6078431372549,121.64391353811149
59.6078431372549,121.64391353811149
59.6078431372549,121.64391353811149
59.6078431372549,121.64391353811149
59.6078431372549,121.64391353811149
59.6078431372549,121.64391353811149
59.6078431372549,121.64391353811149
59.6078431372549,121.64391353811149
59.6078431372549,121.64391353811149
59.6078431372549,121.64391353811149
59.6078431372549,121.64391353811149
59.6078431372549,121.64391353811149
59.6078431372549,121.64391353811149
59.6078431372549,121.64391353811149
59.6078431372549,121.64391353811149
59.6078431372549,121.64391353811149
59.6078431372549,121.64391353811149
59.6078431372549,121.64391353811149
59.6078431372549,121.64391353811149
59.6078431372549,121.64391353811149
59.6078431372549,121.64391353811149
59.6078431372549,121.64391353811149
59.6078431372549,121.64391353811149
59.6078431372549,121.64391353811149
59.6078431372549,121.64391353811149
59.6078431372549,121.64391353811149
59.6078431372549,121.64391353811149
59.6078431372549,121.64391353811149
59.6078431372549,121.64391353811149
59.6078431372549,121.64391353811149
59.6078431372549,121.64391353811149
59.6078431372549,121.64391353811149
59.6078431372549,121.64391353811149
59.6078431372549,121.64391353811149
59.6078431372549,121.64391353811149
59.6078431372549,121.64391353811149
59.6078431372549,121.64391353811149
59.6078431372549,121.64391353811149
59.6078431372549,121.64391353811149
59.6078431372549,121.64391353811149
59.6078431372549,121.64391353811149
59.6078431372549,121.64391353811149
59.6078431372549,121.64391353811149
59.6078431372549,121.64391353811149
59.6078431372549,121.64391353811149
59.6078431372549,121.64391353811149
59.6078431372549,121.64391353811149
59.6078431372549,121.64391353811149
59.6078431372549,121.64391353811149
59.6078431372549,121.64391353811149
59.6078431372549,121.64391353811149
59.6078431372549,121.64391353811149
59.6078431372549,121.64391353811149
59.6078431372549,121.64391353811149
59.6078431372549,121.64391353811149
59.6078431372549,121.64391353811149
59.6078431372549,121.64391353811149
59.6078431372549,121.64391353811149
59.6078431372549,121.64391353811149
59.6078431372549,121.64391353811149
59.6078431372549,121.64391353811149
59.6078431372549,121.64391353811149
59.6078431372549,121.64391353811149
59.6078431372549,121.64391353811149
59.6078431372549,121.64391353811149
59.6078431372549,121.64391353811149
59.6078431372549,121.64391353811149
59.6078431372549,121.64391353811149
59.6078431372549,121.64391353811149
59.6078431372549,121.64391353811149
59.6078431372549,121.64391353811149
59.6078431372549,121.64391353811149
59.6078431372549,121.64391353811149
59.6078431372549,121.64391353811149
59.6078431372549,121.64391353811149
59.6078431372549,121.64391353811149
59.6078431372549,121.64391353811149
59.6078431372549,121.64391353811149
59.6078431372549,121.64391353811149
59.6078431372549,121.64391353811149
59.6078431372549,121.64391353811149
59.6078431372549,121.64391353811149
59.6078431372549,121.64391353811149
59.6078431372549,121.64391353811149
59.6078431372549,121.64391353811149
59.6078431372549,121.64391353811149
59.6078431372549,121.64391353811149
59.6078431372549,121.64391353811149
59.6078431372549,121.64391353811149
59.6078431372549,121.64391353811149
59.6078431372549,121.64391353811149
59.6078431372549,121.64391353811149
59.6078431372549,121.64391353811149
59.6078431372549,121.64391353811149
59.6078431372549,121.64391353811149
59.6078431372549,121.64391353811149
59.6078431372549,121.64391353811149
59.6078431372549,121.64391353811149
59.6078431372549,121.64391353811149
59.6078431372549,121.64391353811149
59.6078431372549,121.64391353811149
59.6078431372549,121.64391353811149
59.6078431372549,121.64391353811149
59.6078431372549,121.64391353811149
59.6078431372549,121.64391353811149
59.6078431372549,121.64391353811149
59.6078431372549,121.64391353811149
59.6078431372549,121.64391353811149
59.6078431372549,121.64391353811149
59.6078431372549,121.64391353811149
59.6078431372549,121.64391353811149
59.6078431372549,121.64391353811149
59.6078431372549,121.64391353811149
59.6078431372549,121.64391353811149
59.6078431372549,121.64391353811149
59.6078431372549,121.64391353811149
59.6078431372549,121.64391353811149
59.6078431372549,121.64391353811149
59.6078431372549,121.64391353811149
59.6078431372549,121.64391353811149
59.6078431372549,121.64391353811149
59.6078431372549,121.64391353811149
59.6078431372549,121.64391353811149
59.6078431372549,121.64391353811149
59.6078431372549,121.64391353811149
59.6078431372549,121.64391353811149
59.6078431372549,121.64391353811149
59.6078431372549,121.64391353811149
59.6078431372549,121.64391353811149
59.6078431372549,121.64391353811149
59.6078431372549,121.64391353811149
59.6078431372549,121.64391353811149
59.6078431372549,121.64391353811149
59.6078431372549,121.64391353811149
59.6078431372549,121.64391353811149
59.6078431372549,121.64391353811149
59.6078431372549,121.64391353811149
59.6078431372549,121.64391353811149
59.6078431372549,121.64391353811149
59.6078431372549,121.64391353811149
59.6078431372549,121.64391353811149
59.6078431372549,121.64391353811149
59.6078431372549,121.64391353811149
59.6078431372549,121.64391353811149
59.6078431372549,121.64391353811149
59.6078431372549,121.64391353811149
59.6078431372549,121.64391353811149
59.6078431372549,121.64391353811149
59.6078431372549,121.64391353811149
59.6078431372549,121.64391353811149
59.6078431372549,121.64391353811149
59.6078431372549,121.64391353811149
59.6078431372549,121.64391353811149
59.6078431372549,121.64391353811149
59.6078431372549,121.64391353811149
59.6078431372549,121.64391353811149
59.6078431372549,121.64391353811149
59.6078431372549,121.64391353811149
59.6078431372549,121.64391353811149
59.6078431372549,121.64391353811149
59.6078431372549,121.64391353811149
59.6078431372549,121.64391353811149
59.6078431372549,121.64391353811149
59.6078431372549,121.64391353811149
59.6078431372549,121.64391353811149
59.6078431372549,121.64391353811149
59.6078431372549,121.64391353811149
59.6078431372549,121.64391353811149
59.6078431372549,121.64391353811149
59.6078431372549,121.64391353811149
59.6078431372549,121.64391353811149
59.6078431372549,121.64391353811149
59.6078431372549,121.64391353811149
59.6078431372549,121.64391353811149
59.6078431372549,121.64391353811149
59.6078431372549,121.64391353811149
59.6078431372549,121.64391353811149
59.6078431372549,121.64391353811149
59.6078431372549,121.64391353811149
59.6078431372549,121.64391353811149
59.6078431372549,121.64391353811149
59.6078431372549,121.64391353811149
59.6078431372549,121.64391353811149
59.6078431372549,121.64391353811149
59.6078431372549,121.64391353811149
59.6078431372549,121.64391353811149
59.6078431372549,121.64391353811149
59.6078431372549,121.64391353811149
59.6078431372549,121.64391353811149
59.6078431372549,121.64391353811149
59.6078431372549,121.64391353811149
59.6078431372549,121.64391353811149
59.6078431372549,121.64391353811149
59.6078431372549,121.64391353811149
59.6078431372549,121.64391353811149
59.6078431372549,121.64391353811149
59.6078431372549,121.64391353811149
59.6078431372549,121.64391353811149
59.6078431372549,121.64391353811149
59.6078431372549,121.64391353811149
59.6078431372549,121.64391353811149
59.6078431372549,121.64391353811149
59.6078431372549,121.64391353811149
59.6078431372549,121.64391353811149
59.6078431372549,121.64391353811149
59.6078431372549,121.64391353811149
59.6078431372549,121.64391353811149
59.6078431372549,121.64391353811149
59.6078431372549,121.64391353811149
59.6078431372549,121.64391353811149
59.6078431372549,121.64391353811149
59.6078431372549,121.64391353811149
59.6078431372549,121.64391353811149
59.6078431372549,121.64391353811149
59.6078431372549,121.64391353811149
62.745098039215684,82.32366325369738
62.745098039215684,82.32366325369738
62.745098039215684,82.32366325369738
62.745098039215684,82.32366325369738
62.745098039215684,82.32366325369738
62.745098039215684,82.32366325369738
62.745098039215684,82.32366325369738
62.745098039215684,82.32366325369738
62.745098039215684,82.32366325369738
62.745098039215684,82.32366325369738
62.745098039215684,82.32366325369738
62.745098039215684,82.32366325369738
62.745098039215684,82.32366325369738
62.745098039215684,82.32366325369738
62.745098039215684,82.32366325369738
62.745098039215684,82.32366325369738
62.745098039215684,82.32366325369738
62.745098039215684,82.32366325369738
62.745098039215684,82.32366325369738
62.745098039215684,82.32366325369738
62.745098039215684,82.32366325369738
62.745098039215684,82.32366325369738
62.745098039215684,82.32366325369738
62.745098039215684,82.32366325369738
62.745098039215684,82.32366325369738
62.745098039215684,82.32366325369738
62.745098039215684,82.32366325369738
62.745098039215684,82.32366325369738
62.745098039215684,82.32366325369738
62.745098039215684,82.32366325369738
62.745098039215684,82.32366325369738
62.745098039215684,82.32366325369738
62.745098039215684,82.32366325369738
62.745098039215684,82.32366325369738
62.745098039215684,82.32366325369738
62.745098039215684,82.32366325369738
62.745098039215684,82.32366325369738
62.745098039215684,82.32366325369738
62.745098039215684,82.32366325369738
62.745098039215684,82.32366325369738
62.745098039215684,82.32366325369738
62.745098039215684,82.32366325369738
62.745098039215684,82.32366325369738
62.745098039215684,82.32366325369738
62.745098039215684,82.32366325369738
62.745098039215684,82.32366325369738
62.745098039215684,82.32366325369738
62.745098039215684,82.32366325369738
62.745098039215684,82.32366325369738
62.745098039215684,82.32366325369738
62.745098039215684,82.32366325369738
62.745098039215684,82.32366325369738
62.745098039215684,82.32366325369738
62.745098039215684,82.32366325369738
62.745098039215684,82.32366325369738
62.745098039215684,82.32366325369738
62.745098039215684,82.32366325369738
62.745098039215684,82.32366325369738
62.745098039215684,82.32366325369738
62.745098039215684,82.32366325369738
62.745098039215684,82.32366325369738
62.745098039215684,82.32366325369738
62.745098039215684,82.32366325369738
62.745098039215684,82.32366325369738
62.745098039215684,82.32366325369738
62.745098039215684,82.32366325369738
62.745098039215684,82.32366325369738
62.745098039215684,82.32366325369738
62.745098039215684,82.32366325369738
62.745098039215684,82.32366325369738
62.745098039215684,82.32366325369738
62.745098039215684,82.32366325369738
62.745098039215684,82.32366325369738
62.745098039215684,82.32366325369738
62.745098039215684,82.32366325369738
62.745098039215684,82.32366325369738
62.745098039215684,82.32366325369738
62.745098039215684,82.32366325369738
62.745098039215684,82.32366325369738
62.745098039215684,82.32366325369738
62.745098039215684,82.32366325369738
62.745098039215684,82.32366325369738
62.745098039215684,82.32366325369738
62.745098039215684,82.32366325369738
62.745098039215684,82.32366325369738
62.745098039215684,82.32366325369738
62.745098039215684,82.32366325369738
62.745098039215684,82.32366325369738
62.745098039215684,82.32366325369738
62.745098039215684,82.32366325369738
62.745098039215684,82.32366325369738
62.745098039215684,82.32366325369738
62.745098039215684,82.32366325369738
62.745098039215684,82.32366325369738
62.745098039215684,82.32366325369738
62.745098039215684,82.32366325369738
62.745098039215684,82.32366325369738
62.745098039215684,82.32366325369738
62.745098039215684,82.32366325369738
62.745098039215684,82.32366325369738
62.745098039215684,82.32366325369738
62.745098039215684,82.32366325369738
62.745098039215684,82.32366325369738
62.745098039215684,82.32366325369738
62.745098039215684,82.32366325369738
62.745098039215684,82.32366325369738
62.745098039215684,82.32366325369738
62.745098039215684,82.32366325369738
62.745098039215684,82.32366325369738
62.745098039215684,82.32366325369738
62.745098039215684,82.32366325369738
62.745098039215684,82.32366325369738
62.745098039215684,82.32366325369738
62.745098039215684,82.32366325369738
62.745098039215684,82.32366325369738
62.745098039215684,82.32366325369738
62.745098039215684,82.32366325369738
62.745098039215684,82.32366325369738
62.745098039215684,82.32366325369738
62.745098039215684,82.32366325369738
62.745098039215684,82.32366325369738
62.745098039215684,82.32366325369738
62.745098039215684,82.32366325369738
62.745098039215684,82.32366325369738
62.745098039215684,82.32366325369738
62.745098039215684,82.32366325369738
62.745098039215684,82.32366325369738
62.745098039215684,82.32366325369738
65.88235294117648,76.64960182025028
65.88235294117648,76.64960182025028
65.88235294117648,76.64960182025028
65.88235294117648,76.64960182025028
65.88235294117648,76.64960182025028
65.88235294117648,76.64960182025028
65.88235294117648,76.64960182025028
65.88235294117648,76.64960182025028
65.88235294117648,76.64960182025028
65.88235294117648,76.64960182025028
65.88235294117648,76.64960182025028
65.88235294117648,76.64960182025028
65.88235294117648,76.64960182025028
65.88235294117648,76.64960182025028
65.88235294117648,76.64960182025028
65.88235294117648,76.64960182025028
65.88235294117648,76.64960182025028
65.88235294117648,76.64960182025028
65.88235294117648,76.64960182025028
65.88235294117648,76.64960182025028
65.88235294117648,76.64960182025028
65.88235294117648,76.64960182025028
65.88235294117648,76.64960182025028
65.88235294117648,76.64960182025028
65.88235294117648,76.64960182025028
65.88235294117648,76.64960182025028
65.88235294117648,76.64960182025028
65.88235294117648,76.64960182025028
65.88235294117648,76.64960182025028
65.88235294117648,76.64960182025028
65.88235294117648,76.64960182025028
65.88235294117648,76.64960182025028
65.88235294117648,76.64960182025028
65.88235294117648,76.64960182025028
65.88235294117648,76.64960182025028
65.88235294117648,76.64960182025028
65.88235294117648,76.64960182025028
65.88235294117648,76.64960182025028
65.88235294117648,76.64960182025028
65.88235294117648,76.64960182025028
65.88235294117648,76.64960182025028
65.88235294117648,76.64960182025028
65.88235294117648,76.64960182025028
65.88235294117648,76.64960182025028
65.88235294117648,76.64960182025028
65.88235294117648,76.64960182025028
65.88235294117648,76.64960182025028
65.88235294117648,76.64960182025028
65.88235294117648,76.64960182025028
65.88235294117648,76.64960182025028
65.88235294117648,76.64960182025028
65.88235294117648,76.64960182025028
65.88235294117648,76.64960182025028
65.88235294117648,76.64960182025028
65.88235294117648,76.64960182025028
65.88235294117648,76.64960182025028
65.88235294117648,76.64960182025028
65.88235294117648,76.64960182025028
65.88235294117648,76.64960182025028
65.88235294117648,76.64960182025028
65.88235294117648,76.64960182025028
65.88235294117648,76.64960182025028
65.88235294117648,76.64960182025028
65.88235294117648,76.64960182025028
65.88235294117648,76.64960182025028
65.88235294117648,76.64960182025028
65.88235294117648,76.64960182025028
65.88235294117648,76.64960182025028
65.88235294117648,76.64960182025028
65.88235294117648,76.64960182025028
65.88235294117648,76.64960182025028
69.01960784313725,81.726393629124
69.01960784313725,81.726393629124
69.01960784313725,81.726393629124
69.01960784313725,81.726393629124
69.01960784313725,81.726393629124
69.01960784313725,81.726393629124
69.01960784313725,81.726393629124
69.01960784313725,81.726393629124
69.01960784313725,81.726393629124
69.01960784313725,81.726393629124
69.01960784313725,81.726393629124
69.01960784313725,81.726393629124
69.01960784313725,81.726393629124
69.01960784313725,81.726393629124
69.01960784313725,81.726393629124
69.01960784313725,81.726393629124
69.01960784313725,81.726393629124
69.01960784313725,81.726393629124
69.01960784313725,81.726393629124
69.01960784313725,81.726393629124
69.01960784313725,81.726393629124
69.01960784313725,81.726393629124
69.01960784313725,81.726393629124
69.01960784313725,81.726393629124
69.01960784313725,81.726393629124
69.01960784313725,81.726393629124
69.01960784313725,81.726393629124
69.01960784313725,81.726393629124
69.01960784313725,81.726393629124
69.01960784313725,81.726393629124
69.01960784313725,81.726393629124
69.01960784313725,81.726393629124
69.01960784313725,81.726393629124
69.01960784313725,81.726393629124
69.01960784313725,81.726393629124
69.01960784313725,81.726393629124
69.01960784313725,81.726393629124
69.01960784313725,81.726393629124
69.01960784313725,81.726393629124
69.01960784313725,81.726393629124
69.01960784313725,81.726393629124
69.01960784313725,81.726393629124
69.01960784313725,81.726393629124
69.01960784313725,81.726393629124
69.01960784313725,81.726393629124
69.01960784313725,81.726393629124
69.01960784313725,81.726393629124
69.01960784313725,81.726393629124
69.01960784313725,81.726393629124
69.01960784313725,81.726393629124
69.01960784313725,81.726393629124
69.01960784313725,81.726393629124
69.01960784313725,81.726393629124
69.01960784313725,81.726393629124
69.01960784313725,81.726393629124
69.01960784313725,81.726393629124
69.01960784313725,81.726393629124
69.01960784313725,81.726393629124
69.01960784313725,81.726393629124
69.01960784313725,81.726393629124
69.01960784313725,81.726393629124
69.01960784313725,81.726393629124
69.01960784313725,81.726393629124
69.01960784313725,81.726393629124
69.01960784313725,81.726393629124
69.01960784313725,81.726393629124
69.01960784313725,81.726393629124
69.01960784313725,81.726393629124
69.01960784313725,81.726393629124
69.01960784313725,81.726393629124
69.01960784313725,81.726393629124
69.01960784313725,81.726393629124
69.01960784313725,81.726393629124
69.01960784313725,81.726393629124
69.01960784313725,81.726393629124
69.01960784313725,81.726393629124
69.01960784313725,81.726393629124
69.01960784313725,81.726393629124
69.01960784313725,81.726393629124
69.01960784313725,81.726393629124
69.01960784313725,81.726393629124
69.01960784313725,81.726393629124
69.01960784313725,81.726393629124
69.01960784313725,81.726393629124
69.01960784313725,81.726393629124
69.01960784313725,81.726393629124
69.01960784313725,81.726393629124
69.01960784313725,81.726393629124
69.01960784313725,81.726393629124
69.01960784313725,81.726393629124
69.01960784313725,81.726393629124
69.01960784313725,81.726393629124
69.01960784313725,81.726393629124
69.01960784313725,81.726393629124
69.01960784313725,81.726393629124
69.01960784313725,81.726393629124
69.01960784313725,81.726393629124
69.01960784313725,81.726393629124
69.01960784313725,81.726393629124
69.01960784313725,81.726393629124
69.01960784313725,81.726393629124
69.01960784313725,81.726393629124
69.01960784313725,81.726393629124
69.01960784313725,81.726393629124
69.01960784313725,81.726393629124
69.01960784313725,81.726393629124
69.01960784313725,81.726393629124
69.01960784313725,81.726393629124
69.01960784313725,81.726393629124
69.01960784313725,81.726393629124
69.01960784313725,81.726393629124
69.01960784313725,81.726393629124
69.01960784313725,81.726393629124
69.01960784313725,81.726393629124
69.01960784313725,81.726393629124
69.01960784313725,81.726393629124
69.01960784313725,81.726393629124
69.01960784313725,81.726393629124
69.01960784313725,81.726393629124
69.01960784313725,81.726393629124
72.15686274509804,87.89817974971558
72.15686274509804,87.89817974971558
72.15686274509804,87.89817974971558
72.15686274509804,87.89817974971558
72.15686274509804,87.89817974971558
72.15686274509804,87.89817974971558
72.15686274509804,87.89817974971558
72.15686274509804,87.89817974971558
72.15686274509804,87.89817974971558
72.15686274509804,87.89817974971558
72.15686274509804,87.89817974971558
72.15686274509804,87.89817974971558
72.15686274509804,87.89817974971558
72.15686274509804,87.89817974971558
72.15686274509804,87.89817974971558
72.15686274509804,87.89817974971558
72.15686274509804,87.89817974971558
72.15686274509804,87.89817974971558
72.15686274509804,87.89817974971558
72.15686274509804,87.89817974971558
72.15686274509804,87.89817974971558
72.15686274509804,87.89817974971558
72.15686274509804,87.89817974971558
72.15686274509804,87.89817974971558
72.15686274509804,87.89817974971558
72.15686274509804,87.89817974971558
72.15686274509804,87.89817974971558
72.15686274509804,87.89817974971558
72.15686274509804,87.89817974971558
72.15686274509804,87.89817974971558
72.15686274509804,87.89817974971558
72.15686274509804,87.89817974971558
72.15686274509804,87.89817974971558
72.15686274509804,87.89817974971558
72.15686274509804,87.89817974971558
72.15686274509804,87.89817974971558
72.15686274509804,87.89817974971558
72.15686274509804,87.89817974971558
72.15686274509804,87.89817974971558
72.15686274509804,87.89817974971558
72.15686274509804,87.89817974971558
72.15686274509804,87.89817974971558
72.15686274509804,87.89817974971558
72.15686274509804,87.89817974971558
72.15686274509804,87.89817974971558
72.15686274509804,87.89817974971558
72.15686274509804,87.89817974971558
72.15686274509804,87.89817974971558
72.15686274509804,87.89817974971558
72.15686274509804,87.89817974971558
72.15686274509804,87.89817974971558
72.15686274509804,87.89817974971558
72.15686274509804,87.89817974971558
72.15686274509804,87.89817974971558
72.15686274509804,87.89817974971558
72.15686274509804,87.89817974971558
72.15686274509804,87.89817974971558
72.15686274509804,87.89817974971558
72.15686274509804,87.89817974971558
72.15686274509804,87.89817974971558
72.15686274509804,87.89817974971558
72.15686274509804,87.89817974971558
72.15686274509804,87.89817974971558
72.15686274509804,87.89817974971558
72.15686274509804,87.89817974971558
72.15686274509804,87.89817974971558
72.15686274509804,87.89817974971558
72.15686274509804,87.89817974971558
72.15686274509804,87.89817974971558
72.15686274509804,87.89817974971558
72.15686274509804,87.89817974971558
72.15686274509804,87.89817974971558
72.15686274509804,87.89817974971558
72.15686274509804,87.89817974971558
72.15686274509804,87.89817974971558
72.15686274509804,87.89817974971558
72.15686274509804,87.89817974971558
72.15686274509804,87.89817974971558
72.15686274509804,87.89817974971558
72.15686274509804,87.89817974971558
72.15686274509804,87.89817974971558
72.15686274509804,87.89817974971558
72.15686274509804,87.89817974971558
72.15686274509804,87.89817974971558
72.15686274509804,87.89817974971558
72.15686274509804,87.89817974971558
72.15686274509804,87.89817974971558
72.15686274509804,87.89817974971558
72.15686274509804,87.89817974971558
72.15686274509804,87.89817974971558
72.15686274509804,87.89817974971558
72.15686274509804,87.89817974971558
72.15686274509804,87.89817974971558
72.15686274509804,87.89817974971558
72.15686274509804,87.89817974971558
72.15686274509804,87.89817974971558
72.15686274509804,87.89817974971558
72.15686274509804,87.89817974971558
72.15686274509804,87.89817974971558
72.15686274509804,87.89817974971558
72.15686274509804,87.89817974971558
72.15686274509804,87.89817974971558
72.15686274509804,87.89817974971558
72.15686274509804,87.89817974971558
72.15686274509804,87.89817974971558
72.15686274509804,87.89817974971558
72.15686274509804,87.89817974971558
72.15686274509804,87.89817974971558
72.15686274509804,87.89817974971558
72.15686274509804,87.89817974971558
72.15686274509804,87.89817974971558
72.15686274509804,87.89817974971558
72.15686274509804,87.89817974971558
72.15686274509804,87.89817974971558
72.15686274509804,87.89817974971558
72.15686274509804,87.89817974971558
72.15686274509804,87.89817974971558
72.15686274509804,87.89817974971558
72.15686274509804,87.89817974971558
72.15686274509804,87.89817974971558
72.15686274509804,87.89817974971558
72.15686274509804,87.89817974971558
72.15686274509804,87.89817974971558
72.15686274509804,87.89817974971558
72.15686274509804,87.89817974971558
72.15686274509804,87.89817974971558
72.15686274509804,87.89817974971558
72.15686274509804,87.89817974971558
72.15686274509804,87.89817974971558
72.15686274509804,87.89817974971558
72.15686274509804,87.89817974971558
72.15686274509804,87.89817974971558
72.15686274509804,87.89817974971558
72.15686274509804,87.89817974971558
72.15686274509804,87.89817974971558
72.15686274509804,87.89817974971558
72.15686274509804,87.89817974971558
72.15686274509804,87.89817974971558
72.15686274509804,87.89817974971558
72.15686274509804,87.89817974971558
72.15686274509804,87.89817974971558
72.15686274509804,87.89817974971558
72.15686274509804,87.89817974971558
72.15686274509804,87.89817974971558
72.15686274509804,87.89817974971558
72.15686274509804,87.89817974971558
72.15686274509804,87.89817974971558
72.15686274509804,87.89817974971558
72.15686274509804,87.89817974971558
72.15686274509804,87.89817974971558
72.15686274509804,87.89817974971558
72.15686274509804,87.89817974971558
72.15686274509804,87.89817974971558
72.15686274509804,87.89817974971558
72.15686274509804,87.89817974971558
72.15686274509804,87.89817974971558
72.15686274509804,87.89817974971558
72.15686274509804,87.89817974971558
72.15686274509804,87.89817974971558
72.15686274509804,87.89817974971558
72.15686274509804,87.89817974971558
72.15686274509804,87.89817974971558
72.15686274509804,87.89817974971558
72.15686274509804,87.89817974971558
72.15686274509804,87.89817974971558
72.15686274509804,87.89817974971558
75.29411764705881,96.45904436860069
75.29411764705881,96.45904436860069
75.29411764705881,96.45904436860069
75.29411764705881,96.45904436860069
75.29411764705881,96.45904436860069
75.29411764705881,96.45904436860069
75.29411764705881,96.45904436860069
75.29411764705881,96.45904436860069
75.29411764705881,96.45904436860069
75.29411764705881,96.45904436860069
75.29411764705881,96.45904436860069
75.29411764705881,96.45904436860069
75.29411764705881,96.45904436860069
75.29411764705881,96.45904436860069
75.29411764705881,96.45904436860069
75.29411764705881,96.45904436860069
75.29411764705881,96.45904436860069
75.29411764705881,96.45904436860069
75.29411764705881,96.45904436860069
75.29411764705881,96.45904436860069
75.29411764705881,96.45904436860069
75.29411764705881,96.45904436860069
75.29411764705881,96.45904436860069
75.29411764705881,96.45904436860069
75.29411764705881,96.45904436860069
75.29411764705881,96.45904436860069
75.29411764705881,96.45904436860069
75.29411764705881,96.45904436860069
75.29411764705881,96.45904436860069
75.29411764705881,96.45904436860069
75.29411764705881,96.45904436860069
75.29411764705881,96.45904436860069
75.29411764705881,96.45904436860069
75.29411764705881,96.45904436860069
75.29411764705881,96.45904436860069
75.29411764705881,96.45904436860069
75.29411764705881,96.45904436860069
75.29411764705881,96.45904436860069
75.29411764705881,96.45904436860069
75.29411764705881,96.45904436860069
75.29411764705881,96.45904436860069
75.29411764705881,96.45904436860069
75.29411764705881,96.45904436860069
75.29411764705881,96.45904436860069
75.29411764705881,96.45904436860069
75.29411764705881,96.45904436860069
75.29411764705881,96.45904436860069
75.29411764705881,96.45904436860069
75.29411764705881,96.45904436860069
75.29411764705881,96.45904436860069
75.29411764705881,96.45904436860069
75.29411764705881,96.45904436860069
75.29411764705881,96.45904436860069
75.29411764705881,96.45904436860069
75.29411764705881,96.45904436860069
75.29411764705881,96.45904436860069
75.29411764705881,96.45904436860069
75.29411764705881,96.45904436860069
75.29411764705881,96.45904436860069
75.29411764705881,96.45904436860069
75.29411764705881,96.45904436860069
75.29411764705881,96.45904436860069
75.29411764705881,96.45904436860069
75.29411764705881,96.45904436860069
75.29411764705881,96.45904436860069
75.29411764705881,96.45904436860069
75.29411764705881,96.45904436860069
75.29411764705881,96.45904436860069
75.29411764705881,96.45904436860069
75.29411764705881,96.45904436860069
75.29411764705881,96.45904436860069
75.29411764705881,96.45904436860069
75.29411764705881,96.45904436860069
75.29411764705881,96.45904436860069
75.29411764705881,96.45904436860069
75.29411764705881,96.45904436860069
75.29411764705881,96.45904436860069
75.29411764705881,96.45904436860069
75.29411764705881,96.45904436860069
75.29411764705881,96.45904436860069
75.29411764705881,96.45904436860069
75.29411764705881,96.45904436860069
75.29411764705881,96.45904436860069
75.29411764705881,96.45904436860069
75.29411764705881,96.45904436860069
75.29411764705881,96.45904436860069
75.29411764705881,96.45904436860069
75.29411764705881,96.45904436860069
75.29411764705881,96.45904436860069
75.29411764705881,96.45904436860069
75.29411764705881,96.45904436860069
75.29411764705881,96.45904436860069
75.29411764705881,96.45904436860069
75.29411764705881,96.45904436860069
75.29411764705881,96.45904436860069
75.29411764705881,96.45904436860069
75.29411764705881,96.45904436860069
75.29411764705881,96.45904436860069
75.29411764705881,96.45904436860069
75.29411764705881,96.45904436860069
75.29411764705881,96.45904436860069
75.29411764705881,96.45904436860069
75.29411764705881,96.45904436860069
75.29411764705881,96.45904436860069
75.29411764705881,96.45904436860069
75.29411764705881,96.45904436860069
75.29411764705881,96.45904436860069
75.29411764705881,96.45904436860069
75.29411764705881,96.45904436860069
75.29411764705881,96.45904436860069
75.29411764705881,96.45904436860069
75.29411764705881,96.45904436860069
75.29411764705881,96.45904436860069
75.29411764705881,96.45904436860069
75.29411764705881,96.45904436860069
75.29411764705881,96.45904436860069
75.29411764705881,96.45904436860069
75.29411764705881,96.45904436860069
75.29411764705881,96.45904436860069
75.29411764705881,96.45904436860069
75.29411764705881,96.45904436860069
75.29411764705881,96.45904436860069
75.29411764705881,96.45904436860069
75.29411764705881,96.45904436860069
75.29411764705881,96.45904436860069
75.29411764705881,96.45904436860069
75.29411764705881,96.45904436860069
75.29411764705881,96.45904436860069
75.29411764705881,96.45904436860069
75.29411764705881,96.45904436860069
75.29411764705881,96.45904436860069
75.29411764705881,96.45904436860069
75.29411764705881,96.45904436860069
75.29411764705881,96.45904436860069
75.29411764705881,96.45904436860069
75.29411764705881,96.45904436860069
75.29411764705881,96.45904436860069
75.29411764705881,96.45904436860069
75.29411764705881,96.45904436860069
75.29411764705881,96.45904436860069
75.29411764705881,96.45904436860069
75.29411764705881,96.45904436860069
75.29411764705881,96.45904436860069
75.29411764705881,96.45904436860069
75.29411764705881,96.45904436860069
75.29411764705881,96.45904436860069
75.29411764705881,96.45904436860069
75.29411764705881,96.45904436860069
75.29411764705881,96.45904436860069
75.29411764705881,96.45904436860069
75.29411764705881,96.45904436860069
75.29411764705881,96.45904436860069
75.29411764705881,96.45904436860069
75.29411764705881,96.45904436860069
75.29411764705881,96.45904436860069
75.29411764705881,96.45904436860069
75.29411764705881,96.45904436860069
75.29411764705881,96.45904436860069
75.29411764705881,96.45904436860069
75.29411764705881,96.45904436860069
75.29411764705881,96.45904436860069
75.29411764705881,96.45904436860069
75.29411764705881,96.45904436860069
75.29411764705881,96.45904436860069
75.29411764705881,96.45904436860069
75.29411764705881,96.45904436860069
75.29411764705881,96.45904436860069
75.29411764705881,96.45904436860069
75.29411764705881,96.45904436860069
75.29411764705881,96.45904436860069
75.29411764705881,96.45904436860069
75.29411764705881,96.45904436860069
75.29411764705881,96.45904436860069
75.29411764705881,96.45904436860069
75.29411764705881,96.45904436860069
75.29411764705881,96.45904436860069
75.29411764705881,96.45904436860069
75.29411764705881,96.45904436860069
75.29411764705881,96.45904436860069
75.29411764705881,96.45904436860069
75.29411764705881,96.45904436860069
75.29411764705881,96.45904436860069
75.29411764705881,96.45904436860069
75.29411764705881,96.45904436860069
75.29411764705881,96.45904436860069
75.29411764705881,96.45904436860069
75.29411764705881,96.45904436860069
75.29411764705881,96.45904436860069
75.29411764705881,96.45904436860069
75.29411764705881,96.45904436860069
75.29411764705881,96.45904436860069
75.29411764705881,96.45904436860069
75.29411764705881,96.45904436860069
75.29411764705881,96.45904436860069
75.29411764705881,96.45904436860069
75.29411764705881,96.45904436860069
75.29411764705881,96.45904436860069
75.29411764705881,96.45904436860069
75.29411764705881,96.45904436860069
75.29411764705881,96.45904436860069
75.29411764705881,96.45904436860069
75.29411764705881,96.45904436860069
75.29411764705881,96.45904436860069
75.29411764705881,96.45904436860069
75.29411764705881,96.45904436860069
75.29411764705881,96.45904436860069
75.29411764705881,96.45904436860069
75.29411764705881,96.45904436860069
75.29411764705881,96.45904436860069
75.29411764705881,96.45904436860069
75.29411764705881,96.45904436860069
75.29411764705881,96.45904436860069
75.29411764705881,96.45904436860069
75.29411764705881,96.45904436860069
75.29411764705881,96.45904436860069
75.29411764705881,96.45904436860069
75.29411764705881,96.45904436860069
75.29411764705881,96.45904436860069
75.29411764705881,96.45904436860069
75.29411764705881,96.45904436860069
75.29411764705881,96.45904436860069
75.29411764705881,96.45904436860069
78.43137254901961,103.22810011376565
78.43137254901961,103.22810011376565
78.43137254901961,103.22810011376565
78.43137254901961,103.22810011376565
78.43137254901961,103.22810011376565
78.43137254901961,103.22810011376565
78.43137254901961,103.22810011376565
78.43137254901961,103.22810011376565
78.43137254901961,103.22810011376565
78.43137254901961,103.22810011376565
78.43137254901961,103.22810011376565
78.43137254901961,103.22810011376565
78.43137254901961,103.22810011376565
78.43137254901961,103.22810011376565
78.43137254901961,103.22810011376565
78.43137254901961,103.22810011376565
78.43137254901961,103.22810011376565
78.43137254901961,103.22810011376565
78.43137254901961,103.22810011376565
78.43137254901961,103.22810011376565
78.43137254901961,103.22810011376565
78.43137254901961,103.22810011376565
78.43137254901961,103.22810011376565
78.43137254901961,103.22810011376565
78.43137254901961,103.22810011376565
78.43137254901961,103.22810011376565
78.43137254901961,103.22810011376565
78.43137254901961,103.22810011376565
78.43137254901961,103.22810011376565
78.43137254901961,103.22810011376565
78.43137254901961,103.22810011376565
78.43137254901961,103.22810011376565
78.43137254901961,103.22810011376565
78.43137254901961,103.22810011376565
78.43137254901961,103.22810011376565
78.43137254901961,103.22810011376565
78.43137254901961,103.22810011376565
78.43137254901961,103.22810011376565
78.43137254901961,103.22810011376565
78.43137254901961,103.22810011376565
78.43137254901961,103.22810011376565
78.43137254901961,103.22810011376565
78.43137254901961,103.22810011376565
78.43137254901961,103.22810011376565
78.43137254901961,103.22810011376565
78.43137254901961,103.22810011376565
78.43137254901961,103.22810011376565
78.43137254901961,103.22810011376565
78.43137254901961,103.22810011376565
78.43137254901961,103.22810011376565
78.43137254901961,103.22810011376565
78.43137254901961,103.22810011376565
78.43137254901961,103.22810011376565
78.43137254901961,103.22810011376565
78.43137254901961,103.22810011376565
78.43137254901961,103.22810011376565
78.43137254901961,103.22810011376565
78.43137254901961,103.22810011376565
78.43137254901961,103.22810011376565
78.43137254901961,103.22810011376565
78.43137254901961,103.22810011376565
78.43137254901961,103.22810011376565
78.43137254901961,103.22810011376565
78.43137254901961,103.22810011376565
78.43137254901961,103.22810011376565
78.43137254901961,103.22810011376565
78.43137254901961,103.22810011376565
78.43137254901961,103.22810011376565
78.43137254901961,103.22810011376565
78.43137254901961,103.22810011376565
78.43137254901961,103.22810011376565
78.43137254901961,103.22810011376565
78.43137254901961,103.22810011376565
78.43137254901961,103.22810011376565
78.43137254901961,103.22810011376565
78.43137254901961,103.22810011376565
78.43137254901961,103.22810011376565
78.43137254901961,103.22810011376565
78.43137254901961,103.22810011376565
78.43137254901961,103.22810011376565
78.43137254901961,103.22810011376565
78.43137254901961,103.22810011376565
78.43137254901961,103.22810011376565
78.43137254901961,103.22810011376565
78.43137254901961,103.22810011376565
78.43137254901961,103.22810011376565
78.43137254901961,103.22810011376565
78.43137254901961,103.22810011376565
78.43137254901961,103.22810011376565
78.43137254901961,103.22810011376565
78.43137254901961,103.22810011376565
78.43137254901961,103.22810011376565
78.43137254901961,103.22810011376565
78.43137254901961,103.22810011376565
78.43137254901961,103.22810011376565
78.43137254901961,103.22810011376565
78.43137254901961,103.22810011376565
78.43137254901961,103.22810011376565
78.43137254901961,103.22810011376565
78.43137254901961,103.22810011376565
78.43137254901961,103.22810011376565
78.43137254901961,103.22810011376565
78.43137254901961,103.22810011376565
78.43137254901961,103.22810011376565
78.43137254901961,103.22810011376565
78.43137254901961,103.22810011376565
78.43137254901961,103.22810011376565
78.43137254901961,103.22810011376565
78.43137254901961,103.22810011376565
78.43137254901961,103.22810011376565
78.43137254901961,103.22810011376565
78.43137254901961,103.22810011376565
78.43137254901961,103.22810011376565
78.43137254901961,103.22810011376565
78.43137254901961,103.22810011376565
78.43137254901961,103.22810011376565
78.43137254901961,103.22810011376565
78.43137254901961,103.22810011376565
78.43137254901961,103.22810011376565
78.43137254901961,103.22810011376565
78.43137254901961,103.22810011376565
78.43137254901961,103.22810011376565
78.43137254901961,103.22810011376565
78.43137254901961,103.22810011376565
78.43137254901961,103.22810011376565
78.43137254901961,103.22810011376565
78.43137254901961,103.22810011376565
78.43137254901961,103.22810011376565
78.43137254901961,103.22810011376565
78.43137254901961,103.22810011376565
78.43137254901961,103.22810011376565
78.43137254901961,103.22810011376565
78.43137254901961,103.22810011376565
78.43137254901961,103.22810011376565
78.43137254901961,103.22810011376565
78.43137254901961,103.22810011376565
78.43137254901961,103.22810011376565
78.43137254901961,103.22810011376565
78.43137254901961,103.22810011376565
78.43137254901961,103.22810011376565
78.43137254901961,103.22810011376565
78.43137254901961,103.22810011376565
78.43137254901961,103.22810011376565
78.43137254901961,103.22810011376565
78.43137254901961,103.22810011376565
78.43137254901961,103.22810011376565
78.43137254901961,103.22810011376565
78.43137254901961,103.22810011376565
78.43137254901961,103.22810011376565
78.43137254901961,103.22810011376565
78.43137254901961,103.22810011376565
78.43137254901961,103.22810011376565
78.43137254901961,103.22810011376565
78.43137254901961,103.22810011376565
78.43137254901961,103.22810011376565
78.43137254901961,103.22810011376565
78.43137254901961,103.22810011376565
78.43137254901961,103.22810011376565
78.43137254901961,103.22810011376565
78.43137254901961,103.22810011376565
78.43137254901961,103.22810011376565
78.43137254901961,103.22810011376565
78.43137254901961,103.22810011376565
78.43137254901961,103.22810011376565
78.43137254901961,103.22810011376565
78.43137254901961,103.22810011376565
78.43137254901961,103.22810011376565
78.43137254901961,103.22810011376565
78.43137254901961,103.22810011376565
78.43137254901961,103.22810011376565
78.43137254901961,103.22810011376565
78.43137254901961,103.22810011376565
78.43137254901961,103.22810011376565
78.43137254901961,103.22810011376565
78.43137254901961,103.22810011376565
78.43137254901961,103.22810011376565
78.43137254901961,103.22810011376565
78.43137254901961,103.22810011376565
78.43137254901961,103.22810011376565
78.43137254901961,103.22810011376565
78.43137254901961,103.22810011376565
78.43137254901961,103.22810011376565
78.43137254901961,103.22810011376565
78.43137254901961,103.22810011376565
78.43137254901961,103.22810011376565
78.43137254901961,103.22810011376565
78.43137254901961,103.22810011376565
78.43137254901961,103.22810011376565
78.43137254901961,103.22810011376565
78.43137254901961,103.22810011376565
78.43137254901961,103.22810011376565
78.43137254901961,103.22810011376565
78.43137254901961,103.22810011376565
78.43137254901961,103.22810011376565
78.43137254901961,103.22810011376565
78.43137254901961,103.22810011376565
78.43137254901961,103.22810011376565
78.43137254901961,103.22810011376565
78.43137254901961,103.22810011376565
78.43137254901961,103.22810011376565
78.43137254901961,103.22810011376565
78.43137254901961,103.22810011376565
78.43137254901961,103.22810011376565
78.43137254901961,103.22810011376565
78.43137254901961,103.22810011376565
78.43137254901961,103.22810011376565
78.43137254901961,103.22810011376565
78.43137254901961,103.22810011376565
78.43137254901961,103.22810011376565
78.43137254901961,103.22810011376565
78.43137254901961,103.22810011376565
78.43137254901961,103.22810011376565
78.43137254901961,103.22810011376565
78.43137254901961,103.22810011376565
78.43137254901961,103.22810011376565
78.43137254901961,103.22810011376565
78.43137254901961,103.22810011376565
78.43137254901961,103.22810011376565
78.43137254901961,103.22810011376565
78.43137254901961,103.22810011376565
78.43137254901961,103.22810011376565
78.43137254901961,103.22810011376565
81.5686274509804,110.29579067121729
81.5686274509804,110.29579067121729
81.5686274509804,110.29579067121729
81.5686274509804,110.29579067121729
81.5686274509804,110.29579067121729
81.5686274509804,110.29579067121729
81.5686274509804,110.29579067121729
81.5686274509804,110.29579067121729
81.5686274509804,110.29579067121729
81.5686274509804,110.29579067121729
81.5686274509804,110.29579067121729
81.5686274509804,110.29579067121729
81.5686274509804,110.29579067121729
81.5686274509804,110.29579067121729
81.5686274509804,110.29579067121729
81.5686274509804,110.29579067121729
81.5686274509804,110.29579067121729
81.5686274509804,110.29579067121729
81.5686274509804,110.29579067121729
81.5686274509804,110.29579067121729
81.5686274509804,110.29579067121729
81.5686274509804,110.29579067121729
81.5686274509804,110.29579067121729
81.5686274509804,110.29579067121729
81.5686274509804,110.29579067121729
81.5686274509804,110.29579067121729
81.5686274509804,110.29579067121729
81.5686274509804,110.29579067121729
81.5686274509804,110.29579067121729
81.5686274509804,110.29579067121729
81.5686274509804,110.29579067121729
81.5686274509804,110.29579067121729
81.5686274509804,110.29579067121729
81.5686274509804,110.29579067121729
81.5686274509804,110.29579067121729
81.5686274509804,110.29579067121729
81.5686274509804,110.29579067121729
81.5686274509804,110.29579067121729
81.5686274509804,110.29579067121729
81.5686274509804,110.29579067121729
81.5686274509804,110.29579067121729
81.5686274509804,110.29579067121729
81.5686274509804,110.29579067121729
81.5686274509804,110.29579067121729
81.5686274509804,110.29579067121729
81.5686274509804,110.29579067121729
81.5686274509804,110.29579067121729
81.5686274509804,110.29579067121729
81.5686274509804,110.29579067121729
81.5686274509804,110.29579067121729
81.5686274509804,110.29579067121729
81.5686274509804,110.29579067121729
81.5686274509804,110.29579067121729
81.5686274509804,110.29579067121729
81.5686274509804,110.29579067121729
81.5686274509804,110.29579067121729
81.5686274509804,110.29579067121729
81.5686274509804,110.29579067121729
81.5686274509804,110.29579067121729
81.5686274509804,110.29579067121729
81.5686274509804,110.29579067121729
81.5686274509804,110.29579067121729
81.5686274509804,110.29579067121729
81.5686274509804,110.29579067121729
81.5686274509804,110.29579067121729
81.5686274509804,110.29579067121729
81.5686274509804,110.29579067121729
81.5686274509804,110.29579067121729
81.5686274509804,110.29579067121729
81.5686274509804,110.29579067121729
81.5686274509804,110.29579067121729
81.5686274509804,110.29579067121729
81.5686274509804,110.29579067121729
81.5686274509804,110.29579067121729
81.5686274509804,110.29579067121729
81.5686274509804,110.29579067121729
81.5686274509804,110.29579067121729
81.5686274509804,110.29579067121729
81.5686274509804,110.29579067121729
81.5686274509804,110.29579067121729
81.5686274509804,110.29579067121729
81.5686274509804,110.29579067121729
81.5686274509804,110.29579067121729
81.5686274509804,110.29579067121729
81.5686274509804,110.29579067121729
81.5686274509804,110.29579067121729
81.5686274509804,110.29579067121729
81.5686274509804,110.29579067121729
81.5686274509804,110.29579067121729
81.5686274509804,110.29579067121729
81.5686274509804,110.29579067121729
81.5686274509804,110.29579067121729
81.5686274509804,110.29579067121729
81.5686274509804,110.29579067121729
81.5686274509804,110.29579067121729
81.5686274509804,110.29579067121729
81.5686274509804,110.29579067121729
81.5686274509804,110.29579067121729
81.5686274509804,110.29579067121729
81.5686274509804,110.29579067121729
81.5686274509804,110.29579067121729
81.5686274509804,110.29579067121729
81.5686274509804,110.29579067121729
81.5686274509804,110.29579067121729
81.5686274509804,110.29579067121729
81.5686274509804,110.29579067121729
81.5686274509804,110.29579067121729
81.5686274509804,110.29579067121729
81.5686274509804,110.29579067121729
81.5686274509804,110.29579067121729
81.5686274509804,110.29579067121729
81.5686274509804,110.29579067121729
81.5686274509804,110.29579067121729
81.5686274509804,110.29579067121729
81.5686274509804,110.29579067121729
81.5686274509804,110.29579067121729
81.5686274509804,110.29579067121729
81.5686274509804,110.29579067121729
81.5686274509804,110.29579067121729
81.5686274509804,110.29579067121729
81.5686274509804,110.29579067121729
81.5686274509804,110.29579067121729
81.5686274509804,110.29579067121729
81.5686274509804,110.29579067121729
81.5686274509804,110.29579067121729
81.5686274509804,110.29579067121729
81.5686274509804,110.29579067121729
81.5686274509804,110.29579067121729
81.5686274509804,110.29579067121729
81.5686274509804,110.29579067121729
81.5686274509804,110.29579067121729
81.5686274509804,110.29579067121729
81.5686274509804,110.29579067121729
81.5686274509804,110.29579067121729
81.5686274509804,110.29579067121729
81.5686274509804,110.29579067121729
81.5686274509804,110.29579067121729
81.5686274509804,110.29579067121729
81.5686274509804,110.29579067121729
81.5686274509804,110.29579067121729
81.5686274509804,110.29579067121729
81.5686274509804,110.29579067121729
81.5686274509804,110.29579067121729
81.5686274509804,110.29579067121729
81.5686274509804,110.29579067121729
81.5686274509804,110.29579067121729
81.5686274509804,110.29579067121729
81.5686274509804,110.29579067121729
81.5686274509804,110.29579067121729
81.5686274509804,110.29579067121729
81.5686274509804,110.29579067121729
81.5686274509804,110.29579067121729
81.5686274509804,110.29579067121729
81.5686274509804,110.29579067121729
81.5686274509804,110.29579067121729
81.5686274509804,110.29579067121729
81.5686274509804,110.29579067121729
81.5686274509804,110.29579067121729
81.5686274509804,110.29579067121729
81.5686274509804,110.29579067121729
81.5686274509804,110.29579067121729
81.5686274509804,110.29579067121729
81.5686274509804,110.29579067121729
81.5686274509804,110.29579067121729
81.5686274509804,110.29579067121729
81.5686274509804,110.29579067121729
81.5686274509804,110.29579067121729
81.5686274509804,110.29579067121729
81.5686274509804,110.29579067121729
81.5686274509804,110.29579067121729
81.5686274509804,110.29579067121729
81.5686274509804,110.29579067121729
81.5686274509804,110.29579067121729
81.5686274509804,110.29579067121729
81.5686274509804,110.29579067121729
81.5686274509804,110.29579067121729
81.5686274509804,110.29579067121729
81.5686274509804,110.29579067121729
81.5686274509804,110.29579067121729
81.5686274509804,110.29579067121729
81.5686274509804,110.29579067121729
81.5686274509804,110.29579067121729
81.5686274509804,110.29579067121729
81.5686274509804,110.29579067121729
81.5686274509804,110.29579067121729
81.5686274509804,110.29579067121729
81.5686274509804,110.29579067121729
81.5686274509804,110.29579067121729
81.5686274509804,110.29579067121729
81.5686274509804,110.29579067121729
81.5686274509804,110.29579067121729
81.5686274509804,110.29579067121729
81.5686274509804,110.29579067121729
81.5686274509804,110.29579067121729
81.5686274509804,110.29579067121729
84.70588235294117,117.36348122866895
84.70588235294117,117.36348122866895
84.70588235294117,117.36348122866895
84.70588235294117,117.36348122866895
84.70588235294117,117.36348122866895
84.70588235294117,117.36348122866895
84.70588235294117,117.36348122866895
84.70588235294117,117.36348122866895
84.70588235294117,117.36348122866895
84.70588235294117,117.36348122866895
84.70588235294117,117.36348122866895
84.70588235294117,117.36348122866895
84.70588235294117,117.36348122866895
84.70588235294117,117.36348122866895
84.70588235294117,117.36348122866895
84.70588235294117,117.36348122866895
84.70588235294117,117.36348122866895
84.70588235294117,117.36348122866895
84.70588235294117,117.36348122866895
84.70588235294117,117.36348122866895
84.70588235294117,117.36348122866895
84.70588235294117,117.36348122866895
84.70588235294117,117.36348122866895
84.70588235294117,117.36348122866895
84.70588235294117,117.36348122866895
84.70588235294117,117.36348122866895
84.70588235294117,117.36348122866895
84.70588235294117,117.36348122866895
84.70588235294117,117.36348122866895
84.70588235294117,117.36348122866895
84.70588235294117,117.36348122866895
84.70588235294117,117.36348122866895
84.70588235294117,117.36348122866895
84.70588235294117,117.36348122866895
84.70588235294117,117.36348122866895
84.70588235294117,117.36348122866895
84.70588235294117,117.36348122866895
84.70588235294117,117.36348122866895
84.70588235294117,117.36348122866895
84.70588235294117,117.36348122866895
84.70588235294117,117.36348122866895
84.70588235294117,117.36348122866895
84.70588235294117,117.36348122866895
84.70588235294117,117.36348122866895
84.70588235294117,117.36348122866895
84.70588235294117,117.36348122866895
84.70588235294117,117.36348122866895
84.70588235294117,117.36348122866895
84.70588235294117,117.36348122866895
84.70588235294117,117.36348122866895
84.70588235294117,117.36348122866895
84.70588235294117,117.36348122866895
84.70588235294117,117.36348122866895
84.70588235294117,117.36348122866895
84.70588235294117,117.36348122866895
84.70588235294117,117.36348122866895
84.70588235294117,117.36348122866895
84.70588235294117,117.36348122866895
84.70588235294117,117.36348122866895
84.70588235294117,117.36348122866895
84.70588235294117,117.36348122866895
84.70588235294117,117.36348122866895
84.70588235294117,117.36348122866895
84.70588235294117,117.36348122866895
84.70588235294117,117.36348122866895
84.70588235294117,117.36348122866895
84.70588235294117,117.36348122866895
84.70588235294117,117.36348122866895
84.70588235294117,117.36348122866895
84.70588235294117,117.36348122866895
84.70588235294117,117.36348122866895
84.70588235294117,117.36348122866895
84.70588235294117,117.36348122866895
84.70588235294117,117.36348122866895
84.70588235294117,117.36348122866895
84.70588235294117,117.36348122866895
84.70588235294117,117.36348122866895
84.70588235294117,117.36348122866895
84.70588235294117,117.36348122866895
84.70588235294117,117.36348122866895
84.70588235294117,117.36348122866895
84.70588235294117,117.36348122866895
84.70588235294117,117.36348122866895
84.70588235294117,117.36348122866895
84.70588235294117,117.36348122866895
84.70588235294117,117.36348122866895
84.70588235294117,117.36348122866895
84.70588235294117,117.36348122866895
84.70588235294117,117.36348122866895
84.70588235294117,117.36348122866895
84.70588235294117,117.36348122866895
84.70588235294117,117.36348122866895
84.70588235294117,117.36348122866895
84.70588235294117,117.36348122866895
84.70588235294117,117.36348122866895
84.70588235294117,117.36348122866895
84.70588235294117,117.36348122866895
84.70588235294117,117.36348122866895
84.70588235294117,117.36348122866895
84.70588235294117,117.36348122866895
84.70588235294117,117.36348122866895
84.70588235294117,117.36348122866895
84.70588235294117,117.36348122866895
84.70588235294117,117.36348122866895
84.70588235294117,117.36348122866895
84.70588235294117,117.36348122866895
84.70588235294117,117.36348122866895
84.70588235294117,117.36348122866895
84.70588235294117,117.36348122866895
84.70588235294117,117.36348122866895
84.70588235294117,117.36348122866895
84.70588235294117,117.36348122866895
84.70588235294117,117.36348122866895
84.70588235294117,117.36348122866895
84.70588235294117,117.36348122866895
84.70588235294117,117.36348122866895
84.70588235294117,117.36348122866895
84.70588235294117,117.36348122866895
84.70588235294117,117.36348122866895
84.70588235294117,117.36348122866895
84.70588235294117,117.36348122866895
84.70588235294117,117.36348122866895
84.70588235294117,117.36348122866895
84.70588235294117,117.36348122866895
84.70588235294117,117.36348122866895
84.70588235294117,117.36348122866895
84.70588235294117,117.36348122866895
84.70588235294117,117.36348122866895
84.70588235294117,117.36348122866895
84.70588235294117,117.36348122866895
84.70588235294117,117.36348122866895
84.70588235294117,117.36348122866895
84.70588235294117,117.36348122866895
84.70588235294117,117.36348122866895
84.70588235294117,117.36348122866895
84.70588235294117,117.36348122866895
84.70588235294117,117.36348122866895
84.70588235294117,117.36348122866895
84.70588235294117,117.36348122866895
84.70588235294117,117.36348122866895
84.70588235294117,117.36348122866895
84.70588235294117,117.36348122866895
84.70588235294117,117.36348122866895
84.70588235294117,117.36348122866895
84.70588235294117,117.36348122866895
84.70588235294117,117.36348122866895
84.70588235294117,117.36348122866895
84.70588235294117,117.36348122866895
84.70588235294117,117.36348122866895
84.70588235294117,117.36348122866895
84.70588235294117,117.36348122866895
84.70588235294117,117.36348122866895
84.70588235294117,117.36348122866895
84.70588235294117,117.36348122866895
84.70588235294117,117.36348122866895
84.70588235294117,117.36348122866895
84.70588235294117,117.36348122866895
84.70588235294117,117.36348122866895
84.70588235294117,117.36348122866895
84.70588235294117,117.36348122866895
84.70588235294117,117.36348122866895
84.70588235294117,117.36348122866895
84.70588235294117,117.36348122866895
84.70588235294117,117.36348122866895
87.84313725490196,125.82480091012515
87.84313725490196,125.82480091012515
87.84313725490196,125.82480091012515
87.84313725490196,125.82480091012515
87.84313725490196,125.82480091012515
87.84313725490196,125.82480091012515
87.84313725490196,125.82480091012515
87.84313725490196,125.82480091012515
87.84313725490196,125.82480091012515
87.84313725490196,125.82480091012515
87.84313725490196,125.82480091012515
87.84313725490196,125.82480091012515
87.84313725490196,125.82480091012515
87.84313725490196,125.82480091012515
87.84313725490196,125.82480091012515
87.84313725490196,125.82480091012515
87.84313725490196,125.82480091012515
87.84313725490196,125.82480091012515
87.84313725490196,125.82480091012515
87.84313725490196,125.82480091012515
87.84313725490196,125.82480091012515
87.84313725490196,125.82480091012515
87.84313725490196,125.82480091012515
87.84313725490196,125.82480091012515
87.84313725490196,125.82480091012515
87.84313725490196,125.82480091012515
87.84313725490196,125.82480091012515
87.84313725490196,125.82480091012515
87.84313725490196,125.82480091012515
87.84313725490196,125.82480091012515
87.84313725490196,125.82480091012515
87.84313725490196,125.82480091012515
87.84313725490196,125.82480091012515
87.84313725490196,125.82480091012515
87.84313725490196,125.82480091012515
87.84313725490196,125.82480091012515
87.84313725490196,125.82480091012515
87.84313725490196,125.82480091012515
87.84313725490196,125.82480091012515
87.84313725490196,125.82480091012515
87.84313725490196,125.82480091012515
87.84313725490196,125.82480091012515
87.84313725490196,125.82480091012515
87.84313725490196,125.82480091012515
87.84313725490196,125.82480091012515
87.84313725490196,125.82480091012515
87.84313725490196,125.82480091012515
87.84313725490196,125.82480091012515
87.84313725490196,125.82480091012515
87.84313725490196,125.82480091012515
87.84313725490196,125.82480091012515
87.84313725490196,125.82480091012515
87.84313725490196,125.82480091012515
87.84313725490196,125.82480091012515
87.84313725490196,125.82480091012515
87.84313725490196,125.82480091012515
87.84313725490196,125.82480091012515
87.84313725490196,125.82480091012515
87.84313725490196,125.82480091012515
87.84313725490196,125.82480091012515
87.84313725490196,125.82480091012515
87.84313725490196,125.82480091012515
87.84313725490196,125.82480091012515
87.84313725490196,125.82480091012515
87.84313725490196,125.82480091012515
87.84313725490196,125.82480091012515
87.84313725490196,125.82480091012515
87.84313725490196,125.82480091012515
87.84313725490196,125.82480091012515
87.84313725490196,125.82480091012515
87.84313725490196,125.82480091012515
87.84313725490196,125.82480091012515
87.84313725490196,125.82480091012515
87.84313725490196,125.82480091012515
87.84313725490196,125.82480091012515
87.84313725490196,125.82480091012515
87.84313725490196,125.82480091012515
87.84313725490196,125.82480091012515
87.84313725490196,125.82480091012515
87.84313725490196,125.82480091012515
87.84313725490196,125.82480091012515
87.84313725490196,125.82480091012515
87.84313725490196,125.82480091012515
87.84313725490196,125.82480091012515
87.84313725490196,125.82480091012515
87.84313725490196,125.82480091012515
87.84313725490196,125.82480091012515
87.84313725490196,125.82480091012515
87.84313725490196,125.82480091012515
87.84313725490196,125.82480091012515
87.84313725490196,125.82480091012515
87.84313725490196,125.82480091012515
87.84313725490196,125.82480091012515
87.84313725490196,125.82480091012515
87.84313725490196,125.82480091012515
87.84313725490196,125.82480091012515
87.84313725490196,125.82480091012515
87.84313725490196,125.82480091012515
87.84313725490196,125.82480091012515
87.84313725490196,125.82480091012515
87.84313725490196,125.82480091012515
87.84313725490196,125.82480091012515
87.84313725490196,125.82480091012515
87.84313725490196,125.82480091012515
87.84313725490196,125.82480091012515
87.84313725490196,125.82480091012515
87.84313725490196,125.82480091012515
87.84313725490196,125.82480091012515
87.84313725490196,125.82480091012515
87.84313725490196,125.82480091012515
87.84313725490196,125.82480091012515
87.84313725490196,125.82480091012515
87.84313725490196,125.82480091012515
87.84313725490196,125.82480091012515
87.84313725490196,125.82480091012515
87.84313725490196,125.82480091012515
87.84313725490196,125.82480091012515
90.98039215686273,131.10068259385667
90.98039215686273,131.10068259385667
90.98039215686273,131.10068259385667
90.98039215686273,131.10068259385667
90.98039215686273,131.10068259385667
90.98039215686273,131.10068259385667
90.98039215686273,131.10068259385667
90.98039215686273,131.10068259385667
90.98039215686273,131.10068259385667
90.98039215686273,131.10068259385667
90.98039215686273,131.10068259385667
90.98039215686273,131.10068259385667
90.98039215686273,131.10068259385667
90.98039215686273,131.10068259385667
90.98039215686273,131.10068259385667
90.98039215686273,131.10068259385667
90.98039215686273,131.10068259385667
90.98039215686273,131.10068259385667
90.98039215686273,131.10068259385667
90.98039215686273,131.10068259385667
90.98039215686273,131.10068259385667
90.98039215686273,131.10068259385667
90.98039215686273,131.10068259385667
90.98039215686273,131.10068259385667
90.98039215686273,131.10068259385667
90.98039215686273,131.10068259385667
90.98039215686273,131.10068259385667
90.98039215686273,131.10068259385667
90.98039215686273,131.10068259385667
90.98039215686273,131.10068259385667
90.98039215686273,131.10068259385667
90.98039215686273,131.10068259385667
90.98039215686273,131.10068259385667
90.98039215686273,131.10068259385667
90.98039215686273,131.10068259385667
90.98039215686273,131.10068259385667
90.98039215686273,131.10068259385667
90.98039215686273,131.10068259385667
90.98039215686273,131.10068259385667
90.98039215686273,131.10068259385667
90.98039215686273,131.10068259385667
90.98039215686273,131.10068259385667
90.98039215686273,131.10068259385667
90.98039215686273,131.10068259385667
90.98039215686273,131.10068259385667
90.98039215686273,131.10068259385667
90.98039215686273,131.10068259385667
90.98039215686273,131.10068259385667
90.98039215686273,131.10068259385667
90.98039215686273,131.10068259385667
90.98039215686273,131.10068259385667
90.98039215686273,131.10068259385667
90.98039215686273,131.10068259385667
90.98039215686273,131.10068259385667
90.98039215686273,131.10068259385667
90.98039215686273,131.10068259385667
90.98039215686273,131.10068259385667
90.98039215686273,131.10068259385667
90.98039215686273,131.10068259385667
90.98039215686273,131.10068259385667
90.98039215686273,131.10068259385667
90.98039215686273,131.10068259385667
90.98039215686273,131.10068259385667
90.98039215686273,131.10068259385667
90.98039215686273,131.10068259385667
90.98039215686273,131.10068259385667
90.98039215686273,131.10068259385667
90.98039215686273,131.10068259385667
90.98039215686273,131.10068259385667
90.98039215686273,131.10068259385667
90.98039215686273,131.10068259385667
90.98039215686273,131.10068259385667
90.98039215686273,131.10068259385667
90.98039215686273,131.10068259385667
90.98039215686273,131.10068259385667
90.98039215686273,131.10068259385667
90.98039215686273,131.10068259385667
90.98039215686273,131.10068259385667
90.98039215686273,131.10068259385667
90.98039215686273,131.10068259385667
94.11764705882352,133.19112627986348
94.11764705882352,133.19112627986348
94.11764705882352,133.19112627986348
94.11764705882352,133.19112627986348
94.11764705882352,133.19112627986348
94.11764705882352,133.19112627986348
94.11764705882352,133.19112627986348
94.11764705882352,133.19112627986348
94.11764705882352,133.19112627986348
94.11764705882352,133.19112627986348
94.11764705882352,133.19112627986348
94.11764705882352,133.19112627986348
94.11764705882352,133.19112627986348
94.11764705882352,133.19112627986348
94.11764705882352,133.19112627986348
94.11764705882352,133.19112627986348
94.11764705882352,133.19112627986348
94.11764705882352,133.19112627986348
94.11764705882352,133.19112627986348
94.11764705882352,133.19112627986348
94.11764705882352,133.19112627986348
94.11764705882352,133.19112627986348
94.11764705882352,133.19112627986348
94.11764705882352,133.19112627986348
94.11764705882352,133.19112627986348
94.11764705882352,133.19112627986348
94.11764705882352,133.19112627986348
94.11764705882352,133.19112627986348
94.11764705882352,133.19112627986348
94.11764705882352,133.19112627986348
94.11764705882352,133.19112627986348
94.11764705882352,133.19112627986348
94.11764705882352,133.19112627986348
94.11764705882352,133.19112627986348
94.11764705882352,133.19112627986348
94.11764705882352,133.19112627986348
94.11764705882352,133.19112627986348
94.11764705882352,133.19112627986348
94.11764705882352,133.19112627986348
94.11764705882352,133.19112627986348
94.11764705882352,133.19112627986348
94.11764705882352,133.19112627986348
94.11764705882352,133.19112627986348
94.11764705882352,133.19112627986348
94.11764705882352,133.19112627986348
94.11764705882352,133.19112627986348
94.11764705882352,133.19112627986348
94.11764705882352,133.19112627986348
94.11764705882352,133.19112627986348
94.11764705882352,133.19112627986348
94.11764705882352,133.19112627986348
94.11764705882352,133.19112627986348
94.11764705882352,133.19112627986348
94.11764705882352,133.19112627986348
94.11764705882352,133.19112627986348
94.11764705882352,133.19112627986348
94.11764705882352,133.19112627986348
94.11764705882352,133.19112627986348
94.11764705882352,133.19112627986348
94.11764705882352,133.19112627986348
94.11764705882352,133.19112627986348
97.25490196078432,132.7929465301479
97.25490196078432,132.7929465301479
97.25490196078432,132.7929465301479
97.25490196078432,132.7929465301479
97.25490196078432,132.7929465301479
97.25490196078432,132.7929465301479
97.25490196078432,132.7929465301479
97.25490196078432,132.7929465301479
97.25490196078432,132.7929465301479
97.25490196078432,132.7929465301479
97.25490196078432,132.7929465301479
97.25490196078432,132.7929465301479
97.25490196078432,132.7929465301479
97.25490196078432,132.7929465301479
97.25490196078432,132.7929465301479
97.25490196078432,132.7929465301479
97.25490196078432,132.7929465301479
97.25490196078432,132.7929465301479
97.25490196078432,132.7929465301479
97.25490196078432,132.7929465301479
97.25490196078432,132.7929465301479
97.25490196078432,132.7929465301479
97.25490196078432,132.7929465301479
97.25490196078432,132.7929465301479
97.25490196078432,132.7929465301479
97.25490196078432,132.7929465301479
97.25490196078432,132.7929465301479
97.25490196078432,132.7929465301479
97.25490196078432,132.7929465301479
97.25490196078432,132.7929465301479
97.25490196078432,132.7929465301479
97.25490196078432,132.7929465301479
97.25490196078432,132.7929465301479
97.25490196078432,132.7929465301479
97.25490196078432,132.7929465301479
97.25490196078432,132.7929465301479
97.25490196078432,132.7929465301479
97.25490196078432,132.7929465301479
97.25490196078432,132.7929465301479
97.25490196078432,132.7929465301479
97.25490196078432,132.7929465301479
97.25490196078432,132.7929465301479
97.25490196078432,132.7929465301479
97.25490196078432,132.7929465301479
97.25490196078432,132.7929465301479
97.25490196078432,132.7929465301479
97.25490196078432,132.7929465301479
97.25490196078432,132.7929465301479
97.25490196078432,132.7929465301479
97.25490196078432,132.7929465301479
97.25490196078432,132.7929465301479
97.25490196078432,132.7929465301479
97.25490196078432,132.7929465301479
97.25490196078432,132.7929465301479
97.25490196078432,132.7929465301479
97.25490196078432,132.7929465301479
97.25490196078432,132.7929465301479
97.25490196078432,132.7929465301479
97.25490196078432,132.7929465301479
97.25490196078432,132.7929465301479
97.25490196078432,132.7929465301479
97.25490196078432,132.7929465301479
97.25490196078432,132.7929465301479
97.25490196078432,132.7929465301479
97.25490196078432,132.7929465301479
100.3921568627451,125.72525597269625
100.3921568627451,125.72525597269625
100.3921568627451,125.72525597269625
100.3921568627451,125.72525597269625
100.3921568627451,125.72525597269625
100.3921568627451,125.72525597269625
100.3921568627451,125.72525597269625
100.3921568627451,125.72525597269625
100.3921568627451,125.72525597269625
100.3921568627451,125.72525597269625
100.3921568627451,125.72525597269625
100.3921568627451,125.72525597269625
100.3921568627451,125.72525597269625
100.3921568627451,125.72525597269625
100.3921568627451,125.72525597269625
100.3921568627451,125.72525597269625
100.3921568627451,125.72525597269625
100.3921568627451,125.72525597269625
100.3921568627451,125.72525597269625
100.3921568627451,125.72525597269625
100.3921568627451,125.72525597269625
100.3921568627451,125.72525597269625
100.3921568627451,125.72525597269625
100.3921568627451,125.72525597269625
100.3921568627451,125.72525597269625
100.3921568627451,125.72525597269625
100.3921568627451,125.72525597269625
100.3921568627451,125.72525597269625
100.3921568627451,125.72525597269625
100.3921568627451,125.72525597269625
100.3921568627451,125.72525597269625
100.3921568627451,125.72525597269625
100.3921568627451,125.72525597269625
100.3921568627451,125.72525597269625
100.3921568627451,125.72525597269625
100.3921568627451,125.72525597269625
100.3921568627451,125.72525597269625
100.3921568627451,125.72525597269625
100.3921568627451,125.72525597269625
100.3921568627451,125.72525597269625
100.3921568627451,125.72525597269625
100.3921568627451,125.72525597269625
100.3921568627451,125.72525597269625
100.3921568627451,125.72525597269625
100.3921568627451,125.72525597269625
100.3921568627451,125.72525597269625
100.3921568627451,125.72525597269625
100.3921568627451,125.72525597269625
100.3921568627451,125.72525597269625
100.3921568627451,125.72525597269625
100.3921568627451,125.72525597269625
100.3921568627451,125.72525597269625
100.3921568627451,125.72525597269625
100.3921568627451,125.72525597269625
100.3921568627451,125.72525597269625
100.3921568627451,125.72525597269625
100.3921568627451,125.72525597269625
100.3921568627451,125.72525597269625
100.3921568627451,125.72525597269625
100.3921568627451,125.72525597269625
100.3921568627451,125.72525597269625
100.3921568627451,125.72525597269625
100.3921568627451,125.72525597269625
100.3921568627451,125.72525597269625
100.3921568627451,125.72525597269625
100.3921568627451,125.72525597269625
100.3921568627451,125.72525597269625
100.3921568627451,125.72525597269625
100.3921568627451,125.72525597269625
100.3921568627451,125.72525597269625
100.3921568627451,125.72525597269625
100.3921568627451,125.72525597269625
100.3921568627451,125.72525597269625
100.3921568627451,125.72525597269625
100.3921568627451,125.72525597269625
100.3921568627451,125.72525597269625
100.3921568627451,125.72525597269625
100.3921568627451,125.72525597269625
100.3921568627451,125.72525597269625
100.3921568627451,125.72525597269625
100.3921568627451,125.72525597269625
100.3921568627451,125.72525597269625
100.3921568627451,125.72525597269625
100.3921568627451,125.72525597269625
100.3921568627451,125.72525597269625
100.3921568627451,125.72525597269625
100.3921568627451,125.72525597269625
100.3921568627451,125.72525597269625
100.3921568627451,125.72525597269625
100.3921568627451,125.72525597269625
100.3921568627451,125.72525597269625
100.3921568627451,125.72525597269625
100.3921568627451,125.72525597269625
100.3921568627451,125.72525597269625
100.3921568627451,125.72525597269625
100.3921568627451,125.72525597269625
100.3921568627451,125.72525597269625
100.3921568627451,125.72525597269625
100.3921568627451,125.72525597269625
100.3921568627451,125.72525597269625
100.3921568627451,125.72525597269625
100.3921568627451,125.72525597269625
100.3921568627451,125.72525597269625
100.3921568627451,125.72525597269625
100.3921568627451,125.72525597269625
100.3921568627451,125.72525597269625
100.3921568627451,125.72525597269625
100.3921568627451,125.72525597269625
100.3921568627451,125.72525597269625
100.3921568627451,125.72525597269625
100.3921568627451,125.72525597269625
100.3921568627451,125.72525597269625
100.3921568627451,125.72525597269625
100.3921568627451,125.72525597269625
100.3921568627451,125.72525597269625
100.3921568627451,125.72525597269625
100.3921568627451,125.72525597269625
100.3921568627451,125.72525597269625
100.3921568627451,125.72525597269625
100.3921568627451,125.72525597269625
100.3921568627451,125.72525597269625
100.3921568627451,125.72525597269625
100.3921568627451,125.72525597269625
100.3921568627451,125.72525597269625
100.3921568627451,125.72525597269625
100.3921568627451,125.72525597269625
100.3921568627451,125.72525597269625
100.3921568627451,125.72525597269625
100.3921568627451,125.72525597269625
100.3921568627451,125.72525597269625
100.3921568627451,125.72525597269625
100.3921568627451,125.72525597269625
100.3921568627451,125.72525597269625
100.3921568627451,125.72525597269625
100.3921568627451,125.72525597269625
100.3921568627451,125.72525597269625
103.52941176470588,116.16894197952219
103.52941176470588,116.16894197952219
103.52941176470588,116.16894197952219
103.52941176470588,116.16894197952219
103.52941176470588,116.16894197952219
103.52941176470588,116.16894197952219
103.52941176470588,116.16894197952219
103.52941176470588,116.16894197952219
103.52941176470588,116.16894197952219
103.52941176470588,116.16894197952219
103.52941176470588,116.16894197952219
103.52941176470588,116.16894197952219
103.52941176470588,116.16894197952219
103.52941176470588,116.16894197952219
103.52941176470588,116.16894197952219
103.52941176470588,116.16894197952219
103.52941176470588,116.16894197952219
103.52941176470588,116.16894197952219
103.52941176470588,116.16894197952219
103.52941176470588,116.16894197952219
103.52941176470588,116.16894197952219
103.52941176470588,116.16894197952219
103.52941176470588,116.16894197952219
103.52941176470588,116.16894197952219
103.52941176470588,116.16894197952219
103.52941176470588,116.16894197952219
103.52941176470588,116.16894197952219
103.52941176470588,116.16894197952219
103.52941176470588,116.16894197952219
103.52941176470588,116.16894197952219
103.52941176470588,116.16894197952219
103.52941176470588,116.16894197952219
103.52941176470588,116.16894197952219
103.52941176470588,116.16894197952219
103.52941176470588,116.16894197952219
103.52941176470588,116.16894197952219
103.52941176470588,116.16894197952219
103.52941176470588,116.16894197952219
103.52941176470588,116.16894197952219
103.52941176470588,116.16894197952219
103.52941176470588,116.16894197952219
103.52941176470588,116.16894197952219
103.52941176470588,116.16894197952219
103.52941176470588,116.16894197952219
103.52941176470588,116.16894197952219
103.52941176470588,116.16894197952219
103.52941176470588,116.16894197952219
103.52941176470588,116.16894197952219
103.52941176470588,116.16894197952219
103.52941176470588,116.16894197952219
103.52941176470588,116.16894197952219
103.52941176470588,116.16894197952219
103.52941176470588,116.16894197952219
103.52941176470588,116.16894197952219
103.52941176470588,116.16894197952219
103.52941176470588,116.16894197952219
103.52941176470588,116.16894197952219
103.52941176470588,116.16894197952219
103.52941176470588,116.16894197952219
103.52941176470588,116.16894197952219
103.52941176470588,116.16894197952219
103.52941176470588,116.16894197952219
103.52941176470588,116.16894197952219
103.52941176470588,116.16894197952219
103.52941176470588,116.16894197952219
103.52941176470588,116.16894197952219
103.52941176470588,116.16894197952219
103.52941176470588,116.16894197952219
103.52941176470588,116.16894197952219
103.52941176470588,116.16894197952219
103.52941176470588,116.16894197952219
103.52941176470588,116.16894197952219
103.52941176470588,116.16894197952219
103.52941176470588,116.16894197952219
103.52941176470588,116.16894197952219
103.52941176470588,116.16894197952219
103.52941176470588,116.16894197952219
103.52941176470588,116.16894197952219
103.52941176470588,116.16894197952219
103.52941176470588,116.16894197952219
103.52941176470588,116.16894197952219
103.52941176470588,116.16894197952219
103.52941176470588,116.16894197952219
103.52941176470588,116.16894197952219
103.52941176470588,116.16894197952219
103.52941176470588,116.16894197952219
103.52941176470588,116.16894197952219
103.52941176470588,116.16894197952219
103.52941176470588,116.16894197952219
103.52941176470588,116.16894197952219
103.52941176470588,116.16894197952219
103.52941176470588,116.16894197952219
103.52941176470588,116.16894197952219
103.52941176470588,116.16894197952219
103.52941176470588,116.16894197952219
103.52941176470588,116.16894197952219
103.52941176470588,116.16894197952219
103.52941176470588,116.16894197952219
103.52941176470588,116.16894197952219
103.52941176470588,116.16894197952219
103.52941176470588,116.16894197952219
103.52941176470588,116.16894197952219
103.52941176470588,116.16894197952219
103.52941176470588,116.16894197952219
103.52941176470588,116.16894197952219
103.52941176470588,116.16894197952219
103.52941176470588,116.16894197952219
103.52941176470588,116.16894197952219
103.52941176470588,116.16894197952219
103.52941176470588,116.16894197952219
103.52941176470588,116.16894197952219
103.52941176470588,116.16894197952219
103.52941176470588,116.16894197952219
103.52941176470588,116.16894197952219
103.52941176470588,116.16894197952219
103.52941176470588,116.16894197952219
103.52941176470588,116.16894197952219
103.52941176470588,116.16894197952219
103.52941176470588,116.16894197952219
103.52941176470588,116.16894197952219
103.52941176470588,116.16894197952219
103.52941176470588,116.16894197952219
103.52941176470588,116.16894197952219
103.52941176470588,116.16894197952219
103.52941176470588,116.16894197952219
103.52941176470588,116.16894197952219
103.52941176470588,116.16894197952219
103.52941176470588,116.16894197952219
103.52941176470588,116.16894197952219
103.52941176470588,116.16894197952219
103.52941176470588,116.16894197952219
103.52941176470588,116.16894197952219
103.52941176470588,116.16894197952219
103.52941176470588,116.16894197952219
103.52941176470588,116.16894197952219
103.52941176470588,116.16894197952219
103.52941176470588,116.16894197952219
103.52941176470588,116.16894197952219
103.52941176470588,116.16894197952219
103.52941176470588,116.16894197952219
103.52941176470588,116.16894197952219
103.52941176470588,116.16894197952219
103.52941176470588,116.16894197952219
103.52941176470588,116.16894197952219
103.52941176470588,116.16894197952219
103.52941176470588,116.16894197952219
103.52941176470588,116.16894197952219
103.52941176470588,116.16894197952219
103.52941176470588,116.16894197952219
103.52941176470588,116.16894197952219
103.52941176470588,116.16894197952219
103.52941176470588,116.16894197952219
103.52941176470588,116.16894197952219
103.52941176470588,116.16894197952219
103.52941176470588,116.16894197952219
103.52941176470588,116.16894197952219
103.52941176470588,116.16894197952219
103.52941176470588,116.16894197952219
103.52941176470588,116.16894197952219
103.52941176470588,116.16894197952219
103.52941176470588,116.16894197952219
103.52941176470588,116.16894197952219
103.52941176470588,116.16894197952219
103.52941176470588,116.16894197952219
103.52941176470588,116.16894197952219
103.52941176470588,116.16894197952219
103.52941176470588,116.16894197952219
103.52941176470588,116.16894197952219
103.52941176470588,116.16894197952219
103.52941176470588,116.16894197952219
103.52941176470588,116.16894197952219
103.52941176470588,116.16894197952219
103.52941176470588,116.16894197952219
103.52941176470588,116.16894197952219
103.52941176470588,116.16894197952219
103.52941176470588,116.16894197952219
103.52941176470588,116.16894197952219
103.52941176470588,116.16894197952219
103.52941176470588,116.16894197952219
103.52941176470588,116.16894197952219
103.52941176470588,116.16894197952219
103.52941176470588,116.16894197952219
103.52941176470588,116.16894197952219
103.52941176470588,116.16894197952219
103.52941176470588,116.16894197952219
103.52941176470588,116.16894197952219
103.52941176470588,116.16894197952219
103.52941176470588,116.16894197952219
103.52941176470588,116.16894197952219
103.52941176470588,116.16894197952219
103.52941176470588,116.16894197952219
103.52941176470588,116.16894197952219
103.52941176470588,116.16894197952219
103.52941176470588,116.16894197952219
103.52941176470588,116.16894197952219
103.52941176470588,116.16894197952219
103.52941176470588,116.16894197952219
103.52941176470588,116.16894197952219
103.52941176470588,116.16894197952219
103.52941176470588,116.16894197952219
103.52941176470588,116.16894197952219
103.52941176470588,116.16894197952219
103.52941176470588,116.16894197952219
103.52941176470588,116.16894197952219
103.52941176470588,116.16894197952219
103.52941176470588,116.16894197952219
103.52941176470588,116.16894197952219
103.52941176470588,116.16894197952219
103.52941176470588,116.16894197952219
103.52941176470588,116.16894197952219
103.52941176470588,116.16894197952219
103.52941176470588,116.16894197952219
103.52941176470588,116.16894197952219
103.52941176470588,116.16894197952219
103.52941176470588,116.16894197952219
103.52941176470588,116.16894197952219
103.52941176470588,116.16894197952219
103.52941176470588,116.16894197952219
103.52941176470588,116.16894197952219
103.52941176470588,116.16894197952219
103.52941176470588,116.16894197952219
103.52941176470588,116.16894197952219
103.52941176470588,116.16894197952219
103.52941176470588,116.16894197952219
103.52941176470588,116.16894197952219
103.52941176470588,116.16894197952219
103.52941176470588,116.16894197952219
103.52941176470588,116.16894197952219
103.52941176470588,116.16894197952219
103.52941176470588,116.16894197952219
106.66666666666667,109.10125142207053
106.66666666666667,109.10125142207053
106.66666666666667,109.10125142207053
106.66666666666667,109.10125142207053
106.66666666666667,109.10125142207053
106.66666666666667,109.10125142207053
106.66666666666667,109.10125142207053
106.66666666666667,109.10125142207053
106.66666666666667,109.10125142207053
106.66666666666667,109.10125142207053
106.66666666666667,109.10125142207053
106.66666666666667,109.10125142207053
106.66666666666667,109.10125142207053
106.66666666666667,109.10125142207053
106.66666666666667,109.10125142207053
106.66666666666667,109.10125142207053
106.66666666666667,109.10125142207053
106.66666666666667,109.10125142207053
106.66666666666667,109.10125142207053
106.66666666666667,109.10125142207053
106.66666666666667,109.10125142207053
106.66666666666667,109.10125142207053
106.66666666666667,109.10125142207053
106.66666666666667,109.10125142207053
106.66666666666667,109.10125142207053
106.66666666666667,109.10125142207053
106.66666666666667,109.10125142207053
106.66666666666667,109.10125142207053
106.66666666666667,109.10125142207053
106.66666666666667,109.10125142207053
106.66666666666667,109.10125142207053
106.66666666666667,109.10125142207053
106.66666666666667,109.10125142207053
106.66666666666667,109.10125142207053
106.66666666666667,109.10125142207053
106.66666666666667,109.10125142207053
106.66666666666667,109.10125142207053
106.66666666666667,109.10125142207053
106.66666666666667,109.10125142207053
106.66666666666667,109.10125142207053
106.66666666666667,109.10125142207053
106.66666666666667,109.10125142207053
106.66666666666667,109.10125142207053
106.66666666666667,109.10125142207053
106.66666666666667,109.10125142207053
106.66666666666667,109.10125142207053
106.66666666666667,109.10125142207053
106.66666666666667,109.10125142207053
106.66666666666667,109.10125142207053
106.66666666666667,109.10125142207053
106.66666666666667,109.10125142207053
106.66666666666667,109.10125142207053
106.66666666666667,109.10125142207053
106.66666666666667,109.10125142207053
106.66666666666667,109.10125142207053
106.66666666666667,109.10125142207053
106.66666666666667,109.10125142207053
106.66666666666667,109.10125142207053
106.66666666666667,109.10125142207053
106.66666666666667,109.10125142207053
106.66666666666667,109.10125142207053
106.66666666666667,109.10125142207053
106.66666666666667,109.10125142207053
106.66666666666667,109.10125142207053
106.66666666666667,109.10125142207053
106.66666666666667,109.10125142207053
106.66666666666667,109.10125142207053
106.66666666666667,109.10125142207053
106.66666666666667,109.10125142207053
106.66666666666667,109.10125142207053
106.66666666666667,109.10125142207053
106.66666666666667,109.10125142207053
106.66666666666667,109.10125142207053
106.66666666666667,109.10125142207053
106.66666666666667,109.10125142207053
106.66666666666667,109.10125142207053
106.66666666666667,109.10125142207053
106.66666666666667,109.10125142207053
106.66666666666667,109.10125142207053
106.66666666666667,109.10125142207053
106.66666666666667,109.10125142207053
106.66666666666667,109.10125142207053
106.66666666666667,109.10125142207053
106.66666666666667,109.10125142207053
106.66666666666667,109.10125142207053
106.66666666666667,109.10125142207053
106.66666666666667,109.10125142207053
106.66666666666667,109.10125142207053
106.66666666666667,109.10125142207053
106.66666666666667,109.10125142207053
106.66666666666667,109.10125142207053
106.66666666666667,109.10125142207053
106.66666666666667,109.10125142207053
106.66666666666667,109.10125142207053
106.66666666666667,109.10125142207053
106.66666666666667,109.10125142207053
106.66666666666667,109.10125142207053
106.66666666666667,109.10125142207053
106.66666666666667,109.10125142207053
106.66666666666667,109.10125142207053
106.66666666666667,109.10125142207053
106.66666666666667,109.10125142207053
106.66666666666667,109.10125142207053
106.66666666666667,109.10125142207053
106.66666666666667,109.10125142207053
106.66666666666667,109.10125142207053
106.66666666666667,109.10125142207053
106.66666666666667,109.10125142207053
106.66666666666667,109.10125142207053
106.66666666666667,109.10125142207053
106.66666666666667,109.10125142207053
106.66666666666667,109.10125142207053
106.66666666666667,109.10125142207053
106.66666666666667,109.10125142207053
106.66666666666667,109.10125142207053
106.66666666666667,109.10125142207053
106.66666666666667,109.10125142207053
106.66666666666667,109.10125142207053
106.66666666666667,109.10125142207053
106.66666666666667,109.10125142207053
106.66666666666667,109.10125142207053
106.66666666666667,109.10125142207053
106.66666666666667,109.10125142207053
106.66666666666667,109.10125142207053
106.66666666666667,109.10125142207053
106.66666666666667,109.10125142207053
106.66666666666667,109.10125142207053
106.66666666666667,109.10125142207053
106.66666666666667,109.10125142207053
106.66666666666667,109.10125142207053
106.66666666666667,109.10125142207053
106.66666666666667,109.10125142207053
106.66666666666667,109.10125142207053
106.66666666666667,109.10125142207053
106.66666666666667,109.10125142207053
106.66666666666667,109.10125142207053
106.66666666666667,109.10125142207053
106.66666666666667,109.10125142207053
106.66666666666667,109.10125142207053
106.66666666666667,109.10125142207053
106.66666666666667,109.10125142207053
106.66666666666667,109.10125142207053
106.66666666666667,109.10125142207053
106.66666666666667,109.10125142207053
106.66666666666667,109.10125142207053
106.66666666666667,109.10125142207053
106.66666666666667,109.10125142207053
106.66666666666667,109.10125142207053
106.66666666666667,109.10125142207053
106.66666666666667,109.10125142207053
106.66666666666667,109.10125142207053
106.66666666666667,109.10125142207053
106.66666666666667,109.10125142207053
106.66666666666667,109.10125142207053
106.66666666666667,109.10125142207053
106.66666666666667,109.10125142207053
106.66666666666667,109.10125142207053
106.66666666666667,109.10125142207053
106.66666666666667,109.10125142207053
106.66666666666667,109.10125142207053
106.66666666666667,109.10125142207053
106.66666666666667,109.10125142207053
106.66666666666667,109.10125142207053
106.66666666666667,109.10125142207053
106.66666666666667,109.10125142207053
106.66666666666667,109.10125142207053
106.66666666666667,109.10125142207053
106.66666666666667,109.10125142207053
106.66666666666667,109.10125142207053
106.66666666666667,109.10125142207053
106.66666666666667,109.10125142207053
106.66666666666667,109.10125142207053
106.66666666666667,109.10125142207053
106.66666666666667,109.10125142207053
106.66666666666667,109.10125142207053
106.66666666666667,109.10125142207053
106.66666666666667,109.10125142207053
106.66666666666667,109.10125142207053
106.66666666666667,109.10125142207053
106.66666666666667,109.10125142207053
106.66666666666667,109.10125142207053
106.66666666666667,109.10125142207053
106.66666666666667,109.10125142207053
106.66666666666667,109.10125142207053
106.66666666666667,109.10125142207053
106.66666666666667,109.10125142207053
106.66666666666667,109.10125142207053
106.66666666666667,109.10125142207053
106.66666666666667,109.10125142207053
106.66666666666667,109.10125142207053
106.66666666666667,109.10125142207053
106.66666666666667,109.10125142207053
106.66666666666667,109.10125142207053
106.66666666666667,109.10125142207053
106.66666666666667,109.10125142207053
106.66666666666667,109.10125142207053
106.66666666666667,109.10125142207053
106.66666666666667,109.10125142207053
106.66666666666667,109.10125142207053
106.66666666666667,109.10125142207053
106.66666666666667,109.10125142207053
106.66666666666667,109.10125142207053
106.66666666666667,109.10125142207053
106.66666666666667,109.10125142207053
106.66666666666667,109.10125142207053
106.66666666666667,109.10125142207053
106.66666666666667,109.10125142207053
106.66666666666667,109.10125142207053
106.66666666666667,109.10125142207053
106.66666666666667,109.10125142207053
106.66666666666667,109.10125142207053
106.66666666666667,109.10125142207053
106.66666666666667,109.10125142207053
106.66666666666667,109.10125142207053
106.66666666666667,109.10125142207053
106.66666666666667,109.10125142207053
106.66666666666667,109.10125142207053
106.66666666666667,109.10125142207053
106.66666666666667,109.10125142207053
106.66666666666667,109.10125142207053
106.66666666666667,109.10125142207053
106.66666666666667,109.10125142207053
106.66666666666667,109.10125142207053
106.66666666666667,109.10125142207053
106.66666666666667,109.10125142207053
106.66666666666667,109.10125142207053
106.66666666666667,109.10125142207053
106.66666666666667,109.10125142207053
106.66666666666667,109.10125142207053
106.66666666666667,109.10125142207053
106.66666666666667,109.10125142207053
106.66666666666667,109.10125142207053
106.66666666666667,109.10125142207053
106.66666666666667,109.10125142207053
106.66666666666667,109.10125142207053
106.66666666666667,109.10125142207053
106.66666666666667,109.10125142207053
106.66666666666667,109.10125142207053
106.66666666666667,109.10125142207053
106.66666666666667,109.10125142207053
106.66666666666667,109.10125142207053
106.66666666666667,109.10125142207053
106.66666666666667,109.10125142207053
106.66666666666667,109.10125142207053
106.66666666666667,109.10125142207053
106.66666666666667,109.10125142207053
106.66666666666667,109.10125142207053
106.66666666666667,109.10125142207053
106.66666666666667,109.10125142207053
106.66666666666667,109.10125142207053
106.66666666666667,109.10125142207053
106.66666666666667,109.10125142207053
106.66666666666667,109.10125142207053
106.66666666666667,109.10125142207053
106.66666666666667,109.10125142207053
106.66666666666667,109.10125142207053
106.66666666666667,109.10125142207053
106.66666666666667,109.10125142207053
106.66666666666667,109.10125142207053
106.66666666666667,109.10125142207053
106.66666666666667,109.10125142207053
106.66666666666667,109.10125142207053
106.66666666666667,109.10125142207053
106.66666666666667,109.10125142207053
106.66666666666667,109.10125142207053
106.66666666666667,109.10125142207053
106.66666666666667,109.10125142207053
106.66666666666667,109.10125142207053
106.66666666666667,109.10125142207053
106.66666666666667,109.10125142207053
106.66666666666667,109.10125142207053
106.66666666666667,109.10125142207053
106.66666666666667,109.10125142207053
106.66666666666667,109.10125142207053
106.66666666666667,109.10125142207053
106.66666666666667,109.10125142207053
106.66666666666667,109.10125142207053
106.66666666666667,109.10125142207053
106.66666666666667,109.10125142207053
106.66666666666667,109.10125142207053
106.66666666666667,109.10125142207053
106.66666666666667,109.10125142207053
106.66666666666667,109.10125142207053
106.66666666666667,109.10125142207053
106.66666666666667,109.10125142207053
106.66666666666667,109.10125142207053
106.66666666666667,109.10125142207053
106.66666666666667,109.10125142207053
106.66666666666667,109.10125142207053
106.66666666666667,109.10125142207053
106.66666666666667,109.10125142207053
106.66666666666667,109.10125142207053
106.66666666666667,109.10125142207053
109.80392156862744,98.64903299203641
109.80392156862744,98.64903299203641
109.80392156862744,98.64903299203641
109.80392156862744,98.64903299203641
109.80392156862744,98.64903299203641
109.80392156862744,98.64903299203641
109.80392156862744,98.64903299203641
109.80392156862744,98.64903299203641
109.80392156862744,98.64903299203641
109.80392156862744,98.64903299203641
109.80392156862744,98.64903299203641
109.80392156862744,98.64903299203641
109.80392156862744,98.64903299203641
109.80392156862744,98.64903299203641
109.80392156862744,98.64903299203641
109.80392156862744,98.64903299203641
109.80392156862744,98.64903299203641
109.80392156862744,98.64903299203641
109.80392156862744,98.64903299203641
109.80392156862744,98.64903299203641
109.80392156862744,98.64903299203641
109.80392156862744,98.64903299203641
109.80392156862744,98.64903299203641
109.80392156862744,98.64903299203641
109.80392156862744,98.64903299203641
109.80392156862744,98.64903299203641
109.80392156862744,98.64903299203641
109.80392156862744,98.64903299203641
109.80392156862744,98.64903299203641
109.80392156862744,98.64903299203641
109.80392156862744,98.64903299203641
109.80392156862744,98.64903299203641
109.80392156862744,98.64903299203641
109.80392156862744,98.64903299203641
109.80392156862744,98.64903299203641
109.80392156862744,98.64903299203641
109.80392156862744,98.64903299203641
109.80392156862744,98.64903299203641
109.80392156862744,98.64903299203641
109.80392156862744,98.64903299203641
109.80392156862744,98.64903299203641
109.80392156862744,98.64903299203641
109.80392156862744,98.64903299203641
109.80392156862744,98.64903299203641
109.80392156862744,98.64903299203641
109.80392156862744,98.64903299203641
109.80392156862744,98.64903299203641
109.80392156862744,98.64903299203641
109.80392156862744,98.64903299203641
109.80392156862744,98.64903299203641
109.80392156862744,98.64903299203641
109.80392156862744,98.64903299203641
109.80392156862744,98.64903299203641
109.80392156862744,98.64903299203641
109.80392156862744,98.64903299203641
109.80392156862744,98.64903299203641
109.80392156862744,98.64903299203641
109.80392156862744,98.64903299203641
109.80392156862744,98.64903299203641
109.80392156862744,98.64903299203641
109.80392156862744,98.64903299203641
109.80392156862744,98.64903299203641
109.80392156862744,98.64903299203641
109.80392156862744,98.64903299203641
109.80392156862744,98.64903299203641
109.80392156862744,98.64903299203641
109.80392156862744,98.64903299203641
109.80392156862744,98.64903299203641
109.80392156862744,98.64903299203641
109.80392156862744,98.64903299203641
109.80392156862744,98.64903299203641
109.80392156862744,98.64903299203641
109.80392156862744,98.64903299203641
109.80392156862744,98.64903299203641
109.80392156862744,98.64903299203641
109.80392156862744,98.64903299203641
109.80392156862744,98.64903299203641
109.80392156862744,98.64903299203641
109.80392156862744,98.64903299203641
109.80392156862744,98.64903299203641
109.80392156862744,98.64903299203641
109.80392156862744,98.64903299203641
109.80392156862744,98.64903299203641
109.80392156862744,98.64903299203641
109.80392156862744,98.64903299203641
109.80392156862744,98.64903299203641
109.80392156862744,98.64903299203641
109.80392156862744,98.64903299203641
109.80392156862744,98.64903299203641
109.80392156862744,98.64903299203641
109.80392156862744,98.64903299203641
109.80392156862744,98.64903299203641
109.80392156862744,98.64903299203641
109.80392156862744,98.64903299203641
109.80392156862744,98.64903299203641
109.80392156862744,98.64903299203641
109.80392156862744,98.64903299203641
109.80392156862744,98.64903299203641
109.80392156862744,98.64903299203641
109.80392156862744,98.64903299203641
109.80392156862744,98.64903299203641
109.80392156862744,98.64903299203641
109.80392156862744,98.64903299203641
109.80392156862744,98.64903299203641
109.80392156862744,98.64903299203641
109.80392156862744,98.64903299203641
109.80392156862744,98.64903299203641
109.80392156862744,98.64903299203641
109.80392156862744,98.64903299203641
109.80392156862744,98.64903299203641
109.80392156862744,98.64903299203641
109.80392156862744,98.64903299203641
109.80392156862744,98.64903299203641
109.80392156862744,98.64903299203641
109.80392156862744,98.64903299203641
109.80392156862744,98.64903299203641
109.80392156862744,98.64903299203641
109.80392156862744,98.64903299203641
109.80392156862744,98.64903299203641
109.80392156862744,98.64903299203641
109.80392156862744,98.64903299203641
109.80392156862744,98.64903299203641
109.80392156862744,98.64903299203641
109.80392156862744,98.64903299203641
109.80392156862744,98.64903299203641
109.80392156862744,98.64903299203641
109.80392156862744,98.64903299203641
109.80392156862744,98.64903299203641
109.80392156862744,98.64903299203641
109.80392156862744,98.64903299203641
109.80392156862744,98.64903299203641
109.80392156862744,98.64903299203641
109.80392156862744,98.64903299203641
109.80392156862744,98.64903299203641
109.80392156862744,98.64903299203641
109.80392156862744,98.64903299203641
109.80392156862744,98.64903299203641
109.80392156862744,98.64903299203641
109.80392156862744,98.64903299203641
109.80392156862744,98.64903299203641
109.80392156862744,98.64903299203641
109.80392156862744,98.64903299203641
109.80392156862744,98.64903299203641
109.80392156862744,98.64903299203641
109.80392156862744,98.64903299203641
109.80392156862744,98.64903299203641
109.80392156862744,98.64903299203641
109.80392156862744,98.64903299203641
109.80392156862744,98.64903299203641
109.80392156862744,98.64903299203641
109.80392156862744,98.64903299203641
109.80392156862744,98.64903299203641
109.80392156862744,98.64903299203641
109.80392156862744,98.64903299203641
109.80392156862744,98.64903299203641
109.80392156862744,98.64903299203641
109.80392156862744,98.64903299203641
109.80392156862744,98.64903299203641
109.80392156862744,98.64903299203641
109.80392156862744,98.64903299203641
109.80392156862744,98.64903299203641
109.80392156862744,98.64903299203641
109.80392156862744,98.64903299203641
109.80392156862744,98.64903299203641
109.80392156862744,98.64903299203641
109.80392156862744,98.64903299203641
109.80392156862744,98.64903299203641
109.80392156862744,98.64903299203641
109.80392156862744,98.64903299203641
109.80392156862744,98.64903299203641
109.80392156862744,98.64903299203641
109.80392156862744,98.64903299203641
109.80392156862744,98.64903299203641
109.80392156862744,98.64903299203641
109.80392156862744,98.64903299203641
109.80392156862744,98.64903299203641
109.80392156862744,98.64903299203641
109.80392156862744,98.64903299203641
109.80392156862744,98.64903299203641
109.80392156862744,98.64903299203641
109.80392156862744,98.64903299203641
109.80392156862744,98.64903299203641
109.80392156862744,98.64903299203641
109.80392156862744,98.64903299203641
109.80392156862744,98.64903299203641
109.80392156862744,98.64903299203641
109.80392156862744,98.64903299203641
109.80392156862744,98.64903299203641
109.80392156862744,98.64903299203641
109.80392156862744,98.64903299203641
109.80392156862744,98.64903299203641
109.80392156862744,98.64903299203641
109.80392156862744,98.64903299203641
109.80392156862744,98.64903299203641
109.80392156862744,98.64903299203641
109.80392156862744,98.64903299203641
109.80392156862744,98.64903299203641
109.80392156862744,98.64903299203641
109.80392156862744,98.64903299203641
109.80392156862744,98.64903299203641
109.80392156862744,98.64903299203641
109.80392156862744,98.64903299203641
109.80392156862744,98.64903299203641
109.80392156862744,98.64903299203641
109.80392156862744,98.64903299203641
109.80392156862744,98.64903299203641
109.80392156862744,98.64903299203641
109.80392156862744,98.64903299203641
109.80392156862744,98.64903299203641
109.80392156862744,98.64903299203641
109.80392156862744,98.64903299203641
109.80392156862744,98.64903299203641
109.80392156862744,98.64903299203641
109.80392156862744,98.64903299203641
109.80392156862744,98.64903299203641
109.80392156862744,98.64903299203641
109.80392156862744,98.64903299203641
109.80392156862744,98.64903299203641
109.80392156862744,98.64903299203641
109.80392156862744,98.64903299203641
109.80392156862744,98.64903299203641
109.80392156862744,98.64903299203641
109.80392156862744,98.64903299203641
109.80392156862744,98.64903299203641
109.80392156862744,98.64903299203641
109.80392156862744,98.64903299203641
109.80392156862744,98.64903299203641
109.80392156862744,98.64903299203641
109.80392156862744,98.64903299203641
109.80392156862744,98.64903299203641
109.80392156862744,98.64903299203641
109.80392156862744,98.64903299203641
109.80392156862744,98.64903299203641
109.80392156862744,98.64903299203641
109.80392156862744,98.64903299203641
109.80392156862744,98.64903299203641
109.80392156862744,98.64903299203641
109.80392156862744,98.64903299203641
109.80392156862744,98.64903299203641
109.80392156862744,98.64903299203641
109.80392156862744,98.64903299203641
109.80392156862744,98.64903299203641
109.80392156862744,98.64903299203641
109.80392156862744,98.64903299203641
109.80392156862744,98.64903299203641
109.80392156862744,98.64903299203641
109.80392156862744,98.64903299203641
109.80392156862744,98.64903299203641
109.80392156862744,98.64903299203641
109.80392156862744,98.64903299203641
109.80392156862744,98.64903299203641
109.80392156862744,98.64903299203641
109.80392156862744,98.64903299203641
109.80392156862744,98.64903299203641
109.80392156862744,98.64903299203641
109.80392156862744,98.64903299203641
109.80392156862744,98.64903299203641
109.80392156862744,98.64903299203641
109.80392156862744,98.64903299203641
109.80392156862744,98.64903299203641
109.80392156862744,98.64903299203641
109.80392156862744,98.64903299203641
109.80392156862744,98.64903299203641
109.80392156862744,98.64903299203641
109.80392156862744,98.64903299203641
109.80392156862744,98.64903299203641
109.80392156862744,98.64903299203641
109.80392156862744,98.64903299203641
109.80392156862744,98.64903299203641
109.80392156862744,98.64903299203641
109.80392156862744,98.64903299203641
109.80392156862744,98.64903299203641
109.80392156862744,98.64903299203641
109.80392156862744,98.64903299203641
109.80392156862744,98.64903299203641
109.80392156862744,98.64903299203641
109.80392156862744,98.64903299203641
109.80392156862744,98.64903299203641
109.80392156862744,98.64903299203641
109.80392156862744,98.64903299203641
109.80392156862744,98.64903299203641
109.80392156862744,98.64903299203641
109.80392156862744,98.64903299203641
109.80392156862744,98.64903299203641
109.80392156862744,98.64903299203641
109.80392156862744,98.64903299203641
109.80392156862744,98.64903299203641
109.80392156862744,98.64903299203641
109.80392156862744,98.64903299203641
109.80392156862744,98.64903299203641
109.80392156862744,98.64903299203641
109.80392156862744,98.64903299203641
109.80392156862744,98.64903299203641
109.80392156862744,98.64903299203641
109.80392156862744,98.64903299203641
109.80392156862744,98.64903299203641
109.80392156862744,98.64903299203641
109.80392156862744,98.64903299203641
109.80392156862744,98.64903299203641
109.80392156862744,98.64903299203641
109.80392156862744,98.64903299203641
109.80392156862744,98.64903299203641
109.80392156862744,98.64903299203641
109.80392156862744,98.64903299203641
109.80392156862744,98.64903299203641
109.80392156862744,98.64903299203641
112.94117647058825,87.89817974971558
112.94117647058825,87.89817974971558
112.94117647058825,87.89817974971558
112.94117647058825,87.89817974971558
112.94117647058825,87.89817974971558
112.94117647058825,87.89817974971558
112.94117647058825,87.89817974971558
112.94117647058825,87.89817974971558
112.94117647058825,87.89817974971558
112.94117647058825,87.89817974971558
112.94117647058825,87.89817974971558
112.94117647058825,87.89817974971558
112.94117647058825,87.89817974971558
112.94117647058825,87.89817974971558
112.94117647058825,87.89817974971558
112.94117647058825,87.89817974971558
112.94117647058825,87.89817974971558
112.94117647058825,87.89817974971558
112.94117647058825,87.89817974971558
112.94117647058825,87.89817974971558
112.94117647058825,87.89817974971558
112.94117647058825,87.89817974971558
112.94117647058825,87.89817974971558
112.94117647058825,87.89817974971558
112.94117647058825,87.89817974971558
112.94117647058825,87.89817974971558
112.94117647058825,87.89817974971558
112.94117647058825,87.89817974971558
112.94117647058825,87.89817974971558
112.94117647058825,87.89817974971558
112.94117647058825,87.89817974971558
112.94117647058825,87.89817974971558
112.94117647058825,87.89817974971558
112.94117647058825,87.89817974971558
112.94117647058825,87.89817974971558
112.94117647058825,87.89817974971558
112.94117647058825,87.89817974971558
112.94117647058825,87.89817974971558
112.94117647058825,87.89817974971558
112.94117647058825,87.89817974971558
112.94117647058825,87.89817974971558
112.94117647058825,87.89817974971558
112.94117647058825,87.89817974971558
112.94117647058825,87.89817974971558
112.94117647058825,87.89817974971558
112.94117647058825,87.89817974971558
112.94117647058825,87.89817974971558
112.94117647058825,87.89817974971558
112.94117647058825,87.89817974971558
112.94117647058825,87.89817974971558
112.94117647058825,87.89817974971558
112.94117647058825,87.89817974971558
112.94117647058825,87.89817974971558
112.94117647058825,87.89817974971558
112.94117647058825,87.89817974971558
112.94117647058825,87.89817974971558
112.94117647058825,87.89817974971558
112.94117647058825,87.89817974971558
112.94117647058825,87.89817974971558
112.94117647058825,87.89817974971558
112.94117647058825,87.89817974971558
112.94117647058825,87.89817974971558
112.94117647058825,87.89817974971558
112.94117647058825,87.89817974971558
112.94117647058825,87.89817974971558
112.94117647058825,87.89817974971558
112.94117647058825,87.89817974971558
112.94117647058825,87.89817974971558
112.94117647058825,87.89817974971558
112.94117647058825,87.89817974971558
112.94117647058825,87.89817974971558
112.94117647058825,87.89817974971558
112.94117647058825,87.89817974971558
112.94117647058825,87.89817974971558
112.94117647058825,87.89817974971558
112.94117647058825,87.89817974971558
112.94117647058825,87.89817974971558
112.94117647058825,87.89817974971558
112.94117647058825,87.89817974971558
112.94117647058825,87.89817974971558
112.94117647058825,87.89817974971558
112.94117647058825,87.89817974971558
112.94117647058825,87.89817974971558
112.94117647058825,87.89817974971558
112.94117647058825,87.89817974971558
112.94117647058825,87.89817974971558
112.94117647058825,87.89817974971558
112.94117647058825,87.89817974971558
112.94117647058825,87.89817974971558
112.94117647058825,87.89817974971558
112.94117647058825,87.89817974971558
112.94117647058825,87.89817974971558
112.94117647058825,87.89817974971558
112.94117647058825,87.89817974971558
112.94117647058825,87.89817974971558
112.94117647058825,87.89817974971558
112.94117647058825,87.89817974971558
112.94117647058825,87.89817974971558
112.94117647058825,87.89817974971558
112.94117647058825,87.89817974971558
112.94117647058825,87.89817974971558
112.94117647058825,87.89817974971558
112.94117647058825,87.89817974971558
112.94117647058825,87.89817974971558
112.94117647058825,87.89817974971558
112.94117647058825,87.89817974971558
112.94117647058825,87.89817974971558
112.94117647058825,87.89817974971558
112.94117647058825,87.89817974971558
112.94117647058825,87.89817974971558
112.94117647058825,87.89817974971558
112.94117647058825,87.89817974971558
112.94117647058825,87.89817974971558
112.94117647058825,87.89817974971558
112.94117647058825,87.89817974971558
112.94117647058825,87.89817974971558
112.94117647058825,87.89817974971558
112.94117647058825,87.89817974971558
112.94117647058825,87.89817974971558
112.94117647058825,87.89817974971558
112.94117647058825,87.89817974971558
112.94117647058825,87.89817974971558
112.94117647058825,87.89817974971558
112.94117647058825,87.89817974971558
112.94117647058825,87.89817974971558
112.94117647058825,87.89817974971558
112.94117647058825,87.89817974971558
112.94117647058825,87.89817974971558
112.94117647058825,87.89817974971558
112.94117647058825,87.89817974971558
112.94117647058825,87.89817974971558
112.94117647058825,87.89817974971558
112.94117647058825,87.89817974971558
112.94117647058825,87.89817974971558
112.94117647058825,87.89817974971558
112.94117647058825,87.89817974971558
112.94117647058825,87.89817974971558
112.94117647058825,87.89817974971558
112.94117647058825,87.89817974971558
112.94117647058825,87.89817974971558
112.94117647058825,87.89817974971558
112.94117647058825,87.89817974971558
112.94117647058825,87.89817974971558
112.94117647058825,87.89817974971558
112.94117647058825,87.89817974971558
112.94117647058825,87.89817974971558
112.94117647058825,87.89817974971558
112.94117647058825,87.89817974971558
112.94117647058825,87.89817974971558
112.94117647058825,87.89817974971558
112.94117647058825,87.89817974971558
112.94117647058825,87.89817974971558
112.94117647058825,87.89817974971558
112.94117647058825,87.89817974971558
112.94117647058825,87.89817974971558
112.94117647058825,87.89817974971558
112.94117647058825,87.89817974971558
112.94117647058825,87.89817974971558
112.94117647058825,87.89817974971558
112.94117647058825,87.89817974971558
112.94117647058825,87.89817974971558
112.94117647058825,87.89817974971558
112.94117647058825,87.89817974971558
112.94117647058825,87.89817974971558
112.94117647058825,87.89817974971558
112.94117647058825,87.89817974971558
112.94117647058825,87.89817974971558
112.94117647058825,87.89817974971558
112.94117647058825,87.89817974971558
112.94117647058825,87.89817974971558
112.94117647058825,87.89817974971558
112.94117647058825,87.89817974971558
112.94117647058825,87.89817974971558
112.94117647058825,87.89817974971558
112.94117647058825,87.89817974971558
112.94117647058825,87.89817974971558
112.94117647058825,87.89817974971558
112.94117647058825,87.89817974971558
112.94117647058825,87.89817974971558
112.94117647058825,87.89817974971558
112.94117647058825,87.89817974971558
112.94117647058825,87.89817974971558
112.94117647058825,87.89817974971558
112.94117647058825,87.89817974971558
112.94117647058825,87.89817974971558
112.94117647058825,87.89817974971558
112.94117647058825,87.89817974971558
112.94117647058825,87.89817974971558
112.94117647058825,87.89817974971558
112.94117647058825,87.89817974971558
112.94117647058825,87.89817974971558
112.94117647058825,87.89817974971558
112.94117647058825,87.89817974971558
112.94117647058825,87.89817974971558
112.94117647058825,87.89817974971558
112.94117647058825,87.89817974971558
112.94117647058825,87.89817974971558
112.94117647058825,87.89817974971558
112.94117647058825,87.89817974971558
112.94117647058825,87.89817974971558
112.94117647058825,87.89817974971558
112.94117647058825,87.89817974971558
112.94117647058825,87.89817974971558
112.94117647058825,87.89817974971558
112.94117647058825,87.89817974971558
112.94117647058825,87.89817974971558
112.94117647058825,87.89817974971558
112.94117647058825,87.89817974971558
112.94117647058825,87.89817974971558
112.94117647058825,87.89817974971558
112.94117647058825,87.89817974971558
112.94117647058825,87.89817974971558
112.94117647058825,87.89817974971558
112.94117647058825,87.89817974971558
112.94117647058825,87.89817974971558
112.94117647058825,87.89817974971558
112.94117647058825,87.89817974971558
112.94117647058825,87.89817974971558
112.94117647058825,87.89817974971558
112.94117647058825,87.89817974971558
112.94117647058825,87.89817974971558
112.94117647058825,87.89817974971558
112.94117647058825,87.89817974971558
112.94117647058825,87.89817974971558
112.94117647058825,87.89817974971558
112.94117647058825,87.89817974971558
112.94117647058825,87.89817974971558
112.94117647058825,87.89817974971558
112.94117647058825,87.89817974971558
112.94117647058825,87.89817974971558
112.94117647058825,87.89817974971558
112.94117647058825,87.89817974971558
112.94117647058825,87.89817974971558
112.94117647058825,87.89817974971558
112.94117647058825,87.89817974971558
112.94117647058825,87.89817974971558
112.94117647058825,87.89817974971558
112.94117647058825,87.89817974971558
112.94117647058825,87.89817974971558
112.94117647058825,87.89817974971558
112.94117647058825,87.89817974971558
112.94117647058825,87.89817974971558
112.94117647058825,87.89817974971558
112.94117647058825,87.89817974971558
112.94117647058825,87.89817974971558
112.94117647058825,87.89817974971558
112.94117647058825,87.89817974971558
112.94117647058825,87.89817974971558
112.94117647058825,87.89817974971558
112.94117647058825,87.89817974971558
112.94117647058825,87.89817974971558
112.94117647058825,87.89817974971558
112.94117647058825,87.89817974971558
112.94117647058825,87.89817974971558
112.94117647058825,87.89817974971558
112.94117647058825,87.89817974971558
112.94117647058825,87.89817974971558
112.94117647058825,87.89817974971558
112.94117647058825,87.89817974971558
112.94117647058825,87.89817974971558
112.94117647058825,87.89817974971558
112.94117647058825,87.89817974971558
112.94117647058825,87.89817974971558
112.94117647058825,87.89817974971558
112.94117647058825,87.89817974971558
112.94117647058825,87.89817974971558
112.94117647058825,87.89817974971558
112.94117647058825,87.89817974971558
112.94117647058825,87.89817974971558
112.94117647058825,87.89817974971558
112.94117647058825,87.89817974971558
112.94117647058825,87.89817974971558
112.94117647058825,87.89817974971558
112.94117647058825,87.89817974971558
112.94117647058825,87.89817974971558
112.94117647058825,87.89817974971558
112.94117647058825,87.89817974971558
112.94117647058825,87.89817974971558
112.94117647058825,87.89817974971558
112.94117647058825,87.89817974971558
112.94117647058825,87.89817974971558
112.94117647058825,87.89817974971558
112.94117647058825,87.89817974971558
112.94117647058825,87.89817974971558
112.94117647058825,87.89817974971558
112.94117647058825,87.89817974971558
112.94117647058825,87.89817974971558
112.94117647058825,87.89817974971558
112.94117647058825,87.89817974971558
112.94117647058825,87.89817974971558
116.07843137254902,75.25597269624573
116.07843137254902,75.25597269624573
116.07843137254902,75.25597269624573
116.07843137254902,75.25597269624573
116.07843137254902,75.25597269624573
116.07843137254902,75.25597269624573
116.07843137254902,75.25597269624573
116.07843137254902,75.25597269624573
116.07843137254902,75.25597269624573
116.07843137254902,75.25597269624573
116.07843137254902,75.25597269624573
116.07843137254902,75.25597269624573
116.07843137254902,75.25597269624573
116.07843137254902,75.25597269624573
116.07843137254902,75.25597269624573
116.07843137254902,75.25597269624573
116.07843137254902,75.25597269624573
116.07843137254902,75.25597269624573
116.07843137254902,75.25597269624573
116.07843137254902,75.25597269624573
116.07843137254902,75.25597269624573
116.07843137254902,75.25597269624573
116.07843137254902,75.25597269624573
116.07843137254902,75.25597269624573
116.07843137254902,75.25597269624573
116.07843137254902,75.25597269624573
116.07843137254902,75.25597269624573
116.07843137254902,75.25597269624573
116.07843137254902,75.25597269624573
116.07843137254902,75.25597269624573
116.07843137254902,75.25597269624573
116.07843137254902,75.25597269624573
116.07843137254902,75.25597269624573
116.07843137254902,75.25597269624573
116.07843137254902,75.25597269624573
116.07843137254902,75.25597269624573
116.07843137254902,75.25597269624573
116.07843137254902,75.25597269624573
116.07843137254902,75.25597269624573
116.07843137254902,75.25597269624573
116.07843137254902,75.25597269624573
116.07843137254902,75.25597269624573
116.07843137254902,75.25597269624573
116.07843137254902,75.25597269624573
116.07843137254902,75.25597269624573
116.07843137254902,75.25597269624573
116.07843137254902,75.25597269624573
116.07843137254902,75.25597269624573
116.07843137254902,75.25597269624573
116.07843137254902,75.25597269624573
116.07843137254902,75.25597269624573
116.07843137254902,75.25597269624573
116.07843137254902,75.25597269624573
116.07843137254902,75.25597269624573
116.07843137254902,75.25597269624573
116.07843137254902,75.25597269624573
116.07843137254902,75.25597269624573
116.07843137254902,75.25597269624573
116.07843137254902,75.25597269624573
116.07843137254902,75.25597269624573
116.07843137254902,75.25597269624573
116.07843137254902,75.25597269624573
116.07843137254902,75.25597269624573
116.07843137254902,75.25597269624573
116.07843137254902,75.25597269624573
116.07843137254902,75.25597269624573
116.07843137254902,75.25597269624573
116.07843137254902,75.25597269624573
116.07843137254902,75.25597269624573
116.07843137254902,75.25597269624573
116.07843137254902,75.25597269624573
116.07843137254902,75.25597269624573
116.07843137254902,75.25597269624573
116.07843137254902,75.25597269624573
116.07843137254902,75.25597269624573
116.07843137254902,75.25597269624573
116.07843137254902,75.25597269624573
116.07843137254902,75.25597269624573
116.07843137254902,75.25597269624573
116.07843137254902,75.25597269624573
116.07843137254902,75.25597269624573
116.07843137254902,75.25597269624573
116.07843137254902,75.25597269624573
116.07843137254902,75.25597269624573
116.07843137254902,75.25597269624573
116.07843137254902,75.25597269624573
116.07843137254902,75.25597269624573
116.07843137254902,75.25597269624573
116.07843137254902,75.25597269624573
116.07843137254902,75.25597269624573
116.07843137254902,75.25597269624573
116.07843137254902,75.25597269624573
116.07843137254902,75.25597269624573
116.07843137254902,75.25597269624573
116.07843137254902,75.25597269624573
116.07843137254902,75.25597269624573
116.07843137254902,75.25597269624573
116.07843137254902,75.25597269624573
116.07843137254902,75.25597269624573
116.07843137254902,75.25597269624573
116.07843137254902,75.25597269624573
116.07843137254902,75.25597269624573
116.07843137254902,75.25597269624573
116.07843137254902,75.25597269624573
116.07843137254902,75.25597269624573
116.07843137254902,75.25597269624573
116.07843137254902,75.25597269624573
116.07843137254902,75.25597269624573
116.07843137254902,75.25597269624573
116.07843137254902,75.25597269624573
116.07843137254902,75.25597269624573
116.07843137254902,75.25597269624573
116.07843137254902,75.25597269624573
116.07843137254902,75.25597269624573
116.07843137254902,75.25597269624573
116.07843137254902,75.25597269624573
116.07843137254902,75.25597269624573
116.07843137254902,75.25597269624573
116.07843137254902,75.25597269624573
116.07843137254902,75.25597269624573
116.07843137254902,75.25597269624573
116.07843137254902,75.25597269624573
116.07843137254902,75.25597269624573
116.07843137254902,75.25597269624573
116.07843137254902,75.25597269624573
116.07843137254902,75.25597269624573
116.07843137254902,75.25597269624573
116.07843137254902,75.25597269624573
116.07843137254902,75.25597269624573
116.07843137254902,75.25597269624573
116.07843137254902,75.25597269624573
116.07843137254902,75.25597269624573
116.07843137254902,75.25597269624573
116.07843137254902,75.25597269624573
116.07843137254902,75.25597269624573
116.07843137254902,75.25597269624573
116.07843137254902,75.25597269624573
116.07843137254902,75.25597269624573
116.07843137254902,75.25597269624573
116.07843137254902,75.25597269624573
116.07843137254902,75.25597269624573
116.07843137254902,75.25597269624573
116.07843137254902,75.25597269624573
116.07843137254902,75.25597269624573
116.07843137254902,75.25597269624573
116.07843137254902,75.25597269624573
116.07843137254902,75.25597269624573
116.07843137254902,75.25597269624573
116.07843137254902,75.25597269624573
116.07843137254902,75.25597269624573
116.07843137254902,75.25597269624573
116.07843137254902,75.25597269624573
116.07843137254902,75.25597269624573
116.07843137254902,75.25597269624573
116.07843137254902,75.25597269624573
116.07843137254902,75.25597269624573
116.07843137254902,75.25597269624573
116.07843137254902,75.25597269624573
116.07843137254902,75.25597269624573
116.07843137254902,75.25597269624573
116.07843137254902,75.25597269624573
116.07843137254902,75.25597269624573
116.07843137254902,75.25597269624573
116.07843137254902,75.25597269624573
116.07843137254902,75.25597269624573
116.07843137254902,75.25597269624573
116.07843137254902,75.25597269624573
116.07843137254902,75.25597269624573
116.07843137254902,75.25597269624573
116.07843137254902,75.25597269624573
116.07843137254902,75.25597269624573
116.07843137254902,75.25597269624573
116.07843137254902,75.25597269624573
116.07843137254902,75.25597269624573
116.07843137254902,75.25597269624573
116.07843137254902,75.25597269624573
116.07843137254902,75.25597269624573
116.07843137254902,75.25597269624573
116.07843137254902,75.25597269624573
116.07843137254902,75.25597269624573
116.07843137254902,75.25597269624573
116.07843137254902,75.25597269624573
116.07843137254902,75.25597269624573
116.07843137254902,75.25597269624573
116.07843137254902,75.25597269624573
116.07843137254902,75.25597269624573
116.07843137254902,75.25597269624573
116.07843137254902,75.25597269624573
116.07843137254902,75.25597269624573
116.07843137254902,75.25597269624573
116.07843137254902,75.25597269624573
116.07843137254902,75.25597269624573
116.07843137254902,75.25597269624573
116.07843137254902,75.25597269624573
116.07843137254902,75.25597269624573
116.07843137254902,75.25597269624573
116.07843137254902,75.25597269624573
116.07843137254902,75.25597269624573
116.07843137254902,75.25597269624573
116.07843137254902,75.25597269624573
116.07843137254902,75.25597269624573
116.07843137254902,75.25597269624573
116.07843137254902,75.25597269624573
116.07843137254902,75.25597269624573
116.07843137254902,75.25597269624573
116.07843137254902,75.25597269624573
116.07843137254902,75.25597269624573
116.07843137254902,75.25597269624573
116.07843137254902,75.25597269624573
116.07843137254902,75.25597269624573
116.07843137254902,75.25597269624573
116.07843137254902,75.25597269624573
116.07843137254902,75.25597269624573
116.07843137254902,75.25597269624573
116.07843137254902,75.25597269624573
116.07843137254902,75.25597269624573
116.07843137254902,75.25597269624573
116.07843137254902,75.25597269624573
116.07843137254902,75.25597269624573
116.07843137254902,75.25597269624573
116.07843137254902,75.25597269624573
116.07843137254902,75.25597269624573
116.07843137254902,75.25597269624573
116.07843137254902,75.25597269624573
116.07843137254902,75.25597269624573
116.07843137254902,75.25597269624573
116.07843137254902,75.25597269624573
119.2156862745098,65.30147895335608
119.2156862745098,65.30147895335608
119.2156862745098,65.30147895335608
119.2156862745098,65.30147895335608
119.2156862745098,65.30147895335608
119.2156862745098,65.30147895335608
119.2156862745098,65.30147895335608
119.2156862745098,65.30147895335608
119.2156862745098,65.30147895335608
119.2156862745098,65.30147895335608
119.2156862745098,65.30147895335608
119.2156862745098,65.30147895335608
119.2156862745098,65.30147895335608
119.2156862745098,65.30147895335608
119.2156862745098,65.30147895335608
119.2156862745098,65.30147895335608
119.2156862745098,65.30147895335608
119.2156862745098,65.30147895335608
119.2156862745098,65.30147895335608
119.2156862745098,65.30147895335608
119.2156862745098,65.30147895335608
119.2156862745098,65.30147895335608
119.2156862745098,65.30147895335608
119.2156862745098,65.30147895335608
119.2156862745098,65.30147895335608
119.2156862745098,65.30147895335608
119.2156862745098,65.30147895335608
119.2156862745098,65.30147895335608
119.2156862745098,65.30147895335608
119.2156862745098,65.30147895335608
119.2156862745098,65.30147895335608
119.2156862745098,65.30147895335608
119.2156862745098,65.30147895335608
119.2156862745098,65.30147895335608
119.2156862745098,65.30147895335608
119.2156862745098,65.30147895335608
119.2156862745098,65.30147895335608
119.2156862745098,65.30147895335608
119.2156862745098,65.30147895335608
119.2156862745098,65.30147895335608
119.2156862745098,65.30147895335608
119.2156862745098,65.30147895335608
119.2156862745098,65.30147895335608
119.2156862745098,65.30147895335608
119.2156862745098,65.30147895335608
119.2156862745098,65.30147895335608
119.2156862745098,65.30147895335608
119.2156862745098,65.30147895335608
119.2156862745098,65.30147895335608
119.2156862745098,65.30147895335608
119.2156862745098,65.30147895335608
119.2156862745098,65.30147895335608
119.2156862745098,65.30147895335608
119.2156862745098,65.30147895335608
119.2156862745098,65.30147895335608
119.2156862745098,65.30147895335608
119.2156862745098,65.30147895335608
119.2156862745098,65.30147895335608
119.2156862745098,65.30147895335608
119.2156862745098,65.30147895335608
119.2156862745098,65.30147895335608
119.2156862745098,65.30147895335608
119.2156862745098,65.30147895335608
119.2156862745098,65.30147895335608
119.2156862745098,65.30147895335608
119.2156862745098,65.30147895335608
119.2156862745098,65.30147895335608
119.2156862745098,65.30147895335608
119.2156862745098,65.30147895335608
119.2156862745098,65.30147895335608
119.2156862745098,65.30147895335608
119.2156862745098,65.30147895335608
119.2156862745098,65.30147895335608
119.2156862745098,65.30147895335608
119.2156862745098,65.30147895335608
119.2156862745098,65.30147895335608
119.2156862745098,65.30147895335608
119.2156862745098,65.30147895335608
119.2156862745098,65.30147895335608
119.2156862745098,65.30147895335608
119.2156862745098,65.30147895335608
119.2156862745098,65.30147895335608
119.2156862745098,65.30147895335608
119.2156862745098,65.30147895335608
119.2156862745098,65.30147895335608
119.2156862745098,65.30147895335608
119.2156862745098,65.30147895335608
119.2156862745098,65.30147895335608
119.2156862745098,65.30147895335608
119.2156862745098,65.30147895335608
119.2156862745098,65.30147895335608
119.2156862745098,65.30147895335608
119.2156862745098,65.30147895335608
119.2156862745098,65.30147895335608
119.2156862745098,65.30147895335608
119.2156862745098,65.30147895335608
119.2156862745098,65.30147895335608
119.2156862745098,65.30147895335608
119.2156862745098,65.30147895335608
119.2156862745098,65.30147895335608
119.2156862745098,65.30147895335608
119.2156862745098,65.30147895335608
119.2156862745098,65.30147895335608
119.2156862745098,65.30147895335608
119.2156862745098,65.30147895335608
119.2156862745098,65.30147895335608
119.2156862745098,65.30147895335608
119.2156862745098,65.30147895335608
119.2156862745098,65.30147895335608
119.2156862745098,65.30147895335608
119.2156862745098,65.30147895335608
119.2156862745098,65.30147895335608
119.2156862745098,65.30147895335608
119.2156862745098,65.30147895335608
119.2156862745098,65.30147895335608
119.2156862745098,65.30147895335608
119.2156862745098,65.30147895335608
119.2156862745098,65.30147895335608
119.2156862745098,65.30147895335608
119.2156862745098,65.30147895335608
119.2156862745098,65.30147895335608
119.2156862745098,65.30147895335608
119.2156862745098,65.30147895335608
119.2156862745098,65.30147895335608
119.2156862745098,65.30147895335608
119.2156862745098,65.30147895335608
119.2156862745098,65.30147895335608
119.2156862745098,65.30147895335608
119.2156862745098,65.30147895335608
119.2156862745098,65.30147895335608
119.2156862745098,65.30147895335608
119.2156862745098,65.30147895335608
119.2156862745098,65.30147895335608
119.2156862745098,65.30147895335608
119.2156862745098,65.30147895335608
119.2156862745098,65.30147895335608
119.2156862745098,65.30147895335608
119.2156862745098,65.30147895335608
119.2156862745098,65.30147895335608
119.2156862745098,65.30147895335608
119.2156862745098,65.30147895335608
119.2156862745098,65.30147895335608
119.2156862745098,65.30147895335608
119.2156862745098,65.30147895335608
119.2156862745098,65.30147895335608
119.2156862745098,65.30147895335608
119.2156862745098,65.30147895335608
119.2156862745098,65.30147895335608
119.2156862745098,65.30147895335608
119.2156862745098,65.30147895335608
119.2156862745098,65.30147895335608
119.2156862745098,65.30147895335608
119.2156862745098,65.30147895335608
119.2156862745098,65.30147895335608
119.2156862745098,65.30147895335608
119.2156862745098,65.30147895335608
119.2156862745098,65.30147895335608
119.2156862745098,65.30147895335608
119.2156862745098,65.30147895335608
119.2156862745098,65.30147895335608
119.2156862745098,65.30147895335608
119.2156862745098,65.30147895335608
119.2156862745098,65.30147895335608
119.2156862745098,65.30147895335608
119.2156862745098,65.30147895335608
119.2156862745098,65.30147895335608
119.2156862745098,65.30147895335608
119.2156862745098,65.30147895335608
119.2156862745098,65.30147895335608
119.2156862745098,65.30147895335608
119.2156862745098,65.30147895335608
119.2156862745098,65.30147895335608
119.2156862745098,65.30147895335608
119.2156862745098,65.30147895335608
119.2156862745098,65.30147895335608
119.2156862745098,65.30147895335608
119.2156862745098,65.30147895335608
119.2156862745098,65.30147895335608
119.2156862745098,65.30147895335608
119.2156862745098,65.30147895335608
119.2156862745098,65.30147895335608
119.2156862745098,65.30147895335608
119.2156862745098,65.30147895335608
122.3529411764706,57.238339021615474
122.3529411764706,57.238339021615474
122.3529411764706,57.238339021615474
122.3529411764706,57.238339021615474
122.3529411764706,57.238339021615474
122.3529411764706,57.238339021615474
122.3529411764706,57.238339021615474
122.3529411764706,57.238339021615474
122.3529411764706,57.238339021615474
122.3529411764706,57.238339021615474
122.3529411764706,57.238339021615474
122.3529411764706,57.238339021615474
122.3529411764706,57.238339021615474
122.3529411764706,57.238339021615474
122.3529411764706,57.238339021615474
122.3529411764706,57.238339021615474
122.3529411764706,57.238339021615474
122.3529411764706,57.238339021615474
122.3529411764706,57.238339021615474
122.3529411764706,57.238339021615474
122.3529411764706,57.238339021615474
122.3529411764706,57.238339021615474
122.3529411764706,57.238339021615474
122.3529411764706,57.238339021615474
122.3529411764706,57.238339021615474
122.3529411764706,57.238339021615474
122.3529411764706,57.238339021615474
122.3529411764706,57.238339021615474
122.3529411764706,57.238339021615474
122.3529411764706,57.238339021615474
122.3529411764706,57.238339021615474
122.3529411764706,57.238339021615474
122.3529411764706,57.238339021615474
122.3529411764706,57.238339021615474
122.3529411764706,57.238339021615474
122.3529411764706,57.238339021615474
122.3529411764706,57.238339021615474
122.3529411764706,57.238339021615474
122.3529411764706,57.238339021615474
122.3529411764706,57.238339021615474
122.3529411764706,57.238339021615474
122.3529411764706,57.238339021615474
122.3529411764706,57.238339021615474
122.3529411764706,57.238339021615474
122.3529411764706,57.238339021615474
122.3529411764706,57.238339021615474
122.3529411764706,57.238339021615474
122.3529411764706,57.238339021615474
122.3529411764706,57.238339021615474
122.3529411764706,57.238339021615474
122.3529411764706,57.238339021615474
122.3529411764706,57.238339021615474
122.3529411764706,57.238339021615474
122.3529411764706,57.238339021615474
122.3529411764706,57.238339021615474
122.3529411764706,57.238339021615474
122.3529411764706,57.238339021615474
122.3529411764706,57.238339021615474
122.3529411764706,57.238339021615474
122.3529411764706,57.238339021615474
122.3529411764706,57.238339021615474
122.3529411764706,57.238339021615474
122.3529411764706,57.238339021615474
122.3529411764706,57.238339021615474
122.3529411764706,57.238339021615474
122.3529411764706,57.238339021615474
122.3529411764706,57.238339021615474
122.3529411764706,57.238339021615474
122.3529411764706,57.238339021615474
122.3529411764706,57.238339021615474
122.3529411764706,57.238339021615474
122.3529411764706,57.238339021615474
122.3529411764706,57.238339021615474
122.3529411764706,57.238339021615474
122.3529411764706,57.238339021615474
122.3529411764706,57.238339021615474
122.3529411764706,57.238339021615474
122.3529411764706,57.238339021615474
122.3529411764706,57.238339021615474
122.3529411764706,57.238339021615474
122.3529411764706,57.238339021615474
122.3529411764706,57.238339021615474
122.3529411764706,57.238339021615474
122.3529411764706,57.238339021615474
122.3529411764706,57.238339021615474
122.3529411764706,57.238339021615474
122.3529411764706,57.238339021615474
122.3529411764706,57.238339021615474
122.3529411764706,57.238339021615474
122.3529411764706,57.238339021615474
122.3529411764706,57.238339021615474
122.3529411764706,57.238339021615474
122.3529411764706,57.238339021615474
122.3529411764706,57.238339021615474
122.3529411764706,57.238339021615474
122.3529411764706,57.238339021615474
122.3529411764706,57.238339021615474
122.3529411764706,57.238339021615474
122.3529411764706,57.238339021615474
122.3529411764706,57.238339021615474
122.3529411764706,57.238339021615474
122.3529411764706,57.238339021615474
122.3529411764706,57.238339021615474
122.3529411764706,57.238339021615474
122.3529411764706,57.238339021615474
122.3529411764706,57.238339021615474
122.3529411764706,57.238339021615474
122.3529411764706,57.238339021615474
122.3529411764706,57.238339021615474
122.3529411764706,57.238339021615474
122.3529411764706,57.238339021615474
122.3529411764706,57.238339021615474
122.3529411764706,57.238339021615474
122.3529411764706,57.238339021615474
122.3529411764706,57.238339021615474
122.3529411764706,57.238339021615474
122.3529411764706,57.238339021615474
122.3529411764706,57.238339021615474
122.3529411764706,57.238339021615474
122.3529411764706,57.238339021615474
122.3529411764706,57.238339021615474
122.3529411764706,57.238339021615474
122.3529411764706,57.238339021615474
122.3529411764706,57.238339021615474
122.3529411764706,57.238339021615474
122.3529411764706,57.238339021615474
122.3529411764706,57.238339021615474
122.3529411764706,57.238339021615474
122.3529411764706,57.238339021615474
122.3529411764706,57.238339021615474
122.3529411764706,57.238339021615474
122.3529411764706,57.238339021615474
122.3529411764706,57.238339021615474
122.3529411764706,57.238339021615474
125.49019607843137,51.46473265073948
125.49019607843137,51.46473265073948
125.49019607843137,51.46473265073948
125.49019607843137,51.46473265073948
125.49019607843137,51.46473265073948
125.49019607843137,51.46473265073948
125.49019607843137,51.46473265073948
125.49019607843137,51.46473265073948
125.49019607843137,51.46473265073948
125.49019607843137,51.46473265073948
125.49019607843137,51.46473265073948
125.49019607843137,51.46473265073948
125.49019607843137,51.46473265073948
125.49019607843137,51.46473265073948
125.49019607843137,51.46473265073948
125.49019607843137,51.46473265073948
125.49019607843137,51.46473265073948
125.49019607843137,51.46473265073948
125.49019607843137,51.46473265073948
125.49019607843137,51.46473265073948
125.49019607843137,51.46473265073948
125.49019607843137,51.46473265073948
125.49019607843137,51.46473265073948
125.49019607843137,51.46473265073948
125.49019607843137,51.46473265073948
125.49019607843137,51.46473265073948
125.49019607843137,51.46473265073948
125.49019607843137,51.46473265073948
125.49019607843137,51.46473265073948
125.49019607843137,51.46473265073948
125.49019607843137,51.46473265073948
125.49019607843137,51.46473265073948
125.49019607843137,51.46473265073948
125.49019607843137,51.46473265073948
125.49019607843137,51.46473265073948
125.49019607843137,51.46473265073948
125.49019607843137,51.46473265073948
125.49019607843137,51.46473265073948
125.49019607843137,51.46473265073948
125.49019607843137,51.46473265073948
125.49019607843137,51.46473265073948
125.49019607843137,51.46473265073948
125.49019607843137,51.46473265073948
125.49019607843137,51.46473265073948
125.49019607843137,51.46473265073948
125.49019607843137,51.46473265073948
125.49019607843137,51.46473265073948
125.49019607843137,51.46473265073948
125.49019607843137,51.46473265073948
125.49019607843137,51.46473265073948
125.49019607843137,51.46473265073948
125.49019607843137,51.46473265073948
125.49019607843137,51.46473265073948
125.49019607843137,51.46473265073948
125.49019607843137,51.46473265073948
125.49019607843137,51.46473265073948
125.49019607843137,51.46473265073948
125.49019607843137,51.46473265073948
125.49019607843137,51.46473265073948
125.49019607843137,51.46473265073948
125.49019607843137,51.46473265073948
125.49019607843137,51.46473265073948
125.49019607843137,51.46473265073948
125.49019607843137,51.46473265073948
125.49019607843137,51.46473265073948
125.49019607843137,51.46473265073948
125.49019607843137,51.46473265073948
125.49019607843137,51.46473265073948
125.49019607843137,51.46473265073948
125.49019607843137,51.46473265073948
125.49019607843137,51.46473265073948
125.49019607843137,51.46473265073948
125.49019607843137,51.46473265073948
125.49019607843137,51.46473265073948
125.49019607843137,51.46473265073948
125.49019607843137,51.46473265073948
125.49019607843137,51.46473265073948
125.49019607843137,51.46473265073948
125.49019607843137,51.46473265073948
125.49019607843137,51.46473265073948
125.49019607843137,51.46473265073948
125.49019607843137,51.46473265073948
125.49019607843137,51.46473265073948
125.49019607843137,51.46473265073948
125.49019607843137,51.46473265073948
125.49019607843137,51.46473265073948
125.49019607843137,51.46473265073948
125.49019607843137,51.46473265073948
125.49019607843137,51.46473265073948
125.49019607843137,51.46473265073948
125.49019607843137,51.46473265073948
125.49019607843137,51.46473265073948
125.49019607843137,51.46473265073948
125.49019607843137,51.46473265073948
125.49019607843137,51.46473265073948
125.49019607843137,51.46473265073948
125.49019607843137,51.46473265073948
125.49019607843137,51.46473265073948
128.62745098039215,47.48293515358362
128.62745098039215,47.48293515358362
128.62745098039215,47.48293515358362
128.62745098039215,47.48293515358362
128.62745098039215,47.48293515358362
128.62745098039215,47.48293515358362
128.62745098039215,47.48293515358362
128.62745098039215,47.48293515358362
128.62745098039215,47.48293515358362
128.62745098039215,47.48293515358362
128.62745098039215,47.48293515358362
128.62745098039215,47.48293515358362
128.62745098039215,47.48293515358362
128.62745098039215,47.48293515358362
128.62745098039215,47.48293515358362
128.62745098039215,47.48293515358362
128.62745098039215,47.48293515358362
128.62745098039215,47.48293515358362
128.62745098039215,47.48293515358362
128.62745098039215,47.48293515358362
128.62745098039215,47.48293515358362
128.62745098039215,47.48293515358362
128.62745098039215,47.48293515358362
128.62745098039215,47.48293515358362
128.62745098039215,47.48293515358362
128.62745098039215,47.48293515358362
128.62745098039215,47.48293515358362
128.62745098039215,47.48293515358362
128.62745098039215,47.48293515358362
128.62745098039215,47.48293515358362
128.62745098039215,47.48293515358362
128.62745098039215,47.48293515358362
128.62745098039215,47.48293515358362
128.62745098039215,47.48293515358362
128.62745098039215,47.48293515358362
128.62745098039215,47.48293515358362
128.62745098039215,47.48293515358362
128.62745098039215,47.48293515358362
128.62745098039215,47.48293515358362
128.62745098039215,47.48293515358362
128.62745098039215,47.48293515358362
128.62745098039215,47.48293515358362
128.62745098039215,47.48293515358362
128.62745098039215,47.48293515358362
128.62745098039215,47.48293515358362
128.62745098039215,47.48293515358362
128.62745098039215,47.48293515358362
128.62745098039215,47.48293515358362
128.62745098039215,47.48293515358362
128.62745098039215,47.48293515358362
128.62745098039215,47.48293515358362
128.62745098039215,47.48293515358362
128.62745098039215,47.48293515358362
128.62745098039215,47.48293515358362
128.62745098039215,47.48293515358362
128.62745098039215,47.48293515358362
128.62745098039215,47.48293515358362
128.62745098039215,47.48293515358362
128.62745098039215,47.48293515358362
128.62745098039215,47.48293515358362
128.62745098039215,47.48293515358362
128.62745098039215,47.48293515358362
128.62745098039215,47.48293515358362
128.62745098039215,47.48293515358362
128.62745098039215,47.48293515358362
128.62745098039215,47.48293515358362
128.62745098039215,47.48293515358362
128.62745098039215,47.48293515358362
128.62745098039215,47.48293515358362
128.62745098039215,47.48293515358362
128.62745098039215,47.48293515358362
128.62745098039215,47.48293515358362
128.62745098039215,47.48293515358362
128.62745098039215,47.48293515358362
128.62745098039215,47.48293515358362
128.62745098039215,47.48293515358362
131.76470588235296,43.70022753128555
131.76470588235296,43.70022753128555
131.76470588235296,43.70022753128555
131.76470588235296,43.70022753128555
131.76470588235296,43.70022753128555
131.76470588235296,43.70022753128555
131.76470588235296,43.70022753128555
131.76470588235296,43.70022753128555
131.76470588235296,43.70022753128555
131.76470588235296,43.70022753128555
131.76470588235296,43.70022753128555
131.76470588235296,43.70022753128555
131.76470588235296,43.70022753128555
131.76470588235296,43.70022753128555
131.76470588235296,43.70022753128555
131.76470588235296,43.70022753128555
131.76470588235296,43.70022753128555
131.76470588235296,43.70022753128555
131.76470588235296,43.70022753128555
131.76470588235296,43.70022753128555
131.76470588235296,43.70022753128555
131.76470588235296,43.70022753128555
131.76470588235296,43.70022753128555
131.76470588235296,43.70022753128555
131.76470588235296,43.70022753128555
131.76470588235296,43.70022753128555
131.76470588235296,43.70022753128555
131.76470588235296,43.70022753128555
131.76470588235296,43.70022753128555
131.76470588235296,43.70022753128555
131.76470588235296,43.70022753128555
131.76470588235296,43.70022753128555
131.76470588235296,43.70022753128555
131.76470588235296,43.70022753128555
131.76470588235296,43.70022753128555
131.76470588235296,43.70022753128555
131.76470588235296,43.70022753128555
131.76470588235296,43.70022753128555
131.76470588235296,43.70022753128555
131.76470588235296,43.70022753128555
131.76470588235296,43.70022753128555
131.76470588235296,43.70022753128555
131.76470588235296,43.70022753128555
131.76470588235296,43.70022753128555
134.9019607843137,41.60978384527873
134.9019607843137,41.60978384527873
134.9019607843137,41.60978384527873
134.9019607843137,41.60978384527873
134.9019607843137,41.60978384527873
134.9019607843137,41.60978384527873
134.9019607843137,41.60978384527873
134.9019607843137,41.60978384527873
134.9019607843137,41.60978384527873
134.9019607843137,41.60978384527873
134.9019607843137,41.60978384527873
134.9019607843137,41.60978384527873
134.9019607843137,41.60978384527873
134.9019607843137,41.60978384527873
134.9019607843137,41.60978384527873
134.9019607843137,41.60978384527873
134.9019607843137,41.60978384527873
134.9019607843137,41.60978384527873
134.9019607843137,41.60978384527873
134.9019607843137,41.60978384527873
134.9019607843137,41.60978384527873
134.9019607843137,41.60978384527873
134.9019607843137,41.60978384527873
134.9019607843137,41.60978384527873
134.9019607843137,41.60978384527873
134.9019607843137,41.60978384527873
134.9019607843137,41.60978384527873
134.9019607843137,41.60978384527873
134.9019607843137,41.60978384527873
134.9019607843137,41.60978384527873
134.9019607843137,41.60978384527873
134.9019607843137,41.60978384527873
134.9019607843137,41.60978384527873
134.9019607843137,41.60978384527873
134.9019607843137,41.60978384527873
134.9019607843137,41.60978384527873
134.9019607843137,41.60978384527873
134.9019607843137,41.60978384527873
134.9019607843137,41.60978384527873
134.9019607843137,41.60978384527873
134.9019607843137,41.60978384527873
138.0392156862745,39.12116040955631
138.0392156862745,39.12116040955631
138.0392156862745,39.12116040955631
138.0392156862745,39.12116040955631
138.0392156862745,39.12116040955631
138.0392156862745,39.12116040955631
138.0392156862745,39.12116040955631
138.0392156862745,39.12116040955631
138.0392156862745,39.12116040955631
138.0392156862745,39.12116040955631
138.0392156862745,39.12116040955631
138.0392156862745,39.12116040955631
138.0392156862745,39.12116040955631
138.0392156862745,39.12116040955631
138.0392156862745,39.12116040955631
138.0392156862745,39.12116040955631
138.0392156862745,39.12116040955631
138.0392156862745,39.12116040955631
138.0392156862745,39.12116040955631
138.0392156862745,39.12116040955631
138.0392156862745,39.12116040955631
138.0392156862745,39.12116040955631
138.0392156862745,39.12116040955631
138.0392156862745,39.12116040955631
138.0392156862745,39.12116040955631
138.0392156862745,39.12116040955631
138.0392156862745,39.12116040955631
138.0392156862745,39.12116040955631
138.0392156862745,39.12116040955631
138.0392156862745,39.12116040955631
138.0392156862745,39.12116040955631
138.0392156862745,39.12116040955631
138.0392156862745,39.12116040955631
138.0392156862745,39.12116040955631
138.0392156862745,39.12116040955631
138.0392156862745,39.12116040955631
141.1764705882353,37.22980659840728
141.1764705882353,37.22980659840728
141.1764705882353,37.22980659840728
141.1764705882353,37.22980659840728
141.1764705882353,37.22980659840728
141.1764705882353,37.22980659840728
141.1764705882353,37.22980659840728
141.1764705882353,37.22980659840728
141.1764705882353,37.22980659840728
141.1764705882353,37.22980659840728
141.1764705882353,37.22980659840728
141.1764705882353,37.22980659840728
141.1764705882353,37.22980659840728
141.1764705882353,37.22980659840728
141.1764705882353,37.22980659840728
141.1764705882353,37.22980659840728
141.1764705882353,37.22980659840728
141.1764705882353,37.22980659840728
141.1764705882353,37.22980659840728
141.1764705882353,37.22980659840728
141.1764705882353,37.22980659840728
141.1764705882353,37.22980659840728
141.1764705882353,37.22980659840728
141.1764705882353,37.22980659840728
141.1764705882353,37.22980659840728
141.1764705882353,37.22980659840728
141.1764705882353,37.22980659840728
141.1764705882353,37.22980659840728
141.1764705882353,37.22980659840728
141.1764705882353,37.22980659840728
141.1764705882353,37.22980659840728
141.1764705882353,37.22980659840728
141.1764705882353,37.22980659840728
141.1764705882353,37.22980659840728
141.1764705882353,37.22980659840728
141.1764705882353,37.22980659840728
141.1764705882353,37.22980659840728
141.1764705882353,37.22980659840728
141.1764705882353,37.22980659840728
144.31372549019608,35.83617747440273
144.31372549019608,35.83617747440273
144.31372549019608,35.83617747440273
144.31372549019608,35.83617747440273
144.31372549019608,35.83617747440273
144.31372549019608,35.83617747440273
144.31372549019608,35.83617747440273
144.31372549019608,35.83617747440273
144.31372549019608,35.83617747440273
144.31372549019608,35.83617747440273
144.31372549019608,35.83617747440273
144.31372549019608,35.83617747440273
144.31372549019608,35.83617747440273
144.31372549019608,35.83617747440273
144.31372549019608,35.83617747440273
144.31372549019608,35.83617747440273
144.31372549019608,35.83617747440273
144.31372549019608,35.83617747440273
144.31372549019608,35.83617747440273
144.31372549019608,35.83617747440273
144.31372549019608,35.83617747440273
144.31372549019608,35.83617747440273
144.31372549019608,35.83617747440273
144.31372549019608,35.83617747440273
144.31372549019608,35.83617747440273
144.31372549019608,35.83617747440273
144.31372549019608,35.83617747440273
144.31372549019608,35.83617747440273
144.31372549019608,35.83617747440273
144.31372549019608,35.83617747440273
144.31372549019608,35.83617747440273
144.31372549019608,35.83617747440273
144.31372549019608,35.83617747440273
144.31372549019608,35.83617747440273
144.31372549019608,35.83617747440273
144.31372549019608,35.83617747440273
144.31372549019608,35.83617747440273
144.31372549019608,35.83617747440273
144.31372549019608,35.83617747440273
144.31372549019608,35.83617747440273
144.31372549019608,35.83617747440273
144.31372549019608,35.83617747440273
144.31372549019608,35.83617747440273
144.31372549019608,35.83617747440273
144.31372549019608,35.83617747440273
147.45098039215688,33.9448236632537
147.45098039215688,33.9448236632537
147.45098039215688,33.9448236632537
147.45098039215688,33.9448236632537
147.45098039215688,33.9448236632537
147.45098039215688,33.9448236632537
147.45098039215688,33.9448236632537
147.45098039215688,33.9448236632537
147.45098039215688,33.9448236632537
147.45098039215688,33.9448236632537
147.45098039215688,33.9448236632537
147.45098039215688,33.9448236632537
147.45098039215688,33.9448236632537
147.45098039215688,33.9448236632537
147.45098039215688,33.9448236632537
147.45098039215688,33.9448236632537
147.45098039215688,33.9448236632537
147.45098039215688,33.9448236632537
147.45098039215688,33.9448236632537
147.45098039215688,33.9448236632537
147.45098039215688,33.9448236632537
147.45098039215688,33.9448236632537
147.45098039215688,33.9448236632537
147.45098039215688,33.9448236632537
147.45098039215688,33.9448236632537
147.45098039215688,33.9448236632537
147.45098039215688,33.9448236632537
147.45098039215688,33.9448236632537
147.45098039215688,33.9448236632537
147.45098039215688,33.9448236632537
147.45098039215688,33.9448236632537
147.45098039215688,33.9448236632537
147.45098039215688,33.9448236632537
147.45098039215688,33.9448236632537
147.45098039215688,33.9448236632537
147.45098039215688,33.9448236632537
147.45098039215688,33.9448236632537
147.45098039215688,33.9448236632537
147.45098039215688,33.9448236632537
147.45098039215688,33.9448236632537
147.45098039215688,33.9448236632537
147.45098039215688,33.9448236632537
147.45098039215688,33.9448236632537
147.45098039215688,33.9448236632537
150.58823529411762,32.15301478953356
150.58823529411762,32.15301478953356
150.58823529411762,32.15301478953356
150.58823529411762,32.15301478953356
150.58823529411762,32.15301478953356
150.58823529411762,32.15301478953356
150.58823529411762,32.15301478953356
150.58823529411762,32.15301478953356
150.58823529411762,32.15301478953356
150.58823529411762,32.15301478953356
150.58823529411762,32.15301478953356
150.58823529411762,32.15301478953356
150.58823529411762,32.15301478953356
150.58823529411762,32.15301478953356
150.58823529411762,32.15301478953356
150.58823529411762,32.15301478953356
150.58823529411762,32.15301478953356
150.58823529411762,32.15301478953356
150.58823529411762,32.15301478953356
150.58823529411762,32.15301478953356
150.58823529411762,32.15301478953356
150.58823529411762,32.15301478953356
150.58823529411762,32.15301478953356
150.58823529411762,32.15301478953356
150.58823529411762,32.15301478953356
150.58823529411762,32.15301478953356
150.58823529411762,32.15301478953356
150.58823529411762,32.15301478953356
150.58823529411762,32.15301478953356
150.58823529411762,32.15301478953356
150.58823529411762,32.15301478953356
150.58823529411762,32.15301478953356
150.58823529411762,32.15301478953356
150.58823529411762,32.15301478953356
150.58823529411762,32.15301478953356
150.58823529411762,32.15301478953356
150.58823529411762,32.15301478953356
150.58823529411762,32.15301478953356
150.58823529411762,32.15301478953356
150.58823529411762,32.15301478953356
150.58823529411762,32.15301478953356
150.58823529411762,32.15301478953356
153.72549019607843,30.75938566552901
153.72549019607843,30.75938566552901
153.72549019607843,30.75938566552901
153.72549019607843,30.75938566552901
153.72549019607843,30.75938566552901
153.72549019607843,30.75938566552901
153.72549019607843,30.75938566552901
153.72549019607843,30.75938566552901
153.72549019607843,30.75938566552901
153.72549019607843,30.75938566552901
153.72549019607843,30.75938566552901
153.72549019607843,30.75938566552901
153.72549019607843,30.75938566552901
153.72549019607843,30.75938566552901
153.72549019607843,30.75938566552901
153.72549019607843,30.75938566552901
153.72549019607843,30.75938566552901
153.72549019607843,30.75938566552901
153.72549019607843,30.75938566552901
153.72549019607843,30.75938566552901
153.72549019607843,30.75938566552901
153.72549019607843,30.75938566552901
153.72549019607843,30.75938566552901
153.72549019607843,30.75938566552901
153.72549019607843,30.75938566552901
153.72549019607843,30.75938566552901
153.72549019607843,30.75938566552901
153.72549019607843,30.75938566552901
153.72549019607843,30.75938566552901
153.72549019607843,30.75938566552901
153.72549019607843,30.75938566552901
153.72549019607843,30.75938566552901
153.72549019607843,30.75938566552901
153.72549019607843,30.75938566552901
153.72549019607843,30.75938566552901
153.72549019607843,30.75938566552901
153.72549019607843,30.75938566552901
153.72549019607843,30.75938566552901
153.72549019607843,30.75938566552901
153.72549019607843,30.75938566552901
156.86274509803923,28.967576791808874
156.86274509803923,28.967576791808874
156.86274509803923,28.967576791808874
156.86274509803923,28.967576791808874
156.86274509803923,28.967576791808874
156.86274509803923,28.967576791808874
156.86274509803923,28.967576791808874
156.86274509803923,28.967576791808874
156.86274509803923,28.967576791808874
156.86274509803923,28.967576791808874
156.86274509803923,28.967576791808874
156.86274509803923,28.967576791808874
156.86274509803923,28.967576791808874
156.86274509803923,28.967576791808874
156.86274509803923,28.967576791808874
156.86274509803923,28.967576791808874
156.86274509803923,28.967576791808874
156.86274509803923,28.967576791808874
156.86274509803923,28.967576791808874
156.86274509803923,28.967576791808874
156.86274509803923,28.967576791808874
156.86274509803923,28.967576791808874
156.86274509803923,28.967576791808874
156.86274509803923,28.967576791808874
156.86274509803923,28.967576791808874
156.86274509803923,28.967576791808874
156.86274509803923,28.967576791808874
156.86274509803923,28.967576791808874
156.86274509803923,28.967576791808874
156.86274509803923,28.967576791808874
156.86274509803923,28.967576791808874
156.86274509803923,28.967576791808874
160.0,27.474402730375427
160.0,27.474402730375427
160.0,27.474402730375427
160.0,27.474402730375427
160.0,27.474402730375427
160.0,27.474402730375427
160.0,27.474402730375427
160.0,27.474402730375427
160.0,27.474402730375427
160.0,27.474402730375427
160.0,27.474402730375427
160.0,27.474402730375427
160.0,27.474402730375427
160.0,27.474402730375427
160.0,27.474402730375427
160.0,27.474402730375427
160.0,27.474402730375427
160.0,27.474402730375427
160.0,27.474402730375427
160.0,27.474402730375427
160.0,27.474402730375427
160.0,27.474402730375427
160.0,27.474402730375427
160.0,27.474402730375427
160.0,27.474402730375427
160.0,27.474402730375427
160.0,27.474402730375427
160.0,27.474402730375427
160.0,27.474402730375427
163.1372549019608,26.478953356086464
163.1372549019608,26.478953356086464
163.1372549019608,26.478953356086464
163.1372549019608,26.478953356086464
163.1372549019608,26.478953356086464
163.1372549019608,26.478953356086464
163.1372549019608,26.478953356086464
163.1372549019608,26.478953356086464
163.1372549019608,26.478953356086464
163.1372549019608,26.478953356086464
163.1372549019608,26.478953356086464
163.1372549019608,26.478953356086464
163.1372549019608,26.478953356086464
163.1372549019608,26.478953356086464
163.1372549019608,26.478953356086464
163.1372549019608,26.478953356086464
163.1372549019608,26.478953356086464
163.1372549019608,26.478953356086464
163.1372549019608,26.478953356086464
163.1372549019608,26.478953356086464
163.1372549019608,26.478953356086464
163.1372549019608,26.478953356086464
163.1372549019608,26.478953356086464
166.27450980392155,25.184869169510808
166.27450980392155,25.184869169510808
166.27450980392155,25.184869169510808
166.27450980392155,25.184869169510808
166.27450980392155,25.184869169510808
166.27450980392155,25.184869169510808
166.27450980392155,25.184869169510808
166.27450980392155,25.184869169510808
166.27450980392155,25.184869169510808
166.27450980392155,25.184869169510808
166.27450980392155,25.184869169510808
166.27450980392155,25.184869169510808
166.27450980392155,25.184869169510808
166.27450980392155,25.184869169510808
166.27450980392155,25.184869169510808
166.27450980392155,25.184869169510808
166.27450980392155,25.184869169510808
166.27450980392155,25.184869169510808
166.27450980392155,25.184869169510808
166.27450980392155,25.184869169510808
166.27450980392155,25.184869169510808
166.27450980392155,25.184869169510808
166.27450980392155,25.184869169510808
166.27450980392155,25.184869169510808
169.41176470588235,24.58759954493743
169.41176470588235,24.58759954493743
169.41176470588235,24.58759954493743
169.41176470588235,24.58759954493743
169.41176470588235,24.58759954493743
169.41176470588235,24.58759954493743
169.41176470588235,24.58759954493743
169.41176470588235,24.58759954493743
169.41176470588235,24.58759954493743
169.41176470588235,24.58759954493743
169.41176470588235,24.58759954493743
169.41176470588235,24.58759954493743
169.41176470588235,24.58759954493743
169.41176470588235,24.58759954493743
169.41176470588235,24.58759954493743
169.41176470588235,24.58759954493743
169.41176470588235,24.58759954493743
169.41176470588235,24.58759954493743
169.41176470588235,24.58759954493743
169.41176470588235,24.58759954493743
172.54901960784312,23.890784982935156
172.54901960784312,23.890784982935156
172.54901960784312,23.890784982935156
172.54901960784312,23.890784982935156
172.54901960784312,23.890784982935156
172.54901960784312,23.890784982935156
172.54901960784312,23.890784982935156
172.54901960784312,23.890784982935156
172.54901960784312,23.890784982935156
172.54901960784312,23.890784982935156
172.54901960784312,23.890784982935156
172.54901960784312,23.890784982935156
172.54901960784312,23.890784982935156
172.54901960784312,23.890784982935156
172.54901960784312,23.890784982935156
172.54901960784312,23.890784982935156
172.54901960784312,23.890784982935156
175.68627450980392,23.393060295790672
175.68627450980392,23.393060295790672
175.68627450980392,23.393060295790672
175.68627450980392,23.393060295790672
175.68627450980392,23.393060295790672
175.68627450980392,23.393060295790672
175.68627450980392,23.393060295790672
175.68627450980392,23.393060295790672
175.68627450980392,23.393060295790672
175.68627450980392,23.393060295790672
175.68627450980392,23.393060295790672
175.68627450980392,23.393060295790672
175.68627450980392,23.393060295790672
175.68627450980392,23.393060295790672
175.68627450980392,23.393060295790672
175.68627450980392,23.393060295790672
178.82352941176472,22.994880546075088
178.82352941176472,22.994880546075088
178.82352941176472,22.994880546075088
178.82352941176472,22.994880546075088
178.82352941176472,22.994880546075088
178.82352941176472,22.994880546075088
178.82352941176472,22.994880546075088
178.82352941176472,22.994880546075088
178.82352941176472,22.994880546075088
178.82352941176472,22.994880546075088
178.82352941176472,22.994880546075088
178.82352941176472,22.994880546075088
181.96078431372547,22.795790671217294
181.96078431372547,22.795790671217294
181.96078431372547,22.795790671217294
181.96078431372547,22.795790671217294
181.96078431372547,22.795790671217294
181.96078431372547,22.795790671217294
181.96078431372547,22.795790671217294
181.96078431372547,22.795790671217294
181.96078431372547,22.795790671217294
181.96078431372547,22.795790671217294
185.09803921568627,22.596700796359496
185.09803921568627,22.596700796359496
185.09803921568627,22.596700796359496
185.09803921568627,22.596700796359496
185.09803921568627,22.596700796359496
185.09803921568627,22.596700796359496
185.09803921568627,22.596700796359496
185.09803921568627,22.596700796359496
185.09803921568627,22.596700796359496
185.09803921568627,22.596700796359496
188.23529411764704,22.994880546075088
188.23529411764704,22.994880546075088
188.23529411764704,22.994880546075088
188.23529411764704,22.994880546075088
188.23529411764704,22.994880546075088
188.23529411764704,22.994880546075088
188.23529411764704,22.994880546075088
188.23529411764704,22.994880546075088
188.23529411764704,22.994880546075088
188.23529411764704,22.994880546075088
188.23529411764704,22.994880546075088
188.23529411764704,22.994880546075088
191.37254901960785,23.69169510807736
191.37254901960785,23.69169510807736
191.37254901960785,23.69169510807736
191.37254901960785,23.69169510807736
191.37254901960785,23.69169510807736
191.37254901960785,23.69169510807736
191.37254901960785,23.69169510807736
191.37254901960785,23.69169510807736
191.37254901960785,23.69169510807736
191.37254901960785,23.69169510807736
191.37254901960785,23.69169510807736
191.37254901960785,23.69169510807736
191.37254901960785,23.69169510807736
191.37254901960785,23.69169510807736
191.37254901960785,23.69169510807736
191.37254901960785,23.69169510807736
191.37254901960785,23.69169510807736
194.50980392156865,24.089874857792946
194.50980392156865,24.089874857792946
194.50980392156865,24.089874857792946
194.50980392156865,24.089874857792946
194.50980392156865,24.089874857792946
194.50980392156865,24.089874857792946
194.50980392156865,24.089874857792946
194.50980392156865,24.089874857792946
194.50980392156865,24.089874857792946
194.50980392156865,24.089874857792946
194.50980392156865,24.089874857792946
194.50980392156865,24.089874857792946
194.50980392156865,24.089874857792946
194.50980392156865,24.089874857792946
194.50980392156865,24.089874857792946
194.50980392156865,24.089874857792946
194.50980392156865,24.089874857792946
197.6470588235294,24.58759954493743
197.6470588235294,24.58759954493743
197.6470588235294,24.58759954493743
197.6470588235294,24.58759954493743
197.6470588235294,24.58759954493743
197.6470588235294,24.58759954493743
197.6470588235294,24.58759954493743
197.6470588235294,24.58759954493743
197.6470588235294,24.58759954493743
197.6470588235294,24.58759954493743
197.6470588235294,24.58759954493743
197.6470588235294,24.58759954493743
197.6470588235294,24.58759954493743
197.6470588235294,24.58759954493743
197.6470588235294,24.58759954493743
197.6470588235294,24.58759954493743
200.7843137254902,24.88623435722412
200.7843137254902,24.88623435722412
200.7843137254902,24.88623435722412
200.7843137254902,24.88623435722412
200.7843137254902,24.88623435722412
200.7843137254902,24.88623435722412
200.7843137254902,24.88623435722412
200.7843137254902,24.88623435722412
200.7843137254902,24.88623435722412
200.7843137254902,24.88623435722412
200.7843137254902,24.88623435722412
200.7843137254902,24.88623435722412
200.7843137254902,24.88623435722412
203.92156862745097,24.985779294653014
203.92156862745097,24.985779294653014
203.92156862745097,24.985779294653014
203.92156862745097,24.985779294653014
203.92156862745097,24.985779294653014
203.92156862745097,24.985779294653014
203.92156862745097,24.985779294653014
203.92156862745097,24.985779294653014
203.92156862745097,24.985779294653014
203.92156862745097,24.985779294653014
203.92156862745097,24.985779294653014
203.92156862745097,24.985779294653014
207.05882352941177,24.58759954493743
207.05882352941177,24.58759954493743
207.05882352941177,24.58759954493743
207.05882352941177,24.58759954493743
207.05882352941177,24.58759954493743
207.05882352941177,24.58759954493743
207.05882352941177,24.58759954493743
207.05882352941177,24.58759954493743
207.05882352941177,24.58759954493743
207.05882352941177,24.58759954493743
207.05882352941177,24.58759954493743
207.05882352941177,24.58759954493743
207.05882352941177,24.58759954493743
207.05882352941177,24.58759954493743
210.19607843137257,24.28896473265074
210.19607843137257,24.28896473265074
210.19607843137257,24.28896473265074
210.19607843137257,24.28896473265074
210.19607843137257,24.28896473265074
210.19607843137257,24.28896473265074
210.19607843137257,24.28896473265074
210.19607843137257,24.28896473265074
210.19607843137257,24.28896473265074
210.19607843137257,24.28896473265074
210.19607843137257,24.28896473265074
210.19607843137257,24.28896473265074
210.19607843137257,24.28896473265074
210.19607843137257,24.28896473265074
210.19607843137257,24.28896473265074
213.33333333333334,23.890784982935156
213.33333333333334,23.890784982935156
213.33333333333334,23.890784982935156
213.33333333333334,23.890784982935156
213.33333333333334,23.890784982935156
213.33333333333334,23.890784982935156
213.33333333333334,23.890784982935156
213.33333333333334,23.890784982935156
213.33333333333334,23.890784982935156
213.33333333333334,23.890784982935156
213.33333333333334,23.890784982935156
213.33333333333334,23.890784982935156
213.33333333333334,23.890784982935156
213.33333333333334,23.890784982935156
213.33333333333334,23.890784982935156
216.47058823529412,23.293515358361777
216.47058823529412,23.293515358361777
216.47058823529412,23.293515358361777
216.47058823529412,23.293515358361777
216.47058823529412,23.293515358361777
216.47058823529412,23.293515358361777
216.47058823529412,23.293515358361777
216.47058823529412,23.293515358361777
216.47058823529412,23.293515358361777
216.47058823529412,23.293515358361777
216.47058823529412,23.293515358361777
216.47058823529412,23.293515358361777
216.47058823529412,23.293515358361777
219.6078431372549,22.795790671217294
219.6078431372549,22.795790671217294
219.6078431372549,22.795790671217294
219.6078431372549,22.795790671217294
219.6078431372549,22.795790671217294
219.6078431372549,22.795790671217294
219.6078431372549,22.795790671217294
219.6078431372549,22.795790671217294
219.6078431372549,22.795790671217294
219.6078431372549,22.795790671217294
219.6078431372549,22.795790671217294
219.6078431372549,22.795790671217294
219.6078431372549,22.795790671217294
219.6078431372549,22.795790671217294
222.7450980392157,22.397610921501705
222.7450980392157,22.397610921501705
222.7450980392157,22.397610921501705
222.7450980392157,22.397610921501705
222.7450980392157,22.397610921501705
222.7450980392157,22.397610921501705
222.7450980392157,22.397610921501705
222.7450980392157,22.397610921501705
222.7450980392157,22.397610921501705
222.7450980392157,22.397610921501705
222.7450980392157,22.397610921501705
222.7450980392157,22.397610921501705
225.8823529411765,21.99943117178612
225.8823529411765,21.99943117178612
225.8823529411765,21.99943117178612
225.8823529411765,21.99943117178612
225.8823529411765,21.99943117178612
225.8823529411765,21.99943117178612
225.8823529411765,21.99943117178612
225.8823529411765,21.99943117178612
225.8823529411765,21.99943117178612
225.8823529411765,21.99943117178612
225.8823529411765,21.99943117178612
225.8823529411765,21.99943117178612
229.01960784313727,21.899886234357222
229.01960784313727,21.899886234357222
229.01960784313727,21.899886234357222
229.01960784313727,21.899886234357222
229.01960784313727,21.899886234357222
229.01960784313727,21.899886234357222
229.01960784313727,21.899886234357222
229.01960784313727,21.899886234357222
229.01960784313727,21.899886234357222
229.01960784313727,21.899886234357222
229.01960784313727,21.899886234357222
232.15686274509804,21.601251422070533
232.15686274509804,21.601251422070533
232.15686274509804,21.601251422070533
232.15686274509804,21.601251422070533
232.15686274509804,21.601251422070533
232.15686274509804,21.601251422070533
232.15686274509804,21.601251422070533
232.15686274509804,21.601251422070533
232.15686274509804,21.601251422070533
232.15686274509804,21.601251422070533
235.2941176470588,21.501706484641637
235.2941176470588,21.501706484641637
235.2941176470588,21.501706484641637
235.2941176470588,21.501706484641637
235.2941176470588,21.501706484641637
235.2941176470588,21.501706484641637
235.2941176470588,21.501706484641637
235.2941176470588,21.501706484641637
235.2941176470588,21.501706484641637
238.4313725490196,21.302616609783843
238.4313725490196,21.302616609783843
238.4313725490196,21.302616609783843
238.4313725490196,21.302616609783843
238.4313725490196,21.302616609783843
238.4313725490196,21.302616609783843
238.4313725490196,21.302616609783843
238.4313725490196,21.302616609783843
238.4313725490196,21.302616609783843
241.5686274509804,21.103526734926053
241.5686274509804,21.103526734926053
241.5686274509804,21.103526734926053
241.5686274509804,21.103526734926053
241.5686274509804,21.103526734926053
241.5686274509804,21.103526734926053
241.5686274509804,21.103526734926053
241.5686274509804,21.103526734926053
241.5686274509804,21.103526734926053
244.7058823529412,21.103526734926053
244.7058823529412,21.103526734926053
244.7058823529412,21.103526734926053
244.7058823529412,21.103526734926053
244.7058823529412,21.103526734926053
244.7058823529412,21.103526734926053
244.7058823529412,21.103526734926053
244.7058823529412,21.103526734926053
244.7058823529412,21.103526734926053
247.84313725490196,21.103526734926053
247.84313725490196,21.103526734926053
247.84313725490196,21.103526734926053
247.84313725490196,21.103526734926053
247.84313725490196,21.103526734926053
247.84313725490196,21.103526734926053
247.84313725490196,21.103526734926053
247.84313725490196,21.103526734926053
247.84313725490196,21.103526734926053
250.98039215686273,21.203071672354948
250.98039215686273,21.203071672354948
250.98039215686273,21.203071672354948
250.98039215686273,21.203071672354948
250.98039215686273,21.203071672354948
250.98039215686273,21.203071672354948
250.98039215686273,21.203071672354948
250.98039215686273,21.203071672354948
250.98039215686273,21.203071672354948
250.98039215686273,21.203071672354948
254.1176470588235,21.501706484641637
254.1176470588235,21.501706484641637
254.1176470588235,21.501706484641637
254.1176470588235,21.501706484641637
254.1176470588235,21.501706484641637
254.1176470588235,21.501706484641637
254.1176470588235,21.501706484641637
254.1176470588235,21.501706484641637
254.1176470588235,21.501706484641637
257.2549019607843,21.70079635949943
257.2549019607843,21.70079635949943
257.2549019607843,21.70079635949943
257.2549019607843,21.70079635949943
257.2549019607843,21.70079635949943
257.2549019607843,21.70079635949943
257.2549019607843,21.70079635949943
260.3921568627451,21.70079635949943
260.3921568627451,21.70079635949943
260.3921568627451,21.70079635949943
260.3921568627451,21.70079635949943
260.3921568627451,21.70079635949943
260.3921568627451,21.70079635949943
260.3921568627451,21.70079635949943
263.5294117647059,21.501706484641637
263.5294117647059,21.501706484641637
263.5294117647059,21.501706484641637
263.5294117647059,21.501706484641637
263.5294117647059,21.501706484641637
263.5294117647059,21.501706484641637
263.5294117647059,21.501706484641637
263.5294117647059,21.501706484641637
263.5294117647059,21.501706484641637
266.6666666666667,21.402161547212742
266.6666666666667,21.402161547212742
266.6666666666667,21.402161547212742
266.6666666666667,21.402161547212742
266.6666666666667,21.402161547212742
266.6666666666667,21.402161547212742
266.6666666666667,21.402161547212742
266.6666666666667,21.402161547212742
266.6666666666667,21.402161547212742
266.6666666666667,21.402161547212742
269.8039215686274,21.203071672354948
269.8039215686274,21.203071672354948
269.8039215686274,21.203071672354948
269.8039215686274,21.203071672354948
269.8039215686274,21.203071672354948
269.8039215686274,21.203071672354948
269.8039215686274,21.203071672354948
269.8039215686274,21.203071672354948
269.8039215686274,21.203071672354948
269.8039215686274,21.203071672354948
272.94117647058823,20.90443686006826
272.94117647058823,20.90443686006826
272.94117647058823,20.90443686006826
272.94117647058823,20.90443686006826
272.94117647058823,20.90443686006826
272.94117647058823,20.90443686006826
272.94117647058823,20.90443686006826
272.94117647058823,20.90443686006826
272.94117647058823,20.90443686006826
276.078431372549,20.70534698521047
276.078431372549,20.70534698521047
276.078431372549,20.70534698521047
276.078431372549,20.70534698521047
276.078431372549,20.70534698521047
276.078431372549,20.70534698521047
276.078431372549,20.70534698521047
276.078431372549,20.70534698521047
276.078431372549,20.70534698521047
279.21568627450984,20.40671217292378
279.21568627450984,20.40671217292378
279.21568627450984,20.40671217292378
279.21568627450984,20.40671217292378
279.21568627450984,20.40671217292378
279.21568627450984,20.40671217292378
279.21568627450984,20.40671217292378
279.21568627450984,20.40671217292378
279.21568627450984,20.40671217292378
279.21568627450984,20.40671217292378
282.3529411764706,20.108077360637086
282.3529411764706,20.108077360637086
282.3529411764706,20.108077360637086
282.3529411764706,20.108077360637086
282.3529411764706,20.108077360637086
282.3529411764706,20.108077360637086
282.3529411764706,20.108077360637086
282.3529411764706,20.108077360637086
282.3529411764706,20.108077360637086
282.3529411764706,20.108077360637086
282.3529411764706,20.108077360637086
285.4901960784313,19.411262798634812
285.4901960784313,19.411262798634812
285.4901960784313,19.411262798634812
285.4901960784313,19.411262798634812
285.4901960784313,19.411262798634812
285.4901960784313,19.411262798634812
285.4901960784313,19.411262798634812
285.4901960784313,19.411262798634812
285.4901960784313,19.411262798634812
285.4901960784313,19.411262798634812
285.4901960784313,19.411262798634812
285.4901960784313,19.411262798634812
285.4901960784313,19.411262798634812
285.4901960784313,19.411262798634812
288.62745098039215,19.112627986348123
288.62745098039215,19.112627986348123
288.62745098039215,19.112627986348123
288.62745098039215,19.112627986348123
288.62745098039215,19.112627986348123
288.62745098039215,19.112627986348123
288.62745098039215,19.112627986348123
288.62745098039215,19.112627986348123
288.62745098039215,19.112627986348123
288.62745098039215,19.112627986348123
288.62745098039215,19.112627986348123
288.62745098039215,19.112627986348123
288.62745098039215,19.112627986348123
288.62745098039215,19.112627986348123
288.62745098039215,19.112627986348123
291.7647058823529,18.41581342434585
291.7647058823529,18.41581342434585
291.7647058823529,18.41581342434585
291.7647058823529,18.41581342434585
291.7647058823529,18.41581342434585
291.7647058823529,18.41581342434585
291.7647058823529,18.41581342434585
291.7647058823529,18.41581342434585
291.7647058823529,18.41581342434585
291.7647058823529,18.41581342434585
291.7647058823529,18.41581342434585
291.7647058823529,18.41581342434585
291.7647058823529,18.41581342434585
291.7647058823529,18.41581342434585
291.7647058823529,18.41581342434585
291.7647058823529,18.41581342434585
294.90196078431376,18.01763367463026
294.90196078431376,18.01763367463026
294.90196078431376,18.01763367463026
294.90196078431376,18.01763367463026
294.90196078431376,18.01763367463026
294.90196078431376,18.01763367463026
294.90196078431376,18.01763367463026
294.90196078431376,18.01763367463026
294.90196078431376,18.01763367463026
294.90196078431376,18.01763367463026
294.90196078431376,18.01763367463026
294.90196078431376,18.01763367463026
294.90196078431376,18.01763367463026
294.90196078431376,18.01763367463026
294.90196078431376,18.01763367463026
294.90196078431376,18.01763367463026
298.03921568627453,17.619453924914676
298.03921568627453,17.619453924914676
298.03921568627453,17.619453924914676
298.03921568627453,17.619453924914676
298.03921568627453,17.619453924914676
298.03921568627453,17.619453924914676
298.03921568627453,17.619453924914676
298.03921568627453,17.619453924914676
298.03921568627453,17.619453924914676
298.03921568627453,17.619453924914676
298.03921568627453,17.619453924914676
298.03921568627453,17.619453924914676
298.03921568627453,17.619453924914676
298.03921568627453,17.619453924914676
301.17647058823525,17.022184300341298
301.17647058823525,17.022184300341298
301.17647058823525,17.022184300341298
301.17647058823525,17.022184300341298
301.17647058823525,17.022184300341298
301.17647058823525,17.022184300341298
301.17647058823525,17.022184300341298
301.17647058823525,17.022184300341298
301.17647058823525,17.022184300341298
301.17647058823525,17.022184300341298
301.17647058823525,17.022184300341298
301.17647058823525,17.022184300341298
304.3137254901961,16.72354948805461
304.3137254901961,16.72354948805461
304.3137254901961,16.72354948805461
304.3137254901961,16.72354948805461
304.3137254901961,16.72354948805461
304.3137254901961,16.72354948805461
304.3137254901961,16.72354948805461
304.3137254901961,16.72354948805461
304.3137254901961,16.72354948805461
304.3137254901961,16.72354948805461
304.3137254901961,16.72354948805461
307.45098039215685,16.424914675767916
307.45098039215685,16.424914675767916
307.45098039215685,16.424914675767916
307.45098039215685,16.424914675767916
307.45098039215685,16.424914675767916
307.45098039215685,16.424914675767916
307.45098039215685,16.424914675767916
307.45098039215685,16.424914675767916
310.5882352941177,16.32536973833902
310.5882352941177,16.32536973833902
310.5882352941177,16.32536973833902
310.5882352941177,16.32536973833902
310.5882352941177,16.32536973833902
310.5882352941177,16.32536973833902
310.5882352941177,16.32536973833902
313.72549019607845,16.12627986348123
313.72549019607845,16.12627986348123
313.72549019607845,16.12627986348123
313.72549019607845,16.12627986348123
313.72549019607845,16.12627986348123
313.72549019607845,16.12627986348123
313.72549019607845,16.12627986348123
316.86274509803917,15.927189988623436
316.86274509803917,15.927189988623436
316.86274509803917,15.927189988623436
316.86274509803917,15.927189988623436
316.86274509803917,15.927189988623436
316.86274509803917,15.927189988623436
316.86274509803917,15.927189988623436
320.0,15.927189988623436
320.0,15.927189988623436
320.0,15.927189988623436
320.0,15.927189988623436
320.0,15.927189988623436
320.0,15.927189988623436
320.0,15.927189988623436
323.1372549019608,15.927189988623436
323.1372549019608,15.927189988623436
323.1372549019608,15.927189988623436
323.1372549019608,15.927189988623436
323.1372549019608,15.927189988623436
323.1372549019608,15.927189988623436
323.1372549019608,15.927189988623436
326.2745098039216,15.827645051194539
326.2745098039216,15.827645051194539
326.2745098039216,15.827645051194539
326.2745098039216,15.827645051194539
326.2745098039216,15.827645051194539
326.2745098039216,15.827645051194539
329.4117647058824,15.728100113765644
329.4117647058824,15.728100113765644
329.4117647058824,15.728100113765644
329.4117647058824,15.728100113765644
329.4117647058824,15.728100113765644
329.4117647058824,15.728100113765644
329.4117647058824,15.728100113765644
332.5490196078431,15.728100113765644
332.5490196078431,15.728100113765644
332.5490196078431,15.728100113765644
332.5490196078431,15.728100113765644
332.5490196078431,15.728100113765644
332.5490196078431,15.728100113765644
332.5490196078431,15.728100113765644
335.6862745098039,15.728100113765644
335.6862745098039,15.728100113765644
335.6862745098039,15.728100113765644
335.6862745098039,15.728100113765644
335.6862745098039,15.728100113765644
335.6862745098039,15.728100113765644
335.6862745098039,15.728100113765644
338.8235294117647,15.728100113765644
338.8235294117647,15.728100113765644
338.8235294117647,15.728100113765644
338.8235294117647,15.728100113765644
338.8235294117647,15.728100113765644
338.8235294117647,15.728100113765644
338.8235294117647,15.728100113765644
341.9607843137255,15.628555176336747
341.9607843137255,15.628555176336747
341.9607843137255,15.628555176336747
341.9607843137255,15.628555176336747
341.9607843137255,15.628555176336747
341.9607843137255,15.628555176336747
341.9607843137255,15.628555176336747
341.9607843137255,15.628555176336747
345.09803921568624,15.628555176336747
345.09803921568624,15.628555176336747
345.09803921568624,15.628555176336747
345.09803921568624,15.628555176336747
345.09803921568624,15.628555176336747
345.09803921568624,15.628555176336747
348.235294117647,15.52901023890785
348.235294117647,15.52901023890785
348.235294117647,15.52901023890785
348.235294117647,15.52901023890785
348.235294117647,15.52901023890785
348.235294117647,15.52901023890785
348.235294117647,15.52901023890785
351.37254901960785,15.52901023890785
351.37254901960785,15.52901023890785
351.37254901960785,15.52901023890785
351.37254901960785,15.52901023890785
351.37254901960785,15.52901023890785
351.37254901960785,15.52901023890785
351.37254901960785,15.52901023890785
354.5098039215686,15.52901023890785
354.5098039215686,15.52901023890785
354.5098039215686,15.52901023890785
354.5098039215686,15.52901023890785
354.5098039215686,15.52901023890785
354.5098039215686,15.52901023890785
354.5098039215686,15.52901023890785
357.64705882352945,15.52901023890785
357.64705882352945,15.52901023890785
357.64705882352945,15.52901023890785
357.64705882352945,15.52901023890785
357.64705882352945,15.52901023890785
357.64705882352945,15.52901023890785
357.64705882352945,15.52901023890785
360.78431372549016,15.52901023890785
360.78431372549016,15.52901023890785
360.78431372549016,15.52901023890785
360.78431372549016,15.52901023890785
360.78431372549016,15.52901023890785
360.78431372549016,15.52901023890785
360.78431372549016,15.52901023890785
363.92156862745094,15.429465301478954
363.92156862745094,15.429465301478954
363.92156862745094,15.429465301478954
363.92156862745094,15.429465301478954
363.92156862745094,15.429465301478954
363.92156862745094,15.429465301478954
367.05882352941177,15.329920364050057
367.05882352941177,15.329920364050057
367.05882352941177,15.329920364050057
367.05882352941177,15.329920364050057
367.05882352941177,15.329920364050057
367.05882352941177,15.329920364050057
367.05882352941177,15.329920364050057
370.19607843137254,15.329920364050057
370.19607843137254,15.329920364050057
370.19607843137254,15.329920364050057
370.19607843137254,15.329920364050057
370.19607843137254,15.329920364050057
370.19607843137254,15.329920364050057
370.19607843137254,15.329920364050057
373.33333333333337,15.230375426621162
373.33333333333337,15.230375426621162
373.33333333333337,15.230375426621162
373.33333333333337,15.230375426621162
373.33333333333337,15.230375426621162
373.33333333333337,15.230375426621162
376.4705882352941,15.230375426621162
376.4705882352941,15.230375426621162
376.4705882352941,15.230375426621162
376.4705882352941,15.230375426621162
376.4705882352941,15.230375426621162
376.4705882352941,15.230375426621162
379.60784313725486,15.230375426621162
379.60784313725486,15.230375426621162
379.60784313725486,15.230375426621162
379.60784313725486,15.230375426621162
379.60784313725486,15.230375426621162
379.60784313725486,15.230375426621162
382.7450980392157,15.329920364050057
382.7450980392157,15.329920364050057
382.7450980392157,15.329920364050057
382.7450980392157,15.329920364050057
382.7450980392157,15.329920364050057
382.7450980392157,15.329920364050057
382.7450980392157,15.329920364050057
385.88235294117646,15.230375426621162
385.88235294117646,15.230375426621162
385.88235294117646,15.230375426621162
385.88235294117646,15.230375426621162
385.88235294117646,15.230375426621162
385.88235294117646,15.230375426621162
385.88235294117646,15.230375426621162
385.88235294117646,15.230375426621162
389.0196078431373,15.329920364050057
389.0196078431373,15.329920364050057
389.0196078431373,15.329920364050057
389.0196078431373,15.329920364050057
389.0196078431373,15.329920364050057
389.0196078431373,15.329920364050057
389.0196078431373,15.329920364050057
392.156862745098,15.230375426621162
392.156862745098,15.230375426621162
392.156862745098,15.230375426621162
392.156862745098,15.230375426621162
392.156862745098,15.230375426621162
392.156862745098,15.230375426621162
395.2941176470588,15.230375426621162
395.2941176470588,15.230375426621162
395.2941176470588,15.230375426621162
395.2941176470588,15.230375426621162
395.2941176470588,15.230375426621162
395.2941176470588,15.230375426621162
398.4313725490196,15.329920364050057
398.4313725490196,15.329920364050057
398.4313725490196,15.329920364050057
398.4313725490196,15.329920364050057
398.4313725490196,15.329920364050057
398.4313725490196,15.329920364050057
398.4313725490196,15.329920364050057
401.5686274509804,15.329920364050057
401.5686274509804,15.329920364050057
401.5686274509804,15.329920364050057
401.5686274509804,15.329920364050057
401.5686274509804,15.329920364050057
401.5686274509804,15.329920364050057
401.5686274509804,15.329920364050057
404.7058823529412,15.329920364050057
404.7058823529412,15.329920364050057
404.7058823529412,15.329920364050057
404.7058823529412,15.329920364050057
404.7058823529412,15.329920364050057
404.7058823529412,15.329920364050057
404.7058823529412,15.329920364050057
407.84313725490193,15.130830489192265
407.84313725490193,15.130830489192265
407.84313725490193,15.130830489192265
407.84313725490193,15.130830489192265
407.84313725490193,15.130830489192265
407.84313725490193,15.130830489192265
407.84313725490193,15.130830489192265
410.98039215686276,15.130830489192265
410.98039215686276,15.130830489192265
410.98039215686276,15.130830489192265
410.98039215686276,15.130830489192265
410.98039215686276,15.130830489192265
410.98039215686276,15.130830489192265
410.98039215686276,15.130830489192265
414.11764705882354,15.130830489192265
414.11764705882354,15.130830489192265
414.11764705882354,15.130830489192265
414.11764705882354,15.130830489192265
414.11764705882354,15.130830489192265
414.11764705882354,15.130830489192265
414.11764705882354,15.130830489192265
417.2549019607843,15.230375426621162
417.2549019607843,15.230375426621162
417.2549019607843,15.230375426621162
417.2549019607843,15.230375426621162
417.2549019607843,15.230375426621162
417.2549019607843,15.230375426621162
420.39215686274514,15.230375426621162
420.39215686274514,15.230375426621162
420.39215686274514,15.230375426621162
420.39215686274514,15.230375426621162
420.39215686274514,15.230375426621162
420.39215686274514,15.230375426621162
423.52941176470586,15.329920364050057
423.52941176470586,15.329920364050057
423.52941176470586,15.329920364050057
423.52941176470586,15.329920364050057
423.52941176470586,15.329920364050057
423.52941176470586,15.329920364050057
423.52941176470586,15.329920364050057
426.6666666666667,15.230375426621162
426.6666666666667,15.230375426621162
426.6666666666667,15.230375426621162
426.6666666666667,15.230375426621162
426.6666666666667,15.230375426621162
426.6666666666667,15.230375426621162
429.80392156862746,15.230375426621162
429.80392156862746,15.230375426621162
429.80392156862746,15.230375426621162
429.80392156862746,15.230375426621162
429.80392156862746,15.230375426621162
429.80392156862746,15.230375426621162
432.94117647058823,15.130830489192265
432.94117647058823,15.130830489192265
432.94117647058823,15.130830489192265
432.94117647058823,15.130830489192265
432.94117647058823,15.130830489192265
432.94117647058823,15.130830489192265
432.94117647058823,15.130830489192265
436.07843137254906,15.329920364050057
436.07843137254906,15.329920364050057
436.07843137254906,15.329920364050057
436.07843137254906,15.329920364050057
436.07843137254906,15.329920364050057
436.07843137254906,15.329920364050057
436.07843137254906,15.329920364050057
439.2156862745098,15.329920364050057
439.2156862745098,15.329920364050057
439.2156862745098,15.329920364050057
439.2156862745098,15.329920364050057
439.2156862745098,15.329920364050057
439.2156862745098,15.329920364050057
439.2156862745098,15.329920364050057
442.3529411764706,15.230375426621162
442.3529411764706,15.230375426621162
442.3529411764706,15.230375426621162
442.3529411764706,15.230375426621162
442.3529411764706,15.230375426621162
442.3529411764706,15.230375426621162
445.4901960784314,15.329920364050057
445.4901960784314,15.329920364050057
445.4901960784314,15.329920364050057
445.4901960784314,15.329920364050057
445.4901960784314,15.329920364050057
445.4901960784314,15.329920364050057
445.4901960784314,15.329920364050057
448.62745098039215,15.329920364050057
448.62745098039215,15.329920364050057
448.62745098039215,15.329920364050057
448.62745098039215,15.329920364050057
448.62745098039215,15.329920364050057
448.62745098039215,15.329920364050057
448.62745098039215,15.329920364050057
451.764705882353,15.329920364050057
451.764705882353,15.329920364050057
451.764705882353,15.329920364050057
451.764705882353,15.329920364050057
451.764705882353,15.329920364050057
451.764705882353,15.329920364050057
451.764705882353,15.329920364050057
454.9019607843137,15.329920364050057
454.9019607843137,15.329920364050057
454.9019607843137,15.329920364050057
454.9019607843137,15.329920364050057
454.9019607843137,15.329920364050057
454.9019607843137,15.329920364050057
454.9019607843137,15.329920364050057
458.03921568627453,15.329920364050057
458.03921568627453,15.329920364050057
458.03921568627453,15.329920364050057
458.03921568627453,15.329920364050057
458.03921568627453,15.329920364050057
458.03921568627453,15.329920364050057
458.03921568627453,15.329920364050057
461.1764705882353,15.329920364050057
461.1764705882353,15.329920364050057
461.1764705882353,15.329920364050057
461.1764705882353,15.329920364050057
461.1764705882353,15.329920364050057
461.1764705882353,15.329920364050057
461.1764705882353,15.329920364050057
464.3137254901961,15.230375426621162
464.3137254901961,15.230375426621162
464.3137254901961,15.230375426621162
464.3137254901961,15.230375426621162
464.3137254901961,15.230375426621162
464.3137254901961,15.230375426621162
464.3137254901961,15.230375426621162
464.3137254901961,15.230375426621162
467.45098039215685,15.230375426621162
467.45098039215685,15.230375426621162
467.45098039215685,15.230375426621162
467.45098039215685,15.230375426621162
467.45098039215685,15.230375426621162
467.45098039215685,15.230375426621162
467.45098039215685,15.230375426621162
467.45098039215685,15.230375426621162
470.5882352941176,15.329920364050057
470.5882352941176,15.329920364050057
470.5882352941176,15.329920364050057
470.5882352941176,15.329920364050057
470.5882352941176,15.329920364050057
470.5882352941176,15.329920364050057
470.5882352941176,15.329920364050057
473.72549019607845,15.230375426621162
473.72549019607845,15.230375426621162
473.72549019607845,15.230375426621162
473.72549019607845,15.230375426621162
473.72549019607845,15.230375426621162
473.72549019607845,15.230375426621162
476.8627450980392,15.429465301478954
476.8627450980392,15.429465301478954
476.8627450980392,15.429465301478954
476.8627450980392,15.429465301478954
476.8627450980392,15.429465301478954
476.8627450980392,15.429465301478954
476.8627450980392,15.429465301478954
476.8627450980392,15.429465301478954
480.0,15.52901023890785
480.0,15.52901023890785
480.0,15.52901023890785
480.0,15.52901023890785
480.0,15.52901023890785
480.0,15.52901023890785
480.0,15.52901023890785
480.0,15.52901023890785
480.0,15.52901023890785
483.1372549019608,15.628555176336747
483.1372549019608,15.628555176336747
483.1372549019608,15.628555176336747
483.1372549019608,15.628555176336747
483.1372549019608,15.628555176336747
483.1372549019608,15.628555176336747
483.1372549019608,15.628555176336747
483.1372549019608,15.628555176336747
483.1372549019608,15.628555176336747
483.1372549019608,15.628555176336747
486.27450980392155,15.52901023890785
486.27450980392155,15.52901023890785
486.27450980392155,15.52901023890785
486.27450980392155,15.52901023890785
486.27450980392155,15.52901023890785
486.27450980392155,15.52901023890785
486.27450980392155,15.52901023890785
486.27450980392155,15.52901023890785
486.27450980392155,15.52901023890785
486.27450980392155,15.52901023890785
486.27450980392155,15.52901023890785
489.4117647058824,15.429465301478954
489.4117647058824,15.429465301478954
489.4117647058824,15.429465301478954
489.4117647058824,15.429465301478954
489.4117647058824,15.429465301478954
489.4117647058824,15.429465301478954
489.4117647058824,15.429465301478954
489.4117647058824,15.429465301478954
489.4117647058824,15.429465301478954
489.4117647058824,15.429465301478954
492.54901960784315,14.931740614334473
492.54901960784315,14.931740614334473
492.54901960784315,14.931740614334473
492.54901960784315,14.931740614334473
492.54901960784315,14.931740614334473
492.54901960784315,14.931740614334473
492.54901960784315,14.931740614334473
495.6862745098039,14.931740614334473
495.6862745098039,14.931740614334473
495.6862745098039,14.931740614334473
495.6862745098039,14.931740614334473
495.6862745098039,14.931740614334473
495.6862745098039,14.931740614334473
495.6862745098039,14.931740614334473
498.8235294117647,14.931740614334473
498.8235294117647,14.931740614334473
498.8235294117647,14.931740614334473
498.8235294117647,14.931740614334473
498.8235294117647,14.931740614334473
498.8235294117647,14.931740614334473
498.8235294117647,14.931740614334473
501.96078431372547,14.931740614334473
501.96078431372547,14.931740614334473
501.96078431372547,14.931740614334473
501.96078431372547,14.931740614334473
501.96078431372547,14.931740614334473
501.96078431372547,14.931740614334473
501.96078431372547,14.931740614334473
505.0980392156863,14.931740614334473
505.0980392156863,14.931740614334473
505.0980392156863,14.931740614334473
505.0980392156863,14.931740614334473
505.0980392156863,14.931740614334473
505.0980392156863,14.931740614334473
505.0980392156863,14.931740614334473
508.235294117647,14.832195676905574
508.235294117647,14.832195676905574
508.235294117647,14.832195676905574
508.235294117647,14.832195676905574
508.235294117647,14.832195676905574
508.235294117647,14.832195676905574
511.37254901960785,14.832195676905574
511.37254901960785,14.832195676905574
511.37254901960785,14.832195676905574
511.37254901960785,14.832195676905574
511.37254901960785,14.832195676905574
511.37254901960785,14.832195676905574
514.5098039215686,14.832195676905574
514.5098039215686,14.832195676905574
514.5098039215686,14.832195676905574
514.5098039215686,14.832195676905574
514.5098039215686,14.832195676905574
514.5098039215686,14.832195676905574
517.6470588235295,14.832195676905574
517.6470588235295,14.832195676905574
517.6470588235295,14.832195676905574
517.6470588235295,14.832195676905574
517.6470588235295,14.832195676905574
517.6470588235295,14.832195676905574
520.7843137254902,14.832195676905574
520.7843137254902,14.832195676905574
520.7843137254902,14.832195676905574
520.7843137254902,14.832195676905574
520.7843137254902,14.832195676905574
520.7843137254902,14.832195676905574
523.9215686274509,14.832195676905574
523.9215686274509,14.832195676905574
523.9215686274509,14.832195676905574
523.9215686274509,14.832195676905574
523.9215686274509,14.832195676905574
523.9215686274509,14.832195676905574
527.0588235294118,14.832195676905574
527.0588235294118,14.832195676905574
527.0588235294118,14.832195676905574
527.0588235294118,14.832195676905574
527.0588235294118,14.832195676905574
527.0588235294118,14.832195676905574
530.1960784313725,14.832195676905574
530.1960784313725,14.832195676905574
530.1960784313725,14.832195676905574
530.1960784313725,14.832195676905574
530.1960784313725,14.832195676905574
530.1960784313725,14.832195676905574
533.3333333333334,14.832195676905574
533.3333333333334,14.832195676905574
533.3333333333334,14.832195676905574
533.3333333333334,14.832195676905574
533.3333333333334,14.832195676905574
533.3333333333334,14.832195676905574
536.4705882352941,14.832195676905574
536.4705882352941,14.832195676905574
536.4705882352941,14.832195676905574
536.4705882352941,14.832195676905574
536.4705882352941,14.832195676905574
536.4705882352941,14.832195676905574
539.6078431372548,14.832195676905574
539.6078431372548,14.832195676905574
539.6078431372548,14.832195676905574
539.6078431372548,14.832195676905574
539.6078431372548,14.832195676905574
539.6078431372548,14.832195676905574
542.7450980392157,14.832195676905574
542.7450980392157,14.832195676905574
542.7450980392157,14.832195676905574
542.7450980392157,14.832195676905574
542.7450980392157,14.832195676905574
542.7450980392157,14.832195676905574
545.8823529411765,14.832195676905574
545.8823529411765,14.832195676905574
545.8823529411765,14.832195676905574
545.8823529411765,14.832195676905574
545.8823529411765,14.832195676905574
545.8823529411765,14.832195676905574
549.0196078431374,14.832195676905574
549.0196078431374,14.832195676905574
549.0196078431374,14.832195676905574
549.0196078431374,14.832195676905574
549.0196078431374,14.832195676905574
549.0196078431374,14.832195676905574
552.156862745098,14.832195676905574
552.156862745098,14.832195676905574
552.156862745098,14.832195676905574
552.156862745098,14.832195676905574
552.156862745098,14.832195676905574
552.156862745098,14.832195676905574
555.2941176470588,14.832195676905574
555.2941176470588,14.832195676905574
555.2941176470588,14.832195676905574
555.2941176470588,14.832195676905574
555.2941176470588,14.832195676905574
555.2941176470588,14.832195676905574
558.4313725490197,14.832195676905574
558.4313725490197,14.832195676905574
558.4313725490197,14.832195676905574
558.4313725490197,14.832195676905574
558.4313725490197,14.832195676905574
558.4313725490197,14.832195676905574
561.5686274509803,14.832195676905574
561.5686274509803,14.832195676905574
561.5686274509803,14.832195676905574
561.5686274509803,14.832195676905574
561.5686274509803,14.832195676905574
561.5686274509803,14.832195676905574
564.7058823529412,14.832195676905574
564.7058823529412,14.832195676905574
564.7058823529412,14.832195676905574
564.7058823529412,14.832195676905574
564.7058823529412,14.832195676905574
564.7058823529412,14.832195676905574
567.843137254902,14.931740614334473
567.843137254902,14.931740614334473
567.843137254902,14.931740614334473
567.843137254902,14.931740614334473
567.843137254902,14.931740614334473
567.843137254902,14.931740614334473
567.843137254902,14.931740614334473
570.9803921568626,14.931740614334473
570.9803921568626,14.931740614334473
570.9803921568626,14.931740614334473
570.9803921568626,14.931740614334473
570.9803921568626,14.931740614334473
570.9803921568626,14.931740614334473
570.9803921568626,14.931740614334473
574.1176470588235,14.832195676905574
574.1176470588235,14.832195676905574
574.1176470588235,14.832195676905574
574.1176470588235,14.832195676905574
574.1176470588235,14.832195676905574
574.1176470588235,14.832195676905574
577.2549019607843,14.732650739476677
577.2549019607843,14.732650739476677
577.2549019607843,14.732650739476677
577.2549019607843,14.732650739476677
577.2549019607843,14.732650739476677
577.2549019607843,14.732650739476677
577.2549019607843,14.732650739476677
580.3921568627452,14.732650739476677
580.3921568627452,14.732650739476677
580.3921568627452,14.732650739476677
580.3921568627452,14.732650739476677
580.3921568627452,14.732650739476677
580.3921568627452,14.732650739476677
580.3921568627452,14.732650739476677
583.5294117647059,14.732650739476677
583.5294117647059,14.732650739476677
583.5294117647059,14.732650739476677
583.5294117647059,14.732650739476677
583.5294117647059,14.732650739476677
583.5294117647059,14.732650739476677
583.5294117647059,14.732650739476677
586.6666666666666,14.732650739476677
586.6666666666666,14.732650739476677
586.6666666666666,14.732650739476677
586.6666666666666,14.732650739476677
586.6666666666666,14.732650739476677
586.6666666666666,14.732650739476677
586.6666666666666,14.732650739476677
589.8039215686275,14.832195676905574
589.8039215686275,14.832195676905574
589.8039215686275,14.832195676905574
589.8039215686275,14.832195676905574
589.8039215686275,14.832195676905574
589.8039215686275,14.832195676905574
592.9411764705882,14.732650739476677
592.9411764705882,14.732650739476677
592.9411764705882,14.732650739476677
592.9411764705882,14.732650739476677
592.9411764705882,14.732650739476677
592.9411764705882,14.732650739476677
592.9411764705882,14.732650739476677
596.0784313725491,14.732650739476677
596.0784313725491,14.732650739476677
596.0784313725491,14.732650739476677
596.0784313725491,14.732650739476677
596.0784313725491,14.732650739476677
596.0784313725491,14.732650739476677
596.0784313725491,14.732650739476677
599.2156862745098,14.732650739476677
599.2156862745098,14.732650739476677
599.2156862745098,14.732650739476677
599.2156862745098,14.732650739476677
599.2156862745098,14.732650739476677
599.2156862745098,14.732650739476677
599.2156862745098,14.732650739476677
602.3529411764705,14.633105802047782
602.3529411764705,14.633105802047782
602.3529411764705,14.633105802047782
602.3529411764705,14.633105802047782
602.3529411764705,14.633105802047782
602.3529411764705,14.633105802047782
605.4901960784314,14.533560864618885
605.4901960784314,14.533560864618885
605.4901960784314,14.533560864618885
605.4901960784314,14.533560864618885
605.4901960784314,14.533560864618885
605.4901960784314,14.533560864618885
605.4901960784314,14.533560864618885
608.6274509803922,14.533560864618885
608.6274509803922,14.533560864618885
608.6274509803922,14.533560864618885
608.6274509803922,14.533560864618885
608.6274509803922,14.533560864618885
608.6274509803922,14.533560864618885
608.6274509803922,14.533560864618885
611.764705882353,14.533560864618885
611.764705882353,14.533560864618885
611.764705882353,14.533560864618885
611.764705882353,14.533560864618885
611.764705882353,14.533560864618885
611.764705882353,14.533560864618885
611.764705882353,14.533560864618885
614.9019607843137,14.533560864618885
614.9019607843137,14.533560864618885
614.9019607843137,14.533560864618885
614.9019607843137,14.533560864618885
614.9019607843137,14.533560864618885
614.9019607843137,14.533560864618885
614.9019607843137,14.533560864618885
618.0392156862745,14.533560864618885
618.0392156862745,14.533560864618885
618.0392156862745,14.533560864618885
618.0392156862745,14.533560864618885
618.0392156862745,14.533560864618885
618.0392156862745,14.533560864618885
618.0392156862745,14.533560864618885
621.1764705882354,14.533560864618885
621.1764705882354,14.533560864618885
621.1764705882354,14.533560864618885
621.1764705882354,14.533560864618885
621.1764705882354,14.533560864618885
621.1764705882354,14.533560864618885
621.1764705882354,14.533560864618885
624.313725490196,14.533560864618885
624.313725490196,14.533560864618885
624.313725490196,14.533560864618885
624.313725490196,14.533560864618885
624.313725490196,14.533560864618885
624.313725490196,14.533560864618885
624.313725490196,14.533560864618885
627.4509803921569,14.533560864618885
627.4509803921569,14.533560864618885
627.4509803921569,14.533560864618885
627.4509803921569,14.533560864618885
627.4509803921569,14.533560864618885
627.4509803921569,14.533560864618885
627.4509803921569,14.533560864618885
630.5882352941177,14.533560864618885
630.5882352941177,14.533560864618885
630.5882352941177,14.533560864618885
630.5882352941177,14.533560864618885
630.5882352941177,14.533560864618885
630.5882352941177,14.533560864618885
630.5882352941177,14.533560864618885
633.7254901960783,14.434015927189987
633.7254901960783,14.434015927189987
633.7254901960783,14.434015927189987
633.7254901960783,14.434015927189987
633.7254901960783,14.434015927189987
633.7254901960783,14.434015927189987
633.7254901960783,14.434015927189987
633.7254901960783,14.434015927189987
636.8627450980392,14.533560864618885
636.8627450980392,14.533560864618885
636.8627450980392,14.533560864618885
636.8627450980392,14.533560864618885
636.8627450980392,14.533560864618885
636.8627450980392,14.533560864618885
636.8627450980392,14.533560864618885
640.0,14.533560864618885
640.0,14.533560864618885
640.0,14.533560864618885
640.0,14.533560864618885
640.0,14.533560864618885
640.0,14.533560864618885
640.0,14.533560864618885
643.1372549019609,14.732650739476677
643.1372549019609,14.732650739476677
643.1372549019609,14.732650739476677
643.1372549019609,14.732650739476677
643.1372549019609,14.732650739476677
643.1372549019609,14.732650739476677
643.1372549019609,14.732650739476677
646.2745098039215,14.732650739476677
646.2745098039215,14.732650739476677
646.2745098039215,14.732650739476677
646.2745098039215,14.732650739476677
646.2745098039215,14.732650739476677
646.2745098039215,14.732650739476677
646.2745098039215,14.732650739476677
649.4117647058823,14.732650739476677
649.4117647058823,14.732650739476677
649.4117647058823,14.732650739476677
649.4117647058823,14.732650739476677
649.4117647058823,14.732650739476677
649.4117647058823,14.732650739476677
649.4117647058823,14.732650739476677
652.5490196078432,14.533560864618885
652.5490196078432,14.533560864618885
652.5490196078432,14.533560864618885
652.5490196078432,14.533560864618885
652.5490196078432,14.533560864618885
652.5490196078432,14.533560864618885
652.5490196078432,14.533560864618885
655.6862745098039,14.533560864618885
655.6862745098039,14.533560864618885
655.6862745098039,14.533560864618885
655.6862745098039,14.533560864618885
655.6862745098039,14.533560864618885
655.6862745098039,14.533560864618885
655.6862745098039,14.533560864618885
658.8235294117648,14.533560864618885
658.8235294117648,14.533560864618885
658.8235294117648,14.533560864618885
658.8235294117648,14.533560864618885
658.8235294117648,14.533560864618885
658.8235294117648,14.533560864618885
658.8235294117648,14.533560864618885
661.9607843137255,14.533560864618885
661.9607843137255,14.533560864618885
661.9607843137255,14.533560864618885
661.9607843137255,14.533560864618885
661.9607843137255,14.533560864618885
661.9607843137255,14.533560864618885
661.9607843137255,14.533560864618885
665.0980392156862,14.633105802047782
665.0980392156862,14.633105802047782
665.0980392156862,14.633105802047782
665.0980392156862,14.633105802047782
665.0980392156862,14.633105802047782
665.0980392156862,14.633105802047782
668.2352941176471,14.633105802047782
668.2352941176471,14.633105802047782
668.2352941176471,14.633105802047782
668.2352941176471,14.633105802047782
668.2352941176471,14.633105802047782
668.2352941176471,14.633105802047782
671.3725490196078,14.832195676905574
671.3725490196078,14.832195676905574
671.3725490196078,14.832195676905574
671.3725490196078,14.832195676905574
671.3725490196078,14.832195676905574
671.3725490196078,14.832195676905574
671.3725490196078,14.832195676905574
671.3725490196078,14.832195676905574
674.5098039215686,15.628555176336747
674.5098039215686,15.628555176336747
674.5098039215686,15.628555176336747
674.5098039215686,15.628555176336747
674.5098039215686,15.628555176336747
674.5098039215686,15.628555176336747
674.5098039215686,15.628555176336747
674.5098039215686,15.628555176336747
674.5098039215686,15.628555176336747
674.5098039215686,15.628555176336747
674.5098039215686,15.628555176336747
674.5098039215686,15.628555176336747
674.5098039215686,15.628555176336747
674.5098039215686,15.628555176336747
677.6470588235294,16.12627986348123
677.6470588235294,16.12627986348123
677.6470588235294,16.12627986348123
677.6470588235294,16.12627986348123
677.6470588235294,16.12627986348123
677.6470588235294,16.12627986348123
677.6470588235294,16.12627986348123
677.6470588235294,16.12627986348123
677.6470588235294,16.12627986348123
677.6470588235294,16.12627986348123
677.6470588235294,16.12627986348123
677.6470588235294,16.12627986348123
677.6470588235294,16.12627986348123
677.6470588235294,16.12627986348123
677.6470588235294,16.12627986348123
677.6470588235294,16.12627986348123
677.6470588235294,16.12627986348123
680.7843137254902,16.32536973833902
680.7843137254902,16.32536973833902
680.7843137254902,16.32536973833902
680.7843137254902,16.32536973833902
680.7843137254902,16.32536973833902
680.7843137254902,16.32536973833902
680.7843137254902,16.32536973833902
680.7843137254902,16.32536973833902
680.7843137254902,16.32536973833902
680.7843137254902,16.32536973833902
680.7843137254902,16.32536973833902
680.7843137254902,16.32536973833902
680.7843137254902,16.32536973833902
680.7843137254902,16.32536973833902
680.7843137254902,16.32536973833902
680.7843137254902,16.32536973833902
680.7843137254902,16.32536973833902
680.7843137254902,16.32536973833902
680.7843137254902,16.32536973833902
683.921568627451,16.72354948805461
683.921568627451,16.72354948805461
683.921568627451,16.72354948805461
683.921568627451,16.72354948805461
683.921568627451,16.72354948805461
683.921568627451,16.72354948805461
683.921568627451,16.72354948805461
683.921568627451,16.72354948805461
683.921568627451,16.72354948805461
683.921568627451,16.72354948805461
683.921568627451,16.72354948805461
683.921568627451,16.72354948805461
683.921568627451,16.72354948805461
683.921568627451,16.72354948805461
683.921568627451,16.72354948805461
687.0588235294117,16.823094425483504
687.0588235294117,16.823094425483504
687.0588235294117,16.823094425483504
687.0588235294117,16.823094425483504
687.0588235294117,16.823094425483504
687.0588235294117,16.823094425483504
687.0588235294117,16.823094425483504
687.0588235294117,16.823094425483504
687.0588235294117,16.823094425483504
687.0588235294117,16.823094425483504
687.0588235294117,16.823094425483504
687.0588235294117,16.823094425483504
687.0588235294117,16.823094425483504
687.0588235294117,16.823094425483504
690.1960784313725,16.524459613196814
690.1960784313725,16.524459613196814
690.1960784313725,16.524459613196814
690.1960784313725,16.524459613196814
690.1960784313725,16.524459613196814
690.1960784313725,16.524459613196814
690.1960784313725,16.524459613196814
690.1960784313725,16.524459613196814
690.1960784313725,16.524459613196814
690.1960784313725,16.524459613196814
690.1960784313725,16.524459613196814
690.1960784313725,16.524459613196814
690.1960784313725,16.524459613196814
690.1960784313725,16.524459613196814
690.1960784313725,16.524459613196814
693.3333333333334,15.927189988623436
693.3333333333334,15.927189988623436
693.3333333333334,15.927189988623436
693.3333333333334,15.927189988623436
693.3333333333334,15.927189988623436
693.3333333333334,15.927189988623436
693.3333333333334,15.927189988623436
693.3333333333334,15.927189988623436
693.3333333333334,15.927189988623436
693.3333333333334,15.927189988623436
693.3333333333334,15.927189988623436
693.3333333333334,15.927189988623436
693.3333333333334,15.927189988623436
696.470588235294,15.52901023890785
696.470588235294,15.52901023890785
696.470588235294,15.52901023890785
696.470588235294,15.52901023890785
696.470588235294,15.52901023890785
696.470588235294,15.52901023890785
696.470588235294,15.52901023890785
696.470588235294,15.52901023890785
696.470588235294,15.52901023890785
696.470588235294,15.52901023890785
696.470588235294,15.52901023890785
699.6078431372549,15.329920364050057
699.6078431372549,15.329920364050057
699.6078431372549,15.329920364050057
699.6078431372549,15.329920364050057
699.6078431372549,15.329920364050057
699.6078431372549,15.329920364050057
699.6078431372549,15.329920364050057
699.6078431372549,15.329920364050057
699.6078431372549,15.329920364050057
702.7450980392157,15.230375426621162
702.7450980392157,15.230375426621162
702.7450980392157,15.230375426621162
702.7450980392157,15.230375426621162
702.7450980392157,15.230375426621162
702.7450980392157,15.230375426621162
702.7450980392157,15.230375426621162
702.7450980392157,15.230375426621162
705.8823529411765,15.031285551763368
705.8823529411765,15.031285551763368
705.8823529411765,15.031285551763368
705.8823529411765,15.031285551763368
705.8823529411765,15.031285551763368
705.8823529411765,15.031285551763368
705.8823529411765,15.031285551763368
705.8823529411765,15.031285551763368
709.0196078431372,14.931740614334473
709.0196078431372,14.931740614334473
709.0196078431372,14.931740614334473
709.0196078431372,14.931740614334473
709.0196078431372,14.931740614334473
709.0196078431372,14.931740614334473
709.0196078431372,14.931740614334473
712.156862745098,15.130830489192265
712.156862745098,15.130830489192265
712.156862745098,15.130830489192265
712.156862745098,15.130830489192265
712.156862745098,15.130830489192265
712.156862745098,15.130830489192265
712.156862745098,15.130830489192265
715.2941176470589,16.02673492605233
715.2941176470589,16.02673492605233
715.2941176470589,16.02673492605233
715.2941176470589,16.02673492605233
715.2941176470589,16.02673492605233
715.2941176470589,16.02673492605233
715.2941176470589,16.02673492605233
715.2941176470589,16.02673492605233
715.2941176470589,16.02673492605233
715.2941176470589,16.02673492605233
715.2941176470589,16.02673492605233
715.2941176470589,16.02673492605233
715.2941176470589,16.02673492605233
715.2941176470589,16.02673492605233
715.2941176470589,16.02673492605233
715.2941176470589,16.02673492605233
715.2941176470589,16.02673492605233
715.2941176470589,16.02673492605233
718.4313725490196,16.424914675767916
718.4313725490196,16.424914675767916
718.4313725490196,16.424914675767916
718.4313725490196,16.424914675767916
718.4313725490196,16.424914675767916
718.4313725490196,16.424914675767916
718.4313725490196,16.424914675767916
718.4313725490196,16.424914675767916
718.4313725490196,16.424914675767916
718.4313725490196,16.424914675767916
718.4313725490196,16.424914675767916
718.4313725490196,16.424914675767916
718.4313725490196,16.424914675767916
718.4313725490196,16.424914675767916
718.4313725490196,16.424914675767916
718.4313725490196,16.424914675767916
718.4313725490196,16.424914675767916
718.4313725490196,16.424914675767916
718.4313725490196,16.424914675767916
718.4313725490196,16.424914675767916
718.4313725490196,16.424914675767916
718.4313725490196,16.424914675767916
721.5686274509803,16.62400455062571
721.5686274509803,16.62400455062571
721.5686274509803,16.62400455062571
721.5686274509803,16.62400455062571
721.5686274509803,16.62400455062571
721.5686274509803,16.62400455062571
721.5686274509803,16.62400455062571
721.5686274509803,16.62400455062571
721.5686274509803,16.62400455062571
721.5686274509803,16.62400455062571
721.5686274509803,16.62400455062571
721.5686274509803,16.62400455062571
721.5686274509803,16.62400455062571
721.5686274509803,16.62400455062571
721.5686274509803,16.62400455062571
721.5686274509803,16.62400455062571
721.5686274509803,16.62400455062571
721.5686274509803,16.62400455062571
721.5686274509803,16.62400455062571
721.5686274509803,16.62400455062571
721.5686274509803,16.62400455062571
721.5686274509803,16.62400455062571
724.7058823529412,16.922639362912403
724.7058823529412,16.922639362912403
724.7058823529412,16.922639362912403
724.7058823529412,16.922639362912403
724.7058823529412,16.922639362912403
724.7058823529412,16.922639362912403
724.7058823529412,16.922639362912403
724.7058823529412,16.922639362912403
724.7058823529412,16.922639362912403
724.7058823529412,16.922639362912403
724.7058823529412,16.922639362912403
724.7058823529412,16.922639362912403
724.7058823529412,16.922639362912403
724.7058823529412,16.922639362912403
724.7058823529412,16.922639362912403
724.7058823529412,16.922639362912403
724.7058823529412,16.922639362912403
724.7058823529412,16.922639362912403
724.7058823529412,16.922639362912403
727.8431372549019,17.519908987485778
727.8431372549019,17.519908987485778
727.8431372549019,17.519908987485778
727.8431372549019,17.519908987485778
727.8431372549019,17.519908987485778
727.8431372549019,17.519908987485778
727.8431372549019,17.519908987485778
727.8431372549019,17.519908987485778
727.8431372549019,17.519908987485778
727.8431372549019,17.519908987485778
727.8431372549019,17.519908987485778
727.8431372549019,17.519908987485778
727.8431372549019,17.519908987485778
730.9803921568628,17.121729237770193
730.9803921568628,17.121729237770193
730.9803921568628,17.121729237770193
730.9803921568628,17.121729237770193
730.9803921568628,17.121729237770193
730.9803921568628,17.121729237770193
730.9803921568628,17.121729237770193
730.9803921568628,17.121729237770193
730.9803921568628,17.121729237770193
730.9803921568628,17.121729237770193
730.9803921568628,17.121729237770193
730.9803921568628,17.121729237770193
730.9803921568628,17.121729237770193
730.9803921568628,17.121729237770193
730.9803921568628,17.121729237770193
734.1176470588235,16.424914675767916
734.1176470588235,16.424914675767916
734.1176470588235,16.424914675767916
734.1176470588235,16.424914675767916
734.1176470588235,16.424914675767916
734.1176470588235,16.424914675767916
734.1176470588235,16.424914675767916
734.1176470588235,16.424914675767916
734.1176470588235,16.424914675767916
734.1176470588235,16.424914675767916
734.1176470588235,16.424914675767916
734.1176470588235,16.424914675767916
734.1176470588235,16.424914675767916
734.1176470588235,16.424914675767916
737.2549019607843,16.02673492605233
737.2549019607843,16.02673492605233
737.2549019607843,16.02673492605233
737.2549019607843,16.02673492605233
737.2549019607843,16.02673492605233
737.2549019607843,16.02673492605233
737.2549019607843,16.02673492605233
737.2549019607843,16.02673492605233
737.2549019607843,16.02673492605233
737.2549019607843,16.02673492605233
737.2549019607843,16.02673492605233
737.2549019607843,16.02673492605233
737.2549019607843,16.02673492605233
737.2549019607843,16.02673492605233
740.3921568627451,15.628555176336747
740.3921568627451,15.628555176336747
740.3921568627451,15.628555176336747
740.3921568627451,15.628555176336747
740.3921568627451,15.628555176336747
740.3921568627451,15.628555176336747
740.3921568627451,15.628555176336747
740.3921568627451,15.628555176336747
740.3921568627451,15.628555176336747
740.3921568627451,15.628555176336747
740.3921568627451,15.628555176336747
740.3921568627451,15.628555176336747
743.5294117647059,15.230375426621162
743.5294117647059,15.230375426621162
743.5294117647059,15.230375426621162
743.5294117647059,15.230375426621162
743.5294117647059,15.230375426621162
743.5294117647059,15.230375426621162
743.5294117647059,15.230375426621162
743.5294117647059,15.230375426621162
743.5294117647059,15.230375426621162
743.5294117647059,15.230375426621162
746.6666666666667,14.832195676905574
746.6666666666667,14.832195676905574
746.6666666666667,14.832195676905574
746.6666666666667,14.832195676905574
746.6666666666667,14.832195676905574
746.6666666666667,14.832195676905574
746.6666666666667,14.832195676905574
746.6666666666667,14.832195676905574
749.8039215686274,14.732650739476677
749.8039215686274,14.732650739476677
749.8039215686274,14.732650739476677
749.8039215686274,14.732650739476677
749.8039215686274,14.732650739476677
749.8039215686274,14.732650739476677
749.8039215686274,14.732650739476677
752.9411764705882,14.633105802047782
752.9411764705882,14.633105802047782
752.9411764705882,14.633105802047782
752.9411764705882,14.633105802047782
752.9411764705882,14.633105802047782
752.9411764705882,14.633105802047782
756.0784313725491,14.633105802047782
756.0784313725491,14.633105802047782
756.0784313725491,14.633105802047782
756.0784313725491,14.633105802047782
756.0784313725491,14.633105802047782
756.0784313725491,14.633105802047782
759.2156862745097,14.533560864618885
759.2156862745097,14.533560864618885
759.2156862745097,14.533560864618885
759.2156862745097,14.533560864618885
759.2156862745097,14.533560864618885
759.2156862745097,14.533560864618885
759.2156862745097,14.533560864618885
762.3529411764706,14.533560864618885
762.3529411764706,14.533560864618885
762.3529411764706,14.533560864618885
762.3529411764706,14.533560864618885
762.3529411764706,14.533560864618885
762.3529411764706,14.533560864618885
762.3529411764706,14.533560864618885
765.4901960784314,14.533560864618885
765.4901960784314,14.533560864618885
765.4901960784314,14.533560864618885
765.4901960784314,14.533560864618885
765.4901960784314,14.533560864618885
765.4901960784314,14.533560864618885
765.4901960784314,14.533560864618885
768.6274509803922,14.533560864618885
768.6274509803922,14.533560864618885
768.6274509803922,14.533560864618885
768.6274509803922,14.533560864618885
768.6274509803922,14.533560864618885
768.6274509803922,14.533560864618885
768.6274509803922,14.533560864618885
771.7647058823529,14.633105802047782
771.7647058823529,14.633105802047782
771.7647058823529,14.633105802047782
771.7647058823529,14.633105802047782
771.7647058823529,14.633105802047782
771.7647058823529,14.633105802047782
774.9019607843137,14.633105802047782
774.9019607843137,14.633105802047782
774.9019607843137,14.633105802047782
774.9019607843137,14.633105802047782
774.9019607843137,14.633105802047782
774.9019607843137,14.633105802047782
778.0392156862746,14.633105802047782
778.0392156862746,14.633105802047782
778.0392156862746,14.633105802047782
778.0392156862746,14.633105802047782
778.0392156862746,14.633105802047782
778.0392156862746,14.633105802047782
781.1764705882352,14.633105802047782
781.1764705882352,14.633105802047782
781.1764705882352,14.633105802047782
781.1764705882352,14.633105802047782
781.1764705882352,14.633105802047782
781.1764705882352,14.633105802047782
784.313725490196,14.732650739476677
784.313725490196,14.732650739476677
784.313725490196,14.732650739476677
784.313725490196,14.732650739476677
784.313725490196,14.732650739476677
784.313725490196,14.732650739476677
784.313725490196,14.732650739476677
787.4509803921569,14.832195676905574
787.4509803921569,14.832195676905574
787.4509803921569,14.832195676905574
787.4509803921569,14.832195676905574
787.4509803921569,14.832195676905574
787.4509803921569,14.832195676905574
787.4509803921569,14.832195676905574
787.4509803921569,14.832195676905574
790.5882352941176,14.832195676905574
790.5882352941176,14.832195676905574
790.5882352941176,14.832195676905574
790.5882352941176,14.832195676905574
790.5882352941176,14.832195676905574
790.5882352941176,14.832195676905574
790.5882352941176,14.832195676905574
790.5882352941176,14.832195676905574
793.7254901960785,14.732650739476677
793.7254901960785,14.732650739476677
793.7254901960785,14.732650739476677
793.7254901960785,14.732650739476677
793.7254901960785,14.732650739476677
793.7254901960785,14.732650739476677
793.7254901960785,14.732650739476677
796.8627450980392,14.732650739476677
796.8627450980392,14.732650739476677
796.8627450980392,14.732650739476677
796.8627450980392,14.732650739476677
796.8627450980392,14.732650739476677
796.8627450980392,14.732650739476677
796.8627450980392,14.732650739476677
800.0,14.732650739476677
800.0,14.732650739476677
800.0,14.732650739476677
800.0,14.732650739476677
800.0,14.732650739476677
800.0,14.732650739476677
800.0,14.732650739476677
803.1372549019608,14.931740614334473
803.1372549019608,14.931740614334473
803.1372549019608,14.931740614334473
803.1372549019608,14.931740614334473
803.1372549019608,14.931740614334473
803.1372549019608,14.931740614334473
803.1372549019608,14.931740614334473
806.2745098039215,14.931740614334473
806.2745098039215,14.931740614334473
806.2745098039215,14.931740614334473
806.2745098039215,14.931740614334473
806.2745098039215,14.931740614334473
806.2745098039215,14.931740614334473
806.2745098039215,14.931740614334473
809.4117647058824,14.931740614334473
809.4117647058824,14.931740614334473
809.4117647058824,14.931740614334473
809.4117647058824,14.931740614334473
809.4117647058824,14.931740614334473
809.4117647058824,14.931740614334473
809.4117647058824,14.931740614334473
812.5490196078431,14.931740614334473
812.5490196078431,14.931740614334473
812.5490196078431,14.931740614334473
812.5490196078431,14.931740614334473
812.5490196078431,14.931740614334473
812.5490196078431,14.931740614334473
812.5490196078431,14.931740614334473
815.6862745098039,14.931740614334473
815.6862745098039,14.931740614334473
815.6862745098039,14.931740614334473
815.6862745098039,14.931740614334473
815.6862745098039,14.931740614334473
815.6862745098039,14.931740614334473
815.6862745098039,14.931740614334473
818.8235294117648,15.130830489192265
818.8235294117648,15.130830489192265
818.8235294117648,15.130830489192265
818.8235294117648,15.130830489192265
818.8235294117648,15.130830489192265
818.8235294117648,15.130830489192265
818.8235294117648,15.130830489192265
821.9607843137255,15.130830489192265
821.9607843137255,15.130830489192265
821.9607843137255,15.130830489192265
821.9607843137255,15.130830489192265
821.9607843137255,15.130830489192265
821.9607843137255,15.130830489192265
821.9607843137255,15.130830489192265
825.0980392156863,15.130830489192265
825.0980392156863,15.130830489192265
825.0980392156863,15.130830489192265
825.0980392156863,15.130830489192265
825.0980392156863,15.130830489192265
825.0980392156863,15.130830489192265
825.0980392156863,15.130830489192265
828.2352941176471,15.329920364050057
828.2352941176471,15.329920364050057
828.2352941176471,15.329920364050057
828.2352941176471,15.329920364050057
828.2352941176471,15.329920364050057
828.2352941176471,15.329920364050057
828.2352941176471,15.329920364050057
831.3725490196078,15.329920364050057
831.3725490196078,15.329920364050057
831.3725490196078,15.329920364050057
831.3725490196078,15.329920364050057
831.3725490196078,15.329920364050057
831.3725490196078,15.329920364050057
831.3725490196078,15.329920364050057
834.5098039215686,15.130830489192265
834.5098039215686,15.130830489192265
834.5098039215686,15.130830489192265
834.5098039215686,15.130830489192265
834.5098039215686,15.130830489192265
834.5098039215686,15.130830489192265
834.5098039215686,15.130830489192265
837.6470588235294,15.130830489192265
837.6470588235294,15.130830489192265
837.6470588235294,15.130830489192265
837.6470588235294,15.130830489192265
837.6470588235294,15.130830489192265
837.6470588235294,15.130830489192265
837.6470588235294,15.130830489192265
840.7843137254903,15.130830489192265
840.7843137254903,15.130830489192265
840.7843137254903,15.130830489192265
840.7843137254903,15.130830489192265
840.7843137254903,15.130830489192265
840.7843137254903,15.130830489192265
840.7843137254903,15.130830489192265
843.9215686274509,15.130830489192265
843.9215686274509,15.130830489192265
843.9215686274509,15.130830489192265
843.9215686274509,15.130830489192265
843.9215686274509,15.130830489192265
843.9215686274509,15.130830489192265
843.9215686274509,15.130830489192265
847.0588235294117,15.031285551763368
847.0588235294117,15.031285551763368
847.0588235294117,15.031285551763368
847.0588235294117,15.031285551763368
847.0588235294117,15.031285551763368
847.0588235294117,15.031285551763368
850.1960784313726,15.031285551763368
850.1960784313726,15.031285551763368
850.1960784313726,15.031285551763368
850.1960784313726,15.031285551763368
850.1960784313726,15.031285551763368
850.1960784313726,15.031285551763368
853.3333333333334,14.931740614334473
853.3333333333334,14.931740614334473
853.3333333333334,14.931740614334473
853.3333333333334,14.931740614334473
853.3333333333334,14.931740614334473
853.3333333333334,14.931740614334473
853.3333333333334,14.931740614334473
856.4705882352941,14.931740614334473
856.4705882352941,14.931740614334473
856.4705882352941,14.931740614334473
856.4705882352941,14.931740614334473
856.4705882352941,14.931740614334473
856.4705882352941,14.931740614334473
856.4705882352941,14.931740614334473
859.6078431372549,15.031285551763368
859.6078431372549,15.031285551763368
859.6078431372549,15.031285551763368
859.6078431372549,15.031285551763368
859.6078431372549,15.031285551763368
859.6078431372549,15.031285551763368
862.7450980392157,15.130830489192265
862.7450980392157,15.130830489192265
862.7450980392157,15.130830489192265
862.7450980392157,15.130830489192265
862.7450980392157,15.130830489192265
862.7450980392157,15.130830489192265
862.7450980392157,15.130830489192265
865.8823529411765,15.031285551763368
865.8823529411765,15.031285551763368
865.8823529411765,15.031285551763368
865.8823529411765,15.031285551763368
865.8823529411765,15.031285551763368
865.8823529411765,15.031285551763368
865.8823529411765,15.031285551763368
865.8823529411765,15.031285551763368
869.0196078431372,14.931740614334473
869.0196078431372,14.931740614334473
869.0196078431372,14.931740614334473
869.0196078431372,14.931740614334473
869.0196078431372,14.931740614334473
869.0196078431372,14.931740614334473
869.0196078431372,14.931740614334473
869.0196078431372,14.931740614334473
869.0196078431372,14.931740614334473
872.1568627450981,14.732650739476677
872.1568627450981,14.732650739476677
872.1568627450981,14.732650739476677
872.1568627450981,14.732650739476677
872.1568627450981,14.732650739476677
872.1568627450981,14.732650739476677
872.1568627450981,14.732650739476677
872.1568627450981,14.732650739476677
872.1568627450981,14.732650739476677
875.2941176470588,14.533560864618885
875.2941176470588,14.533560864618885
875.2941176470588,14.533560864618885
875.2941176470588,14.533560864618885
875.2941176470588,14.533560864618885
875.2941176470588,14.533560864618885
875.2941176470588,14.533560864618885
878.4313725490196,14.533560864618885
878.4313725490196,14.533560864618885
878.4313725490196,14.533560864618885
878.4313725490196,14.533560864618885
878.4313725490196,14.533560864618885
878.4313725490196,14.533560864618885
878.4313725490196,14.533560864618885
881.5686274509804,14.434015927189987
881.5686274509804,14.434015927189987
881.5686274509804,14.434015927189987
881.5686274509804,14.434015927189987
881.5686274509804,14.434015927189987
881.5686274509804,14.434015927189987
884.7058823529412,14.434015927189987
884.7058823529412,14.434015927189987
884.7058823529412,14.434015927189987
884.7058823529412,14.434015927189987
884.7058823529412,14.434015927189987
884.7058823529412,14.434015927189987
887.843137254902,14.334470989761092
887.843137254902,14.334470989761092
887.843137254902,14.334470989761092
887.843137254902,14.334470989761092
887.843137254902,14.334470989761092
887.843137254902,14.334470989761092
887.843137254902,14.334470989761092
890.9803921568628,14.234926052332195
890.9803921568628,14.234926052332195
890.9803921568628,14.234926052332195
890.9803921568628,14.234926052332195
890.9803921568628,14.234926052332195
890.9803921568628,14.234926052332195
894.1176470588235,14.234926052332195
894.1176470588235,14.234926052332195
894.1176470588235,14.234926052332195
894.1176470588235,14.234926052332195
894.1176470588235,14.234926052332195
894.1176470588235,14.234926052332195
897.2549019607843,14.234926052332195
897.2549019607843,14.234926052332195
897.2549019607843,14.234926052332195
897.2549019607843,14.234926052332195
897.2549019607843,14.234926052332195
897.2549019607843,14.234926052332195
900.3921568627451,14.234926052332195
900.3921568627451,14.234926052332195
900.3921568627451,14.234926052332195
900.3921568627451,14.234926052332195
900.3921568627451,14.234926052332195
900.3921568627451,14.234926052332195
903.529411764706,14.234926052332195
903.529411764706,14.234926052332195
903.529411764706,14.234926052332195
903.529411764706,14.234926052332195
903.529411764706,14.234926052332195
903.529411764706,14.234926052332195
906.6666666666666,14.135381114903298
906.6666666666666,14.135381114903298
906.6666666666666,14.135381114903298
906.6666666666666,14.135381114903298
906.6666666666666,14.135381114903298
906.6666666666666,14.135381114903298
906.6666666666666,14.135381114903298
909.8039215686274,14.135381114903298
909.8039215686274,14.135381114903298
909.8039215686274,14.135381114903298
909.8039215686274,14.135381114903298
909.8039215686274,14.135381114903298
909.8039215686274,14.135381114903298
909.8039215686274,14.135381114903298
912.9411764705883,14.135381114903298
912.9411764705883,14.135381114903298
912.9411764705883,14.135381114903298
912.9411764705883,14.135381114903298
912.9411764705883,14.135381114903298
912.9411764705883,14.135381114903298
912.9411764705883,14.135381114903298
916.0784313725491,14.135381114903298
916.0784313725491,14.135381114903298
916.0784313725491,14.135381114903298
916.0784313725491,14.135381114903298
916.0784313725491,14.135381114903298
916.0784313725491,14.135381114903298
916.0784313725491,14.135381114903298
919.2156862745098,14.135381114903298
919.2156862745098,14.135381114903298
919.2156862745098,14.135381114903298
919.2156862745098,14.135381114903298
919.2156862745098,14.135381114903298
919.2156862745098,14.135381114903298
919.2156862745098,14.135381114903298
922.3529411764706,14.135381114903298
922.3529411764706,14.135381114903298
922.3529411764706,14.135381114903298
922.3529411764706,14.135381114903298
922.3529411764706,14.135381114903298
922.3529411764706,14.135381114903298
922.3529411764706,14.135381114903298
925.4901960784314,14.135381114903298
925.4901960784314,14.135381114903298
925.4901960784314,14.135381114903298
925.4901960784314,14.135381114903298
925.4901960784314,14.135381114903298
925.4901960784314,14.135381114903298
925.4901960784314,14.135381114903298
928.6274509803922,14.135381114903298
928.6274509803922,14.135381114903298
928.6274509803922,14.135381114903298
928.6274509803922,14.135381114903298
928.6274509803922,14.135381114903298
928.6274509803922,14.135381114903298
928.6274509803922,14.135381114903298
931.7647058823529,14.135381114903298
931.7647058823529,14.135381114903298
931.7647058823529,14.135381114903298
931.7647058823529,14.135381114903298
931.7647058823529,14.135381114903298
931.7647058823529,14.135381114903298
931.7647058823529,14.135381114903298
934.9019607843137,14.135381114903298
934.9019607843137,14.135381114903298
934.9019607843137,14.135381114903298
934.9019607843137,14.135381114903298
934.9019607843137,14.135381114903298
934.9019607843137,14.135381114903298
934.9019607843137,14.135381114903298
938.0392156862745,14.135381114903298
938.0392156862745,14.135381114903298
938.0392156862745,14.135381114903298
938.0392156862745,14.135381114903298
938.0392156862745,14.135381114903298
938.0392156862745,14.135381114903298
938.0392156862745,14.135381114903298
941.1764705882352,14.234926052332195
941.1764705882352,14.234926052332195
941.1764705882352,14.234926052332195
941.1764705882352,14.234926052332195
941.1764705882352,14.234926052332195
941.1764705882352,14.234926052332195
944.3137254901961,14.234926052332195
944.3137254901961,14.234926052332195
944.3137254901961,14.234926052332195
944.3137254901961,14.234926052332195
944.3137254901961,14.234926052332195
944.3137254901961,14.234926052332195
947.4509803921569,14.135381114903298
947.4509803921569,14.135381114903298
947.4509803921569,14.135381114903298
947.4509803921569,14.135381114903298
947.4509803921569,14.135381114903298
947.4509803921569,14.135381114903298
947.4509803921569,14.135381114903298
950.5882352941176,14.135381114903298
950.5882352941176,14.135381114903298
950.5882352941176,14.135381114903298
950.5882352941176,14.135381114903298
950.5882352941176,14.135381114903298
950.5882352941176,14.135381114903298
950.5882352941176,14.135381114903298
953.7254901960785,14.234926052332195
953.7254901960785,14.234926052332195
953.7254901960785,14.234926052332195
953.7254901960785,14.234926052332195
953.7254901960785,14.234926052332195
953.7254901960785,14.234926052332195
956.8627450980392,14.234926052332195
956.8627450980392,14.234926052332195
956.8627450980392,14.234926052332195
956.8627450980392,14.234926052332195
956.8627450980392,14.234926052332195
956.8627450980392,14.234926052332195
960.0,14.234926052332195
960.0,14.234926052332195
960.0,14.234926052332195
960.0,14.234926052332195
960.0,14.234926052332195
960.0,14.234926052332195
963.1372549019608,14.234926052332195
963.1372549019608,14.234926052332195
963.1372549019608,14.234926052332195
963.1372549019608,14.234926052332195
963.1372549019608,14.234926052332195
963.1372549019608,14.234926052332195
966.2745098039215,14.234926052332195
966.2745098039215,14.234926052332195
966.2745098039215,14.234926052332195
966.2745098039215,14.234926052332195
966.2745098039215,14.234926052332195
966.2745098039215,14.234926052332195
969.4117647058823,14.234926052332195
969.4117647058823,14.234926052332195
969.4117647058823,14.234926052332195
969.4117647058823,14.234926052332195
969.4117647058823,14.234926052332195
969.4117647058823,14.234926052332195
972.5490196078431,14.234926052332195
972.5490196078431,14.234926052332195
972.5490196078431,14.234926052332195
972.5490196078431,14.234926052332195
972.5490196078431,14.234926052332195
972.5490196078431,14.234926052332195
975.686274509804,14.334470989761092
975.686274509804,14.334470989761092
975.686274509804,14.334470989761092
975.686274509804,14.334470989761092
975.686274509804,14.334470989761092
975.686274509804,14.334470989761092
975.686274509804,14.334470989761092
978.8235294117648,14.434015927189987
978.8235294117648,14.434015927189987
978.8235294117648,14.434015927189987
978.8235294117648,14.434015927189987
978.8235294117648,14.434015927189987
978.8235294117648,14.434015927189987
981.9607843137254,14.434015927189987
981.9607843137254,14.434015927189987
981.9607843137254,14.434015927189987
981.9607843137254,14.434015927189987
981.9607843137254,14.434015927189987
981.9607843137254,14.434015927189987
985.0980392156863,14.434015927189987
985.0980392156863,14.434015927189987
985.0980392156863,14.434015927189987
985.0980392156863,14.434015927189987
985.0980392156863,14.434015927189987
985.0980392156863,14.434015927189987
988.2352941176471,14.334470989761092
988.2352941176471,14.334470989761092
988.2352941176471,14.334470989761092
988.2352941176471,14.334470989761092
988.2352941176471,14.334470989761092
991.3725490196078,14.334470989761092
991.3725490196078,14.334470989761092
991.3725490196078,14.334470989761092
991.3725490196078,14.334470989761092
991.3725490196078,14.334470989761092
994.5098039215686,14.434015927189987
994.5098039215686,14.434015927189987
994.5098039215686,14.434015927189987
994.5098039215686,14.434015927189987
994.5098039215686,14.434015927189987
994.5098039215686,14.434015927189987
997.6470588235294,14.434015927189987
997.6470588235294,14.434015927189987
997.6470588235294,14.434015927189987
997.6470588235294,14.434015927189987
997.6470588235294,14.434015927189987
997.6470588235294,14.434015927189987
1000.7843137254902,14.434015927189987
1000.7843137254902,14.434015927189987
1000.7843137254902,14.434015927189987
1000.7843137254902,14.434015927189987
1000.7843137254902,14.434015927189987
1000.7843137254902,14.434015927189987
1003.9215686274509,14.434015927189987
1003.9215686274509,14.434015927189987
1003.9215686274509,14.434015927189987
1003.9215686274509,14.434015927189987
1003.9215686274509,14.434015927189987
1003.9215686274509,14.434015927189987
1007.0588235294118,14.434015927189987
1007.0588235294118,14.434015927189987
1007.0588235294118,14.434015927189987
1007.0588235294118,14.434015927189987
1007.0588235294118,14.434015927189987
1007.0588235294118,14.434015927189987
1010.1960784313726,14.434015927189987
1010.1960784313726,14.434015927189987
1010.1960784313726,14.434015927189987
1010.1960784313726,14.434015927189987
1010.1960784313726,14.434015927189987
1010.1960784313726,14.434015927189987
1013.3333333333334,14.434015927189987
1013.3333333333334,14.434015927189987
1013.3333333333334,14.434015927189987
1013.3333333333334,14.434015927189987
1013.3333333333334,14.434015927189987
1013.3333333333334,14.434015927189987
1016.470588235294,14.434015927189987
1016.470588235294,14.434015927189987
1016.470588235294,14.434015927189987
1016.470588235294,14.434015927189987
1016.470588235294,14.434015927189987
1016.470588235294,14.434015927189987
1019.6078431372548,14.334470989761092
1019.6078431372548,14.334470989761092
1019.6078431372548,14.334470989761092
1019.6078431372548,14.334470989761092
1019.6078431372548,14.334470989761092
1019.6078431372548,14.334470989761092
1019.6078431372548,14.334470989761092
1022.7450980392157,14.234926052332195
1022.7450980392157,14.234926052332195
1022.7450980392157,14.234926052332195
1022.7450980392157,14.234926052332195
1022.7450980392157,14.234926052332195
1022.7450980392157,14.234926052332195
1025.8823529411766,14.334470989761092
1025.8823529411766,14.334470989761092
1025.8823529411766,14.334470989761092
1025.8823529411766,14.334470989761092
1025.8823529411766,14.334470989761092
1025.8823529411766,14.334470989761092
1025.8823529411766,14.334470989761092
1029.0196078431372,14.334470989761092
1029.0196078431372,14.334470989761092
1029.0196078431372,14.334470989761092
1029.0196078431372,14.334470989761092
1029.0196078431372,14.334470989761092
1029.0196078431372,14.334470989761092
1029.0196078431372,14.334470989761092
1032.1568627450981,14.633105802047782
1032.1568627450981,14.633105802047782
1032.1568627450981,14.633105802047782
1032.1568627450981,14.633105802047782
1032.1568627450981,14.633105802047782
1032.1568627450981,14.633105802047782
1032.1568627450981,14.633105802047782
1032.1568627450981,14.633105802047782
1035.294117647059,14.633105802047782
1035.294117647059,14.633105802047782
1035.294117647059,14.633105802047782
1035.294117647059,14.633105802047782
1035.294117647059,14.633105802047782
1035.294117647059,14.633105802047782
1035.294117647059,14.633105802047782
1035.294117647059,14.633105802047782
1038.4313725490194,14.931740614334473
1038.4313725490194,14.931740614334473
1038.4313725490194,14.931740614334473
1038.4313725490194,14.931740614334473
1038.4313725490194,14.931740614334473
1038.4313725490194,14.931740614334473
1038.4313725490194,14.931740614334473
1041.5686274509803,15.329920364050057
1041.5686274509803,15.329920364050057
1041.5686274509803,15.329920364050057
1041.5686274509803,15.329920364050057
1041.5686274509803,15.329920364050057
1041.5686274509803,15.329920364050057
1041.5686274509803,15.329920364050057
1041.5686274509803,15.329920364050057
1041.5686274509803,15.329920364050057
1041.5686274509803,15.329920364050057
1041.5686274509803,15.329920364050057
1044.7058823529412,17.619453924914676
1044.7058823529412,17.619453924914676
1044.7058823529412,17.619453924914676
1044.7058823529412,17.619453924914676
1044.7058823529412,17.619453924914676
1044.7058823529412,17.619453924914676
1044.7058823529412,17.619453924914676
1044.7058823529412,17.619453924914676
1044.7058823529412,17.619453924914676
1044.7058823529412,17.619453924914676
1044.7058823529412,17.619453924914676
1044.7058823529412,17.619453924914676
1044.7058823529412,17.619453924914676
1044.7058823529412,17.619453924914676
1044.7058823529412,17.619453924914676
1044.7058823529412,17.619453924914676
1044.7058823529412,17.619453924914676
1044.7058823529412,17.619453924914676
1044.7058823529412,17.619453924914676
1044.7058823529412,17.619453924914676
1044.7058823529412,17.619453924914676
1044.7058823529412,17.619453924914676
1044.7058823529412,17.619453924914676
1044.7058823529412,17.619453924914676
1044.7058823529412,17.619453924914676
1044.7058823529412,17.619453924914676
1044.7058823529412,17.619453924914676
1044.7058823529412,17.619453924914676
1044.7058823529412,17.619453924914676
1044.7058823529412,17.619453924914676
1044.7058823529412,17.619453924914676
1044.7058823529412,17.619453924914676
1044.7058823529412,17.619453924914676
1044.7058823529412,17.619453924914676
1047.8431372549019,22.696245733788395
1047.8431372549019,22.696245733788395
1047.8431372549019,22.696245733788395
1047.8431372549019,22.696245733788395
1047.8431372549019,22.696245733788395
1047.8431372549019,22.696245733788395
1047.8431372549019,22.696245733788395
1047.8431372549019,22.696245733788395
1047.8431372549019,22.696245733788395
1047.8431372549019,22.696245733788395
1047.8431372549019,22.696245733788395
1047.8431372549019,22.696245733788395
1047.8431372549019,22.696245733788395
1047.8431372549019,22.696245733788395
1047.8431372549019,22.696245733788395
1047.8431372549019,22.696245733788395
1047.8431372549019,22.696245733788395
1047.8431372549019,22.696245733788395
1047.8431372549019,22.696245733788395
1047.8431372549019,22.696245733788395
1047.8431372549019,22.696245733788395
1047.8431372549019,22.696245733788395
1047.8431372549019,22.696245733788395
1047.8431372549019,22.696245733788395
1047.8431372549019,22.696245733788395
1047.8431372549019,22.696245733788395
1047.8431372549019,22.696245733788395
1047.8431372549019,22.696245733788395
1047.8431372549019,22.696245733788395
1047.8431372549019,22.696245733788395
1047.8431372549019,22.696245733788395
1047.8431372549019,22.696245733788395
1047.8431372549019,22.696245733788395
1047.8431372549019,22.696245733788395
1047.8431372549019,22.696245733788395
1047.8431372549019,22.696245733788395
1047.8431372549019,22.696245733788395
1047.8431372549019,22.696245733788395
1047.8431372549019,22.696245733788395
1047.8431372549019,22.696245733788395
1047.8431372549019,22.696245733788395
1047.8431372549019,22.696245733788395
1047.8431372549019,22.696245733788395
1047.8431372549019,22.696245733788395
1047.8431372549019,22.696245733788395
1047.8431372549019,22.696245733788395
1047.8431372549019,22.696245733788395
1047.8431372549019,22.696245733788395
1047.8431372549019,22.696245733788395
1047.8431372549019,22.696245733788395
1047.8431372549019,22.696245733788395
1047.8431372549019,22.696245733788395
1047.8431372549019,22.696245733788395
1047.8431372549019,22.696245733788395
1047.8431372549019,22.696245733788395
1047.8431372549019,22.696245733788395
1047.8431372549019,22.696245733788395
1047.8431372549019,22.696245733788395
1047.8431372549019,22.696245733788395
1047.8431372549019,22.696245733788395
1047.8431372549019,22.696245733788395
1047.8431372549019,22.696245733788395
1047.8431372549019,22.696245733788395
1047.8431372549019,22.696245733788395
1047.8431372549019,22.696245733788395
1047.8431372549019,22.696245733788395
1047.8431372549019,22.696245733788395
1047.8431372549019,22.696245733788395
1047.8431372549019,22.696245733788395
1047.8431372549019,22.696245733788395
1047.8431372549019,22.696245733788395
1047.8431372549019,22.696245733788395
1047.8431372549019,22.696245733788395
1047.8431372549019,22.696245733788395
1047.8431372549019,22.696245733788395
1047.8431372549019,22.696245733788395
1047.8431372549019,22.696245733788395
1047.8431372549019,22.696245733788395
1047.8431372549019,22.696245733788395
1047.8431372549019,22.696245733788395
1047.8431372549019,22.696245733788395
1047.8431372549019,22.696245733788395
1047.8431372549019,22.696245733788395
1050.9803921568628,36.23435722411831
1050.9803921568628,36.23435722411831
1050.9803921568628,36.23435722411831
1050.9803921568628,36.23435722411831
1050.9803921568628,36.23435722411831
1050.9803921568628,36.23435722411831
1050.9803921568628,36.23435722411831
1050.9803921568628,36.23435722411831
1050.9803921568628,36.23435722411831
1050.9803921568628,36.23435722411831
1050.9803921568628,36.23435722411831
1050.9803921568628,36.23435722411831
1050.9803921568628,36.23435722411831
1050.9803921568628,36.23435722411831
1050.9803921568628,36.23435722411831
1050.9803921568628,36.23435722411831
1050.9803921568628,36.23435722411831
1050.9803921568628,36.23435722411831
1050.9803921568628,36.23435722411831
1050.9803921568628,36.23435722411831
1050.9803921568628,36.23435722411831
1050.9803921568628,36.23435722411831
1050.9803921568628,36.23435722411831
1050.9803921568628,36.23435722411831
1050.9803921568628,36.23435722411831
1050.9803921568628,36.23435722411831
1050.9803921568628,36.23435722411831
1050.9803921568628,36.23435722411831
1050.9803921568628,36.23435722411831
1050.9803921568628,36.23435722411831
1050.9803921568628,36.23435722411831
1050.9803921568628,36.23435722411831
1050.9803921568628,36.23435722411831
1050.9803921568628,36.23435722411831
1050.9803921568628,36.23435722411831
1050.9803921568628,36.23435722411831
1050.9803921568628,36.23435722411831
1050.9803921568628,36.23435722411831
1050.9803921568628,36.23435722411831
1050.9803921568628,36.23435722411831
1050.9803921568628,36.23435722411831
1050.9803921568628,36.23435722411831
1050.9803921568628,36.23435722411831
1050.9803921568628,36.23435722411831
1050.9803921568628,36.23435722411831
1050.9803921568628,36.23435722411831
1050.9803921568628,36.23435722411831
1050.9803921568628,36.23435722411831
1050.9803921568628,36.23435722411831
1050.9803921568628,36.23435722411831
1050.9803921568628,36.23435722411831
1050.9803921568628,36.23435722411831
1050.9803921568628,36.23435722411831
1050.9803921568628,36.23435722411831
1050.9803921568628,36.23435722411831
1050.9803921568628,36.23435722411831
1050.9803921568628,36.23435722411831
1050.9803921568628,36.23435722411831
1050.9803921568628,36.23435722411831
1050.9803921568628,36.23435722411831
1050.9803921568628,36.23435722411831
1050.9803921568628,36.23435722411831
1050.9803921568628,36.23435722411831
1050.9803921568628,36.23435722411831
1050.9803921568628,36.23435722411831
1050.9803921568628,36.23435722411831
1050.9803921568628,36.23435722411831
1050.9803921568628,36.23435722411831
1050.9803921568628,36.23435722411831
1050.9803921568628,36.23435722411831
1050.9803921568628,36.23435722411831
1050.9803921568628,36.23435722411831
1050.9803921568628,36.23435722411831
1050.9803921568628,36.23435722411831
1050.9803921568628,36.23435722411831
1050.9803921568628,36.23435722411831
1050.9803921568628,36.23435722411831
1050.9803921568628,36.23435722411831
1050.9803921568628,36.23435722411831
1050.9803921568628,36.23435722411831
1050.9803921568628,36.23435722411831
1050.9803921568628,36.23435722411831
1050.9803921568628,36.23435722411831
1050.9803921568628,36.23435722411831
1050.9803921568628,36.23435722411831
1050.9803921568628,36.23435722411831
1050.9803921568628,36.23435722411831
1050.9803921568628,36.23435722411831
1050.9803921568628,36.23435722411831
1050.9803921568628,36.23435722411831
1050.9803921568628,36.23435722411831
1050.9803921568628,36.23435722411831
1050.9803921568628,36.23435722411831
1050.9803921568628,36.23435722411831
1050.9803921568628,36.23435722411831
1050.9803921568628,36.23435722411831
1050.9803921568628,36.23435722411831
1050.9803921568628,36.23435722411831
1050.9803921568628,36.23435722411831
1050.9803921568628,36.23435722411831
1050.9803921568628,36.23435722411831
1050.9803921568628,36.23435722411831
1050.9803921568628,36.23435722411831
1050.9803921568628,36.23435722411831
1050.9803921568628,36.23435722411831
1050.9803921568628,36.23435722411831
1050.9803921568628,36.23435722411831
1050.9803921568628,36.23435722411831
1050.9803921568628,36.23435722411831
1050.9803921568628,36.23435722411831
1050.9803921568628,36.23435722411831
1050.9803921568628,36.23435722411831
1050.9803921568628,36.23435722411831
1050.9803921568628,36.23435722411831
1050.9803921568628,36.23435722411831
1050.9803921568628,36.23435722411831
1050.9803921568628,36.23435722411831
1050.9803921568628,36.23435722411831
1050.9803921568628,36.23435722411831
1050.9803921568628,36.23435722411831
1050.9803921568628,36.23435722411831
1050.9803921568628,36.23435722411831
1050.9803921568628,36.23435722411831
1050.9803921568628,36.23435722411831
1050.9803921568628,36.23435722411831
1050.9803921568628,36.23435722411831
1050.9803921568628,36.23435722411831
1050.9803921568628,36.23435722411831
1050.9803921568628,36.23435722411831
1050.9803921568628,36.23435722411831
1050.9803921568628,36.23435722411831
1050.9803921568628,36.23435722411831
1050.9803921568628,36.23435722411831
1050.9803921568628,36.23435722411831
1050.9803921568628,36.23435722411831
1050.9803921568628,36.23435722411831
1050.9803921568628,36.23435722411831
1050.9803921568628,36.23435722411831
1050.9803921568628,36.23435722411831
1050.9803921568628,36.23435722411831
1050.9803921568628,36.23435722411831
1050.9803921568628,36.23435722411831
1050.9803921568628,36.23435722411831
1050.9803921568628,36.23435722411831
1050.9803921568628,36.23435722411831
1050.9803921568628,36.23435722411831
1050.9803921568628,36.23435722411831
1050.9803921568628,36.23435722411831
1050.9803921568628,36.23435722411831
1050.9803921568628,36.23435722411831
1050.9803921568628,36.23435722411831
1050.9803921568628,36.23435722411831
1050.9803921568628,36.23435722411831
1050.9803921568628,36.23435722411831
1050.9803921568628,36.23435722411831
1050.9803921568628,36.23435722411831
1050.9803921568628,36.23435722411831
1050.9803921568628,36.23435722411831
1050.9803921568628,36.23435722411831
1050.9803921568628,36.23435722411831
1050.9803921568628,36.23435722411831
1050.9803921568628,36.23435722411831
1050.9803921568628,36.23435722411831
1050.9803921568628,36.23435722411831
1050.9803921568628,36.23435722411831
1050.9803921568628,36.23435722411831
1050.9803921568628,36.23435722411831
1050.9803921568628,36.23435722411831
1050.9803921568628,36.23435722411831
1050.9803921568628,36.23435722411831
1050.9803921568628,36.23435722411831
1050.9803921568628,36.23435722411831
1050.9803921568628,36.23435722411831
1050.9803921568628,36.23435722411831
1050.9803921568628,36.23435722411831
1050.9803921568628,36.23435722411831
1050.9803921568628,36.23435722411831
1050.9803921568628,36.23435722411831
1050.9803921568628,36.23435722411831
1050.9803921568628,36.23435722411831
1050.9803921568628,36.23435722411831
1050.9803921568628,36.23435722411831
1050.9803921568628,36.23435722411831
1050.9803921568628,36.23435722411831
1050.9803921568628,36.23435722411831
1050.9803921568628,36.23435722411831
1050.9803921568628,36.23435722411831
1050.9803921568628,36.23435722411831
1050.9803921568628,36.23435722411831
1050.9803921568628,36.23435722411831
1050.9803921568628,36.23435722411831
1050.9803921568628,36.23435722411831
1050.9803921568628,36.23435722411831
1050.9803921568628,36.23435722411831
1050.9803921568628,36.23435722411831
1050.9803921568628,36.23435722411831
1050.9803921568628,36.23435722411831
1050.9803921568628,36.23435722411831
1050.9803921568628,36.23435722411831
1050.9803921568628,36.23435722411831
1050.9803921568628,36.23435722411831
1050.9803921568628,36.23435722411831
1050.9803921568628,36.23435722411831
1050.9803921568628,36.23435722411831
1050.9803921568628,36.23435722411831
1050.9803921568628,36.23435722411831
1050.9803921568628,36.23435722411831
1050.9803921568628,36.23435722411831
1050.9803921568628,36.23435722411831
1050.9803921568628,36.23435722411831
1050.9803921568628,36.23435722411831
1050.9803921568628,36.23435722411831
1050.9803921568628,36.23435722411831
1050.9803921568628,36.23435722411831
1050.9803921568628,36.23435722411831
1054.1176470588236,43.10295790671217
1054.1176470588236,43.10295790671217
1054.1176470588236,43.10295790671217
1054.1176470588236,43.10295790671217
1054.1176470588236,43.10295790671217
1054.1176470588236,43.10295790671217
1054.1176470588236,43.10295790671217
1054.1176470588236,43.10295790671217
1054.1176470588236,43.10295790671217
1054.1176470588236,43.10295790671217
1054.1176470588236,43.10295790671217
1054.1176470588236,43.10295790671217
1054.1176470588236,43.10295790671217
1054.1176470588236,43.10295790671217
1054.1176470588236,43.10295790671217
1054.1176470588236,43.10295790671217
1054.1176470588236,43.10295790671217
1054.1176470588236,43.10295790671217
1054.1176470588236,43.10295790671217
1054.1176470588236,43.10295790671217
1054.1176470588236,43.10295790671217
1054.1176470588236,43.10295790671217
1054.1176470588236,43.10295790671217
1054.1176470588236,43.10295790671217
1054.1176470588236,43.10295790671217
1054.1176470588236,43.10295790671217
1054.1176470588236,43.10295790671217
1054.1176470588236,43.10295790671217
1054.1176470588236,43.10295790671217
1054.1176470588236,43.10295790671217
1054.1176470588236,43.10295790671217
1054.1176470588236,43.10295790671217
1054.1176470588236,43.10295790671217
1054.1176470588236,43.10295790671217
1054.1176470588236,43.10295790671217
1054.1176470588236,43.10295790671217
1054.1176470588236,43.10295790671217
1054.1176470588236,43.10295790671217
1054.1176470588236,43.10295790671217
1054.1176470588236,43.10295790671217
1054.1176470588236,43.10295790671217
1054.1176470588236,43.10295790671217
1054.1176470588236,43.10295790671217
1054.1176470588236,43.10295790671217
1054.1176470588236,43.10295790671217
1054.1176470588236,43.10295790671217
1054.1176470588236,43.10295790671217
1054.1176470588236,43.10295790671217
1054.1176470588236,43.10295790671217
1054.1176470588236,43.10295790671217
1054.1176470588236,43.10295790671217
1054.1176470588236,43.10295790671217
1054.1176470588236,43.10295790671217
1054.1176470588236,43.10295790671217
1054.1176470588236,43.10295790671217
1054.1176470588236,43.10295790671217
1054.1176470588236,43.10295790671217
1054.1176470588236,43.10295790671217
1054.1176470588236,43.10295790671217
1054.1176470588236,43.10295790671217
1054.1176470588236,43.10295790671217
1054.1176470588236,43.10295790671217
1054.1176470588236,43.10295790671217
1054.1176470588236,43.10295790671217
1054.1176470588236,43.10295790671217
1054.1176470588236,43.10295790671217
1054.1176470588236,43.10295790671217
1054.1176470588236,43.10295790671217
1054.1176470588236,43.10295790671217
1054.1176470588236,43.10295790671217
1054.1176470588236,43.10295790671217
1054.1176470588236,43.10295790671217
1054.1176470588236,43.10295790671217
1054.1176470588236,43.10295790671217
1054.1176470588236,43.10295790671217
1054.1176470588236,43.10295790671217
1054.1176470588236,43.10295790671217
1054.1176470588236,43.10295790671217
1054.1176470588236,43.10295790671217
1054.1176470588236,43.10295790671217
1054.1176470588236,43.10295790671217
1054.1176470588236,43.10295790671217
1054.1176470588236,43.10295790671217
1054.1176470588236,43.10295790671217
1054.1176470588236,43.10295790671217
1054.1176470588236,43.10295790671217
1054.1176470588236,43.10295790671217
1054.1176470588236,43.10295790671217
1054.1176470588236,43.10295790671217
1054.1176470588236,43.10295790671217
1054.1176470588236,43.10295790671217
1054.1176470588236,43.10295790671217
1054.1176470588236,43.10295790671217
1054.1176470588236,43.10295790671217
1054.1176470588236,43.10295790671217
1054.1176470588236,43.10295790671217
1054.1176470588236,43.10295790671217
1054.1176470588236,43.10295790671217
1054.1176470588236,43.10295790671217
1054.1176470588236,43.10295790671217
1054.1176470588236,43.10295790671217
1054.1176470588236,43.10295790671217
1054.1176470588236,43.10295790671217
1054.1176470588236,43.10295790671217
1054.1176470588236,43.10295790671217
1054.1176470588236,43.10295790671217
1054.1176470588236,43.10295790671217
1054.1176470588236,43.10295790671217
1054.1176470588236,43.10295790671217
1054.1176470588236,43.10295790671217
1054.1176470588236,43.10295790671217
1054.1176470588236,43.10295790671217
1054.1176470588236,43.10295790671217
1054.1176470588236,43.10295790671217
1054.1176470588236,43.10295790671217
1054.1176470588236,43.10295790671217
1054.1176470588236,43.10295790671217
1054.1176470588236,43.10295790671217
1054.1176470588236,43.10295790671217
1054.1176470588236,43.10295790671217
1054.1176470588236,43.10295790671217
1054.1176470588236,43.10295790671217
1054.1176470588236,43.10295790671217
1054.1176470588236,43.10295790671217
1054.1176470588236,43.10295790671217
1054.1176470588236,43.10295790671217
1054.1176470588236,43.10295790671217
1054.1176470588236,43.10295790671217
1054.1176470588236,43.10295790671217
1054.1176470588236,43.10295790671217
1054.1176470588236,43.10295790671217
1054.1176470588236,43.10295790671217
1054.1176470588236,43.10295790671217
1054.1176470588236,43.10295790671217
1054.1176470588236,43.10295790671217
1054.1176470588236,43.10295790671217
1054.1176470588236,43.10295790671217
1054.1176470588236,43.10295790671217
1054.1176470588236,43.10295790671217
1054.1176470588236,43.10295790671217
1054.1176470588236,43.10295790671217
1054.1176470588236,43.10295790671217
1054.1176470588236,43.10295790671217
1054.1176470588236,43.10295790671217
1054.1176470588236,43.10295790671217
1054.1176470588236,43.10295790671217
1054.1176470588236,43.10295790671217
1054.1176470588236,43.10295790671217
1054.1176470588236,43.10295790671217
1054.1176470588236,43.10295790671217
1054.1176470588236,43.10295790671217
1054.1176470588236,43.10295790671217
1054.1176470588236,43.10295790671217
1054.1176470588236,43.10295790671217
1054.1176470588236,43.10295790671217
1054.1176470588236,43.10295790671217
1054.1176470588236,43.10295790671217
1054.1176470588236,43.10295790671217
1054.1176470588236,43.10295790671217
1054.1176470588236,43.10295790671217
1054.1176470588236,43.10295790671217
1054.1176470588236,43.10295790671217
1054.1176470588236,43.10295790671217
1054.1176470588236,43.10295790671217
1054.1176470588236,43.10295790671217
1054.1176470588236,43.10295790671217
1054.1176470588236,43.10295790671217
1054.1176470588236,43.10295790671217
1054.1176470588236,43.10295790671217
1054.1176470588236,43.10295790671217
1054.1176470588236,43.10295790671217
1054.1176470588236,43.10295790671217
1054.1176470588236,43.10295790671217
1054.1176470588236,43.10295790671217
1054.1176470588236,43.10295790671217
1054.1176470588236,43.10295790671217
1054.1176470588236,43.10295790671217
1054.1176470588236,43.10295790671217
1054.1176470588236,43.10295790671217
1054.1176470588236,43.10295790671217
1054.1176470588236,43.10295790671217
1054.1176470588236,43.10295790671217
1054.1176470588236,43.10295790671217
1054.1176470588236,43.10295790671217
1054.1176470588236,43.10295790671217
1054.1176470588236,43.10295790671217
1054.1176470588236,43.10295790671217
1054.1176470588236,43.10295790671217
1054.1176470588236,43.10295790671217
1054.1176470588236,43.10295790671217
1054.1176470588236,43.10295790671217
1054.1176470588236,43.10295790671217
1054.1176470588236,43.10295790671217
1054.1176470588236,43.10295790671217
1054.1176470588236,43.10295790671217
1054.1176470588236,43.10295790671217
1054.1176470588236,43.10295790671217
1054.1176470588236,43.10295790671217
1054.1176470588236,43.10295790671217
1054.1176470588236,43.10295790671217
1054.1176470588236,43.10295790671217
1054.1176470588236,43.10295790671217
1054.1176470588236,43.10295790671217
1054.1176470588236,43.10295790671217
1054.1176470588236,43.10295790671217
1054.1176470588236,43.10295790671217
1054.1176470588236,43.10295790671217
1054.1176470588236,43.10295790671217
1054.1176470588236,43.10295790671217
1054.1176470588236,43.10295790671217
1054.1176470588236,43.10295790671217
1054.1176470588236,43.10295790671217
1054.1176470588236,43.10295790671217
1054.1176470588236,43.10295790671217
1054.1176470588236,43.10295790671217
1054.1176470588236,43.10295790671217
1054.1176470588236,43.10295790671217
1054.1176470588236,43.10295790671217
1054.1176470588236,43.10295790671217
1054.1176470588236,43.10295790671217
1054.1176470588236,43.10295790671217
1054.1176470588236,43.10295790671217
1054.1176470588236,43.10295790671217
1054.1176470588236,43.10295790671217
1054.1176470588236,43.10295790671217
1054.1176470588236,43.10295790671217
1054.1176470588236,43.10295790671217
1054.1176470588236,43.10295790671217
1054.1176470588236,43.10295790671217
1054.1176470588236,43.10295790671217
1054.1176470588236,43.10295790671217
1054.1176470588236,43.10295790671217
1054.1176470588236,43.10295790671217
1054.1176470588236,43.10295790671217
1054.1176470588236,43.10295790671217
1054.1176470588236,43.10295790671217
1054.1176470588236,43.10295790671217
1054.1176470588236,43.10295790671217
1054.1176470588236,43.10295790671217
1054.1176470588236,43.10295790671217
1054.1176470588236,43.10295790671217
1054.1176470588236,43.10295790671217
1054.1176470588236,43.10295790671217
1054.1176470588236,43.10295790671217
1054.1176470588236,43.10295790671217
1054.1176470588236,43.10295790671217
1054.1176470588236,43.10295790671217
1054.1176470588236,43.10295790671217
1054.1176470588236,43.10295790671217
1054.1176470588236,43.10295790671217
1054.1176470588236,43.10295790671217
1054.1176470588236,43.10295790671217
1054.1176470588236,43.10295790671217
1054.1176470588236,43.10295790671217
1054.1176470588236,43.10295790671217
1054.1176470588236,43.10295790671217
1054.1176470588236,43.10295790671217
1054.1176470588236,43.10295790671217
1054.1176470588236,43.10295790671217
1054.1176470588236,43.10295790671217
1054.1176470588236,43.10295790671217
1054.1176470588236,43.10295790671217
1054.1176470588236,43.10295790671217
1054.1176470588236,43.10295790671217
1054.1176470588236,43.10295790671217
1054.1176470588236,43.10295790671217
1054.1176470588236,43.10295790671217
1054.1176470588236,43.10295790671217
1054.1176470588236,43.10295790671217
1054.1176470588236,43.10295790671217
1054.1176470588236,43.10295790671217
1054.1176470588236,43.10295790671217
1057.2549019607843,44.496587030716725
1057.2549019607843,44.496587030716725
1057.2549019607843,44.496587030716725
1057.2549019607843,44.496587030716725
1057.2549019607843,44.496587030716725
1057.2549019607843,44.496587030716725
1057.2549019607843,44.496587030716725
1057.2549019607843,44.496587030716725
1057.2549019607843,44.496587030716725
1057.2549019607843,44.496587030716725
1057.2549019607843,44.496587030716725
1057.2549019607843,44.496587030716725
1057.2549019607843,44.496587030716725
1057.2549019607843,44.496587030716725
1057.2549019607843,44.496587030716725
1057.2549019607843,44.496587030716725
1057.2549019607843,44.496587030716725
1057.2549019607843,44.496587030716725
1057.2549019607843,44.496587030716725
1057.2549019607843,44.496587030716725
1057.2549019607843,44.496587030716725
1057.2549019607843,44.496587030716725
1057.2549019607843,44.496587030716725
1057.2549019607843,44.496587030716725
1057.2549019607843,44.496587030716725
1057.2549019607843,44.496587030716725
1057.2549019607843,44.496587030716725
1057.2549019607843,44.496587030716725
1057.2549019607843,44.496587030716725
1057.2549019607843,44.496587030716725
1057.2549019607843,44.496587030716725
1057.2549019607843,44.496587030716725
1057.2549019607843,44.496587030716725
1057.2549019607843,44.496587030716725
1057.2549019607843,44.496587030716725
1057.2549019607843,44.496587030716725
1057.2549019607843,44.496587030716725
1057.2549019607843,44.496587030716725
1057.2549019607843,44.496587030716725
1057.2549019607843,44.496587030716725
1057.2549019607843,44.496587030716725
1057.2549019607843,44.496587030716725
1057.2549019607843,44.496587030716725
1057.2549019607843,44.496587030716725
1057.2549019607843,44.496587030716725
1057.2549019607843,44.496587030716725
1057.2549019607843,44.496587030716725
1057.2549019607843,44.496587030716725
1057.2549019607843,44.496587030716725
1057.2549019607843,44.496587030716725
1057.2549019607843,44.496587030716725
1057.2549019607843,44.496587030716725
1057.2549019607843,44.496587030716725
1057.2549019607843,44.496587030716725
1057.2549019607843,44.496587030716725
1057.2549019607843,44.496587030716725
1057.2549019607843,44.496587030716725
1057.2549019607843,44.496587030716725
1057.2549019607843,44.496587030716725
1057.2549019607843,44.496587030716725
1057.2549019607843,44.496587030716725
1057.2549019607843,44.496587030716725
1057.2549019607843,44.496587030716725
1057.2549019607843,44.496587030716725
1057.2549019607843,44.496587030716725
1057.2549019607843,44.496587030716725
1057.2549019607843,44.496587030716725
1057.2549019607843,44.496587030716725
1057.2549019607843,44.496587030716725
1057.2549019607843,44.496587030716725
1057.2549019607843,44.496587030716725
1057.2549019607843,44.496587030716725
1057.2549019607843,44.496587030716725
1057.2549019607843,44.496587030716725
1057.2549019607843,44.496587030716725
1057.2549019607843,44.496587030716725
1057.2549019607843,44.496587030716725
1057.2549019607843,44.496587030716725
1057.2549019607843,44.496587030716725
1057.2549019607843,44.496587030716725
1057.2549019607843,44.496587030716725
1057.2549019607843,44.496587030716725
1057.2549019607843,44.496587030716725
1057.2549019607843,44.496587030716725
1057.2549019607843,44.496587030716725
1057.2549019607843,44.496587030716725
1057.2549019607843,44.496587030716725
1057.2549019607843,44.496587030716725
1057.2549019607843,44.496587030716725
1057.2549019607843,44.496587030716725
1057.2549019607843,44.496587030716725
1057.2549019607843,44.496587030716725
1057.2549019607843,44.496587030716725
1057.2549019607843,44.496587030716725
1057.2549019607843,44.496587030716725
1057.2549019607843,44.496587030716725
1057.2549019607843,44.496587030716725
1057.2549019607843,44.496587030716725
1057.2549019607843,44.496587030716725
1057.2549019607843,44.496587030716725
1057.2549019607843,44.496587030716725
1057.2549019607843,44.496587030716725
1057.2549019607843,44.496587030716725
1057.2549019607843,44.496587030716725
1057.2549019607843,44.496587030716725
1057.2549019607843,44.496587030716725
1057.2549019607843,44.496587030716725
1057.2549019607843,44.496587030716725
1057.2549019607843,44.496587030716725
1057.2549019607843,44.496587030716725
1057.2549019607843,44.496587030716725
1057.2549019607843,44.496587030716725
1057.2549019607843,44.496587030716725
1057.2549019607843,44.496587030716725
1057.2549019607843,44.496587030716725
1057.2549019607843,44.496587030716725
1057.2549019607843,44.496587030716725
1057.2549019607843,44.496587030716725
1057.2549019607843,44.496587030716725
1057.2549019607843,44.496587030716725
1057.2549019607843,44.496587030716725
1057.2549019607843,44.496587030716725
1057.2549019607843,44.496587030716725
1057.2549019607843,44.496587030716725
1057.2549019607843,44.496587030716725
1057.2549019607843,44.496587030716725
1057.2549019607843,44.496587030716725
1057.2549019607843,44.496587030716725
1057.2549019607843,44.496587030716725
1057.2549019607843,44.496587030716725
1057.2549019607843,44.496587030716725
1057.2549019607843,44.496587030716725
1057.2549019607843,44.496587030716725
1057.2549019607843,44.496587030716725
1057.2549019607843,44.496587030716725
1057.2549019607843,44.496587030716725
1057.2549019607843,44.496587030716725
1057.2549019607843,44.496587030716725
1057.2549019607843,44.496587030716725
1057.2549019607843,44.496587030716725
1057.2549019607843,44.496587030716725
1057.2549019607843,44.496587030716725
1057.2549019607843,44.496587030716725
1057.2549019607843,44.496587030716725
1057.2549019607843,44.496587030716725
1057.2549019607843,44.496587030716725
1057.2549019607843,44.496587030716725
1057.2549019607843,44.496587030716725
1057.2549019607843,44.496587030716725
1057.2549019607843,44.496587030716725
1057.2549019607843,44.496587030716725
1057.2549019607843,44.496587030716725
1057.2549019607843,44.496587030716725
1057.2549019607843,44.496587030716725
1057.2549019607843,44.496587030716725
1057.2549019607843,44.496587030716725
1057.2549019607843,44.496587030716725
1057.2549019607843,44.496587030716725
1057.2549019607843,44.496587030716725
1057.2549019607843,44.496587030716725
1057.2549019607843,44.496587030716725
1057.2549019607843,44.496587030716725
1057.2549019607843,44.496587030716725
1057.2549019607843,44.496587030716725
1057.2549019607843,44.496587030716725
1057.2549019607843,44.496587030716725
1057.2549019607843,44.496587030716725
1057.2549019607843,44.496587030716725
1057.2549019607843,44.496587030716725
1057.2549019607843,44.496587030716725
1057.2549019607843,44.496587030716725
1057.2549019607843,44.496587030716725
1057.2549019607843,44.496587030716725
1057.2549019607843,44.496587030716725
1057.2549019607843,44.496587030716725
1057.2549019607843,44.496587030716725
1057.2549019607843,44.496587030716725
1057.2549019607843,44.496587030716725
1057.2549019607843,44.496587030716725
1057.2549019607843,44.496587030716725
1057.2549019607843,44.496587030716725
1057.2549019607843,44.496587030716725
1057.2549019607843,44.496587030716725
1057.2549019607843,44.496587030716725
1057.2549019607843,44.496587030716725
1057.2549019607843,44.496587030716725
1057.2549019607843,44.496587030716725
1057.2549019607843,44.496587030716725
1057.2549019607843,44.496587030716725
1057.2549019607843,44.496587030716725
1057.2549019607843,44.496587030716725
1057.2549019607843,44.496587030716725
1057.2549019607843,44.496587030716725
1057.2549019607843,44.496587030716725
1057.2549019607843,44.496587030716725
1057.2549019607843,44.496587030716725
1057.2549019607843,44.496587030716725
1057.2549019607843,44.496587030716725
1057.2549019607843,44.496587030716725
1057.2549019607843,44.496587030716725
1057.2549019607843,44.496587030716725
1057.2549019607843,44.496587030716725
1057.2549019607843,44.496587030716725
1057.2549019607843,44.496587030716725
1057.2549019607843,44.496587030716725
1057.2549019607843,44.496587030716725
1057.2549019607843,44.496587030716725
1057.2549019607843,44.496587030716725
1057.2549019607843,44.496587030716725
1057.2549019607843,44.496587030716725
1057.2549019607843,44.496587030716725
1057.2549019607843,44.496587030716725
1057.2549019607843,44.496587030716725
1057.2549019607843,44.496587030716725
1057.2549019607843,44.496587030716725
1057.2549019607843,44.496587030716725
1057.2549019607843,44.496587030716725
1057.2549019607843,44.496587030716725
1057.2549019607843,44.496587030716725
1057.2549019607843,44.496587030716725
1057.2549019607843,44.496587030716725
1057.2549019607843,44.496587030716725
1057.2549019607843,44.496587030716725
1057.2549019607843,44.496587030716725
1057.2549019607843,44.496587030716725
1057.2549019607843,44.496587030716725
1057.2549019607843,44.496587030716725
1057.2549019607843,44.496587030716725
1057.2549019607843,44.496587030716725
1057.2549019607843,44.496587030716725
1057.2549019607843,44.496587030716725
1057.2549019607843,44.496587030716725
1057.2549019607843,44.496587030716725
1057.2549019607843,44.496587030716725
1057.2549019607843,44.496587030716725
1057.2549019607843,44.496587030716725
1057.2549019607843,44.496587030716725
1057.2549019607843,44.496587030716725
1057.2549019607843,44.496587030716725
1057.2549019607843,44.496587030716725
1057.2549019607843,44.496587030716725
1057.2549019607843,44.496587030716725
1057.2549019607843,44.496587030716725
1057.2549019607843,44.496587030716725
1057.2549019607843,44.496587030716725
1057.2549019607843,44.496587030716725
1057.2549019607843,44.496587030716725
1057.2549019607843,44.496587030716725
1057.2549019607843,44.496587030716725
1057.2549019607843,44.496587030716725
1057.2549019607843,44.496587030716725
1057.2549019607843,44.496587030716725
1057.2549019607843,44.496587030716725
1057.2549019607843,44.496587030716725
1057.2549019607843,44.496587030716725
1057.2549019607843,44.496587030716725
1057.2549019607843,44.496587030716725
1057.2549019607843,44.496587030716725
1057.2549019607843,44.496587030716725
1057.2549019607843,44.496587030716725
1060.392156862745,43.30204778156996
1060.392156862745,43.30204778156996
1060.392156862745,43.30204778156996
1060.392156862745,43.30204778156996
1060.392156862745,43.30204778156996
1060.392156862745,43.30204778156996
1060.392156862745,43.30204778156996
1060.392156862745,43.30204778156996
1060.392156862745,43.30204778156996
1060.392156862745,43.30204778156996
1060.392156862745,43.30204778156996
1060.392156862745,43.30204778156996
1060.392156862745,43.30204778156996
1060.392156862745,43.30204778156996
1060.392156862745,43.30204778156996
1060.392156862745,43.30204778156996
1060.392156862745,43.30204778156996
1060.392156862745,43.30204778156996
1060.392156862745,43.30204778156996
1060.392156862745,43.30204778156996
1060.392156862745,43.30204778156996
1060.392156862745,43.30204778156996
1060.392156862745,43.30204778156996
1060.392156862745,43.30204778156996
1060.392156862745,43.30204778156996
1060.392156862745,43.30204778156996
1060.392156862745,43.30204778156996
1060.392156862745,43.30204778156996
1060.392156862745,43.30204778156996
1060.392156862745,43.30204778156996
1060.392156862745,43.30204778156996
1060.392156862745,43.30204778156996
1060.392156862745,43.30204778156996
1060.392156862745,43.30204778156996
1060.392156862745,43.30204778156996
1060.392156862745,43.30204778156996
1060.392156862745,43.30204778156996
1060.392156862745,43.30204778156996
1060.392156862745,43.30204778156996
1060.392156862745,43.30204778156996
1060.392156862745,43.30204778156996
1060.392156862745,43.30204778156996
1060.392156862745,43.30204778156996
1060.392156862745,43.30204778156996
1060.392156862745,43.30204778156996
1060.392156862745,43.30204778156996
1060.392156862745,43.30204778156996
1060.392156862745,43.30204778156996
1060.392156862745,43.30204778156996
1060.392156862745,43.30204778156996
1060.392156862745,43.30204778156996
1060.392156862745,43.30204778156996
1060.392156862745,43.30204778156996
1060.392156862745,43.30204778156996
1060.392156862745,43.30204778156996
1060.392156862745,43.30204778156996
1060.392156862745,43.30204778156996
1060.392156862745,43.30204778156996
1060.392156862745,43.30204778156996
1060.392156862745,43.30204778156996
1060.392156862745,43.30204778156996
1060.392156862745,43.30204778156996
1060.392156862745,43.30204778156996
1060.392156862745,43.30204778156996
1060.392156862745,43.30204778156996
1060.392156862745,43.30204778156996
1060.392156862745,43.30204778156996
1060.392156862745,43.30204778156996
1060.392156862745,43.30204778156996
1060.392156862745,43.30204778156996
1060.392156862745,43.30204778156996
1060.392156862745,43.30204778156996
1060.392156862745,43.30204778156996
1060.392156862745,43.30204778156996
1060.392156862745,43.30204778156996
1060.392156862745,43.30204778156996
1060.392156862745,43.30204778156996
1060.392156862745,43.30204778156996
1060.392156862745,43.30204778156996
1060.392156862745,43.30204778156996
1060.392156862745,43.30204778156996
1060.392156862745,43.30204778156996
1060.392156862745,43.30204778156996
1060.392156862745,43.30204778156996
1060.392156862745,43.30204778156996
1060.392156862745,43.30204778156996
1060.392156862745,43.30204778156996
1060.392156862745,43.30204778156996
1060.392156862745,43.30204778156996
1060.392156862745,43.30204778156996
1060.392156862745,43.30204778156996
1060.392156862745,43.30204778156996
1060.392156862745,43.30204778156996
1060.392156862745,43.30204778156996
1060.392156862745,43.30204778156996
1060.392156862745,43.30204778156996
1060.392156862745,43.30204778156996
1060.392156862745,43.30204778156996
1060.392156862745,43.30204778156996
1060.392156862745,43.30204778156996
1060.392156862745,43.30204778156996
1060.392156862745,43.30204778156996
1060.392156862745,43.30204778156996
1060.392156862745,43.30204778156996
1060.392156862745,43.30204778156996
1060.392156862745,43.30204778156996
1060.392156862745,43.30204778156996
1060.392156862745,43.30204778156996
1060.392156862745,43.30204778156996
1060.392156862745,43.30204778156996
1060.392156862745,43.30204778156996
1060.392156862745,43.30204778156996
1060.392156862745,43.30204778156996
1060.392156862745,43.30204778156996
1060.392156862745,43.30204778156996
1060.392156862745,43.30204778156996
1060.392156862745,43.30204778156996
1060.392156862745,43.30204778156996
1060.392156862745,43.30204778156996
1060.392156862745,43.30204778156996
1060.392156862745,43.30204778156996
1060.392156862745,43.30204778156996
1060.392156862745,43.30204778156996
1060.392156862745,43.30204778156996
1060.392156862745,43.30204778156996
1060.392156862745,43.30204778156996
1060.392156862745,43.30204778156996
1060.392156862745,43.30204778156996
1060.392156862745,43.30204778156996
1060.392156862745,43.30204778156996
1060.392156862745,43.30204778156996
1060.392156862745,43.30204778156996
1060.392156862745,43.30204778156996
1060.392156862745,43.30204778156996
1060.392156862745,43.30204778156996
1060.392156862745,43.30204778156996
1060.392156862745,43.30204778156996
1060.392156862745,43.30204778156996
1060.392156862745,43.30204778156996
1060.392156862745,43.30204778156996
1060.392156862745,43.30204778156996
1060.392156862745,43.30204778156996
1060.392156862745,43.30204778156996
1060.392156862745,43.30204778156996
1060.392156862745,43.30204778156996
1060.392156862745,43.30204778156996
1060.392156862745,43.30204778156996
1060.392156862745,43.30204778156996
1060.392156862745,43.30204778156996
1060.392156862745,43.30204778156996
1060.392156862745,43.30204778156996
1060.392156862745,43.30204778156996
1060.392156862745,43.30204778156996
1060.392156862745,43.30204778156996
1060.392156862745,43.30204778156996
1060.392156862745,43.30204778156996
1060.392156862745,43.30204778156996
1060.392156862745,43.30204778156996
1060.392156862745,43.30204778156996
1060.392156862745,43.30204778156996
1060.392156862745,43.30204778156996
1060.392156862745,43.30204778156996
1060.392156862745,43.30204778156996
1060.392156862745,43.30204778156996
1060.392156862745,43.30204778156996
1060.392156862745,43.30204778156996
1060.392156862745,43.30204778156996
1060.392156862745,43.30204778156996
1060.392156862745,43.30204778156996
1060.392156862745,43.30204778156996
1060.392156862745,43.30204778156996
1060.392156862745,43.30204778156996
1060.392156862745,43.30204778156996
1060.392156862745,43.30204778156996
1060.392156862745,43.30204778156996
1060.392156862745,43.30204778156996
1060.392156862745,43.30204778156996
1060.392156862745,43.30204778156996
1060.392156862745,43.30204778156996
1060.392156862745,43.30204778156996
1060.392156862745,43.30204778156996
1060.392156862745,43.30204778156996
1060.392156862745,43.30204778156996
1060.392156862745,43.30204778156996
1060.392156862745,43.30204778156996
1060.392156862745,43.30204778156996
1060.392156862745,43.30204778156996
1060.392156862745,43.30204778156996
1060.392156862745,43.30204778156996
1060.392156862745,43.30204778156996
1060.392156862745,43.30204778156996
1060.392156862745,43.30204778156996
1060.392156862745,43.30204778156996
1060.392156862745,43.30204778156996
1060.392156862745,43.30204778156996
1060.392156862745,43.30204778156996
1060.392156862745,43.30204778156996
1060.392156862745,43.30204778156996
1060.392156862745,43.30204778156996
1060.392156862745,43.30204778156996
1060.392156862745,43.30204778156996
1060.392156862745,43.30204778156996
1060.392156862745,43.30204778156996
1060.392156862745,43.30204778156996
1060.392156862745,43.30204778156996
1060.392156862745,43.30204778156996
1060.392156862745,43.30204778156996
1060.392156862745,43.30204778156996
1060.392156862745,43.30204778156996
1060.392156862745,43.30204778156996
1060.392156862745,43.30204778156996
1060.392156862745,43.30204778156996
1060.392156862745,43.30204778156996
1060.392156862745,43.30204778156996
1060.392156862745,43.30204778156996
1060.392156862745,43.30204778156996
1060.392156862745,43.30204778156996
1060.392156862745,43.30204778156996
1060.392156862745,43.30204778156996
1060.392156862745,43.30204778156996
1060.392156862745,43.30204778156996
1060.392156862745,43.30204778156996
1060.392156862745,43.30204778156996
1060.392156862745,43.30204778156996
1060.392156862745,43.30204778156996
1060.392156862745,43.30204778156996
1060.392156862745,43.30204778156996
1060.392156862745,43.30204778156996
1060.392156862745,43.30204778156996
1060.392156862745,43.30204778156996
1060.392156862745,43.30204778156996
1060.392156862745,43.30204778156996
1060.392156862745,43.30204778156996
1060.392156862745,43.30204778156996
1060.392156862745,43.30204778156996
1060.392156862745,43.30204778156996
1060.392156862745,43.30204778156996
1060.392156862745,43.30204778156996
1060.392156862745,43.30204778156996
1060.392156862745,43.30204778156996
1060.392156862745,43.30204778156996
1060.392156862745,43.30204778156996
1060.392156862745,43.30204778156996
1060.392156862745,43.30204778156996
1060.392156862745,43.30204778156996
1060.392156862745,43.30204778156996
1060.392156862745,43.30204778156996
1060.392156862745,43.30204778156996
1060.392156862745,43.30204778156996
1060.392156862745,43.30204778156996
1060.392156862745,43.30204778156996
1060.392156862745,43.30204778156996
1060.392156862745,43.30204778156996
1060.392156862745,43.30204778156996
1060.392156862745,43.30204778156996
1060.392156862745,43.30204778156996
1060.392156862745,43.30204778156996
1060.392156862745,43.30204778156996
1060.392156862745,43.30204778156996
1060.392156862745,43.30204778156996
1060.392156862745,43.30204778156996
1060.392156862745,43.30204778156996
1060.392156862745,43.30204778156996
1060.392156862745,43.30204778156996
1060.392156862745,43.30204778156996
1060.392156862745,43.30204778156996
1060.392156862745,43.30204778156996
1060.392156862745,43.30204778156996
1060.392156862745,43.30204778156996
1060.392156862745,43.30204778156996
1060.392156862745,43.30204778156996
1060.392156862745,43.30204778156996
1063.5294117647059,42.50568828213879
1063.5294117647059,42.50568828213879
1063.5294117647059,42.50568828213879
1063.5294117647059,42.50568828213879
1063.5294117647059,42.50568828213879
1063.5294117647059,42.50568828213879
1063.5294117647059,42.50568828213879
1063.5294117647059,42.50568828213879
1063.5294117647059,42.50568828213879
1063.5294117647059,42.50568828213879
1063.5294117647059,42.50568828213879
1063.5294117647059,42.50568828213879
1063.5294117647059,42.50568828213879
1063.5294117647059,42.50568828213879
1063.5294117647059,42.50568828213879
1063.5294117647059,42.50568828213879
1063.5294117647059,42.50568828213879
1063.5294117647059,42.50568828213879
1063.5294117647059,42.50568828213879
1063.5294117647059,42.50568828213879
1063.5294117647059,42.50568828213879
1063.5294117647059,42.50568828213879
1063.5294117647059,42.50568828213879
1063.5294117647059,42.50568828213879
1063.5294117647059,42.50568828213879
1063.5294117647059,42.50568828213879
1063.5294117647059,42.50568828213879
1063.5294117647059,42.50568828213879
1063.5294117647059,42.50568828213879
1063.5294117647059,42.50568828213879
1063.5294117647059,42.50568828213879
1063.5294117647059,42.50568828213879
1063.5294117647059,42.50568828213879
1063.5294117647059,42.50568828213879
1063.5294117647059,42.50568828213879
1063.5294117647059,42.50568828213879
1063.5294117647059,42.50568828213879
1063.5294117647059,42.50568828213879
1063.5294117647059,42.50568828213879
1063.5294117647059,42.50568828213879
1063.5294117647059,42.50568828213879
1063.5294117647059,42.50568828213879
1063.5294117647059,42.50568828213879
1063.5294117647059,42.50568828213879
1063.5294117647059,42.50568828213879
1063.5294117647059,42.50568828213879
1063.5294117647059,42.50568828213879
1063.5294117647059,42.50568828213879
1063.5294117647059,42.50568828213879
1063.5294117647059,42.50568828213879
1063.5294117647059,42.50568828213879
1063.5294117647059,42.50568828213879
1063.5294117647059,42.50568828213879
1063.5294117647059,42.50568828213879
1063.5294117647059,42.50568828213879
1063.5294117647059,42.50568828213879
1063.5294117647059,42.50568828213879
1063.5294117647059,42.50568828213879
1063.5294117647059,42.50568828213879
1063.5294117647059,42.50568828213879
1063.5294117647059,42.50568828213879
1063.5294117647059,42.50568828213879
1063.5294117647059,42.50568828213879
1063.5294117647059,42.50568828213879
1063.5294117647059,42.50568828213879
1063.5294117647059,42.50568828213879
1063.5294117647059,42.50568828213879
1063.5294117647059,42.50568828213879
1063.5294117647059,42.50568828213879
1063.5294117647059,42.50568828213879
1063.5294117647059,42.50568828213879
1063.5294117647059,42.50568828213879
1063.5294117647059,42.50568828213879
1063.5294117647059,42.50568828213879
1063.5294117647059,42.50568828213879
1063.5294117647059,42.50568828213879
1063.5294117647059,42.50568828213879
1063.5294117647059,42.50568828213879
1063.5294117647059,42.50568828213879
1063.5294117647059,42.50568828213879
1063.5294117647059,42.50568828213879
1063.5294117647059,42.50568828213879
1063.5294117647059,42.50568828213879
1063.5294117647059,42.50568828213879
1063.5294117647059,42.50568828213879
1063.5294117647059,42.50568828213879
1063.5294117647059,42.50568828213879
1063.5294117647059,42.50568828213879
1063.5294117647059,42.50568828213879
1063.5294117647059,42.50568828213879
1063.5294117647059,42.50568828213879
1063.5294117647059,42.50568828213879
1063.5294117647059,42.50568828213879
1063.5294117647059,42.50568828213879
1063.5294117647059,42.50568828213879
1063.5294117647059,42.50568828213879
1063.5294117647059,42.50568828213879
1063.5294117647059,42.50568828213879
1063.5294117647059,42.50568828213879
1063.5294117647059,42.50568828213879
1063.5294117647059,42.50568828213879
1063.5294117647059,42.50568828213879
1063.5294117647059,42.50568828213879
1063.5294117647059,42.50568828213879
1063.5294117647059,42.50568828213879
1063.5294117647059,42.50568828213879
1063.5294117647059,42.50568828213879
1063.5294117647059,42.50568828213879
1063.5294117647059,42.50568828213879
1063.5294117647059,42.50568828213879
1063.5294117647059,42.50568828213879
1063.5294117647059,42.50568828213879
1063.5294117647059,42.50568828213879
1063.5294117647059,42.50568828213879
1063.5294117647059,42.50568828213879
1063.5294117647059,42.50568828213879
1063.5294117647059,42.50568828213879
1063.5294117647059,42.50568828213879
1063.5294117647059,42.50568828213879
1063.5294117647059,42.50568828213879
1063.5294117647059,42.50568828213879
1063.5294117647059,42.50568828213879
1063.5294117647059,42.50568828213879
1063.5294117647059,42.50568828213879
1063.5294117647059,42.50568828213879
1063.5294117647059,42.50568828213879
1063.5294117647059,42.50568828213879
1063.5294117647059,42.50568828213879
1063.5294117647059,42.50568828213879
1063.5294117647059,42.50568828213879
1063.5294117647059,42.50568828213879
1063.5294117647059,42.50568828213879
1063.5294117647059,42.50568828213879
1063.5294117647059,42.50568828213879
1063.5294117647059,42.50568828213879
1063.5294117647059,42.50568828213879
1063.5294117647059,42.50568828213879
1063.5294117647059,42.50568828213879
1063.5294117647059,42.50568828213879
1063.5294117647059,42.50568828213879
1063.5294117647059,42.50568828213879
1063.5294117647059,42.50568828213879
1063.5294117647059,42.50568828213879
1063.5294117647059,42.50568828213879
1063.5294117647059,42.50568828213879
1063.5294117647059,42.50568828213879
1063.5294117647059,42.50568828213879
1063.5294117647059,42.50568828213879
1063.5294117647059,42.50568828213879
1063.5294117647059,42.50568828213879
1063.5294117647059,42.50568828213879
1063.5294117647059,42.50568828213879
1063.5294117647059,42.50568828213879
1063.5294117647059,42.50568828213879
1063.5294117647059,42.50568828213879
1063.5294117647059,42.50568828213879
1063.5294117647059,42.50568828213879
1063.5294117647059,42.50568828213879
1063.5294117647059,42.50568828213879
1063.5294117647059,42.50568828213879
1063.5294117647059,42.50568828213879
1063.5294117647059,42.50568828213879
1063.5294117647059,42.50568828213879
1063.5294117647059,42.50568828213879
1063.5294117647059,42.50568828213879
1063.5294117647059,42.50568828213879
1063.5294117647059,42.50568828213879
1063.5294117647059,42.50568828213879
1063.5294117647059,42.50568828213879
1063.5294117647059,42.50568828213879
1063.5294117647059,42.50568828213879
1063.5294117647059,42.50568828213879
1063.5294117647059,42.50568828213879
1063.5294117647059,42.50568828213879
1063.5294117647059,42.50568828213879
1063.5294117647059,42.50568828213879
1063.5294117647059,42.50568828213879
1063.5294117647059,42.50568828213879
1063.5294117647059,42.50568828213879
1063.5294117647059,42.50568828213879
1063.5294117647059,42.50568828213879
1063.5294117647059,42.50568828213879
1063.5294117647059,42.50568828213879
1063.5294117647059,42.50568828213879
1063.5294117647059,42.50568828213879
1063.5294117647059,42.50568828213879
1063.5294117647059,42.50568828213879
1063.5294117647059,42.50568828213879
1063.5294117647059,42.50568828213879
1063.5294117647059,42.50568828213879
1063.5294117647059,42.50568828213879
1063.5294117647059,42.50568828213879
1063.5294117647059,42.50568828213879
1063.5294117647059,42.50568828213879
1063.5294117647059,42.50568828213879
1063.5294117647059,42.50568828213879
1063.5294117647059,42.50568828213879
1063.5294117647059,42.50568828213879
1063.5294117647059,42.50568828213879
1063.5294117647059,42.50568828213879
1063.5294117647059,42.50568828213879
1063.5294117647059,42.50568828213879
1063.5294117647059,42.50568828213879
1063.5294117647059,42.50568828213879
1063.5294117647059,42.50568828213879
1063.5294117647059,42.50568828213879
1063.5294117647059,42.50568828213879
1063.5294117647059,42.50568828213879
1063.5294117647059,42.50568828213879
1063.5294117647059,42.50568828213879
1063.5294117647059,42.50568828213879
1063.5294117647059,42.50568828213879
1063.5294117647059,42.50568828213879
1063.5294117647059,42.50568828213879
1063.5294117647059,42.50568828213879
1063.5294117647059,42.50568828213879
1063.5294117647059,42.50568828213879
1063.5294117647059,42.50568828213879
1063.5294117647059,42.50568828213879
1063.5294117647059,42.50568828213879
1063.5294117647059,42.50568828213879
1063.5294117647059,42.50568828213879
1063.5294117647059,42.50568828213879
1063.5294117647059,42.50568828213879
1063.5294117647059,42.50568828213879
1063.5294117647059,42.50568828213879
1063.5294117647059,42.50568828213879
1063.5294117647059,42.50568828213879
1063.5294117647059,42.50568828213879
1063.5294117647059,42.50568828213879
1063.5294117647059,42.50568828213879
1063.5294117647059,42.50568828213879
1063.5294117647059,42.50568828213879
1063.5294117647059,42.50568828213879
1063.5294117647059,42.50568828213879
1063.5294117647059,42.50568828213879
1063.5294117647059,42.50568828213879
1063.5294117647059,42.50568828213879
1063.5294117647059,42.50568828213879
1063.5294117647059,42.50568828213879
1063.5294117647059,42.50568828213879
1063.5294117647059,42.50568828213879
1063.5294117647059,42.50568828213879
1063.5294117647059,42.50568828213879
1063.5294117647059,42.50568828213879
1063.5294117647059,42.50568828213879
1063.5294117647059,42.50568828213879
1063.5294117647059,42.50568828213879
1063.5294117647059,42.50568828213879
1063.5294117647059,42.50568828213879
1063.5294117647059,42.50568828213879
1063.5294117647059,42.50568828213879
1063.5294117647059,42.50568828213879
1063.5294117647059,42.50568828213879
1063.5294117647059,42.50568828213879
1063.5294117647059,42.50568828213879
1063.5294117647059,42.50568828213879
1063.5294117647059,42.50568828213879
1063.5294117647059,42.50568828213879
1063.5294117647059,42.50568828213879
1063.5294117647059,42.50568828213879
1063.5294117647059,42.50568828213879
1063.5294117647059,42.50568828213879
1063.5294117647059,42.50568828213879
1063.5294117647059,42.50568828213879
1063.5294117647059,42.50568828213879
1063.5294117647059,42.50568828213879
1063.5294117647059,42.50568828213879
1063.5294117647059,42.50568828213879
1063.5294117647059,42.50568828213879
1063.5294117647059,42.50568828213879
1063.5294117647059,42.50568828213879
1063.5294117647059,42.50568828213879
1063.5294117647059,42.50568828213879
1063.5294117647059,42.50568828213879
1063.5294117647059,42.50568828213879
1063.5294117647059,42.50568828213879
1063.5294117647059,42.50568828213879
1066.6666666666667,36.732081911262796
1066.6666666666667,36.732081911262796
1066.6666666666667,36.732081911262796
1066.6666666666667,36.732081911262796
1066.6666666666667,36.732081911262796
1066.6666666666667,36.732081911262796
1066.6666666666667,36.732081911262796
1066.6666666666667,36.732081911262796
1066.6666666666667,36.732081911262796
1066.6666666666667,36.732081911262796
1066.6666666666667,36.732081911262796
1066.6666666666667,36.732081911262796
1066.6666666666667,36.732081911262796
1066.6666666666667,36.732081911262796
1066.6666666666667,36.732081911262796
1066.6666666666667,36.732081911262796
1066.6666666666667,36.732081911262796
1066.6666666666667,36.732081911262796
1066.6666666666667,36.732081911262796
1066.6666666666667,36.732081911262796
1066.6666666666667,36.732081911262796
1066.6666666666667,36.732081911262796
1066.6666666666667,36.732081911262796
1066.6666666666667,36.732081911262796
1066.6666666666667,36.732081911262796
1066.6666666666667,36.732081911262796
1066.6666666666667,36.732081911262796
1066.6666666666667,36.732081911262796
1066.6666666666667,36.732081911262796
1066.6666666666667,36.732081911262796
1066.6666666666667,36.732081911262796
1066.6666666666667,36.732081911262796
1066.6666666666667,36.732081911262796
1066.6666666666667,36.732081911262796
1066.6666666666667,36.732081911262796
1066.6666666666667,36.732081911262796
1066.6666666666667,36.732081911262796
1066.6666666666667,36.732081911262796
1066.6666666666667,36.732081911262796
1066.6666666666667,36.732081911262796
1066.6666666666667,36.732081911262796
1066.6666666666667,36.732081911262796
1066.6666666666667,36.732081911262796
1066.6666666666667,36.732081911262796
1066.6666666666667,36.732081911262796
1066.6666666666667,36.732081911262796
1066.6666666666667,36.732081911262796
1066.6666666666667,36.732081911262796
1066.6666666666667,36.732081911262796
1066.6666666666667,36.732081911262796
1066.6666666666667,36.732081911262796
1066.6666666666667,36.732081911262796
1066.6666666666667,36.732081911262796
1066.6666666666667,36.732081911262796
1066.6666666666667,36.732081911262796
1066.6666666666667,36.732081911262796
1066.6666666666667,36.732081911262796
1066.6666666666667,36.732081911262796
1066.6666666666667,36.732081911262796
1066.6666666666667,36.732081911262796
1066.6666666666667,36.732081911262796
1066.6666666666667,36.732081911262796
1066.6666666666667,36.732081911262796
1066.6666666666667,36.732081911262796
1066.6666666666667,36.732081911262796
1066.6666666666667,36.732081911262796
1066.6666666666667,36.732081911262796
1066.6666666666667,36.732081911262796
1066.6666666666667,36.732081911262796
1066.6666666666667,36.732081911262796
1066.6666666666667,36.732081911262796
1066.6666666666667,36.732081911262796
1066.6666666666667,36.732081911262796
1066.6666666666667,36.732081911262796
1066.6666666666667,36.732081911262796
1066.6666666666667,36.732081911262796
1066.6666666666667,36.732081911262796
1066.6666666666667,36.732081911262796
1066.6666666666667,36.732081911262796
1066.6666666666667,36.732081911262796
1066.6666666666667,36.732081911262796
1066.6666666666667,36.732081911262796
1066.6666666666667,36.732081911262796
1066.6666666666667,36.732081911262796
1066.6666666666667,36.732081911262796
1066.6666666666667,36.732081911262796
1066.6666666666667,36.732081911262796
1066.6666666666667,36.732081911262796
1066.6666666666667,36.732081911262796
1066.6666666666667,36.732081911262796
1066.6666666666667,36.732081911262796
1066.6666666666667,36.732081911262796
1066.6666666666667,36.732081911262796
1066.6666666666667,36.732081911262796
1066.6666666666667,36.732081911262796
1066.6666666666667,36.732081911262796
1066.6666666666667,36.732081911262796
1066.6666666666667,36.732081911262796
1066.6666666666667,36.732081911262796
1066.6666666666667,36.732081911262796
1066.6666666666667,36.732081911262796
1066.6666666666667,36.732081911262796
1066.6666666666667,36.732081911262796
1066.6666666666667,36.732081911262796
1066.6666666666667,36.732081911262796
1066.6666666666667,36.732081911262796
1066.6666666666667,36.732081911262796
1066.6666666666667,36.732081911262796
1066.6666666666667,36.732081911262796
1066.6666666666667,36.732081911262796
1066.6666666666667,36.732081911262796
1066.6666666666667,36.732081911262796
1066.6666666666667,36.732081911262796
1066.6666666666667,36.732081911262796
1066.6666666666667,36.732081911262796
1066.6666666666667,36.732081911262796
1066.6666666666667,36.732081911262796
1066.6666666666667,36.732081911262796
1066.6666666666667,36.732081911262796
1066.6666666666667,36.732081911262796
1066.6666666666667,36.732081911262796
1066.6666666666667,36.732081911262796
1066.6666666666667,36.732081911262796
1066.6666666666667,36.732081911262796
1066.6666666666667,36.732081911262796
1066.6666666666667,36.732081911262796
1066.6666666666667,36.732081911262796
1066.6666666666667,36.732081911262796
1066.6666666666667,36.732081911262796
1066.6666666666667,36.732081911262796
1066.6666666666667,36.732081911262796
1066.6666666666667,36.732081911262796
1066.6666666666667,36.732081911262796
1066.6666666666667,36.732081911262796
1066.6666666666667,36.732081911262796
1066.6666666666667,36.732081911262796
1066.6666666666667,36.732081911262796
1066.6666666666667,36.732081911262796
1066.6666666666667,36.732081911262796
1066.6666666666667,36.732081911262796
1066.6666666666667,36.732081911262796
1066.6666666666667,36.732081911262796
1066.6666666666667,36.732081911262796
1066.6666666666667,36.732081911262796
1066.6666666666667,36.732081911262796
1066.6666666666667,36.732081911262796
1066.6666666666667,36.732081911262796
1066.6666666666667,36.732081911262796
1066.6666666666667,36.732081911262796
1066.6666666666667,36.732081911262796
1066.6666666666667,36.732081911262796
1066.6666666666667,36.732081911262796
1066.6666666666667,36.732081911262796
1066.6666666666667,36.732081911262796
1066.6666666666667,36.732081911262796
1066.6666666666667,36.732081911262796
1066.6666666666667,36.732081911262796
1066.6666666666667,36.732081911262796
1066.6666666666667,36.732081911262796
1066.6666666666667,36.732081911262796
1066.6666666666667,36.732081911262796
1066.6666666666667,36.732081911262796
1066.6666666666667,36.732081911262796
1066.6666666666667,36.732081911262796
1066.6666666666667,36.732081911262796
1066.6666666666667,36.732081911262796
1066.6666666666667,36.732081911262796
1066.6666666666667,36.732081911262796
1066.6666666666667,36.732081911262796
1066.6666666666667,36.732081911262796
1066.6666666666667,36.732081911262796
1066.6666666666667,36.732081911262796
1066.6666666666667,36.732081911262796
1066.6666666666667,36.732081911262796
1066.6666666666667,36.732081911262796
1066.6666666666667,36.732081911262796
1066.6666666666667,36.732081911262796
1066.6666666666667,36.732081911262796
1066.6666666666667,36.732081911262796
1066.6666666666667,36.732081911262796
1066.6666666666667,36.732081911262796
1066.6666666666667,36.732081911262796
1066.6666666666667,36.732081911262796
1066.6666666666667,36.732081911262796
1066.6666666666667,36.732081911262796
1066.6666666666667,36.732081911262796
1066.6666666666667,36.732081911262796
1066.6666666666667,36.732081911262796
1066.6666666666667,36.732081911262796
1066.6666666666667,36.732081911262796
1066.6666666666667,36.732081911262796
1066.6666666666667,36.732081911262796
1066.6666666666667,36.732081911262796
1066.6666666666667,36.732081911262796
1066.6666666666667,36.732081911262796
1066.6666666666667,36.732081911262796
1066.6666666666667,36.732081911262796
1066.6666666666667,36.732081911262796
1066.6666666666667,36.732081911262796
1066.6666666666667,36.732081911262796
1066.6666666666667,36.732081911262796
1066.6666666666667,36.732081911262796
1066.6666666666667,36.732081911262796
1066.6666666666667,36.732081911262796
1066.6666666666667,36.732081911262796
1066.6666666666667,36.732081911262796
1066.6666666666667,36.732081911262796
1066.6666666666667,36.732081911262796
1066.6666666666667,36.732081911262796
1066.6666666666667,36.732081911262796
1066.6666666666667,36.732081911262796
1066.6666666666667,36.732081911262796
1066.6666666666667,36.732081911262796
1066.6666666666667,36.732081911262796
1066.6666666666667,36.732081911262796
1066.6666666666667,36.732081911262796
1066.6666666666667,36.732081911262796
1066.6666666666667,36.732081911262796
1066.6666666666667,36.732081911262796
1066.6666666666667,36.732081911262796
1066.6666666666667,36.732081911262796
1066.6666666666667,36.732081911262796
1066.6666666666667,36.732081911262796
1066.6666666666667,36.732081911262796
1069.8039215686274,18.71444823663254
1069.8039215686274,18.71444823663254
1069.8039215686274,18.71444823663254
1069.8039215686274,18.71444823663254
1069.8039215686274,18.71444823663254
1069.8039215686274,18.71444823663254
1069.8039215686274,18.71444823663254
1069.8039215686274,18.71444823663254
1069.8039215686274,18.71444823663254
1069.8039215686274,18.71444823663254
1069.8039215686274,18.71444823663254
1069.8039215686274,18.71444823663254
1069.8039215686274,18.71444823663254
1069.8039215686274,18.71444823663254
1069.8039215686274,18.71444823663254
1069.8039215686274,18.71444823663254
1069.8039215686274,18.71444823663254
1069.8039215686274,18.71444823663254
1069.8039215686274,18.71444823663254
1069.8039215686274,18.71444823663254
1069.8039215686274,18.71444823663254
1069.8039215686274,18.71444823663254
1069.8039215686274,18.71444823663254
1069.8039215686274,18.71444823663254
1069.8039215686274,18.71444823663254
1069.8039215686274,18.71444823663254
1069.8039215686274,18.71444823663254
1069.8039215686274,18.71444823663254
1069.8039215686274,18.71444823663254
1069.8039215686274,18.71444823663254
1069.8039215686274,18.71444823663254
1069.8039215686274,18.71444823663254
1069.8039215686274,18.71444823663254
1069.8039215686274,18.71444823663254
1069.8039215686274,18.71444823663254
1069.8039215686274,18.71444823663254
1069.8039215686274,18.71444823663254
1069.8039215686274,18.71444823663254
1069.8039215686274,18.71444823663254
1069.8039215686274,18.71444823663254
1069.8039215686274,18.71444823663254
1069.8039215686274,18.71444823663254
1069.8039215686274,18.71444823663254
1069.8039215686274,18.71444823663254
1069.8039215686274,18.71444823663254
1072.9411764705883,15.52901023890785
1072.9411764705883,15.52901023890785
1072.9411764705883,15.52901023890785
1072.9411764705883,15.52901023890785
1072.9411764705883,15.52901023890785
1072.9411764705883,15.52901023890785
1072.9411764705883,15.52901023890785
1072.9411764705883,15.52901023890785
1072.9411764705883,15.52901023890785
1072.9411764705883,15.52901023890785
1072.9411764705883,15.52901023890785
1072.9411764705883,15.52901023890785
1072.9411764705883,15.52901023890785
1076.0784313725492,14.832195676905574
1076.0784313725492,14.832195676905574
1076.0784313725492,14.832195676905574
1076.0784313725492,14.832195676905574
1076.0784313725492,14.832195676905574
1076.0784313725492,14.832195676905574
1076.0784313725492,14.832195676905574
1076.0784313725492,14.832195676905574
1079.2156862745096,14.732650739476677
1079.2156862745096,14.732650739476677
1079.2156862745096,14.732650739476677
1079.2156862745096,14.732650739476677
1079.2156862745096,14.732650739476677
1079.2156862745096,14.732650739476677
1079.2156862745096,14.732650739476677
1082.3529411764705,14.732650739476677
1082.3529411764705,14.732650739476677
1082.3529411764705,14.732650739476677
1082.3529411764705,14.732650739476677
1082.3529411764705,14.732650739476677
1082.3529411764705,14.732650739476677
1082.3529411764705,14.732650739476677
1085.4901960784314,14.533560864618885
1085.4901960784314,14.533560864618885
1085.4901960784314,14.533560864618885
1085.4901960784314,14.533560864618885
1085.4901960784314,14.533560864618885
1085.4901960784314,14.533560864618885
1085.4901960784314,14.533560864618885
1088.627450980392,14.434015927189987
1088.627450980392,14.434015927189987
1088.627450980392,14.434015927189987
1088.627450980392,14.434015927189987
1088.627450980392,14.434015927189987
1088.627450980392,14.434015927189987
1091.764705882353,14.434015927189987
1091.764705882353,14.434015927189987
1091.764705882353,14.434015927189987
1091.764705882353,14.434015927189987
1091.764705882353,14.434015927189987
1091.764705882353,14.434015927189987
1094.9019607843138,14.434015927189987
1094.9019607843138,14.434015927189987
1094.9019607843138,14.434015927189987
1094.9019607843138,14.434015927189987
1094.9019607843138,14.434015927189987
1094.9019607843138,14.434015927189987
1098.0392156862747,14.334470989761092
1098.0392156862747,14.334470989761092
1098.0392156862747,14.334470989761092
1098.0392156862747,14.334470989761092
1098.0392156862747,14.334470989761092
1098.0392156862747,14.334470989761092
1098.0392156862747,14.334470989761092
1101.1764705882351,14.334470989761092
1101.1764705882351,14.334470989761092
1101.1764705882351,14.334470989761092
1101.1764705882351,14.334470989761092
1101.1764705882351,14.334470989761092
1101.1764705882351,14.334470989761092
1101.1764705882351,14.334470989761092
1104.313725490196,14.234926052332195
1104.313725490196,14.234926052332195
1104.313725490196,14.234926052332195
1104.313725490196,14.234926052332195
1104.313725490196,14.234926052332195
1104.313725490196,14.234926052332195
1104.313725490196,14.234926052332195
1104.313725490196,14.234926052332195
1107.450980392157,14.334470989761092
1107.450980392157,14.334470989761092
1107.450980392157,14.334470989761092
1107.450980392157,14.334470989761092
1107.450980392157,14.334470989761092
1107.450980392157,14.334470989761092
1107.450980392157,14.334470989761092
1110.5882352941176,14.334470989761092
1110.5882352941176,14.334470989761092
1110.5882352941176,14.334470989761092
1110.5882352941176,14.334470989761092
1110.5882352941176,14.334470989761092
1110.5882352941176,14.334470989761092
1110.5882352941176,14.334470989761092
1113.7254901960785,14.334470989761092
1113.7254901960785,14.334470989761092
1113.7254901960785,14.334470989761092
1113.7254901960785,14.334470989761092
1113.7254901960785,14.334470989761092
1113.7254901960785,14.334470989761092
1113.7254901960785,14.334470989761092
1116.8627450980393,14.334470989761092
1116.8627450980393,14.334470989761092
1116.8627450980393,14.334470989761092
1116.8627450980393,14.334470989761092
1116.8627450980393,14.334470989761092
1116.8627450980393,14.334470989761092
1116.8627450980393,14.334470989761092
1120.0,14.334470989761092
1120.0,14.334470989761092
1120.0,14.334470989761092
1120.0,14.334470989761092
1120.0,14.334470989761092
1120.0,14.334470989761092
1120.0,14.334470989761092
1123.1372549019607,14.334470989761092
1123.1372549019607,14.334470989761092
1123.1372549019607,14.334470989761092
1123.1372549019607,14.334470989761092
1123.1372549019607,14.334470989761092
1123.1372549019607,14.334470989761092
1123.1372549019607,14.334470989761092
1126.2745098039215,14.334470989761092
1126.2745098039215,14.334470989761092
1126.2745098039215,14.334470989761092
1126.2745098039215,14.334470989761092
1126.2745098039215,14.334470989761092
1126.2745098039215,14.334470989761092
1126.2745098039215,14.334470989761092
1129.4117647058824,14.334470989761092
1129.4117647058824,14.334470989761092
1129.4117647058824,14.334470989761092
1129.4117647058824,14.334470989761092
1129.4117647058824,14.334470989761092
1129.4117647058824,14.334470989761092
1129.4117647058824,14.334470989761092
1132.549019607843,14.334470989761092
1132.549019607843,14.334470989761092
1132.549019607843,14.334470989761092
1132.549019607843,14.334470989761092
1132.549019607843,14.334470989761092
1132.549019607843,14.334470989761092
1132.549019607843,14.334470989761092
1135.686274509804,14.334470989761092
1135.686274509804,14.334470989761092
1135.686274509804,14.334470989761092
1135.686274509804,14.334470989761092
1135.686274509804,14.334470989761092
1135.686274509804,14.334470989761092
1135.686274509804,14.334470989761092
1138.8235294117649,14.334470989761092
1138.8235294117649,14.334470989761092
1138.8235294117649,14.334470989761092
1138.8235294117649,14.334470989761092
1138.8235294117649,14.334470989761092
1138.8235294117649,14.334470989761092
1138.8235294117649,14.334470989761092
1141.9607843137253,14.135381114903298
1141.9607843137253,14.135381114903298
1141.9607843137253,14.135381114903298
1141.9607843137253,14.135381114903298
1141.9607843137253,14.135381114903298
1141.9607843137253,14.135381114903298
1141.9607843137253,14.135381114903298
1145.0980392156862,14.135381114903298
1145.0980392156862,14.135381114903298
1145.0980392156862,14.135381114903298
1145.0980392156862,14.135381114903298
1145.0980392156862,14.135381114903298
1145.0980392156862,14.135381114903298
1145.0980392156862,14.135381114903298
1148.235294117647,14.334470989761092
1148.235294117647,14.334470989761092
1148.235294117647,14.334470989761092
1148.235294117647,14.334470989761092
1148.235294117647,14.334470989761092
1148.235294117647,14.334470989761092
1148.235294117647,14.334470989761092
1151.3725490196077,14.334470989761092
1151.3725490196077,14.334470989761092
1151.3725490196077,14.334470989761092
1151.3725490196077,14.334470989761092
1151.3725490196077,14.334470989761092
1151.3725490196077,14.334470989761092
1151.3725490196077,14.334470989761092
1154.5098039215686,14.334470989761092
1154.5098039215686,14.334470989761092
1154.5098039215686,14.334470989761092
1154.5098039215686,14.334470989761092
1154.5098039215686,14.334470989761092
1154.5098039215686,14.334470989761092
1154.5098039215686,14.334470989761092
1157.6470588235295,14.234926052332195
1157.6470588235295,14.234926052332195
1157.6470588235295,14.234926052332195
1157.6470588235295,14.234926052332195
1157.6470588235295,14.234926052332195
1157.6470588235295,14.234926052332195
1157.6470588235295,14.234926052332195
1157.6470588235295,14.234926052332195
1160.7843137254904,14.234926052332195
1160.7843137254904,14.234926052332195
1160.7843137254904,14.234926052332195
1160.7843137254904,14.234926052332195
1160.7843137254904,14.234926052332195
1160.7843137254904,14.234926052332195
1160.7843137254904,14.234926052332195
1160.7843137254904,14.234926052332195
1163.9215686274508,14.234926052332195
1163.9215686274508,14.234926052332195
1163.9215686274508,14.234926052332195
1163.9215686274508,14.234926052332195
1163.9215686274508,14.234926052332195
1163.9215686274508,14.234926052332195
1163.9215686274508,14.234926052332195
1163.9215686274508,14.234926052332195
1167.0588235294117,14.234926052332195
1167.0588235294117,14.234926052332195
1167.0588235294117,14.234926052332195
1167.0588235294117,14.234926052332195
1167.0588235294117,14.234926052332195
1167.0588235294117,14.234926052332195
1170.1960784313726,14.234926052332195
1170.1960784313726,14.234926052332195
1170.1960784313726,14.234926052332195
1170.1960784313726,14.234926052332195
1170.1960784313726,14.234926052332195
1170.1960784313726,14.234926052332195
1173.3333333333333,14.234926052332195
1173.3333333333333,14.234926052332195
1173.3333333333333,14.234926052332195
1173.3333333333333,14.234926052332195
1173.3333333333333,14.234926052332195
1173.3333333333333,14.234926052332195
1176.4705882352941,14.234926052332195
1176.4705882352941,14.234926052332195
1176.4705882352941,14.234926052332195
1176.4705882352941,14.234926052332195
1176.4705882352941,14.234926052332195
1176.4705882352941,14.234926052332195
1179.607843137255,14.334470989761092
1179.607843137255,14.334470989761092
1179.607843137255,14.334470989761092
1179.607843137255,14.334470989761092
1179.607843137255,14.334470989761092
1179.607843137255,14.334470989761092
1179.607843137255,14.334470989761092
1182.7450980392157,14.135381114903298
1182.7450980392157,14.135381114903298
1182.7450980392157,14.135381114903298
1182.7450980392157,14.135381114903298
1182.7450980392157,14.135381114903298
1182.7450980392157,14.135381114903298
1182.7450980392157,14.135381114903298
1185.8823529411764,14.135381114903298
1185.8823529411764,14.135381114903298
1185.8823529411764,14.135381114903298
1185.8823529411764,14.135381114903298
1185.8823529411764,14.135381114903298
1185.8823529411764,14.135381114903298
1185.8823529411764,14.135381114903298
1189.0196078431372,14.135381114903298
1189.0196078431372,14.135381114903298
1189.0196078431372,14.135381114903298
1189.0196078431372,14.135381114903298
1189.0196078431372,14.135381114903298
1189.0196078431372,14.135381114903298
1189.0196078431372,14.135381114903298
1192.1568627450981,14.135381114903298
1192.1568627450981,14.135381114903298
1192.1568627450981,14.135381114903298
1192.1568627450981,14.135381114903298
1192.1568627450981,14.135381114903298
1192.1568627450981,14.135381114903298
1192.1568627450981,14.135381114903298
1195.2941176470588,14.135381114903298
1195.2941176470588,14.135381114903298
1195.2941176470588,14.135381114903298
1195.2941176470588,14.135381114903298
1195.2941176470588,14.135381114903298
1195.2941176470588,14.135381114903298
1195.2941176470588,14.135381114903298
1198.4313725490197,14.234926052332195
1198.4313725490197,14.234926052332195
1198.4313725490197,14.234926052332195
1198.4313725490197,14.234926052332195
1198.4313725490197,14.234926052332195
1198.4313725490197,14.234926052332195
1201.5686274509806,14.234926052332195
1201.5686274509806,14.234926052332195
1201.5686274509806,14.234926052332195
1201.5686274509806,14.234926052332195
1201.5686274509806,14.234926052332195
1201.5686274509806,14.234926052332195
1204.705882352941,14.334470989761092
1204.705882352941,14.334470989761092
1204.705882352941,14.334470989761092
1204.705882352941,14.334470989761092
1204.705882352941,14.334470989761092
1204.705882352941,14.334470989761092
1204.705882352941,14.334470989761092
1207.8431372549019,14.334470989761092
1207.8431372549019,14.334470989761092
1207.8431372549019,14.334470989761092
1207.8431372549019,14.334470989761092
1207.8431372549019,14.334470989761092
1207.8431372549019,14.334470989761092
1207.8431372549019,14.334470989761092
1210.9803921568628,14.135381114903298
1210.9803921568628,14.135381114903298
1210.9803921568628,14.135381114903298
1210.9803921568628,14.135381114903298
1210.9803921568628,14.135381114903298
1210.9803921568628,14.135381114903298
1210.9803921568628,14.135381114903298
1214.1176470588234,14.135381114903298
1214.1176470588234,14.135381114903298
1214.1176470588234,14.135381114903298
1214.1176470588234,14.135381114903298
1214.1176470588234,14.135381114903298
1214.1176470588234,14.135381114903298
1214.1176470588234,14.135381114903298
1217.2549019607843,14.135381114903298
1217.2549019607843,14.135381114903298
1217.2549019607843,14.135381114903298
1217.2549019607843,14.135381114903298
1217.2549019607843,14.135381114903298
1217.2549019607843,14.135381114903298
1217.2549019607843,14.135381114903298
1220.3921568627452,14.135381114903298
1220.3921568627452,14.135381114903298
1220.3921568627452,14.135381114903298
1220.3921568627452,14.135381114903298
1220.3921568627452,14.135381114903298
1220.3921568627452,14.135381114903298
1220.3921568627452,14.135381114903298
1223.529411764706,14.135381114903298
1223.529411764706,14.135381114903298
1223.529411764706,14.135381114903298
1223.529411764706,14.135381114903298
1223.529411764706,14.135381114903298
1223.529411764706,14.135381114903298
1223.529411764706,14.135381114903298
1226.6666666666665,14.135381114903298
1226.6666666666665,14.135381114903298
1226.6666666666665,14.135381114903298
1226.6666666666665,14.135381114903298
1226.6666666666665,14.135381114903298
1226.6666666666665,14.135381114903298
1226.6666666666665,14.135381114903298
1229.8039215686274,14.234926052332195
1229.8039215686274,14.234926052332195
1229.8039215686274,14.234926052332195
1229.8039215686274,14.234926052332195
1229.8039215686274,14.234926052332195
1229.8039215686274,14.234926052332195
1232.9411764705883,14.234926052332195
1232.9411764705883,14.234926052332195
1232.9411764705883,14.234926052332195
1232.9411764705883,14.234926052332195
1232.9411764705883,14.234926052332195
1232.9411764705883,14.234926052332195
1236.078431372549,14.234926052332195
1236.078431372549,14.234926052332195
1236.078431372549,14.234926052332195
1236.078431372549,14.234926052332195
1236.078431372549,14.234926052332195
1236.078431372549,14.234926052332195
1239.2156862745098,14.234926052332195
1239.2156862745098,14.234926052332195
1239.2156862745098,14.234926052332195
1239.2156862745098,14.234926052332195
1239.2156862745098,14.234926052332195
1239.2156862745098,14.234926052332195
1242.3529411764707,14.234926052332195
1242.3529411764707,14.234926052332195
1242.3529411764707,14.234926052332195
1242.3529411764707,14.234926052332195
1242.3529411764707,14.234926052332195
1242.3529411764707,14.234926052332195
1245.4901960784314,14.334470989761092
1245.4901960784314,14.334470989761092
1245.4901960784314,14.334470989761092
1245.4901960784314,14.334470989761092
1245.4901960784314,14.334470989761092
1245.4901960784314,14.334470989761092
1245.4901960784314,14.334470989761092
1248.627450980392,14.334470989761092
1248.627450980392,14.334470989761092
1248.627450980392,14.334470989761092
1248.627450980392,14.334470989761092
1248.627450980392,14.334470989761092
1248.627450980392,14.334470989761092
1248.627450980392,14.334470989761092
1251.764705882353,14.334470989761092
1251.764705882353,14.334470989761092
1251.764705882353,14.334470989761092
1251.764705882353,14.334470989761092
1251.764705882353,14.334470989761092
1251.764705882353,14.334470989761092
1251.764705882353,14.334470989761092
1254.9019607843138,14.334470989761092
1254.9019607843138,14.334470989761092
1254.9019607843138,14.334470989761092
1254.9019607843138,14.334470989761092
1254.9019607843138,14.334470989761092
1254.9019607843138,14.334470989761092
1254.9019607843138,14.334470989761092
1258.0392156862745,14.334470989761092
1258.0392156862745,14.334470989761092
1258.0392156862745,14.334470989761092
1258.0392156862745,14.334470989761092
1258.0392156862745,14.334470989761092
1258.0392156862745,14.334470989761092
1258.0392156862745,14.334470989761092
1261.1764705882354,14.334470989761092
1261.1764705882354,14.334470989761092
1261.1764705882354,14.334470989761092
1261.1764705882354,14.334470989761092
1261.1764705882354,14.334470989761092
1261.1764705882354,14.334470989761092
1261.1764705882354,14.334470989761092
1264.3137254901962,14.334470989761092
1264.3137254901962,14.334470989761092
1264.3137254901962,14.334470989761092
1264.3137254901962,14.334470989761092
1264.3137254901962,14.334470989761092
1264.3137254901962,14.334470989761092
1264.3137254901962,14.334470989761092
1267.4509803921567,14.334470989761092
1267.4509803921567,14.334470989761092
1267.4509803921567,14.334470989761092
1267.4509803921567,14.334470989761092
1267.4509803921567,14.334470989761092
1267.4509803921567,14.334470989761092
1267.4509803921567,14.334470989761092
1270.5882352941176,14.334470989761092
1270.5882352941176,14.334470989761092
1270.5882352941176,14.334470989761092
1270.5882352941176,14.334470989761092
1270.5882352941176,14.334470989761092
1270.5882352941176,14.334470989761092
1270.5882352941176,14.334470989761092
1273.7254901960785,14.334470989761092
1273.7254901960785,14.334470989761092
1273.7254901960785,14.334470989761092
1273.7254901960785,14.334470989761092
1273.7254901960785,14.334470989761092
1273.7254901960785,14.334470989761092
1273.7254901960785,14.334470989761092
1276.862745098039,14.334470989761092
1276.862745098039,14.334470989761092
1276.862745098039,14.334470989761092
1276.862745098039,14.334470989761092
1276.862745098039,14.334470989761092
1276.862745098039,14.334470989761092
1276.862745098039,14.334470989761092
1280.0,14.334470989761092
1280.0,14.334470989761092
1280.0,14.334470989761092
1280.0,14.334470989761092
1280.0,14.334470989761092
1280.0,14.334470989761092
1280.0,14.334470989761092
1283.137254901961,14.334470989761092
1283.137254901961,14.334470989761092
1283.137254901961,14.334470989761092
1283.137254901961,14.334470989761092
1283.137254901961,14.334470989761092
1283.137254901961,14.334470989761092
1283.137254901961,14.334470989761092
1286.2745098039218,14.434015927189987
1286.2745098039218,14.434015927189987
1286.2745098039218,14.434015927189987
1286.2745098039218,14.434015927189987
1286.2745098039218,14.434015927189987
1286.2745098039218,14.434015927189987
1289.4117647058822,14.434015927189987
1289.4117647058822,14.434015927189987
1289.4117647058822,14.434015927189987
1289.4117647058822,14.434015927189987
1289.4117647058822,14.434015927189987
1289.4117647058822,14.434015927189987
1292.549019607843,14.434015927189987
1292.549019607843,14.434015927189987
1292.549019607843,14.434015927189987
1292.549019607843,14.434015927189987
1292.549019607843,14.434015927189987
1292.549019607843,14.434015927189987
1295.686274509804,14.533560864618885
1295.686274509804,14.533560864618885
1295.686274509804,14.533560864618885
1295.686274509804,14.533560864618885
1295.686274509804,14.533560864618885
1295.686274509804,14.533560864618885
1295.686274509804,14.533560864618885
1298.8235294117646,14.533560864618885
1298.8235294117646,14.533560864618885
1298.8235294117646,14.533560864618885
1298.8235294117646,14.533560864618885
1298.8235294117646,14.533560864618885
1298.8235294117646,14.533560864618885
1298.8235294117646,14.533560864618885
1301.9607843137255,14.533560864618885
1301.9607843137255,14.533560864618885
1301.9607843137255,14.533560864618885
1301.9607843137255,14.533560864618885
1301.9607843137255,14.533560864618885
1301.9607843137255,14.533560864618885
1301.9607843137255,14.533560864618885
1305.0980392156864,14.633105802047782
1305.0980392156864,14.633105802047782
1305.0980392156864,14.633105802047782
1305.0980392156864,14.633105802047782
1305.0980392156864,14.633105802047782
1305.0980392156864,14.633105802047782
1308.235294117647,14.732650739476677
1308.235294117647,14.732650739476677
1308.235294117647,14.732650739476677
1308.235294117647,14.732650739476677
1308.235294117647,14.732650739476677
1308.235294117647,14.732650739476677
1308.235294117647,14.732650739476677
1311.3725490196077,14.832195676905574
1311.3725490196077,14.832195676905574
1311.3725490196077,14.832195676905574
1311.3725490196077,14.832195676905574
1311.3725490196077,14.832195676905574
1311.3725490196077,14.832195676905574
1314.5098039215686,14.931740614334473
1314.5098039215686,14.931740614334473
1314.5098039215686,14.931740614334473
1314.5098039215686,14.931740614334473
1314.5098039215686,14.931740614334473
1314.5098039215686,14.931740614334473
1314.5098039215686,14.931740614334473
1317.6470588235295,15.031285551763368
1317.6470588235295,15.031285551763368
1317.6470588235295,15.031285551763368
1317.6470588235295,15.031285551763368
1317.6470588235295,15.031285551763368
1317.6470588235295,15.031285551763368
1320.7843137254902,15.130830489192265
1320.7843137254902,15.130830489192265
1320.7843137254902,15.130830489192265
1320.7843137254902,15.130830489192265
1320.7843137254902,15.130830489192265
1320.7843137254902,15.130830489192265
1320.7843137254902,15.130830489192265
1323.921568627451,15.230375426621162
1323.921568627451,15.230375426621162
1323.921568627451,15.230375426621162
1323.921568627451,15.230375426621162
1323.921568627451,15.230375426621162
1323.921568627451,15.230375426621162
1323.921568627451,15.230375426621162
1323.921568627451,15.230375426621162
1327.058823529412,15.329920364050057
1327.058823529412,15.329920364050057
1327.058823529412,15.329920364050057
1327.058823529412,15.329920364050057
1327.058823529412,15.329920364050057
1327.058823529412,15.329920364050057
1327.058823529412,15.329920364050057
1330.1960784313724,15.52901023890785
1330.1960784313724,15.52901023890785
1330.1960784313724,15.52901023890785
1330.1960784313724,15.52901023890785
1330.1960784313724,15.52901023890785
1330.1960784313724,15.52901023890785
1330.1960784313724,15.52901023890785
1333.3333333333333,15.628555176336747
1333.3333333333333,15.628555176336747
1333.3333333333333,15.628555176336747
1333.3333333333333,15.628555176336747
1333.3333333333333,15.628555176336747
1333.3333333333333,15.628555176336747
1333.3333333333333,15.628555176336747
1333.3333333333333,15.628555176336747
1336.4705882352941,15.827645051194539
1336.4705882352941,15.827645051194539
1336.4705882352941,15.827645051194539
1336.4705882352941,15.827645051194539
1336.4705882352941,15.827645051194539
1336.4705882352941,15.827645051194539
1336.4705882352941,15.827645051194539
1336.4705882352941,15.827645051194539
1339.6078431372548,15.827645051194539
1339.6078431372548,15.827645051194539
1339.6078431372548,15.827645051194539
1339.6078431372548,15.827645051194539
1339.6078431372548,15.827645051194539
1339.6078431372548,15.827645051194539
1339.6078431372548,15.827645051194539
1339.6078431372548,15.827645051194539
1342.7450980392157,16.02673492605233
1342.7450980392157,16.02673492605233
1342.7450980392157,16.02673492605233
1342.7450980392157,16.02673492605233
1342.7450980392157,16.02673492605233
1342.7450980392157,16.02673492605233
1342.7450980392157,16.02673492605233
1342.7450980392157,16.02673492605233
1345.8823529411766,16.32536973833902
1345.8823529411766,16.32536973833902
1345.8823529411766,16.32536973833902
1345.8823529411766,16.32536973833902
1345.8823529411766,16.32536973833902
1345.8823529411766,16.32536973833902
1345.8823529411766,16.32536973833902
1345.8823529411766,16.32536973833902
1345.8823529411766,16.32536973833902
1349.0196078431372,16.524459613196814
1349.0196078431372,16.524459613196814
1349.0196078431372,16.524459613196814
1349.0196078431372,16.524459613196814
1349.0196078431372,16.524459613196814
1349.0196078431372,16.524459613196814
1349.0196078431372,16.524459613196814
1349.0196078431372,16.524459613196814
1349.0196078431372,16.524459613196814
1352.156862745098,16.922639362912403
1352.156862745098,16.922639362912403
1352.156862745098,16.922639362912403
1352.156862745098,16.922639362912403
1352.156862745098,16.922639362912403
1352.156862745098,16.922639362912403
1352.156862745098,16.922639362912403
1352.156862745098,16.922639362912403
1352.156862745098,16.922639362912403
1355.2941176470588,17.221274175199092
1355.2941176470588,17.221274175199092
1355.2941176470588,17.221274175199092
1355.2941176470588,17.221274175199092
1355.2941176470588,17.221274175199092
1355.2941176470588,17.221274175199092
1355.2941176470588,17.221274175199092
1355.2941176470588,17.221274175199092
1355.2941176470588,17.221274175199092
1355.2941176470588,17.221274175199092
1358.4313725490197,17.519908987485778
1358.4313725490197,17.519908987485778
1358.4313725490197,17.519908987485778
1358.4313725490197,17.519908987485778
1358.4313725490197,17.519908987485778
1358.4313725490197,17.519908987485778
1358.4313725490197,17.519908987485778
1358.4313725490197,17.519908987485778
1358.4313725490197,17.519908987485778
1358.4313725490197,17.519908987485778
1358.4313725490197,17.519908987485778
1361.5686274509803,17.71899886234357
1361.5686274509803,17.71899886234357
1361.5686274509803,17.71899886234357
1361.5686274509803,17.71899886234357
1361.5686274509803,17.71899886234357
1361.5686274509803,17.71899886234357
1361.5686274509803,17.71899886234357
1361.5686274509803,17.71899886234357
1361.5686274509803,17.71899886234357
1361.5686274509803,17.71899886234357
1361.5686274509803,17.71899886234357
1361.5686274509803,17.71899886234357
1361.5686274509803,17.71899886234357
1364.7058823529412,18.41581342434585
1364.7058823529412,18.41581342434585
1364.7058823529412,18.41581342434585
1364.7058823529412,18.41581342434585
1364.7058823529412,18.41581342434585
1364.7058823529412,18.41581342434585
1364.7058823529412,18.41581342434585
1364.7058823529412,18.41581342434585
1364.7058823529412,18.41581342434585
1364.7058823529412,18.41581342434585
1364.7058823529412,18.41581342434585
1364.7058823529412,18.41581342434585
1367.843137254902,19.013083048919228
1367.843137254902,19.013083048919228
1367.843137254902,19.013083048919228
1367.843137254902,19.013083048919228
1367.843137254902,19.013083048919228
1367.843137254902,19.013083048919228
1367.843137254902,19.013083048919228
1367.843137254902,19.013083048919228
1367.843137254902,19.013083048919228
1367.843137254902,19.013083048919228
1367.843137254902,19.013083048919228
1367.843137254902,19.013083048919228
1367.843137254902,19.013083048919228
1367.843137254902,19.013083048919228
1370.9803921568628,19.510807736063708
1370.9803921568628,19.510807736063708
1370.9803921568628,19.510807736063708
1370.9803921568628,19.510807736063708
1370.9803921568628,19.510807736063708
1370.9803921568628,19.510807736063708
1370.9803921568628,19.510807736063708
1370.9803921568628,19.510807736063708
1370.9803921568628,19.510807736063708
1370.9803921568628,19.510807736063708
1370.9803921568628,19.510807736063708
1370.9803921568628,19.510807736063708
1370.9803921568628,19.510807736063708
1370.9803921568628,19.510807736063708
1370.9803921568628,19.510807736063708
1370.9803921568628,19.510807736063708
1370.9803921568628,19.510807736063708
1374.1176470588234,20.207622298065985
1374.1176470588234,20.207622298065985
1374.1176470588234,20.207622298065985
1374.1176470588234,20.207622298065985
1374.1176470588234,20.207622298065985
1374.1176470588234,20.207622298065985
1374.1176470588234,20.207622298065985
1374.1176470588234,20.207622298065985
1374.1176470588234,20.207622298065985
1374.1176470588234,20.207622298065985
1374.1176470588234,20.207622298065985
1374.1176470588234,20.207622298065985
1374.1176470588234,20.207622298065985
1374.1176470588234,20.207622298065985
1374.1176470588234,20.207622298065985
1374.1176470588234,20.207622298065985
1374.1176470588234,20.207622298065985
1374.1176470588234,20.207622298065985
1377.2549019607843,21.103526734926053
1377.2549019607843,21.103526734926053
1377.2549019607843,21.103526734926053
1377.2549019607843,21.103526734926053
1377.2549019607843,21.103526734926053
1377.2549019607843,21.103526734926053
1377.2549019607843,21.103526734926053
1377.2549019607843,21.103526734926053
1377.2549019607843,21.103526734926053
1377.2549019607843,21.103526734926053
1377.2549019607843,21.103526734926053
1377.2549019607843,21.103526734926053
1377.2549019607843,21.103526734926053
1377.2549019607843,21.103526734926053
1377.2549019607843,21.103526734926053
1377.2549019607843,21.103526734926053
1377.2549019607843,21.103526734926053
1377.2549019607843,21.103526734926053
1377.2549019607843,21.103526734926053
1377.2549019607843,21.103526734926053
1377.2549019607843,21.103526734926053
1380.392156862745,21.899886234357222
1380.392156862745,21.899886234357222
1380.392156862745,21.899886234357222
1380.392156862745,21.899886234357222
1380.392156862745,21.899886234357222
1380.392156862745,21.899886234357222
1380.392156862745,21.899886234357222
1380.392156862745,21.899886234357222
1380.392156862745,21.899886234357222
1380.392156862745,21.899886234357222
1380.392156862745,21.899886234357222
1380.392156862745,21.899886234357222
1380.392156862745,21.899886234357222
1380.392156862745,21.899886234357222
1380.392156862745,21.899886234357222
1380.392156862745,21.899886234357222
1380.392156862745,21.899886234357222
1380.392156862745,21.899886234357222
1380.392156862745,21.899886234357222
1380.392156862745,21.899886234357222
1380.392156862745,21.899886234357222
1380.392156862745,21.899886234357222
1380.392156862745,21.899886234357222
1383.5294117647059,22.4971558589306
1383.5294117647059,22.4971558589306
1383.5294117647059,22.4971558589306
1383.5294117647059,22.4971558589306
1383.5294117647059,22.4971558589306
1383.5294117647059,22.4971558589306
1383.5294117647059,22.4971558589306
1383.5294117647059,22.4971558589306
1383.5294117647059,22.4971558589306
1383.5294117647059,22.4971558589306
1383.5294117647059,22.4971558589306
1383.5294117647059,22.4971558589306
1383.5294117647059,22.4971558589306
1383.5294117647059,22.4971558589306
1383.5294117647059,22.4971558589306
1383.5294117647059,22.4971558589306
1383.5294117647059,22.4971558589306
1383.5294117647059,22.4971558589306
1383.5294117647059,22.4971558589306
1383.5294117647059,22.4971558589306
1383.5294117647059,22.4971558589306
1386.6666666666667,23.19397042093288
1386.6666666666667,23.19397042093288
1386.6666666666667,23.19397042093288
1386.6666666666667,23.19397042093288
1386.6666666666667,23.19397042093288
1386.6666666666667,23.19397042093288
1386.6666666666667,23.19397042093288
1386.6666666666667,23.19397042093288
1386.6666666666667,23.19397042093288
1386.6666666666667,23.19397042093288
1386.6666666666667,23.19397042093288
1386.6666666666667,23.19397042093288
1386.6666666666667,23.19397042093288
1386.6666666666667,23.19397042093288
1386.6666666666667,23.19397042093288
1386.6666666666667,23.19397042093288
1389.8039215686276,23.69169510807736
1389.8039215686276,23.69169510807736
1389.8039215686276,23.69169510807736
1389.8039215686276,23.69169510807736
1389.8039215686276,23.69169510807736
1389.8039215686276,23.69169510807736
1389.8039215686276,23.69169510807736
1389.8039215686276,23.69169510807736
1389.8039215686276,23.69169510807736
1389.8039215686276,23.69169510807736
1389.8039215686276,23.69169510807736
1389.8039215686276,23.69169510807736
1389.8039215686276,23.69169510807736
1392.941176470588,23.890784982935156
1392.941176470588,23.890784982935156
1392.941176470588,23.890784982935156
1392.941176470588,23.890784982935156
1392.941176470588,23.890784982935156
1392.941176470588,23.890784982935156
1392.941176470588,23.890784982935156
1392.941176470588,23.890784982935156
1392.941176470588,23.890784982935156
1392.941176470588,23.890784982935156
1392.941176470588,23.890784982935156
1396.078431372549,23.592150170648466
1396.078431372549,23.592150170648466
1396.078431372549,23.592150170648466
1396.078431372549,23.592150170648466
1396.078431372549,23.592150170648466
1396.078431372549,23.592150170648466
1396.078431372549,23.592150170648466
1396.078431372549,23.592150170648466
1396.078431372549,23.592150170648466
1396.078431372549,23.592150170648466
1396.078431372549,23.592150170648466
1396.078431372549,23.592150170648466
1396.078431372549,23.592150170648466
1396.078431372549,23.592150170648466
1399.2156862745098,23.19397042093288
1399.2156862745098,23.19397042093288
1399.2156862745098,23.19397042093288
1399.2156862745098,23.19397042093288
1399.2156862745098,23.19397042093288
1399.2156862745098,23.19397042093288
1399.2156862745098,23.19397042093288
1399.2156862745098,23.19397042093288
1399.2156862745098,23.19397042093288
1399.2156862745098,23.19397042093288
1399.2156862745098,23.19397042093288
1399.2156862745098,23.19397042093288
1399.2156862745098,23.19397042093288
1399.2156862745098,23.19397042093288
1399.2156862745098,23.19397042093288
1399.2156862745098,23.19397042093288
1402.3529411764705,22.596700796359496
1402.3529411764705,22.596700796359496
1402.3529411764705,22.596700796359496
1402.3529411764705,22.596700796359496
1402.3529411764705,22.596700796359496
1402.3529411764705,22.596700796359496
1402.3529411764705,22.596700796359496
1402.3529411764705,22.596700796359496
1402.3529411764705,22.596700796359496
1402.3529411764705,22.596700796359496
1402.3529411764705,22.596700796359496
1402.3529411764705,22.596700796359496
1402.3529411764705,22.596700796359496
1402.3529411764705,22.596700796359496
1402.3529411764705,22.596700796359496
1402.3529411764705,22.596700796359496
1405.4901960784314,22.19852104664391
1405.4901960784314,22.19852104664391
1405.4901960784314,22.19852104664391
1405.4901960784314,22.19852104664391
1405.4901960784314,22.19852104664391
1405.4901960784314,22.19852104664391
1405.4901960784314,22.19852104664391
1405.4901960784314,22.19852104664391
1405.4901960784314,22.19852104664391
1405.4901960784314,22.19852104664391
1405.4901960784314,22.19852104664391
1405.4901960784314,22.19852104664391
1405.4901960784314,22.19852104664391
1405.4901960784314,22.19852104664391
1405.4901960784314,22.19852104664391
1405.4901960784314,22.19852104664391
1408.6274509803923,21.501706484641637
1408.6274509803923,21.501706484641637
1408.6274509803923,21.501706484641637
1408.6274509803923,21.501706484641637
1408.6274509803923,21.501706484641637
1408.6274509803923,21.501706484641637
1408.6274509803923,21.501706484641637
1408.6274509803923,21.501706484641637
1408.6274509803923,21.501706484641637
1408.6274509803923,21.501706484641637
1408.6274509803923,21.501706484641637
1408.6274509803923,21.501706484641637
1408.6274509803923,21.501706484641637
1408.6274509803923,21.501706484641637
1408.6274509803923,21.501706484641637
1411.764705882353,20.804891922639364
1411.764705882353,20.804891922639364
1411.764705882353,20.804891922639364
1411.764705882353,20.804891922639364
1411.764705882353,20.804891922639364
1411.764705882353,20.804891922639364
1411.764705882353,20.804891922639364
1411.764705882353,20.804891922639364
1411.764705882353,20.804891922639364
1411.764705882353,20.804891922639364
1411.764705882353,20.804891922639364
1411.764705882353,20.804891922639364
1411.764705882353,20.804891922639364
1411.764705882353,20.804891922639364
1411.764705882353,20.804891922639364
1411.764705882353,20.804891922639364
1414.9019607843136,20.207622298065985
1414.9019607843136,20.207622298065985
1414.9019607843136,20.207622298065985
1414.9019607843136,20.207622298065985
1414.9019607843136,20.207622298065985
1414.9019607843136,20.207622298065985
1414.9019607843136,20.207622298065985
1414.9019607843136,20.207622298065985
1414.9019607843136,20.207622298065985
1414.9019607843136,20.207622298065985
1414.9019607843136,20.207622298065985
1414.9019607843136,20.207622298065985
1414.9019607843136,20.207622298065985
1414.9019607843136,20.207622298065985
1414.9019607843136,20.207622298065985
1414.9019607843136,20.207622298065985
1418.0392156862745,19.809442548350397
1418.0392156862745,19.809442548350397
1418.0392156862745,19.809442548350397
1418.0392156862745,19.809442548350397
1418.0392156862745,19.809442548350397
1418.0392156862745,19.809442548350397
1418.0392156862745,19.809442548350397
1418.0392156862745,19.809442548350397
1418.0392156862745,19.809442548350397
1418.0392156862745,19.809442548350397
1418.0392156862745,19.809442548350397
1418.0392156862745,19.809442548350397
1418.0392156862745,19.809442548350397
1418.0392156862745,19.809442548350397
1421.1764705882354,19.311717861205917
1421.1764705882354,19.311717861205917
1421.1764705882354,19.311717861205917
1421.1764705882354,19.311717861205917
1421.1764705882354,19.311717861205917
1421.1764705882354,19.311717861205917
1421.1764705882354,19.311717861205917
1421.1764705882354,19.311717861205917
1421.1764705882354,19.311717861205917
1421.1764705882354,19.311717861205917
1421.1764705882354,19.311717861205917
1421.1764705882354,19.311717861205917
1421.1764705882354,19.311717861205917
1421.1764705882354,19.311717861205917
1421.1764705882354,19.311717861205917
1424.313725490196,18.515358361774744
1424.313725490196,18.515358361774744
1424.313725490196,18.515358361774744
1424.313725490196,18.515358361774744
1424.313725490196,18.515358361774744
1424.313725490196,18.515358361774744
1424.313725490196,18.515358361774744
1424.313725490196,18.515358361774744
1424.313725490196,18.515358361774744
1424.313725490196,18.515358361774744
1424.313725490196,18.515358361774744
1424.313725490196,18.515358361774744
1424.313725490196,18.515358361774744
1424.313725490196,18.515358361774744
1424.313725490196,18.515358361774744
1427.450980392157,18.216723549488055
1427.450980392157,18.216723549488055
1427.450980392157,18.216723549488055
1427.450980392157,18.216723549488055
1427.450980392157,18.216723549488055
1427.450980392157,18.216723549488055
1427.450980392157,18.216723549488055
1427.450980392157,18.216723549488055
1427.450980392157,18.216723549488055
1427.450980392157,18.216723549488055
1427.450980392157,18.216723549488055
1427.450980392157,18.216723549488055
1427.450980392157,18.216723549488055
1427.450980392157,18.216723549488055
1430.5882352941178,17.918088737201366
1430.5882352941178,17.918088737201366
1430.5882352941178,17.918088737201366
1430.5882352941178,17.918088737201366
1430.5882352941178,17.918088737201366
1430.5882352941178,17.918088737201366
1430.5882352941178,17.918088737201366
1430.5882352941178,17.918088737201366
1430.5882352941178,17.918088737201366
1430.5882352941178,17.918088737201366
1430.5882352941178,17.918088737201366
1430.5882352941178,17.918088737201366
1430.5882352941178,17.918088737201366
1433.7254901960785,17.420364050056882
1433.7254901960785,17.420364050056882
1433.7254901960785,17.420364050056882
1433.7254901960785,17.420364050056882
1433.7254901960785,17.420364050056882
1433.7254901960785,17.420364050056882
1433.7254901960785,17.420364050056882
1433.7254901960785,17.420364050056882
1433.7254901960785,17.420364050056882
1433.7254901960785,17.420364050056882
1436.862745098039,16.922639362912403
1436.862745098039,16.922639362912403
1436.862745098039,16.922639362912403
1436.862745098039,16.922639362912403
1436.862745098039,16.922639362912403
1436.862745098039,16.922639362912403
1436.862745098039,16.922639362912403
1436.862745098039,16.922639362912403
1436.862745098039,16.922639362912403
1436.862745098039,16.922639362912403
1436.862745098039,16.922639362912403
1440.0,16.823094425483504
1440.0,16.823094425483504
1440.0,16.823094425483504
1440.0,16.823094425483504
1440.0,16.823094425483504
1440.0,16.823094425483504
1440.0,16.823094425483504
1440.0,16.823094425483504
1440.0,16.823094425483504
1440.0,16.823094425483504
1443.1372549019607,16.62400455062571
1443.1372549019607,16.62400455062571
1443.1372549019607,16.62400455062571
1443.1372549019607,16.62400455062571
1443.1372549019607,16.62400455062571
1443.1372549019607,16.62400455062571
1443.1372549019607,16.62400455062571
1443.1372549019607,16.62400455062571
1443.1372549019607,16.62400455062571
1443.1372549019607,16.62400455062571
1446.2745098039215,16.424914675767916
1446.2745098039215,16.424914675767916
1446.2745098039215,16.424914675767916
1446.2745098039215,16.424914675767916
1446.2745098039215,16.424914675767916
1446.2745098039215,16.424914675767916
1446.2745098039215,16.424914675767916
1446.2745098039215,16.424914675767916
1449.4117647058824,16.32536973833902
1449.4117647058824,16.32536973833902
1449.4117647058824,16.32536973833902
1449.4117647058824,16.32536973833902
1449.4117647058824,16.32536973833902
1449.4117647058824,16.32536973833902
1449.4117647058824,16.32536973833902
1449.4117647058824,16.32536973833902
1449.4117647058824,16.32536973833902
1452.5490196078433,16.12627986348123
1452.5490196078433,16.12627986348123
1452.5490196078433,16.12627986348123
1452.5490196078433,16.12627986348123
1452.5490196078433,16.12627986348123
1452.5490196078433,16.12627986348123
1452.5490196078433,16.12627986348123
1452.5490196078433,16.12627986348123
1452.5490196078433,16.12627986348123
1455.6862745098038,16.02673492605233
1455.6862745098038,16.02673492605233
1455.6862745098038,16.02673492605233
1455.6862745098038,16.02673492605233
1455.6862745098038,16.02673492605233
1455.6862745098038,16.02673492605233
1455.6862745098038,16.02673492605233
1455.6862745098038,16.02673492605233
1458.8235294117646,15.927189988623436
1458.8235294117646,15.927189988623436
1458.8235294117646,15.927189988623436
1458.8235294117646,15.927189988623436
1458.8235294117646,15.927189988623436
1458.8235294117646,15.927189988623436
1458.8235294117646,15.927189988623436
1461.9607843137255,15.827645051194539
1461.9607843137255,15.827645051194539
1461.9607843137255,15.827645051194539
1461.9607843137255,15.827645051194539
1461.9607843137255,15.827645051194539
1461.9607843137255,15.827645051194539
1461.9607843137255,15.827645051194539
1461.9607843137255,15.827645051194539
1465.0980392156862,15.728100113765644
1465.0980392156862,15.728100113765644
1465.0980392156862,15.728100113765644
1465.0980392156862,15.728100113765644
1465.0980392156862,15.728100113765644
1465.0980392156862,15.728100113765644
1465.0980392156862,15.728100113765644
1465.0980392156862,15.728100113765644
1465.0980392156862,15.728100113765644
1468.235294117647,15.628555176336747
1468.235294117647,15.628555176336747
1468.235294117647,15.628555176336747
1468.235294117647,15.628555176336747
1468.235294117647,15.628555176336747
1468.235294117647,15.628555176336747
1468.235294117647,15.628555176336747
1468.235294117647,15.628555176336747
1471.372549019608,15.429465301478954
1471.372549019608,15.429465301478954
1471.372549019608,15.429465301478954
1471.372549019608,15.429465301478954
1471.372549019608,15.429465301478954
1471.372549019608,15.429465301478954
1471.372549019608,15.429465301478954
1471.372549019608,15.429465301478954
1474.5098039215686,15.329920364050057
1474.5098039215686,15.329920364050057
1474.5098039215686,15.329920364050057
1474.5098039215686,15.329920364050057
1474.5098039215686,15.329920364050057
1474.5098039215686,15.329920364050057
1474.5098039215686,15.329920364050057
1477.6470588235293,15.329920364050057
1477.6470588235293,15.329920364050057
1477.6470588235293,15.329920364050057
1477.6470588235293,15.329920364050057
1477.6470588235293,15.329920364050057
1477.6470588235293,15.329920364050057
1477.6470588235293,15.329920364050057
1480.7843137254902,15.230375426621162
1480.7843137254902,15.230375426621162
1480.7843137254902,15.230375426621162
1480.7843137254902,15.230375426621162
1480.7843137254902,15.230375426621162
1480.7843137254902,15.230375426621162
1483.921568627451,15.230375426621162
1483.921568627451,15.230375426621162
1483.921568627451,15.230375426621162
1483.921568627451,15.230375426621162
1483.921568627451,15.230375426621162
1483.921568627451,15.230375426621162
1487.0588235294117,15.130830489192265
1487.0588235294117,15.130830489192265
1487.0588235294117,15.130830489192265
1487.0588235294117,15.130830489192265
1487.0588235294117,15.130830489192265
1487.0588235294117,15.130830489192265
1487.0588235294117,15.130830489192265
1490.1960784313726,15.130830489192265
1490.1960784313726,15.130830489192265
1490.1960784313726,15.130830489192265
1490.1960784313726,15.130830489192265
1490.1960784313726,15.130830489192265
1490.1960784313726,15.130830489192265
1490.1960784313726,15.130830489192265
1493.3333333333335,15.031285551763368
1493.3333333333335,15.031285551763368
1493.3333333333335,15.031285551763368
1493.3333333333335,15.031285551763368
1493.3333333333335,15.031285551763368
1493.3333333333335,15.031285551763368
1493.3333333333335,15.031285551763368
1493.3333333333335,15.031285551763368
1496.4705882352941,14.931740614334473
1496.4705882352941,14.931740614334473
1496.4705882352941,14.931740614334473
1496.4705882352941,14.931740614334473
1496.4705882352941,14.931740614334473
1496.4705882352941,14.931740614334473
1496.4705882352941,14.931740614334473
1499.6078431372548,15.031285551763368
1499.6078431372548,15.031285551763368
1499.6078431372548,15.031285551763368
1499.6078431372548,15.031285551763368
1499.6078431372548,15.031285551763368
1499.6078431372548,15.031285551763368
1502.7450980392157,15.031285551763368
1502.7450980392157,15.031285551763368
1502.7450980392157,15.031285551763368
1502.7450980392157,15.031285551763368
1502.7450980392157,15.031285551763368
1502.7450980392157,15.031285551763368
1505.8823529411764,15.031285551763368
1505.8823529411764,15.031285551763368
1505.8823529411764,15.031285551763368
1505.8823529411764,15.031285551763368
1505.8823529411764,15.031285551763368
1505.8823529411764,15.031285551763368
1505.8823529411764,15.031285551763368
1505.8823529411764,15.031285551763368
1509.0196078431372,15.031285551763368
1509.0196078431372,15.031285551763368
1509.0196078431372,15.031285551763368
1509.0196078431372,15.031285551763368
1509.0196078431372,15.031285551763368
1509.0196078431372,15.031285551763368
1509.0196078431372,15.031285551763368
1509.0196078431372,15.031285551763368
1512.1568627450981,15.031285551763368
1512.1568627450981,15.031285551763368
1512.1568627450981,15.031285551763368
1512.1568627450981,15.031285551763368
1512.1568627450981,15.031285551763368
1512.1568627450981,15.031285551763368
1512.1568627450981,15.031285551763368
1512.1568627450981,15.031285551763368
1515.294117647059,14.931740614334473
1515.294117647059,14.931740614334473
1515.294117647059,14.931740614334473
1515.294117647059,14.931740614334473
1515.294117647059,14.931740614334473
1515.294117647059,14.931740614334473
1515.294117647059,14.931740614334473
1518.4313725490194,14.832195676905574
1518.4313725490194,14.832195676905574
1518.4313725490194,14.832195676905574
1518.4313725490194,14.832195676905574
1518.4313725490194,14.832195676905574
1518.4313725490194,14.832195676905574
1521.5686274509803,14.832195676905574
1521.5686274509803,14.832195676905574
1521.5686274509803,14.832195676905574
1521.5686274509803,14.832195676905574
1521.5686274509803,14.832195676905574
1521.5686274509803,14.832195676905574
1524.7058823529412,14.832195676905574
1524.7058823529412,14.832195676905574
1524.7058823529412,14.832195676905574
1524.7058823529412,14.832195676905574
1524.7058823529412,14.832195676905574
1524.7058823529412,14.832195676905574
1527.8431372549019,14.732650739476677
1527.8431372549019,14.732650739476677
1527.8431372549019,14.732650739476677
1527.8431372549019,14.732650739476677
1527.8431372549019,14.732650739476677
1527.8431372549019,14.732650739476677
1527.8431372549019,14.732650739476677
1530.9803921568628,14.633105802047782
1530.9803921568628,14.633105802047782
1530.9803921568628,14.633105802047782
1530.9803921568628,14.633105802047782
1530.9803921568628,14.633105802047782
1530.9803921568628,14.633105802047782
1530.9803921568628,14.633105802047782
1530.9803921568628,14.633105802047782
1534.1176470588236,14.533560864618885
1534.1176470588236,14.533560864618885
1534.1176470588236,14.533560864618885
1534.1176470588236,14.533560864618885
1534.1176470588236,14.533560864618885
1534.1176470588236,14.533560864618885
1534.1176470588236,14.533560864618885
1537.2549019607843,14.633105802047782
1537.2549019607843,14.633105802047782
1537.2549019607843,14.633105802047782
1537.2549019607843,14.633105802047782
1537.2549019607843,14.633105802047782
1537.2549019607843,14.633105802047782
1540.392156862745,14.732650739476677
1540.392156862745,14.732650739476677
1540.392156862745,14.732650739476677
1540.392156862745,14.732650739476677
1540.392156862745,14.732650739476677
1540.392156862745,14.732650739476677
1540.392156862745,14.732650739476677
1543.5294117647059,14.732650739476677
1543.5294117647059,14.732650739476677
1543.5294117647059,14.732650739476677
1543.5294117647059,14.732650739476677
1543.5294117647059,14.732650739476677
1543.5294117647059,14.732650739476677
1543.5294117647059,14.732650739476677
1546.6666666666667,14.732650739476677
1546.6666666666667,14.732650739476677
1546.6666666666667,14.732650739476677
1546.6666666666667,14.732650739476677
1546.6666666666667,14.732650739476677
1546.6666666666667,14.732650739476677
1546.6666666666667,14.732650739476677
1549.8039215686274,14.633105802047782
1549.8039215686274,14.633105802047782
1549.8039215686274,14.633105802047782
1549.8039215686274,14.633105802047782
1549.8039215686274,14.633105802047782
1549.8039215686274,14.633105802047782
1552.9411764705883,14.732650739476677
1552.9411764705883,14.732650739476677
1552.9411764705883,14.732650739476677
1552.9411764705883,14.732650739476677
1552.9411764705883,14.732650739476677
1552.9411764705883,14.732650739476677
1552.9411764705883,14.732650739476677
1556.0784313725492,14.732650739476677
1556.0784313725492,14.732650739476677
1556.0784313725492,14.732650739476677
1556.0784313725492,14.732650739476677
1556.0784313725492,14.732650739476677
1556.0784313725492,14.732650739476677
1556.0784313725492,14.732650739476677
1559.2156862745098,14.633105802047782
1559.2156862745098,14.633105802047782
1559.2156862745098,14.633105802047782
1559.2156862745098,14.633105802047782
1559.2156862745098,14.633105802047782
1559.2156862745098,14.633105802047782
1562.3529411764705,14.633105802047782
1562.3529411764705,14.633105802047782
1562.3529411764705,14.633105802047782
1562.3529411764705,14.633105802047782
1562.3529411764705,14.633105802047782
1562.3529411764705,14.633105802047782
1565.4901960784314,14.633105802047782
1565.4901960784314,14.633105802047782
1565.4901960784314,14.633105802047782
1565.4901960784314,14.633105802047782
1565.4901960784314,14.633105802047782
1565.4901960784314,14.633105802047782
1568.627450980392,14.633105802047782
1568.627450980392,14.633105802047782
1568.627450980392,14.633105802047782
1568.627450980392,14.633105802047782
1568.627450980392,14.633105802047782
1568.627450980392,14.633105802047782
1571.764705882353,14.533560864618885
1571.764705882353,14.533560864618885
1571.764705882353,14.533560864618885
1571.764705882353,14.533560864618885
1571.764705882353,14.533560864618885
1571.764705882353,14.533560864618885
1571.764705882353,14.533560864618885
1574.9019607843138,14.533560864618885
1574.9019607843138,14.533560864618885
1574.9019607843138,14.533560864618885
1574.9019607843138,14.533560864618885
1574.9019607843138,14.533560864618885
1574.9019607843138,14.533560864618885
1574.9019607843138,14.533560864618885
1578.0392156862745,14.533560864618885
1578.0392156862745,14.533560864618885
1578.0392156862745,14.533560864618885
1578.0392156862745,14.533560864618885
1578.0392156862745,14.533560864618885
1578.0392156862745,14.533560864618885
1578.0392156862745,14.533560864618885
1581.1764705882351,14.533560864618885
1581.1764705882351,14.533560864618885
1581.1764705882351,14.533560864618885
1581.1764705882351,14.533560864618885
1581.1764705882351,14.533560864618885
1581.1764705882351,14.533560864618885
1581.1764705882351,14.533560864618885
1584.313725490196,14.533560864618885
1584.313725490196,14.533560864618885
1584.313725490196,14.533560864618885
1584.313725490196,14.533560864618885
1584.313725490196,14.533560864618885
1584.313725490196,14.533560864618885
1584.313725490196,14.533560864618885
1587.450980392157,14.533560864618885
1587.450980392157,14.533560864618885
1587.450980392157,14.533560864618885
1587.450980392157,14.533560864618885
1587.450980392157,14.533560864618885
1587.450980392157,14.533560864618885
1587.450980392157,14.533560864618885
1590.5882352941176,14.334470989761092
1590.5882352941176,14.334470989761092
1590.5882352941176,14.334470989761092
1590.5882352941176,14.334470989761092
1590.5882352941176,14.334470989761092
1590.5882352941176,14.334470989761092
1590.5882352941176,14.334470989761092
1593.7254901960785,14.334470989761092
1593.7254901960785,14.334470989761092
1593.7254901960785,14.334470989761092
1593.7254901960785,14.334470989761092
1593.7254901960785,14.334470989761092
1593.7254901960785,14.334470989761092
1593.7254901960785,14.334470989761092
1596.8627450980393,14.334470989761092
1596.8627450980393,14.334470989761092
1596.8627450980393,14.334470989761092
1596.8627450980393,14.334470989761092
1596.8627450980393,14.334470989761092
1596.8627450980393,14.334470989761092
1596.8627450980393,14.334470989761092
1600.0,14.434015927189987
1600.0,14.434015927189987
1600.0,14.434015927189987
1600.0,14.434015927189987
1600.0,14.434015927189987
1600.0,14.434015927189987
1603.1372549019607,14.434015927189987
1603.1372549019607,14.434015927189987
1603.1372549019607,14.434015927189987
1603.1372549019607,14.434015927189987
1603.1372549019607,14.434015927189987
1603.1372549019607,14.434015927189987
1606.2745098039215,14.434015927189987
1606.2745098039215,14.434015927189987
1606.2745098039215,14.434015927189987
1606.2745098039215,14.434015927189987
1606.2745098039215,14.434015927189987
1606.2745098039215,14.434015927189987
1609.4117647058824,14.434015927189987
1609.4117647058824,14.434015927189987
1609.4117647058824,14.434015927189987
1609.4117647058824,14.434015927189987
1609.4117647058824,14.434015927189987
1609.4117647058824,14.434015927189987
1612.549019607843,14.334470989761092
1612.549019607843,14.334470989761092
1612.549019607843,14.334470989761092
1612.549019607843,14.334470989761092
1612.549019607843,14.334470989761092
1612.549019607843,14.334470989761092
1612.549019607843,14.334470989761092
1615.686274509804,14.334470989761092
1615.686274509804,14.334470989761092
1615.686274509804,14.334470989761092
1615.686274509804,14.334470989761092
1615.686274509804,14.334470989761092
1615.686274509804,14.334470989761092
1615.686274509804,14.334470989761092
1618.8235294117649,14.334470989761092
1618.8235294117649,14.334470989761092
1618.8235294117649,14.334470989761092
1618.8235294117649,14.334470989761092
1618.8235294117649,14.334470989761092
1618.8235294117649,14.334470989761092
1618.8235294117649,14.334470989761092
1621.9607843137255,14.334470989761092
1621.9607843137255,14.334470989761092
1621.9607843137255,14.334470989761092
1621.9607843137255,14.334470989761092
1621.9607843137255,14.334470989761092
1621.9607843137255,14.334470989761092
1621.9607843137255,14.334470989761092
1625.0980392156862,14.234926052332195
1625.0980392156862,14.234926052332195
1625.0980392156862,14.234926052332195
1625.0980392156862,14.234926052332195
1625.0980392156862,14.234926052332195
1625.0980392156862,14.234926052332195
1628.235294117647,14.135381114903298
1628.235294117647,14.135381114903298
1628.235294117647,14.135381114903298
1628.235294117647,14.135381114903298
1628.235294117647,14.135381114903298
1628.235294117647,14.135381114903298
1628.235294117647,14.135381114903298
1631.3725490196077,14.135381114903298
1631.3725490196077,14.135381114903298
1631.3725490196077,14.135381114903298
1631.3725490196077,14.135381114903298
1631.3725490196077,14.135381114903298
1631.3725490196077,14.135381114903298
1631.3725490196077,14.135381114903298
1634.5098039215686,14.135381114903298
1634.5098039215686,14.135381114903298
1634.5098039215686,14.135381114903298
1634.5098039215686,14.135381114903298
1634.5098039215686,14.135381114903298
1634.5098039215686,14.135381114903298
1634.5098039215686,14.135381114903298
1637.6470588235295,14.135381114903298
1637.6470588235295,14.135381114903298
1637.6470588235295,14.135381114903298
1637.6470588235295,14.135381114903298
1637.6470588235295,14.135381114903298
1637.6470588235295,14.135381114903298
1637.6470588235295,14.135381114903298
1640.7843137254902,14.135381114903298
1640.7843137254902,14.135381114903298
1640.7843137254902,14.135381114903298
1640.7843137254902,14.135381114903298
1640.7843137254902,14.135381114903298
1640.7843137254902,14.135381114903298
1640.7843137254902,14.135381114903298
1643.921568627451,14.135381114903298
1643.921568627451,14.135381114903298
1643.921568627451,14.135381114903298
1643.921568627451,14.135381114903298
1643.921568627451,14.135381114903298
1643.921568627451,14.135381114903298
1643.921568627451,14.135381114903298
1647.0588235294117,14.135381114903298
1647.0588235294117,14.135381114903298
1647.0588235294117,14.135381114903298
1647.0588235294117,14.135381114903298
1647.0588235294117,14.135381114903298
1647.0588235294117,14.135381114903298
1647.0588235294117,14.135381114903298
1650.1960784313726,14.135381114903298
1650.1960784313726,14.135381114903298
1650.1960784313726,14.135381114903298
1650.1960784313726,14.135381114903298
1650.1960784313726,14.135381114903298
1650.1960784313726,14.135381114903298
1650.1960784313726,14.135381114903298
1653.3333333333333,14.334470989761092
1653.3333333333333,14.334470989761092
1653.3333333333333,14.334470989761092
1653.3333333333333,14.334470989761092
1653.3333333333333,14.334470989761092
1653.3333333333333,14.334470989761092
1653.3333333333333,14.334470989761092
1656.4705882352941,14.334470989761092
1656.4705882352941,14.334470989761092
1656.4705882352941,14.334470989761092
1656.4705882352941,14.334470989761092
1656.4705882352941,14.334470989761092
1656.4705882352941,14.334470989761092
1656.4705882352941,14.334470989761092
1659.607843137255,14.135381114903298
1659.607843137255,14.135381114903298
1659.607843137255,14.135381114903298
1659.607843137255,14.135381114903298
1659.607843137255,14.135381114903298
1659.607843137255,14.135381114903298
1659.607843137255,14.135381114903298
1662.7450980392157,14.135381114903298
1662.7450980392157,14.135381114903298
1662.7450980392157,14.135381114903298
1662.7450980392157,14.135381114903298
1662.7450980392157,14.135381114903298
1662.7450980392157,14.135381114903298
1662.7450980392157,14.135381114903298
1665.8823529411764,14.135381114903298
1665.8823529411764,14.135381114903298
1665.8823529411764,14.135381114903298
1665.8823529411764,14.135381114903298
1665.8823529411764,14.135381114903298
1665.8823529411764,14.135381114903298
1665.8823529411764,14.135381114903298
1669.0196078431372,14.234926052332195
1669.0196078431372,14.234926052332195
1669.0196078431372,14.234926052332195
1669.0196078431372,14.234926052332195
1669.0196078431372,14.234926052332195
1669.0196078431372,14.234926052332195
1672.156862745098,14.234926052332195
1672.156862745098,14.234926052332195
1672.156862745098,14.234926052332195
1672.156862745098,14.234926052332195
1672.156862745098,14.234926052332195
1672.156862745098,14.234926052332195
1675.2941176470588,14.334470989761092
1675.2941176470588,14.334470989761092
1675.2941176470588,14.334470989761092
1675.2941176470588,14.334470989761092
1675.2941176470588,14.334470989761092
1675.2941176470588,14.334470989761092
1675.2941176470588,14.334470989761092
1678.4313725490197,14.334470989761092
1678.4313725490197,14.334470989761092
1678.4313725490197,14.334470989761092
1678.4313725490197,14.334470989761092
1678.4313725490197,14.334470989761092
1678.4313725490197,14.334470989761092
1678.4313725490197,14.334470989761092
1681.5686274509806,14.234926052332195
1681.5686274509806,14.234926052332195
1681.5686274509806,14.234926052332195
1681.5686274509806,14.234926052332195
1681.5686274509806,14.234926052332195
1681.5686274509806,14.234926052332195
1684.7058823529412,14.234926052332195
1684.7058823529412,14.234926052332195
1684.7058823529412,14.234926052332195
1684.7058823529412,14.234926052332195
1684.7058823529412,14.234926052332195
1684.7058823529412,14.234926052332195
1687.8431372549019,14.234926052332195
1687.8431372549019,14.234926052332195
1687.8431372549019,14.234926052332195
1687.8431372549019,14.234926052332195
1687.8431372549019,14.234926052332195
1687.8431372549019,14.234926052332195
1690.9803921568628,14.234926052332195
1690.9803921568628,14.234926052332195
1690.9803921568628,14.234926052332195
1690.9803921568628,14.234926052332195
1690.9803921568628,14.234926052332195
1690.9803921568628,14.234926052332195
1694.1176470588234,14.234926052332195
1694.1176470588234,14.234926052332195
1694.1176470588234,14.234926052332195
1694.1176470588234,14.234926052332195
1694.1176470588234,14.234926052332195
1694.1176470588234,14.234926052332195
1697.2549019607843,14.234926052332195
1697.2549019607843,14.234926052332195
1697.2549019607843,14.234926052332195
1697.2549019607843,14.234926052332195
1697.2549019607843,14.234926052332195
1697.2549019607843,14.234926052332195
1700.3921568627452,14.234926052332195
1700.3921568627452,14.234926052332195
1700.3921568627452,14.234926052332195
1700.3921568627452,14.234926052332195
1700.3921568627452,14.234926052332195
1700.3921568627452,14.234926052332195
1703.5294117647059,14.234926052332195
1703.5294117647059,14.234926052332195
1703.5294117647059,14.234926052332195
1703.5294117647059,14.234926052332195
1703.5294117647059,14.234926052332195
1703.5294117647059,14.234926052332195
1706.6666666666667,14.234926052332195
1706.6666666666667,14.234926052332195
1706.6666666666667,14.234926052332195
1706.6666666666667,14.234926052332195
1706.6666666666667,14.234926052332195
1706.6666666666667,14.234926052332195
1709.8039215686274,14.234926052332195
1709.8039215686274,14.234926052332195
1709.8039215686274,14.234926052332195
1709.8039215686274,14.234926052332195
1709.8039215686274,14.234926052332195
1709.8039215686274,14.234926052332195
1712.9411764705883,14.234926052332195
1712.9411764705883,14.234926052332195
1712.9411764705883,14.234926052332195
1712.9411764705883,14.234926052332195
1712.9411764705883,14.234926052332195
1712.9411764705883,14.234926052332195
1716.078431372549,14.334470989761092
1716.078431372549,14.334470989761092
1716.078431372549,14.334470989761092
1716.078431372549,14.334470989761092
1716.078431372549,14.334470989761092
1716.078431372549,14.334470989761092
1716.078431372549,14.334470989761092
1719.2156862745098,14.334470989761092
1719.2156862745098,14.334470989761092
1719.2156862745098,14.334470989761092
1719.2156862745098,14.334470989761092
1719.2156862745098,14.334470989761092
1719.2156862745098,14.334470989761092
1719.2156862745098,14.334470989761092
1722.3529411764707,14.234926052332195
1722.3529411764707,14.234926052332195
1722.3529411764707,14.234926052332195
1722.3529411764707,14.234926052332195
1722.3529411764707,14.234926052332195
1722.3529411764707,14.234926052332195
1725.4901960784314,14.234926052332195
1725.4901960784314,14.234926052332195
1725.4901960784314,14.234926052332195
1725.4901960784314,14.234926052332195
1725.4901960784314,14.234926052332195
1725.4901960784314,14.234926052332195
1728.627450980392,14.234926052332195
1728.627450980392,14.234926052332195
1728.627450980392,14.234926052332195
1728.627450980392,14.234926052332195
1728.627450980392,14.234926052332195
1728.627450980392,14.234926052332195
1731.764705882353,14.135381114903298
1731.764705882353,14.135381114903298
1731.764705882353,14.135381114903298
1731.764705882353,14.135381114903298
1731.764705882353,14.135381114903298
1731.764705882353,14.135381114903298
1731.764705882353,14.135381114903298
1734.9019607843136,14.135381114903298
1734.9019607843136,14.135381114903298
1734.9019607843136,14.135381114903298
1734.9019607843136,14.135381114903298
1734.9019607843136,14.135381114903298
1734.9019607843136,14.135381114903298
1734.9019607843136,14.135381114903298
1738.0392156862745,14.035836177474403
1738.0392156862745,14.035836177474403
1738.0392156862745,14.035836177474403
1738.0392156862745,14.035836177474403
1738.0392156862745,14.035836177474403
1738.0392156862745,14.035836177474403
1741.1764705882354,14.035836177474403
1741.1764705882354,14.035836177474403
1741.1764705882354,14.035836177474403
1741.1764705882354,14.035836177474403
1741.1764705882354,14.035836177474403
1741.1764705882354,14.035836177474403
1744.3137254901962,14.035836177474403
1744.3137254901962,14.035836177474403
1744.3137254901962,14.035836177474403
1744.3137254901962,14.035836177474403
1744.3137254901962,14.035836177474403
1744.3137254901962,14.035836177474403
1747.450980392157,14.035836177474403
1747.450980392157,14.035836177474403
1747.450980392157,14.035836177474403
1747.450980392157,14.035836177474403
1747.450980392157,14.035836177474403
1747.450980392157,14.035836177474403
1750.5882352941176,14.035836177474403
1750.5882352941176,14.035836177474403
1750.5882352941176,14.035836177474403
1750.5882352941176,14.035836177474403
1750.5882352941176,14.035836177474403
1750.5882352941176,14.035836177474403
1753.7254901960785,14.035836177474403
1753.7254901960785,14.035836177474403
1753.7254901960785,14.035836177474403
1753.7254901960785,14.035836177474403
1753.7254901960785,14.035836177474403
1753.7254901960785,14.035836177474403
1756.862745098039,13.936291240045506
1756.862745098039,13.936291240045506
1756.862745098039,13.936291240045506
1756.862745098039,13.936291240045506
1756.862745098039,13.936291240045506
1756.862745098039,13.936291240045506
1756.862745098039,13.936291240045506
1760.0,13.936291240045506
1760.0,13.936291240045506
1760.0,13.936291240045506
1760.0,13.936291240045506
1760.0,13.936291240045506
1760.0,13.936291240045506
1760.0,13.936291240045506
1763.137254901961,13.936291240045506
1763.137254901961,13.936291240045506
1763.137254901961,13.936291240045506
1763.137254901961,13.936291240045506
1763.137254901961,13.936291240045506
1763.137254901961,13.936291240045506
1763.137254901961,13.936291240045506
1766.2745098039215,13.936291240045506
1766.2745098039215,13.936291240045506
1766.2745098039215,13.936291240045506
1766.2745098039215,13.936291240045506
1766.2745098039215,13.936291240045506
1766.2745098039215,13.936291240045506
1766.2745098039215,13.936291240045506
1769.4117647058824,13.936291240045506
1769.4117647058824,13.936291240045506
1769.4117647058824,13.936291240045506
1769.4117647058824,13.936291240045506
1769.4117647058824,13.936291240045506
1769.4117647058824,13.936291240045506
1769.4117647058824,13.936291240045506
1772.549019607843,13.936291240045506
1772.549019607843,13.936291240045506
1772.549019607843,13.936291240045506
1772.549019607843,13.936291240045506
1772.549019607843,13.936291240045506
1772.549019607843,13.936291240045506
1772.549019607843,13.936291240045506
1775.686274509804,13.936291240045506
1775.686274509804,13.936291240045506
1775.686274509804,13.936291240045506
1775.686274509804,13.936291240045506
1775.686274509804,13.936291240045506
1775.686274509804,13.936291240045506
1775.686274509804,13.936291240045506
1778.8235294117646,13.936291240045506
1778.8235294117646,13.936291240045506
1778.8235294117646,13.936291240045506
1778.8235294117646,13.936291240045506
1778.8235294117646,13.936291240045506
1778.8235294117646,13.936291240045506
1778.8235294117646,13.936291240045506
1781.9607843137255,13.936291240045506
1781.9607843137255,13.936291240045506
1781.9607843137255,13.936291240045506
1781.9607843137255,13.936291240045506
1781.9607843137255,13.936291240045506
1781.9607843137255,13.936291240045506
1781.9607843137255,13.936291240045506
1785.0980392156864,13.936291240045506
1785.0980392156864,13.936291240045506
1785.0980392156864,13.936291240045506
1785.0980392156864,13.936291240045506
1785.0980392156864,13.936291240045506
1785.0980392156864,13.936291240045506
1785.0980392156864,13.936291240045506
1788.235294117647,14.035836177474403
1788.235294117647,14.035836177474403
1788.235294117647,14.035836177474403
1788.235294117647,14.035836177474403
1788.235294117647,14.035836177474403
1788.235294117647,14.035836177474403
1791.3725490196077,14.035836177474403
1791.3725490196077,14.035836177474403
1791.3725490196077,14.035836177474403
1791.3725490196077,14.035836177474403
1791.3725490196077,14.035836177474403
1791.3725490196077,14.035836177474403
1794.5098039215686,14.035836177474403
1794.5098039215686,14.035836177474403
1794.5098039215686,14.035836177474403
1794.5098039215686,14.035836177474403
1794.5098039215686,14.035836177474403
1794.5098039215686,14.035836177474403
1797.6470588235293,14.035836177474403
1797.6470588235293,14.035836177474403
1797.6470588235293,14.035836177474403
1797.6470588235293,14.035836177474403
1797.6470588235293,14.035836177474403
1797.6470588235293,14.035836177474403
1800.7843137254902,14.035836177474403
1800.7843137254902,14.035836177474403
1800.7843137254902,14.035836177474403
1800.7843137254902,14.035836177474403
1800.7843137254902,14.035836177474403
1800.7843137254902,14.035836177474403
1803.921568627451,14.035836177474403
1803.921568627451,14.035836177474403
1803.921568627451,14.035836177474403
1803.921568627451,14.035836177474403
1803.921568627451,14.035836177474403
1803.921568627451,14.035836177474403
1807.058823529412,14.135381114903298
1807.058823529412,14.135381114903298
1807.058823529412,14.135381114903298
1807.058823529412,14.135381114903298
1807.058823529412,14.135381114903298
1807.058823529412,14.135381114903298
1807.058823529412,14.135381114903298
1810.1960784313726,14.135381114903298
1810.1960784313726,14.135381114903298
1810.1960784313726,14.135381114903298
1810.1960784313726,14.135381114903298
1810.1960784313726,14.135381114903298
1810.1960784313726,14.135381114903298
1810.1960784313726,14.135381114903298
1813.3333333333333,14.234926052332195
1813.3333333333333,14.234926052332195
1813.3333333333333,14.234926052332195
1813.3333333333333,14.234926052332195
1813.3333333333333,14.234926052332195
1813.3333333333333,14.234926052332195
1816.4705882352941,14.234926052332195
1816.4705882352941,14.234926052332195
1816.4705882352941,14.234926052332195
1816.4705882352941,14.234926052332195
1816.4705882352941,14.234926052332195
1816.4705882352941,14.234926052332195
1819.6078431372548,14.135381114903298
1819.6078431372548,14.135381114903298
1819.6078431372548,14.135381114903298
1819.6078431372548,14.135381114903298
1819.6078431372548,14.135381114903298
1819.6078431372548,14.135381114903298
1819.6078431372548,14.135381114903298
1822.7450980392157,14.135381114903298
1822.7450980392157,14.135381114903298
1822.7450980392157,14.135381114903298
1822.7450980392157,14.135381114903298
1822.7450980392157,14.135381114903298
1822.7450980392157,14.135381114903298
1822.7450980392157,14.135381114903298
1825.8823529411766,14.334470989761092
1825.8823529411766,14.334470989761092
1825.8823529411766,14.334470989761092
1825.8823529411766,14.334470989761092
1825.8823529411766,14.334470989761092
1825.8823529411766,14.334470989761092
1825.8823529411766,14.334470989761092
1829.0196078431372,14.334470989761092
1829.0196078431372,14.334470989761092
1829.0196078431372,14.334470989761092
1829.0196078431372,14.334470989761092
1829.0196078431372,14.334470989761092
1829.0196078431372,14.334470989761092
1829.0196078431372,14.334470989761092
1832.1568627450981,14.135381114903298
1832.1568627450981,14.135381114903298
1832.1568627450981,14.135381114903298
1832.1568627450981,14.135381114903298
1832.1568627450981,14.135381114903298
1832.1568627450981,14.135381114903298
1832.1568627450981,14.135381114903298
1835.2941176470588,14.135381114903298
1835.2941176470588,14.135381114903298
1835.2941176470588,14.135381114903298
1835.2941176470588,14.135381114903298
1835.2941176470588,14.135381114903298
1835.2941176470588,14.135381114903298
1835.2941176470588,14.135381114903298
1838.4313725490197,14.234926052332195
1838.4313725490197,14.234926052332195
1838.4313725490197,14.234926052332195
1838.4313725490197,14.234926052332195
1838.4313725490197,14.234926052332195
1838.4313725490197,14.234926052332195
1841.5686274509803,14.135381114903298
1841.5686274509803,14.135381114903298
1841.5686274509803,14.135381114903298
1841.5686274509803,14.135381114903298
1841.5686274509803,14.135381114903298
1844.7058823529412,14.035836177474403
1844.7058823529412,14.035836177474403
1844.7058823529412,14.035836177474403
1844.7058823529412,14.035836177474403
1844.7058823529412,14.035836177474403
1844.7058823529412,14.035836177474403
1847.843137254902,14.035836177474403
1847.843137254902,14.035836177474403
1847.843137254902,14.035836177474403
1847.843137254902,14.035836177474403
1847.843137254902,14.035836177474403
1847.843137254902,14.035836177474403
1850.9803921568628,14.135381114903298
1850.9803921568628,14.135381114903298
1850.9803921568628,14.135381114903298
1850.9803921568628,14.135381114903298
1850.9803921568628,14.135381114903298
1850.9803921568628,14.135381114903298
1850.9803921568628,14.135381114903298
1854.1176470588234,14.135381114903298
1854.1176470588234,14.135381114903298
1854.1176470588234,14.135381114903298
1854.1176470588234,14.135381114903298
1854.1176470588234,14.135381114903298
1854.1176470588234,14.135381114903298
1854.1176470588234,14.135381114903298
1857.2549019607843,14.135381114903298
1857.2549019607843,14.135381114903298
1857.2549019607843,14.135381114903298
1857.2549019607843,14.135381114903298
1857.2549019607843,14.135381114903298
1857.2549019607843,14.135381114903298
1857.2549019607843,14.135381114903298
1860.392156862745,14.135381114903298
1860.392156862745,14.135381114903298
1860.392156862745,14.135381114903298
1860.392156862745,14.135381114903298
1860.392156862745,14.135381114903298
1860.392156862745,14.135381114903298
1860.392156862745,14.135381114903298
1863.5294117647059,14.135381114903298
1863.5294117647059,14.135381114903298
1863.5294117647059,14.135381114903298
1863.5294117647059,14.135381114903298
1863.5294117647059,14.135381114903298
1863.5294117647059,14.135381114903298
1863.5294117647059,14.135381114903298
1866.6666666666667,14.035836177474403
1866.6666666666667,14.035836177474403
1866.6666666666667,14.035836177474403
1866.6666666666667,14.035836177474403
1866.6666666666667,14.035836177474403
1866.6666666666667,14.035836177474403
1869.8039215686274,13.936291240045506
1869.8039215686274,13.936291240045506
1869.8039215686274,13.936291240045506
1869.8039215686274,13.936291240045506
1869.8039215686274,13.936291240045506
1869.8039215686274,13.936291240045506
1869.8039215686274,13.936291240045506
1872.9411764705883,14.035836177474403
1872.9411764705883,14.035836177474403
1872.9411764705883,14.035836177474403
1872.9411764705883,14.035836177474403
1872.9411764705883,14.035836177474403
1872.9411764705883,14.035836177474403
1872.9411764705883,14.035836177474403
1872.9411764705883,14.035836177474403
1876.078431372549,14.035836177474403
1876.078431372549,14.035836177474403
1876.078431372549,14.035836177474403
1876.078431372549,14.035836177474403
1876.078431372549,14.035836177474403
1876.078431372549,14.035836177474403
1876.078431372549,14.035836177474403
1876.078431372549,14.035836177474403
1879.2156862745098,14.035836177474403
1879.2156862745098,14.035836177474403
1879.2156862745098,14.035836177474403
1879.2156862745098,14.035836177474403
1879.2156862745098,14.035836177474403
1879.2156862745098,14.035836177474403
1879.2156862745098,14.035836177474403
1879.2156862745098,14.035836177474403
1882.3529411764705,14.035836177474403
1882.3529411764705,14.035836177474403
1882.3529411764705,14.035836177474403
1882.3529411764705,14.035836177474403
1882.3529411764705,14.035836177474403
1882.3529411764705,14.035836177474403
1882.3529411764705,14.035836177474403
1882.3529411764705,14.035836177474403
1885.4901960784314,13.936291240045506
1885.4901960784314,13.936291240045506
1885.4901960784314,13.936291240045506
1885.4901960784314,13.936291240045506
1885.4901960784314,13.936291240045506
1885.4901960784314,13.936291240045506
1885.4901960784314,13.936291240045506
1888.6274509803923,14.035836177474403
1888.6274509803923,14.035836177474403
1888.6274509803923,14.035836177474403
1888.6274509803923,14.035836177474403
1888.6274509803923,14.035836177474403
1888.6274509803923,14.035836177474403
1891.764705882353,13.936291240045506
1891.764705882353,13.936291240045506
1891.764705882353,13.936291240045506
1891.764705882353,13.936291240045506
1891.764705882353,13.936291240045506
1891.764705882353,13.936291240045506
1891.764705882353,13.936291240045506
1894.9019607843138,13.83674630261661
1894.9019607843138,13.83674630261661
1894.9019607843138,13.83674630261661
1894.9019607843138,13.83674630261661
1894.9019607843138,13.83674630261661
1894.9019607843138,13.83674630261661
1898.0392156862745,13.83674630261661
1898.0392156862745,13.83674630261661
1898.0392156862745,13.83674630261661
1898.0392156862745,13.83674630261661
1898.0392156862745,13.83674630261661
1898.0392156862745,13.83674630261661
1901.1764705882351,13.936291240045506
1901.1764705882351,13.936291240045506
1901.1764705882351,13.936291240045506
1901.1764705882351,13.936291240045506
1901.1764705882351,13.936291240045506
1901.1764705882351,13.936291240045506
1901.1764705882351,13.936291240045506
1904.313725490196,13.936291240045506
1904.313725490196,13.936291240045506
1904.313725490196,13.936291240045506
1904.313725490196,13.936291240045506
1904.313725490196,13.936291240045506
1904.313725490196,13.936291240045506
1904.313725490196,13.936291240045506
1907.450980392157,13.83674630261661
1907.450980392157,13.83674630261661
1907.450980392157,13.83674630261661
1907.450980392157,13.83674630261661
1907.450980392157,13.83674630261661
1907.450980392157,13.83674630261661
1910.5882352941178,14.035836177474403
1910.5882352941178,14.035836177474403
1910.5882352941178,14.035836177474403
1910.5882352941178,14.035836177474403
1910.5882352941178,14.035836177474403
1910.5882352941178,14.035836177474403
1913.7254901960785,14.035836177474403
1913.7254901960785,14.035836177474403
1913.7254901960785,14.035836177474403
1913.7254901960785,14.035836177474403
1913.7254901960785,14.035836177474403
1913.7254901960785,14.035836177474403
1916.862745098039,14.035836177474403
1916.862745098039,14.035836177474403
1916.862745098039,14.035836177474403
1916.862745098039,14.035836177474403
1916.862745098039,14.035836177474403
1916.862745098039,14.035836177474403
1920.0,13.83674630261661
1920.0,13.83674630261661
1920.0,13.83674630261661
1920.0,13.83674630261661
1920.0,13.83674630261661
1920.0,13.83674630261661
1923.1372549019607,13.936291240045506
1923.1372549019607,13.936291240045506
1923.1372549019607,13.936291240045506
1923.1372549019607,13.936291240045506
1923.1372549019607,13.936291240045506
1923.1372549019607,13.936291240045506
1923.1372549019607,13.936291240045506
1926.2745098039215,13.936291240045506
1926.2745098039215,13.936291240045506
1926.2745098039215,13.936291240045506
1926.2745098039215,13.936291240045506
1926.2745098039215,13.936291240045506
1926.2745098039215,13.936291240045506
1926.2745098039215,13.936291240045506
1929.4117647058824,13.936291240045506
1929.4117647058824,13.936291240045506
1929.4117647058824,13.936291240045506
1929.4117647058824,13.936291240045506
1929.4117647058824,13.936291240045506
1929.4117647058824,13.936291240045506
1929.4117647058824,13.936291240045506
1932.549019607843,13.936291240045506
1932.549019607843,13.936291240045506
1932.549019607843,13.936291240045506
1932.549019607843,13.936291240045506
1932.549019607843,13.936291240045506
1932.549019607843,13.936291240045506
1932.549019607843,13.936291240045506
1935.686274509804,13.936291240045506
1935.686274509804,13.936291240045506
1935.686274509804,13.936291240045506
1935.686274509804,13.936291240045506
1935.686274509804,13.936291240045506
1935.686274509804,13.936291240045506
1935.686274509804,13.936291240045506
1938.8235294117646,13.936291240045506
1938.8235294117646,13.936291240045506
1938.8235294117646,13.936291240045506
1938.8235294117646,13.936291240045506
1938.8235294117646,13.936291240045506
1938.8235294117646,13.936291240045506
1938.8235294117646,13.936291240045506
1941.9607843137255,13.83674630261661
1941.9607843137255,13.83674630261661
1941.9607843137255,13.83674630261661
1941.9607843137255,13.83674630261661
1941.9607843137255,13.83674630261661
1941.9607843137255,13.83674630261661
1945.0980392156862,13.737201365187714
1945.0980392156862,13.737201365187714
1945.0980392156862,13.737201365187714
1945.0980392156862,13.737201365187714
1945.0980392156862,13.737201365187714
1945.0980392156862,13.737201365187714
1945.0980392156862,13.737201365187714
1948.235294117647,13.737201365187714
1948.235294117647,13.737201365187714
1948.235294117647,13.737201365187714
1948.235294117647,13.737201365187714
1948.235294117647,13.737201365187714
1948.235294117647,13.737201365187714
1948.235294117647,13.737201365187714
1951.372549019608,13.936291240045506
1951.372549019608,13.936291240045506
1951.372549019608,13.936291240045506
1951.372549019608,13.936291240045506
1951.372549019608,13.936291240045506
1951.372549019608,13.936291240045506
1951.372549019608,13.936291240045506
1954.5098039215686,13.936291240045506
1954.5098039215686,13.936291240045506
1954.5098039215686,13.936291240045506
1954.5098039215686,13.936291240045506
1954.5098039215686,13.936291240045506
1954.5098039215686,13.936291240045506
1954.5098039215686,13.936291240045506
1957.6470588235295,13.936291240045506
1957.6470588235295,13.936291240045506
1957.6470588235295,13.936291240045506
1957.6470588235295,13.936291240045506
1957.6470588235295,13.936291240045506
1957.6470588235295,13.936291240045506
1957.6470588235295,13.936291240045506
1960.7843137254902,13.83674630261661
1960.7843137254902,13.83674630261661
1960.7843137254902,13.83674630261661
1960.7843137254902,13.83674630261661
1960.7843137254902,13.83674630261661
1960.7843137254902,13.83674630261661
1963.9215686274508,13.83674630261661
1963.9215686274508,13.83674630261661
1963.9215686274508,13.83674630261661
1963.9215686274508,13.83674630261661
1963.9215686274508,13.83674630261661
1963.9215686274508,13.83674630261661
1967.0588235294117,13.83674630261661
1967.0588235294117,13.83674630261661
1967.0588235294117,13.83674630261661
1967.0588235294117,13.83674630261661
1967.0588235294117,13.83674630261661
1967.0588235294117,13.83674630261661
1970.1960784313726,13.83674630261661
1970.1960784313726,13.83674630261661
1970.1960784313726,13.83674630261661
1970.1960784313726,13.83674630261661
1970.1960784313726,13.83674630261661
1970.1960784313726,13.83674630261661
1973.3333333333335,13.83674630261661
1973.3333333333335,13.83674630261661
1973.3333333333335,13.83674630261661
1973.3333333333335,13.83674630261661
1973.3333333333335,13.83674630261661
1973.3333333333335,13.83674630261661
1976.4705882352941,13.83674630261661
1976.4705882352941,13.83674630261661
1976.4705882352941,13.83674630261661
1976.4705882352941,13.83674630261661
1976.4705882352941,13.83674630261661
1976.4705882352941,13.83674630261661
1979.6078431372548,13.83674630261661
1979.6078431372548,13.83674630261661
1979.6078431372548,13.83674630261661
1979.6078431372548,13.83674630261661
1979.6078431372548,13.83674630261661
1979.6078431372548,13.83674630261661
1982.7450980392157,13.83674630261661
1982.7450980392157,13.83674630261661
1982.7450980392157,13.83674630261661
1982.7450980392157,13.83674630261661
1982.7450980392157,13.83674630261661
1982.7450980392157,13.83674630261661
1985.8823529411764,13.83674630261661
1985.8823529411764,13.83674630261661
1985.8823529411764,13.83674630261661
1985.8823529411764,13.83674630261661
1985.8823529411764,13.83674630261661
1985.8823529411764,13.83674630261661
1989.0196078431372,13.83674630261661
1989.0196078431372,13.83674630261661
1989.0196078431372,13.83674630261661
1989.0196078431372,13.83674630261661
1989.0196078431372,13.83674630261661
1989.0196078431372,13.83674630261661
1992.1568627450981,13.737201365187714
1992.1568627450981,13.737201365187714
1992.1568627450981,13.737201365187714
1992.1568627450981,13.737201365187714
1992.1568627450981,13.737201365187714
1992.1568627450981,13.737201365187714
1992.1568627450981,13.737201365187714
1995.2941176470588,13.737201365187714
1995.2941176470588,13.737201365187714
1995.2941176470588,13.737201365187714
1995.2941176470588,13.737201365187714
1995.2941176470588,13.737201365187714
1995.2941176470588,13.737201365187714
1995.2941176470588,13.737201365187714
1998.4313725490197,13.83674630261661
1998.4313725490197,13.83674630261661
1998.4313725490197,13.83674630261661
1998.4313725490197,13.83674630261661
1998.4313725490197,13.83674630261661
1998.4313725490197,13.83674630261661
2001.5686274509803,13.737201365187714
2001.5686274509803,13.737201365187714
2001.5686274509803,13.737201365187714
2001.5686274509803,13.737201365187714
2001.5686274509803,13.737201365187714
2001.5686274509803,13.737201365187714
2001.5686274509803,13.737201365187714
2004.7058823529414,13.83674630261661
2004.7058823529414,13.83674630261661
2004.7058823529414,13.83674630261661
2004.7058823529414,13.83674630261661
2004.7058823529414,13.83674630261661
2004.7058823529414,13.83674630261661
2007.8431372549019,13.83674630261661
2007.8431372549019,13.83674630261661
2007.8431372549019,13.83674630261661
2007.8431372549019,13.83674630261661
2007.8431372549019,13.83674630261661
2007.8431372549019,13.83674630261661
2010.9803921568625,13.83674630261661
2010.9803921568625,13.83674630261661
2010.9803921568625,13.83674630261661
2010.9803921568625,13.83674630261661
2010.9803921568625,13.83674630261661
2010.9803921568625,13.83674630261661
2014.1176470588236,13.737201365187714
2014.1176470588236,13.737201365187714
2014.1176470588236,13.737201365187714
2014.1176470588236,13.737201365187714
2014.1176470588236,13.737201365187714
2014.1176470588236,13.737201365187714
2014.1176470588236,13.737201365187714
2017.254901960784,13.637656427758817
2017.254901960784,13.637656427758817
2017.254901960784,13.637656427758817
2017.254901960784,13.637656427758817
2017.254901960784,13.637656427758817
2017.254901960784,13.637656427758817
2017.254901960784,13.637656427758817
2017.254901960784,13.637656427758817
2020.3921568627452,13.538111490329921
2020.3921568627452,13.538111490329921
2020.3921568627452,13.538111490329921
2020.3921568627452,13.538111490329921
2020.3921568627452,13.538111490329921
2020.3921568627452,13.538111490329921
2020.3921568627452,13.538111490329921
2023.5294117647059,13.637656427758817
2023.5294117647059,13.637656427758817
2023.5294117647059,13.637656427758817
2023.5294117647059,13.637656427758817
2023.5294117647059,13.637656427758817
2023.5294117647059,13.637656427758817
2026.6666666666667,13.637656427758817
2026.6666666666667,13.637656427758817
2026.6666666666667,13.637656427758817
2026.6666666666667,13.637656427758817
2026.6666666666667,13.637656427758817
2026.6666666666667,13.637656427758817
2029.8039215686274,13.637656427758817
2029.8039215686274,13.637656427758817
2029.8039215686274,13.637656427758817
2029.8039215686274,13.637656427758817
2029.8039215686274,13.637656427758817
2029.8039215686274,13.637656427758817
2032.941176470588,13.538111490329921
2032.941176470588,13.538111490329921
2032.941176470588,13.538111490329921
2032.941176470588,13.538111490329921
2032.941176470588,13.538111490329921
2032.941176470588,13.538111490329921
2032.941176470588,13.538111490329921
2036.0784313725492,13.637656427758817
2036.0784313725492,13.637656427758817
2036.0784313725492,13.637656427758817
2036.0784313725492,13.637656427758817
2036.0784313725492,13.637656427758817
2036.0784313725492,13.637656427758817
2039.2156862745096,13.637656427758817
2039.2156862745096,13.637656427758817
2039.2156862745096,13.637656427758817
2039.2156862745096,13.637656427758817
2039.2156862745096,13.637656427758817
2039.2156862745096,13.637656427758817
2042.3529411764707,13.637656427758817
2042.3529411764707,13.637656427758817
2042.3529411764707,13.637656427758817
2042.3529411764707,13.637656427758817
2042.3529411764707,13.637656427758817
2042.3529411764707,13.637656427758817
2045.4901960784314,13.637656427758817
2045.4901960784314,13.637656427758817
2045.4901960784314,13.637656427758817
2045.4901960784314,13.637656427758817
2045.4901960784314,13.637656427758817
2045.4901960784314,13.637656427758817
2048.6274509803925,13.637656427758817
2048.6274509803925,13.637656427758817
2048.6274509803925,13.637656427758817
2048.6274509803925,13.637656427758817
2048.6274509803925,13.637656427758817
2048.6274509803925,13.637656427758817
2051.764705882353,13.637656427758817
2051.764705882353,13.637656427758817
2051.764705882353,13.637656427758817
2051.764705882353,13.637656427758817
2051.764705882353,13.637656427758817
2051.764705882353,13.637656427758817
2054.9019607843134,13.538111490329921
2054.9019607843134,13.538111490329921
2054.9019607843134,13.538111490329921
2054.9019607843134,13.538111490329921
2054.9019607843134,13.538111490329921
2054.9019607843134,13.538111490329921
2054.9019607843134,13.538111490329921
2058.0392156862745,13.538111490329921
2058.0392156862745,13.538111490329921
2058.0392156862745,13.538111490329921
2058.0392156862745,13.538111490329921
2058.0392156862745,13.538111490329921
2058.0392156862745,13.538111490329921
2058.0392156862745,13.538111490329921
2061.176470588235,13.637656427758817
2061.176470588235,13.637656427758817
2061.176470588235,13.637656427758817
2061.176470588235,13.637656427758817
2061.176470588235,13.637656427758817
2061.176470588235,13.637656427758817
2064.3137254901962,13.637656427758817
2064.3137254901962,13.637656427758817
2064.3137254901962,13.637656427758817
2064.3137254901962,13.637656427758817
2064.3137254901962,13.637656427758817
2064.3137254901962,13.637656427758817
2067.450980392157,13.637656427758817
2067.450980392157,13.637656427758817
2067.450980392157,13.637656427758817
2067.450980392157,13.637656427758817
2067.450980392157,13.637656427758817
2067.450980392157,13.637656427758817
2070.588235294118,13.538111490329921
2070.588235294118,13.538111490329921
2070.588235294118,13.538111490329921
2070.588235294118,13.538111490329921
2070.588235294118,13.538111490329921
2073.725490196078,13.637656427758817
2073.725490196078,13.637656427758817
2073.725490196078,13.637656427758817
2073.725490196078,13.637656427758817
2073.725490196078,13.637656427758817
2073.725490196078,13.637656427758817
2076.862745098039,13.637656427758817
2076.862745098039,13.637656427758817
2076.862745098039,13.637656427758817
2076.862745098039,13.637656427758817
2076.862745098039,13.637656427758817
2076.862745098039,13.637656427758817
2080.0,13.538111490329921
2080.0,13.538111490329921
2080.0,13.538111490329921
2080.0,13.538111490329921
2080.0,13.538111490329921
2080.0,13.538111490329921
2080.0,13.538111490329921
2083.1372549019607,13.538111490329921
2083.1372549019607,13.538111490329921
2083.1372549019607,13.538111490329921
2083.1372549019607,13.538111490329921
2083.1372549019607,13.538111490329921
2083.1372549019607,13.538111490329921
2083.1372549019607,13.538111490329921
2086.274509803922,13.538111490329921
2086.274509803922,13.538111490329921
2086.274509803922,13.538111490329921
2086.274509803922,13.538111490329921
2086.274509803922,13.538111490329921
2086.274509803922,13.538111490329921
2086.274509803922,13.538111490329921
2089.4117647058824,13.438566552901024
2089.4117647058824,13.438566552901024
2089.4117647058824,13.438566552901024
2089.4117647058824,13.438566552901024
2089.4117647058824,13.438566552901024
2089.4117647058824,13.438566552901024
2092.5490196078435,13.538111490329921
2092.5490196078435,13.538111490329921
2092.5490196078435,13.538111490329921
2092.5490196078435,13.538111490329921
2092.5490196078435,13.538111490329921
2095.6862745098038,13.538111490329921
2095.6862745098038,13.538111490329921
2095.6862745098038,13.538111490329921
2095.6862745098038,13.538111490329921
2095.6862745098038,13.538111490329921
2098.8235294117644,13.538111490329921
2098.8235294117644,13.538111490329921
2098.8235294117644,13.538111490329921
2098.8235294117644,13.538111490329921
2098.8235294117644,13.538111490329921
2098.8235294117644,13.538111490329921
2098.8235294117644,13.538111490329921
2101.9607843137255,13.538111490329921
2101.9607843137255,13.538111490329921
2101.9607843137255,13.538111490329921
2101.9607843137255,13.538111490329921
2101.9607843137255,13.538111490329921
2101.9607843137255,13.538111490329921
2101.9607843137255,13.538111490329921
2105.098039215686,13.538111490329921
2105.098039215686,13.538111490329921
2105.098039215686,13.538111490329921
2105.098039215686,13.538111490329921
2105.098039215686,13.538111490329921
2105.098039215686,13.538111490329921
2105.098039215686,13.538111490329921
2108.2352941176473,13.538111490329921
2108.2352941176473,13.538111490329921
2108.2352941176473,13.538111490329921
2108.2352941176473,13.538111490329921
2108.2352941176473,13.538111490329921
2108.2352941176473,13.538111490329921
2108.2352941176473,13.538111490329921
2111.372549019608,13.538111490329921
2111.372549019608,13.538111490329921
2111.372549019608,13.538111490329921
2111.372549019608,13.538111490329921
2111.372549019608,13.538111490329921
2111.372549019608,13.538111490329921
2111.372549019608,13.538111490329921
2114.5098039215686,13.538111490329921
2114.5098039215686,13.538111490329921
2114.5098039215686,13.538111490329921
2114.5098039215686,13.538111490329921
2114.5098039215686,13.538111490329921
2114.5098039215686,13.538111490329921
2114.5098039215686,13.538111490329921
2117.6470588235293,13.538111490329921
2117.6470588235293,13.538111490329921
2117.6470588235293,13.538111490329921
2117.6470588235293,13.538111490329921
2117.6470588235293,13.538111490329921
2117.6470588235293,13.538111490329921
2117.6470588235293,13.538111490329921
2120.78431372549,13.637656427758817
2120.78431372549,13.637656427758817
2120.78431372549,13.637656427758817
2120.78431372549,13.637656427758817
2120.78431372549,13.637656427758817
2120.78431372549,13.637656427758817
2120.78431372549,13.637656427758817
2120.78431372549,13.637656427758817
2123.921568627451,13.737201365187714
2123.921568627451,13.737201365187714
2123.921568627451,13.737201365187714
2123.921568627451,13.737201365187714
2123.921568627451,13.737201365187714
2123.921568627451,13.737201365187714
2123.921568627451,13.737201365187714
2127.0588235294117,13.538111490329921
2127.0588235294117,13.538111490329921
2127.0588235294117,13.538111490329921
2127.0588235294117,13.538111490329921
2127.0588235294117,13.538111490329921
2127.0588235294117,13.538111490329921
2127.0588235294117,13.538111490329921
2130.196078431373,13.339021615472129
2130.196078431373,13.339021615472129
2130.196078431373,13.339021615472129
2130.196078431373,13.339021615472129
2130.196078431373,13.339021615472129
2130.196078431373,13.339021615472129
2130.196078431373,13.339021615472129
2133.3333333333335,13.438566552901024
2133.3333333333335,13.438566552901024
2133.3333333333335,13.438566552901024
2133.3333333333335,13.438566552901024
2133.3333333333335,13.438566552901024
2133.3333333333335,13.438566552901024
2136.4705882352937,13.438566552901024
2136.4705882352937,13.438566552901024
2136.4705882352937,13.438566552901024
2136.4705882352937,13.438566552901024
2136.4705882352937,13.438566552901024
2136.4705882352937,13.438566552901024
2139.607843137255,13.438566552901024
2139.607843137255,13.438566552901024
2139.607843137255,13.438566552901024
2139.607843137255,13.438566552901024
2139.607843137255,13.438566552901024
2139.607843137255,13.438566552901024
2142.7450980392155,13.438566552901024
2142.7450980392155,13.438566552901024
2142.7450980392155,13.438566552901024
2142.7450980392155,13.438566552901024
2142.7450980392155,13.438566552901024
2142.7450980392155,13.438566552901024
2145.8823529411766,13.438566552901024
2145.8823529411766,13.438566552901024
2145.8823529411766,13.438566552901024
2145.8823529411766,13.438566552901024
2145.8823529411766,13.438566552901024
2145.8823529411766,13.438566552901024
2149.0196078431372,13.637656427758817
2149.0196078431372,13.637656427758817
2149.0196078431372,13.637656427758817
2149.0196078431372,13.637656427758817
2149.0196078431372,13.637656427758817
2149.0196078431372,13.637656427758817
2152.1568627450984,13.637656427758817
2152.1568627450984,13.637656427758817
2152.1568627450984,13.637656427758817
2152.1568627450984,13.637656427758817
2152.1568627450984,13.637656427758817
2152.1568627450984,13.637656427758817
2155.294117647059,13.637656427758817
2155.294117647059,13.637656427758817
2155.294117647059,13.637656427758817
2155.294117647059,13.637656427758817
2155.294117647059,13.637656427758817
2155.294117647059,13.637656427758817
2158.431372549019,13.637656427758817
2158.431372549019,13.637656427758817
2158.431372549019,13.637656427758817
2158.431372549019,13.637656427758817
2158.431372549019,13.637656427758817
2158.431372549019,13.637656427758817
2161.5686274509803,13.637656427758817
2161.5686274509803,13.637656427758817
2161.5686274509803,13.637656427758817
2161.5686274509803,13.637656427758817
2161.5686274509803,13.637656427758817
2161.5686274509803,13.637656427758817
2164.705882352941,13.637656427758817
2164.705882352941,13.637656427758817
2164.705882352941,13.637656427758817
2164.705882352941,13.637656427758817
2164.705882352941,13.637656427758817
2164.705882352941,13.637656427758817
2167.843137254902,13.637656427758817
2167.843137254902,13.637656427758817
2167.843137254902,13.637656427758817
2167.843137254902,13.637656427758817
2167.843137254902,13.637656427758817
2167.843137254902,13.637656427758817
2170.9803921568628,13.83674630261661
2170.9803921568628,13.83674630261661
2170.9803921568628,13.83674630261661
2170.9803921568628,13.83674630261661
2170.9803921568628,13.83674630261661
2170.9803921568628,13.83674630261661
2174.117647058824,13.83674630261661
2174.117647058824,13.83674630261661
2174.117647058824,13.83674630261661
2174.117647058824,13.83674630261661
2174.117647058824,13.83674630261661
2174.117647058824,13.83674630261661
2177.254901960784,13.83674630261661
2177.254901960784,13.83674630261661
2177.254901960784,13.83674630261661
2177.254901960784,13.83674630261661
2177.254901960784,13.83674630261661
2177.254901960784,13.83674630261661
2180.3921568627447,13.936291240045506
2180.3921568627447,13.936291240045506
2180.3921568627447,13.936291240045506
2180.3921568627447,13.936291240045506
2180.3921568627447,13.936291240045506
2180.3921568627447,13.936291240045506
2180.3921568627447,13.936291240045506
2183.529411764706,13.936291240045506
2183.529411764706,13.936291240045506
2183.529411764706,13.936291240045506
2183.529411764706,13.936291240045506
2183.529411764706,13.936291240045506
2183.529411764706,13.936291240045506
2183.529411764706,13.936291240045506
2186.6666666666665,13.936291240045506
2186.6666666666665,13.936291240045506
2186.6666666666665,13.936291240045506
2186.6666666666665,13.936291240045506
2186.6666666666665,13.936291240045506
2186.6666666666665,13.936291240045506
2186.6666666666665,13.936291240045506
2189.8039215686276,13.83674630261661
2189.8039215686276,13.83674630261661
2189.8039215686276,13.83674630261661
2189.8039215686276,13.83674630261661
2189.8039215686276,13.83674630261661
2189.8039215686276,13.83674630261661
2192.9411764705883,13.83674630261661
2192.9411764705883,13.83674630261661
2192.9411764705883,13.83674630261661
2192.9411764705883,13.83674630261661
2192.9411764705883,13.83674630261661
2192.9411764705883,13.83674630261661
2196.0784313725494,13.83674630261661
2196.0784313725494,13.83674630261661
2196.0784313725494,13.83674630261661
2196.0784313725494,13.83674630261661
2196.0784313725494,13.83674630261661
2196.0784313725494,13.83674630261661
2199.2156862745096,13.737201365187714
2199.2156862745096,13.737201365187714
2199.2156862745096,13.737201365187714
2199.2156862745096,13.737201365187714
2199.2156862745096,13.737201365187714
2199.2156862745096,13.737201365187714
2199.2156862745096,13.737201365187714
2202.3529411764703,13.737201365187714
2202.3529411764703,13.737201365187714
2202.3529411764703,13.737201365187714
2202.3529411764703,13.737201365187714
2202.3529411764703,13.737201365187714
2202.3529411764703,13.737201365187714
2202.3529411764703,13.737201365187714
2205.4901960784314,13.737201365187714
2205.4901960784314,13.737201365187714
2205.4901960784314,13.737201365187714
2205.4901960784314,13.737201365187714
2205.4901960784314,13.737201365187714
2205.4901960784314,13.737201365187714
2205.4901960784314,13.737201365187714
2208.627450980392,13.737201365187714
2208.627450980392,13.737201365187714
2208.627450980392,13.737201365187714
2208.627450980392,13.737201365187714
2208.627450980392,13.737201365187714
2208.627450980392,13.737201365187714
2208.627450980392,13.737201365187714
2211.764705882353,13.737201365187714
2211.764705882353,13.737201365187714
2211.764705882353,13.737201365187714
2211.764705882353,13.737201365187714
2211.764705882353,13.737201365187714
2211.764705882353,13.737201365187714
2211.764705882353,13.737201365187714
2214.901960784314,13.737201365187714
2214.901960784314,13.737201365187714
2214.901960784314,13.737201365187714
2214.901960784314,13.737201365187714
2214.901960784314,13.737201365187714
2214.901960784314,13.737201365187714
2214.901960784314,13.737201365187714
2218.039215686275,13.737201365187714
2218.039215686275,13.737201365187714
2218.039215686275,13.737201365187714
2218.039215686275,13.737201365187714
2218.039215686275,13.737201365187714
2218.039215686275,13.737201365187714
2218.039215686275,13.737201365187714
2221.176470588235,13.737201365187714
2221.176470588235,13.737201365187714
2221.176470588235,13.737201365187714
2221.176470588235,13.737201365187714
2221.176470588235,13.737201365187714
2221.176470588235,13.737201365187714
2221.176470588235,13.737201365187714
2224.313725490196,13.737201365187714
2224.313725490196,13.737201365187714
2224.313725490196,13.737201365187714
2224.313725490196,13.737201365187714
2224.313725490196,13.737201365187714
2224.313725490196,13.737201365187714
2224.313725490196,13.737201365187714
2227.450980392157,13.737201365187714
2227.450980392157,13.737201365187714
2227.450980392157,13.737201365187714
2227.450980392157,13.737201365187714
2227.450980392157,13.737201365187714
2227.450980392157,13.737201365187714
2227.450980392157,13.737201365187714
2230.5882352941176,13.83674630261661
2230.5882352941176,13.83674630261661
2230.5882352941176,13.83674630261661
2230.5882352941176,13.83674630261661
2230.5882352941176,13.83674630261661
2230.5882352941176,13.83674630261661
2233.7254901960787,13.737201365187714
2233.7254901960787,13.737201365187714
2233.7254901960787,13.737201365187714
2233.7254901960787,13.737201365187714
2233.7254901960787,13.737201365187714
2233.7254901960787,13.737201365187714
2233.7254901960787,13.737201365187714
2236.8627450980393,13.737201365187714
2236.8627450980393,13.737201365187714
2236.8627450980393,13.737201365187714
2236.8627450980393,13.737201365187714
2236.8627450980393,13.737201365187714
2236.8627450980393,13.737201365187714
2236.8627450980393,13.737201365187714
2240.0,13.737201365187714
2240.0,13.737201365187714
2240.0,13.737201365187714
2240.0,13.737201365187714
2240.0,13.737201365187714
2240.0,13.737201365187714
2240.0,13.737201365187714
2243.1372549019607,13.737201365187714
2243.1372549019607,13.737201365187714
2243.1372549019607,13.737201365187714
2243.1372549019607,13.737201365187714
2243.1372549019607,13.737201365187714
2243.1372549019607,13.737201365187714
2243.1372549019607,13.737201365187714
2246.2745098039213,13.637656427758817
2246.2745098039213,13.637656427758817
2246.2745098039213,13.637656427758817
2246.2745098039213,13.637656427758817
2246.2745098039213,13.637656427758817
2246.2745098039213,13.637656427758817
2246.2745098039213,13.637656427758817
2246.2745098039213,13.637656427758817
2249.4117647058824,13.637656427758817
2249.4117647058824,13.637656427758817
2249.4117647058824,13.637656427758817
2249.4117647058824,13.637656427758817
2249.4117647058824,13.637656427758817
2249.4117647058824,13.637656427758817
2249.4117647058824,13.637656427758817
2249.4117647058824,13.637656427758817
2252.549019607843,13.637656427758817
2252.549019607843,13.637656427758817
2252.549019607843,13.637656427758817
2252.549019607843,13.637656427758817
2252.549019607843,13.637656427758817
2252.549019607843,13.637656427758817
2252.549019607843,13.637656427758817
2252.549019607843,13.637656427758817
2255.686274509804,13.538111490329921
2255.686274509804,13.538111490329921
2255.686274509804,13.538111490329921
2255.686274509804,13.538111490329921
2255.686274509804,13.538111490329921
2255.686274509804,13.538111490329921
2255.686274509804,13.538111490329921
2258.823529411765,13.637656427758817
2258.823529411765,13.637656427758817
2258.823529411765,13.637656427758817
2258.823529411765,13.637656427758817
2258.823529411765,13.637656427758817
2258.823529411765,13.637656427758817
2261.960784313725,13.637656427758817
2261.960784313725,13.637656427758817
2261.960784313725,13.637656427758817
2261.960784313725,13.637656427758817
2261.960784313725,13.637656427758817
2261.960784313725,13.637656427758817
2265.098039215686,13.637656427758817
2265.098039215686,13.637656427758817
2265.098039215686,13.637656427758817
2265.098039215686,13.637656427758817
2265.098039215686,13.637656427758817
2265.098039215686,13.637656427758817
2268.235294117647,13.538111490329921
2268.235294117647,13.538111490329921
2268.235294117647,13.538111490329921
2268.235294117647,13.538111490329921
2268.235294117647,13.538111490329921
2271.372549019608,13.538111490329921
2271.372549019608,13.538111490329921
2271.372549019608,13.538111490329921
2271.372549019608,13.538111490329921
2271.372549019608,13.538111490329921
2271.372549019608,13.538111490329921
2271.372549019608,13.538111490329921
2274.5098039215686,13.538111490329921
2274.5098039215686,13.538111490329921
2274.5098039215686,13.538111490329921
2274.5098039215686,13.538111490329921
2274.5098039215686,13.538111490329921
2274.5098039215686,13.538111490329921
2274.5098039215686,13.538111490329921
2277.6470588235297,13.438566552901024
2277.6470588235297,13.438566552901024
2277.6470588235297,13.438566552901024
2277.6470588235297,13.438566552901024
2277.6470588235297,13.438566552901024
2277.6470588235297,13.438566552901024
2280.7843137254904,13.438566552901024
2280.7843137254904,13.438566552901024
2280.7843137254904,13.438566552901024
2280.7843137254904,13.438566552901024
2280.7843137254904,13.438566552901024
2280.7843137254904,13.438566552901024
2283.9215686274506,13.438566552901024
2283.9215686274506,13.438566552901024
2283.9215686274506,13.438566552901024
2283.9215686274506,13.438566552901024
2283.9215686274506,13.438566552901024
2283.9215686274506,13.438566552901024
2283.9215686274506,13.438566552901024
2283.9215686274506,13.438566552901024
2287.0588235294117,13.438566552901024
2287.0588235294117,13.438566552901024
2287.0588235294117,13.438566552901024
2287.0588235294117,13.438566552901024
2287.0588235294117,13.438566552901024
2287.0588235294117,13.438566552901024
2287.0588235294117,13.438566552901024
2287.0588235294117,13.438566552901024
2290.1960784313724,13.538111490329921
2290.1960784313724,13.538111490329921
2290.1960784313724,13.538111490329921
2290.1960784313724,13.538111490329921
2290.1960784313724,13.538111490329921
2290.1960784313724,13.538111490329921
2290.1960784313724,13.538111490329921
2293.3333333333335,13.538111490329921
2293.3333333333335,13.538111490329921
2293.3333333333335,13.538111490329921
2293.3333333333335,13.538111490329921
2293.3333333333335,13.538111490329921
2293.3333333333335,13.538111490329921
2293.3333333333335,13.538111490329921
2296.470588235294,13.438566552901024
2296.470588235294,13.438566552901024
2296.470588235294,13.438566552901024
2296.470588235294,13.438566552901024
2296.470588235294,13.438566552901024
2296.470588235294,13.438566552901024
2299.6078431372553,13.438566552901024
2299.6078431372553,13.438566552901024
2299.6078431372553,13.438566552901024
2299.6078431372553,13.438566552901024
2299.6078431372553,13.438566552901024
2299.6078431372553,13.438566552901024
2302.7450980392155,13.339021615472129
2302.7450980392155,13.339021615472129
2302.7450980392155,13.339021615472129
2302.7450980392155,13.339021615472129
2302.7450980392155,13.339021615472129
2302.7450980392155,13.339021615472129
2302.7450980392155,13.339021615472129
2305.882352941176,13.438566552901024
2305.882352941176,13.438566552901024
2305.882352941176,13.438566552901024
2305.882352941176,13.438566552901024
2305.882352941176,13.438566552901024
2305.882352941176,13.438566552901024
2309.0196078431372,13.438566552901024
2309.0196078431372,13.438566552901024
2309.0196078431372,13.438566552901024
2309.0196078431372,13.438566552901024
2309.0196078431372,13.438566552901024
2309.0196078431372,13.438566552901024
2312.156862745098,13.339021615472129
2312.156862745098,13.339021615472129
2312.156862745098,13.339021615472129
2312.156862745098,13.339021615472129
2312.156862745098,13.339021615472129
2312.156862745098,13.339021615472129
2312.156862745098,13.339021615472129
2315.294117647059,13.339021615472129
2315.294117647059,13.339021615472129
2315.294117647059,13.339021615472129
2315.294117647059,13.339021615472129
2315.294117647059,13.339021615472129
2315.294117647059,13.339021615472129
2315.294117647059,13.339021615472129
2318.4313725490197,13.339021615472129
2318.4313725490197,13.339021615472129
2318.4313725490197,13.339021615472129
2318.4313725490197,13.339021615472129
2318.4313725490197,13.339021615472129
2318.4313725490197,13.339021615472129
2318.4313725490197,13.339021615472129
2321.568627450981,13.339021615472129
2321.568627450981,13.339021615472129
2321.568627450981,13.339021615472129
2321.568627450981,13.339021615472129
2321.568627450981,13.339021615472129
2321.568627450981,13.339021615472129
2321.568627450981,13.339021615472129
2324.705882352941,13.538111490329921
2324.705882352941,13.538111490329921
2324.705882352941,13.538111490329921
2324.705882352941,13.538111490329921
2324.705882352941,13.538111490329921
2324.705882352941,13.538111490329921
2324.705882352941,13.538111490329921
2327.8431372549016,13.538111490329921
2327.8431372549016,13.538111490329921
2327.8431372549016,13.538111490329921
2327.8431372549016,13.538111490329921
2327.8431372549016,13.538111490329921
2327.8431372549016,13.538111490329921
2327.8431372549016,13.538111490329921
2330.9803921568628,13.538111490329921
2330.9803921568628,13.538111490329921
2330.9803921568628,13.538111490329921
2330.9803921568628,13.538111490329921
2330.9803921568628,13.538111490329921
2330.9803921568628,13.538111490329921
2330.9803921568628,13.538111490329921
2330.9803921568628,13.538111490329921
2330.9803921568628,13.538111490329921
2334.1176470588234,13.438566552901024
2334.1176470588234,13.438566552901024
2334.1176470588234,13.438566552901024
2334.1176470588234,13.438566552901024
2334.1176470588234,13.438566552901024
2334.1176470588234,13.438566552901024
2334.1176470588234,13.438566552901024
2334.1176470588234,13.438566552901024
2337.2549019607845,13.339021615472129
2337.2549019607845,13.339021615472129
2337.2549019607845,13.339021615472129
2337.2549019607845,13.339021615472129
2337.2549019607845,13.339021615472129
2337.2549019607845,13.339021615472129
2337.2549019607845,13.339021615472129
2340.392156862745,13.239476678043232
2340.392156862745,13.239476678043232
2340.392156862745,13.239476678043232
2340.392156862745,13.239476678043232
2340.392156862745,13.239476678043232
2340.392156862745,13.239476678043232
2343.5294117647063,13.239476678043232
2343.5294117647063,13.239476678043232
2343.5294117647063,13.239476678043232
2343.5294117647063,13.239476678043232
2343.5294117647063,13.239476678043232
2343.5294117647063,13.239476678043232
2346.6666666666665,13.239476678043232
2346.6666666666665,13.239476678043232
2346.6666666666665,13.239476678043232
2346.6666666666665,13.239476678043232
2346.6666666666665,13.239476678043232
2346.6666666666665,13.239476678043232
2349.803921568627,13.239476678043232
2349.803921568627,13.239476678043232
2349.803921568627,13.239476678043232
2349.803921568627,13.239476678043232
2349.803921568627,13.239476678043232
2349.803921568627,13.239476678043232
2352.9411764705883,13.239476678043232
2352.9411764705883,13.239476678043232
2352.9411764705883,13.239476678043232
2352.9411764705883,13.239476678043232
2352.9411764705883,13.239476678043232
2352.9411764705883,13.239476678043232
2356.078431372549,13.239476678043232
2356.078431372549,13.239476678043232
2356.078431372549,13.239476678043232
2356.078431372549,13.239476678043232
2356.078431372549,13.239476678043232
2356.078431372549,13.239476678043232
2359.21568627451,13.339021615472129
2359.21568627451,13.339021615472129
2359.21568627451,13.339021615472129
2359.21568627451,13.339021615472129
2359.21568627451,13.339021615472129
2359.21568627451,13.339021615472129
2359.21568627451,13.339021615472129
2362.3529411764707,13.339021615472129
2362.3529411764707,13.339021615472129
2362.3529411764707,13.339021615472129
2362.3529411764707,13.339021615472129
2362.3529411764707,13.339021615472129
2362.3529411764707,13.339021615472129
2362.3529411764707,13.339021615472129
2365.4901960784314,13.339021615472129
2365.4901960784314,13.339021615472129
2365.4901960784314,13.339021615472129
2365.4901960784314,13.339021615472129
2365.4901960784314,13.339021615472129
2365.4901960784314,13.339021615472129
2365.4901960784314,13.339021615472129
2368.627450980392,13.239476678043232
2368.627450980392,13.239476678043232
2368.627450980392,13.239476678043232
2368.627450980392,13.239476678043232
2368.627450980392,13.239476678043232
2368.627450980392,13.239476678043232
2371.7647058823527,13.239476678043232
2371.7647058823527,13.239476678043232
2371.7647058823527,13.239476678043232
2371.7647058823527,13.239476678043232
2371.7647058823527,13.239476678043232
2371.7647058823527,13.239476678043232
2374.901960784314,13.239476678043232
2374.901960784314,13.239476678043232
2374.901960784314,13.239476678043232
2374.901960784314,13.239476678043232
2374.901960784314,13.239476678043232
2374.901960784314,13.239476678043232
2378.0392156862745,13.239476678043232
2378.0392156862745,13.239476678043232
2378.0392156862745,13.239476678043232
2378.0392156862745,13.239476678043232
2378.0392156862745,13.239476678043232
2378.0392156862745,13.239476678043232
2381.1764705882356,13.239476678043232
2381.1764705882356,13.239476678043232
2381.1764705882356,13.239476678043232
2381.1764705882356,13.239476678043232
2381.1764705882356,13.239476678043232
2381.1764705882356,13.239476678043232
2384.3137254901962,13.339021615472129
2384.3137254901962,13.339021615472129
2384.3137254901962,13.339021615472129
2384.3137254901962,13.339021615472129
2384.3137254901962,13.339021615472129
2384.3137254901962,13.339021615472129
2384.3137254901962,13.339021615472129
2387.4509803921565,13.339021615472129
2387.4509803921565,13.339021615472129
2387.4509803921565,13.339021615472129
2387.4509803921565,13.339021615472129
2387.4509803921565,13.339021615472129
2387.4509803921565,13.339021615472129
2387.4509803921565,13.339021615472129
2390.5882352941176,13.339021615472129
2390.5882352941176,13.339021615472129
2390.5882352941176,13.339021615472129
2390.5882352941176,13.339021615472129
2390.5882352941176,13.339021615472129
2390.5882352941176,13.339021615472129
2390.5882352941176,13.339021615472129
2393.725490196078,13.339021615472129
2393.725490196078,13.339021615472129
2393.725490196078,13.339021615472129
2393.725490196078,13.339021615472129
2393.725490196078,13.339021615472129
2393.725490196078,13.339021615472129
2393.725490196078,13.339021615472129
2396.8627450980393,13.239476678043232
2396.8627450980393,13.239476678043232
2396.8627450980393,13.239476678043232
2396.8627450980393,13.239476678043232
2396.8627450980393,13.239476678043232
2396.8627450980393,13.239476678043232
2400.0,13.239476678043232
2400.0,13.239476678043232
2400.0,13.239476678043232
2400.0,13.239476678043232
2400.0,13.239476678043232
2400.0,13.239476678043232
2403.137254901961,13.239476678043232
2403.137254901961,13.239476678043232
2403.137254901961,13.239476678043232
2403.137254901961,13.239476678043232
2403.137254901961,13.239476678043232
2403.137254901961,13.239476678043232
2406.2745098039213,13.239476678043232
2406.2745098039213,13.239476678043232
2406.2745098039213,13.239476678043232
2406.2745098039213,13.239476678043232
2406.2745098039213,13.239476678043232
2406.2745098039213,13.239476678043232
2409.411764705882,13.239476678043232
2409.411764705882,13.239476678043232
2409.411764705882,13.239476678043232
2409.411764705882,13.239476678043232
2409.411764705882,13.239476678043232
2409.411764705882,13.239476678043232
2412.549019607843,13.239476678043232
2412.549019607843,13.239476678043232
2412.549019607843,13.239476678043232
2412.549019607843,13.239476678043232
2412.549019607843,13.239476678043232
2412.549019607843,13.239476678043232
2415.6862745098038,13.239476678043232
2415.6862745098038,13.239476678043232
2415.6862745098038,13.239476678043232
2415.6862745098038,13.239476678043232
2415.6862745098038,13.239476678043232
2415.6862745098038,13.239476678043232
2418.823529411765,13.239476678043232
2418.823529411765,13.239476678043232
2418.823529411765,13.239476678043232
2418.823529411765,13.239476678043232
2418.823529411765,13.239476678043232
2418.823529411765,13.239476678043232
2421.9607843137255,13.239476678043232
2421.9607843137255,13.239476678043232
2421.9607843137255,13.239476678043232
2421.9607843137255,13.239476678043232
2421.9607843137255,13.239476678043232
2421.9607843137255,13.239476678043232
2425.0980392156866,13.239476678043232
2425.0980392156866,13.239476678043232
2425.0980392156866,13.239476678043232
2425.0980392156866,13.239476678043232
2425.0980392156866,13.239476678043232
2425.0980392156866,13.239476678043232
2428.235294117647,13.239476678043232
2428.235294117647,13.239476678043232
2428.235294117647,13.239476678043232
2428.235294117647,13.239476678043232
2428.235294117647,13.239476678043232
2428.235294117647,13.239476678043232
2431.3725490196075,13.239476678043232
2431.3725490196075,13.239476678043232
2431.3725490196075,13.239476678043232
2431.3725490196075,13.239476678043232
2431.3725490196075,13.239476678043232
2431.3725490196075,13.239476678043232
2434.5098039215686,13.239476678043232
2434.5098039215686,13.239476678043232
2434.5098039215686,13.239476678043232
2434.5098039215686,13.239476678043232
2434.5098039215686,13.239476678043232
2434.5098039215686,13.239476678043232
2437.6470588235293,13.239476678043232
2437.6470588235293,13.239476678043232
2437.6470588235293,13.239476678043232
2437.6470588235293,13.239476678043232
2437.6470588235293,13.239476678043232
2437.6470588235293,13.239476678043232
2440.7843137254904,13.239476678043232
2440.7843137254904,13.239476678043232
2440.7843137254904,13.239476678043232
2440.7843137254904,13.239476678043232
2440.7843137254904,13.239476678043232
2440.7843137254904,13.239476678043232
2443.921568627451,13.239476678043232
2443.921568627451,13.239476678043232
2443.921568627451,13.239476678043232
2443.921568627451,13.239476678043232
2443.921568627451,13.239476678043232
2443.921568627451,13.239476678043232
2447.058823529412,13.239476678043232
2447.058823529412,13.239476678043232
2447.058823529412,13.239476678043232
2447.058823529412,13.239476678043232
2447.058823529412,13.239476678043232
2447.058823529412,13.239476678043232
2450.1960784313724,13.239476678043232
2450.1960784313724,13.239476678043232
2450.1960784313724,13.239476678043232
2450.1960784313724,13.239476678043232
2450.1960784313724,13.239476678043232
2450.1960784313724,13.239476678043232
2453.333333333333,13.239476678043232
2453.333333333333,13.239476678043232
2453.333333333333,13.239476678043232
2453.333333333333,13.239476678043232
2453.333333333333,13.239476678043232
2453.333333333333,13.239476678043232
2456.470588235294,13.139931740614335
2456.470588235294,13.139931740614335
2456.470588235294,13.139931740614335
2456.470588235294,13.139931740614335
2456.470588235294,13.139931740614335
2456.470588235294,13.139931740614335
2456.470588235294,13.139931740614335
2459.607843137255,13.239476678043232
2459.607843137255,13.239476678043232
2459.607843137255,13.239476678043232
2459.607843137255,13.239476678043232
2459.607843137255,13.239476678043232
2459.607843137255,13.239476678043232
2459.607843137255,13.239476678043232
2459.607843137255,13.239476678043232
2462.745098039216,13.139931740614335
2462.745098039216,13.139931740614335
2462.745098039216,13.139931740614335
2462.745098039216,13.139931740614335
2462.745098039216,13.139931740614335
2462.745098039216,13.139931740614335
2462.745098039216,13.139931740614335
2465.8823529411766,13.139931740614335
2465.8823529411766,13.139931740614335
2465.8823529411766,13.139931740614335
2465.8823529411766,13.139931740614335
2465.8823529411766,13.139931740614335
2465.8823529411766,13.139931740614335
2465.8823529411766,13.139931740614335
2469.0196078431372,13.139931740614335
2469.0196078431372,13.139931740614335
2469.0196078431372,13.139931740614335
2469.0196078431372,13.139931740614335
2469.0196078431372,13.139931740614335
2469.0196078431372,13.139931740614335
2469.0196078431372,13.139931740614335
2472.156862745098,13.139931740614335
2472.156862745098,13.139931740614335
2472.156862745098,13.139931740614335
2472.156862745098,13.139931740614335
2472.156862745098,13.139931740614335
2472.156862745098,13.139931740614335
2472.156862745098,13.139931740614335
2475.2941176470586,13.139931740614335
2475.2941176470586,13.139931740614335
2475.2941176470586,13.139931740614335
2475.2941176470586,13.139931740614335
2475.2941176470586,13.139931740614335
2475.2941176470586,13.139931740614335
2475.2941176470586,13.139931740614335
2478.4313725490197,13.239476678043232
2478.4313725490197,13.239476678043232
2478.4313725490197,13.239476678043232
2478.4313725490197,13.239476678043232
2478.4313725490197,13.239476678043232
2478.4313725490197,13.239476678043232
2481.5686274509803,13.239476678043232
2481.5686274509803,13.239476678043232
2481.5686274509803,13.239476678043232
2481.5686274509803,13.239476678043232
2481.5686274509803,13.239476678043232
2481.5686274509803,13.239476678043232
2481.5686274509803,13.239476678043232
2481.5686274509803,13.239476678043232
2484.7058823529414,13.239476678043232
2484.7058823529414,13.239476678043232
2484.7058823529414,13.239476678043232
2484.7058823529414,13.239476678043232
2484.7058823529414,13.239476678043232
2484.7058823529414,13.239476678043232
2484.7058823529414,13.239476678043232
2484.7058823529414,13.239476678043232
2487.843137254902,13.139931740614335
2487.843137254902,13.139931740614335
2487.843137254902,13.139931740614335
2487.843137254902,13.139931740614335
2487.843137254902,13.139931740614335
2487.843137254902,13.139931740614335
2487.843137254902,13.139931740614335
2490.9803921568628,13.239476678043232
2490.9803921568628,13.239476678043232
2490.9803921568628,13.239476678043232
2490.9803921568628,13.239476678043232
2490.9803921568628,13.239476678043232
2490.9803921568628,13.239476678043232
2494.1176470588234,13.239476678043232
2494.1176470588234,13.239476678043232
2494.1176470588234,13.239476678043232
2494.1176470588234,13.239476678043232
2494.1176470588234,13.239476678043232
2494.1176470588234,13.239476678043232
2497.254901960784,13.239476678043232
2497.254901960784,13.239476678043232
2497.254901960784,13.239476678043232
2497.254901960784,13.239476678043232
2497.254901960784,13.239476678043232
2497.254901960784,13.239476678043232
2500.392156862745,13.239476678043232
2500.392156862745,13.239476678043232
2500.392156862745,13.239476678043232
2500.392156862745,13.239476678043232
2500.392156862745,13.239476678043232
2500.392156862745,13.239476678043232
2503.529411764706,13.239476678043232
2503.529411764706,13.239476678043232
2503.529411764706,13.239476678043232
2503.529411764706,13.239476678043232
2503.529411764706,13.239476678043232
2503.529411764706,13.239476678043232
2506.666666666667,13.239476678043232
2506.666666666667,13.239476678043232
2506.666666666667,13.239476678043232
2506.666666666667,13.239476678043232
2506.666666666667,13.239476678043232
2506.666666666667,13.239476678043232
2509.8039215686276,13.239476678043232
2509.8039215686276,13.239476678043232
2509.8039215686276,13.239476678043232
2509.8039215686276,13.239476678043232
2509.8039215686276,13.239476678043232
2509.8039215686276,13.239476678043232
2512.9411764705883,13.339021615472129
2512.9411764705883,13.339021615472129
2512.9411764705883,13.339021615472129
2512.9411764705883,13.339021615472129
2512.9411764705883,13.339021615472129
2516.078431372549,13.438566552901024
2516.078431372549,13.438566552901024
2516.078431372549,13.438566552901024
2516.078431372549,13.438566552901024
2516.078431372549,13.438566552901024
2516.078431372549,13.438566552901024
2519.2156862745096,13.438566552901024
2519.2156862745096,13.438566552901024
2519.2156862745096,13.438566552901024
2519.2156862745096,13.438566552901024
2519.2156862745096,13.438566552901024
2519.2156862745096,13.438566552901024
2522.3529411764707,13.438566552901024
2522.3529411764707,13.438566552901024
2522.3529411764707,13.438566552901024
2522.3529411764707,13.438566552901024
2522.3529411764707,13.438566552901024
2522.3529411764707,13.438566552901024
2525.4901960784314,13.438566552901024
2525.4901960784314,13.438566552901024
2525.4901960784314,13.438566552901024
2525.4901960784314,13.438566552901024
2525.4901960784314,13.438566552901024
2525.4901960784314,13.438566552901024
2528.6274509803925,13.438566552901024
2528.6274509803925,13.438566552901024
2528.6274509803925,13.438566552901024
2528.6274509803925,13.438566552901024
2528.6274509803925,13.438566552901024
2528.6274509803925,13.438566552901024
2531.7647058823527,13.438566552901024
2531.7647058823527,13.438566552901024
2531.7647058823527,13.438566552901024
2531.7647058823527,13.438566552901024
2531.7647058823527,13.438566552901024
2531.7647058823527,13.438566552901024
2534.9019607843134,13.438566552901024
2534.9019607843134,13.438566552901024
2534.9019607843134,13.438566552901024
2534.9019607843134,13.438566552901024
2534.9019607843134,13.438566552901024
2534.9019607843134,13.438566552901024
2538.0392156862745,13.438566552901024
2538.0392156862745,13.438566552901024
2538.0392156862745,13.438566552901024
2538.0392156862745,13.438566552901024
2538.0392156862745,13.438566552901024
2538.0392156862745,13.438566552901024
2541.176470588235,13.438566552901024
2541.176470588235,13.438566552901024
2541.176470588235,13.438566552901024
2541.176470588235,13.438566552901024
2541.176470588235,13.438566552901024
2541.176470588235,13.438566552901024
2544.3137254901962,13.438566552901024
2544.3137254901962,13.438566552901024
2544.3137254901962,13.438566552901024
2544.3137254901962,13.438566552901024
2544.3137254901962,13.438566552901024
2544.3137254901962,13.438566552901024
2547.450980392157,13.438566552901024
2547.450980392157,13.438566552901024
2547.450980392157,13.438566552901024
2547.450980392157,13.438566552901024
2547.450980392157,13.438566552901024
2547.450980392157,13.438566552901024
2550.588235294118,13.438566552901024
2550.588235294118,13.438566552901024
2550.588235294118,13.438566552901024
2550.588235294118,13.438566552901024
2550.588235294118,13.438566552901024
2550.588235294118,13.438566552901024
2553.725490196078,13.438566552901024
2553.725490196078,13.438566552901024
2553.725490196078,13.438566552901024
2553.725490196078,13.438566552901024
2553.725490196078,13.438566552901024
2553.725490196078,13.438566552901024
2556.862745098039,13.438566552901024
2556.862745098039,13.438566552901024
2556.862745098039,13.438566552901024
2556.862745098039,13.438566552901024
2556.862745098039,13.438566552901024
2556.862745098039,13.438566552901024
2560.0,13.438566552901024
2560.0,13.438566552901024
2560.0,13.438566552901024
2560.0,13.438566552901024
2560.0,13.438566552901024
2560.0,13.438566552901024
2563.1372549019607,13.339021615472129
2563.1372549019607,13.339021615472129
2563.1372549019607,13.339021615472129
2563.1372549019607,13.339021615472129
2563.1372549019607,13.339021615472129
2563.1372549019607,13.339021615472129
2563.1372549019607,13.339021615472129
2566.274509803922,13.339021615472129
2566.274509803922,13.339021615472129
2566.274509803922,13.339021615472129
2566.274509803922,13.339021615472129
2566.274509803922,13.339021615472129
2566.274509803922,13.339021615472129
2566.274509803922,13.339021615472129
2569.4117647058824,13.239476678043232
2569.4117647058824,13.239476678043232
2569.4117647058824,13.239476678043232
2569.4117647058824,13.239476678043232
2569.4117647058824,13.239476678043232
2569.4117647058824,13.239476678043232
2572.5490196078435,13.239476678043232
2572.5490196078435,13.239476678043232
2572.5490196078435,13.239476678043232
2572.5490196078435,13.239476678043232
2572.5490196078435,13.239476678043232
2572.5490196078435,13.239476678043232
2575.6862745098038,13.239476678043232
2575.6862745098038,13.239476678043232
2575.6862745098038,13.239476678043232
2575.6862745098038,13.239476678043232
2575.6862745098038,13.239476678043232
2575.6862745098038,13.239476678043232
2578.8235294117644,13.239476678043232
2578.8235294117644,13.239476678043232
2578.8235294117644,13.239476678043232
2578.8235294117644,13.239476678043232
2578.8235294117644,13.239476678043232
2578.8235294117644,13.239476678043232
2581.9607843137255,13.339021615472129
2581.9607843137255,13.339021615472129
2581.9607843137255,13.339021615472129
2581.9607843137255,13.339021615472129
2581.9607843137255,13.339021615472129
2581.9607843137255,13.339021615472129
2581.9607843137255,13.339021615472129
2585.098039215686,13.339021615472129
2585.098039215686,13.339021615472129
2585.098039215686,13.339021615472129
2585.098039215686,13.339021615472129
2585.098039215686,13.339021615472129
2585.098039215686,13.339021615472129
2585.098039215686,13.339021615472129
2588.2352941176473,13.438566552901024
2588.2352941176473,13.438566552901024
2588.2352941176473,13.438566552901024
2588.2352941176473,13.438566552901024
2588.2352941176473,13.438566552901024
2588.2352941176473,13.438566552901024
2588.2352941176473,13.438566552901024
2588.2352941176473,13.438566552901024
2591.372549019608,13.438566552901024
2591.372549019608,13.438566552901024
2591.372549019608,13.438566552901024
2591.372549019608,13.438566552901024
2591.372549019608,13.438566552901024
2591.372549019608,13.438566552901024
2591.372549019608,13.438566552901024
2591.372549019608,13.438566552901024
2594.5098039215686,13.438566552901024
2594.5098039215686,13.438566552901024
2594.5098039215686,13.438566552901024
2594.5098039215686,13.438566552901024
2594.5098039215686,13.438566552901024
2594.5098039215686,13.438566552901024
2594.5098039215686,13.438566552901024
2594.5098039215686,13.438566552901024
2597.6470588235293,13.438566552901024
2597.6470588235293,13.438566552901024
2597.6470588235293,13.438566552901024
2597.6470588235293,13.438566552901024
2597.6470588235293,13.438566552901024
2597.6470588235293,13.438566552901024
2597.6470588235293,13.438566552901024
2597.6470588235293,13.438566552901024
2600.78431372549,13.139931740614335
2600.78431372549,13.139931740614335
2600.78431372549,13.139931740614335
2600.78431372549,13.139931740614335
2600.78431372549,13.139931740614335
2600.78431372549,13.139931740614335
2600.78431372549,13.139931740614335
2603.921568627451,13.139931740614335
2603.921568627451,13.139931740614335
2603.921568627451,13.139931740614335
2603.921568627451,13.139931740614335
2603.921568627451,13.139931740614335
2603.921568627451,13.139931740614335
2603.921568627451,13.139931740614335
2607.0588235294117,13.139931740614335
2607.0588235294117,13.139931740614335
2607.0588235294117,13.139931740614335
2607.0588235294117,13.139931740614335
2607.0588235294117,13.139931740614335
2607.0588235294117,13.139931740614335
2607.0588235294117,13.139931740614335
2610.196078431373,13.040386803185436
2610.196078431373,13.040386803185436
2610.196078431373,13.040386803185436
2610.196078431373,13.040386803185436
2610.196078431373,13.040386803185436
2610.196078431373,13.040386803185436
2613.3333333333335,13.139931740614335
2613.3333333333335,13.139931740614335
2613.3333333333335,13.139931740614335
2613.3333333333335,13.139931740614335
2613.3333333333335,13.139931740614335
2613.3333333333335,13.139931740614335
2613.3333333333335,13.139931740614335
2616.470588235294,13.139931740614335
2616.470588235294,13.139931740614335
2616.470588235294,13.139931740614335
2616.470588235294,13.139931740614335
2616.470588235294,13.139931740614335
2616.470588235294,13.139931740614335
2616.470588235294,13.139931740614335
2619.607843137255,13.040386803185436
2619.607843137255,13.040386803185436
2619.607843137255,13.040386803185436
2619.607843137255,13.040386803185436
2619.607843137255,13.040386803185436
2619.607843137255,13.040386803185436
2622.7450980392155,13.139931740614335
2622.7450980392155,13.139931740614335
2622.7450980392155,13.139931740614335
2622.7450980392155,13.139931740614335
2622.7450980392155,13.139931740614335
2622.7450980392155,13.139931740614335
2622.7450980392155,13.139931740614335
2625.8823529411766,13.139931740614335
2625.8823529411766,13.139931740614335
2625.8823529411766,13.139931740614335
2625.8823529411766,13.139931740614335
2625.8823529411766,13.139931740614335
2625.8823529411766,13.139931740614335
2625.8823529411766,13.139931740614335
2629.0196078431372,13.139931740614335
2629.0196078431372,13.139931740614335
2629.0196078431372,13.139931740614335
2629.0196078431372,13.139931740614335
2629.0196078431372,13.139931740614335
2629.0196078431372,13.139931740614335
2629.0196078431372,13.139931740614335
2632.1568627450984,13.040386803185436
2632.1568627450984,13.040386803185436
2632.1568627450984,13.040386803185436
2632.1568627450984,13.040386803185436
2632.1568627450984,13.040386803185436
2632.1568627450984,13.040386803185436
2635.294117647059,13.040386803185436
2635.294117647059,13.040386803185436
2635.294117647059,13.040386803185436
2635.294117647059,13.040386803185436
2635.294117647059,13.040386803185436
2635.294117647059,13.040386803185436
2638.4313725490197,13.139931740614335
2638.4313725490197,13.139931740614335
2638.4313725490197,13.139931740614335
2638.4313725490197,13.139931740614335
2638.4313725490197,13.139931740614335
2638.4313725490197,13.139931740614335
2638.4313725490197,13.139931740614335
2641.5686274509803,13.239476678043232
2641.5686274509803,13.239476678043232
2641.5686274509803,13.239476678043232
2641.5686274509803,13.239476678043232
2641.5686274509803,13.239476678043232
2641.5686274509803,13.239476678043232
2644.705882352941,13.239476678043232
2644.705882352941,13.239476678043232
2644.705882352941,13.239476678043232
2644.705882352941,13.239476678043232
2644.705882352941,13.239476678043232
2644.705882352941,13.239476678043232
2647.843137254902,13.040386803185436
2647.843137254902,13.040386803185436
2647.843137254902,13.040386803185436
2647.843137254902,13.040386803185436
2647.843137254902,13.040386803185436
2647.843137254902,13.040386803185436
2650.9803921568628,13.040386803185436
2650.9803921568628,13.040386803185436
2650.9803921568628,13.040386803185436
2650.9803921568628,13.040386803185436
2650.9803921568628,13.040386803185436
2650.9803921568628,13.040386803185436
2654.117647058824,13.040386803185436
2654.117647058824,13.040386803185436
2654.117647058824,13.040386803185436
2654.117647058824,13.040386803185436
2654.117647058824,13.040386803185436
2654.117647058824,13.040386803185436
2657.254901960784,13.040386803185436
2657.254901960784,13.040386803185436
2657.254901960784,13.040386803185436
2657.254901960784,13.040386803185436
2657.254901960784,13.040386803185436
2657.254901960784,13.040386803185436
2660.3921568627447,13.040386803185436
2660.3921568627447,13.040386803185436
2660.3921568627447,13.040386803185436
2660.3921568627447,13.040386803185436
2660.3921568627447,13.040386803185436
2660.3921568627447,13.040386803185436
2663.529411764706,13.040386803185436
2663.529411764706,13.040386803185436
2663.529411764706,13.040386803185436
2663.529411764706,13.040386803185436
2663.529411764706,13.040386803185436
2663.529411764706,13.040386803185436
2666.6666666666665,13.040386803185436
2666.6666666666665,13.040386803185436
2666.6666666666665,13.040386803185436
2666.6666666666665,13.040386803185436
2666.6666666666665,13.040386803185436
2666.6666666666665,13.040386803185436
2669.8039215686276,13.040386803185436
2669.8039215686276,13.040386803185436
2669.8039215686276,13.040386803185436
2669.8039215686276,13.040386803185436
2669.8039215686276,13.040386803185436
2669.8039215686276,13.040386803185436
2672.9411764705883,13.040386803185436
2672.9411764705883,13.040386803185436
2672.9411764705883,13.040386803185436
2672.9411764705883,13.040386803185436
2672.9411764705883,13.040386803185436
2672.9411764705883,13.040386803185436
2676.0784313725494,13.040386803185436
2676.0784313725494,13.040386803185436
2676.0784313725494,13.040386803185436
2676.0784313725494,13.040386803185436
2676.0784313725494,13.040386803185436
2676.0784313725494,13.040386803185436
2679.2156862745096,13.040386803185436
2679.2156862745096,13.040386803185436
2679.2156862745096,13.040386803185436
2679.2156862745096,13.040386803185436
2679.2156862745096,13.040386803185436
2679.2156862745096,13.040386803185436
2682.3529411764703,13.040386803185436
2682.3529411764703,13.040386803185436
2682.3529411764703,13.040386803185436
2682.3529411764703,13.040386803185436
2682.3529411764703,13.040386803185436
2682.3529411764703,13.040386803185436
2685.4901960784314,13.040386803185436
2685.4901960784314,13.040386803185436
2685.4901960784314,13.040386803185436
2685.4901960784314,13.040386803185436
2685.4901960784314,13.040386803185436
2685.4901960784314,13.040386803185436
2688.627450980392,13.040386803185436
2688.627450980392,13.040386803185436
2688.627450980392,13.040386803185436
2688.627450980392,13.040386803185436
2688.627450980392,13.040386803185436
2688.627450980392,13.040386803185436
2691.764705882353,13.040386803185436
2691.764705882353,13.040386803185436
2691.764705882353,13.040386803185436
2691.764705882353,13.040386803185436
2691.764705882353,13.040386803185436
2691.764705882353,13.040386803185436
2694.901960784314,13.040386803185436
2694.901960784314,13.040386803185436
2694.901960784314,13.040386803185436
2694.901960784314,13.040386803185436
2694.901960784314,13.040386803185436
2694.901960784314,13.040386803185436
2698.0392156862745,13.040386803185436
2698.0392156862745,13.040386803185436
2698.0392156862745,13.040386803185436
2698.0392156862745,13.040386803185436
2698.0392156862745,13.040386803185436
2698.0392156862745,13.040386803185436
2701.176470588235,13.040386803185436
2701.176470588235,13.040386803185436
2701.176470588235,13.040386803185436
2701.176470588235,13.040386803185436
2701.176470588235,13.040386803185436
2701.176470588235,13.040386803185436
2704.313725490196,13.040386803185436
2704.313725490196,13.040386803185436
2704.313725490196,13.040386803185436
2704.313725490196,13.040386803185436
2704.313725490196,13.040386803185436
2704.313725490196,13.040386803185436
2707.450980392157,12.940841865756541
2707.450980392157,12.940841865756541
2707.450980392157,12.940841865756541
2707.450980392157,12.940841865756541
2707.450980392157,12.940841865756541
2707.450980392157,12.940841865756541
2707.450980392157,12.940841865756541
2710.5882352941176,12.940841865756541
2710.5882352941176,12.940841865756541
2710.5882352941176,12.940841865756541
2710.5882352941176,12.940841865756541
2710.5882352941176,12.940841865756541
2710.5882352941176,12.940841865756541
2710.5882352941176,12.940841865756541
2713.7254901960787,13.040386803185436
2713.7254901960787,13.040386803185436
2713.7254901960787,13.040386803185436
2713.7254901960787,13.040386803185436
2713.7254901960787,13.040386803185436
2713.7254901960787,13.040386803185436
2716.8627450980393,13.040386803185436
2716.8627450980393,13.040386803185436
2716.8627450980393,13.040386803185436
2716.8627450980393,13.040386803185436
2716.8627450980393,13.040386803185436
2716.8627450980393,13.040386803185436
2720.0,13.139931740614335
2720.0,13.139931740614335
2720.0,13.139931740614335
2720.0,13.139931740614335
2720.0,13.139931740614335
2720.0,13.139931740614335
2720.0,13.139931740614335
2723.1372549019607,13.139931740614335
2723.1372549019607,13.139931740614335
2723.1372549019607,13.139931740614335
2723.1372549019607,13.139931740614335
2723.1372549019607,13.139931740614335
2723.1372549019607,13.139931740614335
2723.1372549019607,13.139931740614335
2726.2745098039213,13.139931740614335
2726.2745098039213,13.139931740614335
2726.2745098039213,13.139931740614335
2726.2745098039213,13.139931740614335
2726.2745098039213,13.139931740614335
2726.2745098039213,13.139931740614335
2726.2745098039213,13.139931740614335
2729.4117647058824,13.139931740614335
2729.4117647058824,13.139931740614335
2729.4117647058824,13.139931740614335
2729.4117647058824,13.139931740614335
2729.4117647058824,13.139931740614335
2729.4117647058824,13.139931740614335
2729.4117647058824,13.139931740614335
2732.549019607843,12.940841865756541
2732.549019607843,12.940841865756541
2732.549019607843,12.940841865756541
2732.549019607843,12.940841865756541
2732.549019607843,12.940841865756541
2732.549019607843,12.940841865756541
2732.549019607843,12.940841865756541
2735.686274509804,13.040386803185436
2735.686274509804,13.040386803185436
2735.686274509804,13.040386803185436
2735.686274509804,13.040386803185436
2735.686274509804,13.040386803185436
2735.686274509804,13.040386803185436
2735.686274509804,13.040386803185436
2735.686274509804,13.040386803185436
2738.823529411765,13.040386803185436
2738.823529411765,13.040386803185436
2738.823529411765,13.040386803185436
2738.823529411765,13.040386803185436
2738.823529411765,13.040386803185436
2738.823529411765,13.040386803185436
2738.823529411765,13.040386803185436
2738.823529411765,13.040386803185436
2741.9607843137255,12.940841865756541
2741.9607843137255,12.940841865756541
2741.9607843137255,12.940841865756541
2741.9607843137255,12.940841865756541
2741.9607843137255,12.940841865756541
2741.9607843137255,12.940841865756541
2741.9607843137255,12.940841865756541
2745.098039215686,13.040386803185436
2745.098039215686,13.040386803185436
2745.098039215686,13.040386803185436
2745.098039215686,13.040386803185436
2745.098039215686,13.040386803185436
2745.098039215686,13.040386803185436
2748.235294117647,12.940841865756541
2748.235294117647,12.940841865756541
2748.235294117647,12.940841865756541
2748.235294117647,12.940841865756541
2748.235294117647,12.940841865756541
2748.235294117647,12.940841865756541
2748.235294117647,12.940841865756541
2751.372549019608,12.940841865756541
2751.372549019608,12.940841865756541
2751.372549019608,12.940841865756541
2751.372549019608,12.940841865756541
2751.372549019608,12.940841865756541
2751.372549019608,12.940841865756541
2751.372549019608,12.940841865756541
2754.5098039215686,12.940841865756541
2754.5098039215686,12.940841865756541
2754.5098039215686,12.940841865756541
2754.5098039215686,12.940841865756541
2754.5098039215686,12.940841865756541
2754.5098039215686,12.940841865756541
2754.5098039215686,12.940841865756541
2757.6470588235297,12.940841865756541
2757.6470588235297,12.940841865756541
2757.6470588235297,12.940841865756541
2757.6470588235297,12.940841865756541
2757.6470588235297,12.940841865756541
2757.6470588235297,12.940841865756541
2757.6470588235297,12.940841865756541
2760.78431372549,12.940841865756541
2760.78431372549,12.940841865756541
2760.78431372549,12.940841865756541
2760.78431372549,12.940841865756541
2760.78431372549,12.940841865756541
2760.78431372549,12.940841865756541
2760.78431372549,12.940841865756541
2763.921568627451,12.841296928327644
2763.921568627451,12.841296928327644
2763.921568627451,12.841296928327644
2763.921568627451,12.841296928327644
2763.921568627451,12.841296928327644
2763.921568627451,12.841296928327644
2767.0588235294117,12.841296928327644
2767.0588235294117,12.841296928327644
2767.0588235294117,12.841296928327644
2767.0588235294117,12.841296928327644
2767.0588235294117,12.841296928327644
2767.0588235294117,12.841296928327644
2770.1960784313724,12.841296928327644
2770.1960784313724,12.841296928327644
2770.1960784313724,12.841296928327644
2770.1960784313724,12.841296928327644
2770.1960784313724,12.841296928327644
2770.1960784313724,12.841296928327644
2773.3333333333335,12.841296928327644
2773.3333333333335,12.841296928327644
2773.3333333333335,12.841296928327644
2773.3333333333335,12.841296928327644
2773.3333333333335,12.841296928327644
2773.3333333333335,12.841296928327644
2776.470588235294,12.841296928327644
2776.470588235294,12.841296928327644
2776.470588235294,12.841296928327644
2776.470588235294,12.841296928327644
2776.470588235294,12.841296928327644
2776.470588235294,12.841296928327644
2779.6078431372553,12.841296928327644
2779.6078431372553,12.841296928327644
2779.6078431372553,12.841296928327644
2779.6078431372553,12.841296928327644
2779.6078431372553,12.841296928327644
2779.6078431372553,12.841296928327644
2782.7450980392155,12.841296928327644
2782.7450980392155,12.841296928327644
2782.7450980392155,12.841296928327644
2782.7450980392155,12.841296928327644
2782.7450980392155,12.841296928327644
2782.7450980392155,12.841296928327644
2785.882352941176,12.841296928327644
2785.882352941176,12.841296928327644
2785.882352941176,12.841296928327644
2785.882352941176,12.841296928327644
2785.882352941176,12.841296928327644
2785.882352941176,12.841296928327644
2789.0196078431372,12.741751990898749
2789.0196078431372,12.741751990898749
2789.0196078431372,12.741751990898749
2789.0196078431372,12.741751990898749
2789.0196078431372,12.741751990898749
2789.0196078431372,12.741751990898749
2789.0196078431372,12.741751990898749
2792.156862745098,12.741751990898749
2792.156862745098,12.741751990898749
2792.156862745098,12.741751990898749
2792.156862745098,12.741751990898749
2792.156862745098,12.741751990898749
2792.156862745098,12.741751990898749
2792.156862745098,12.741751990898749
2795.294117647059,12.741751990898749
2795.294117647059,12.741751990898749
2795.294117647059,12.741751990898749
2795.294117647059,12.741751990898749
2795.294117647059,12.741751990898749
2795.294117647059,12.741751990898749
2795.294117647059,12.741751990898749
2798.4313725490197,12.841296928327644
2798.4313725490197,12.841296928327644
2798.4313725490197,12.841296928327644
2798.4313725490197,12.841296928327644
2798.4313725490197,12.841296928327644
2798.4313725490197,12.841296928327644
2801.568627450981,12.841296928327644
2801.568627450981,12.841296928327644
2801.568627450981,12.841296928327644
2801.568627450981,12.841296928327644
2801.568627450981,12.841296928327644
2801.568627450981,12.841296928327644
2804.705882352941,12.841296928327644
2804.705882352941,12.841296928327644
2804.705882352941,12.841296928327644
2804.705882352941,12.841296928327644
2804.705882352941,12.841296928327644
2804.705882352941,12.841296928327644
2807.8431372549016,12.841296928327644
2807.8431372549016,12.841296928327644
2807.8431372549016,12.841296928327644
2807.8431372549016,12.841296928327644
2807.8431372549016,12.841296928327644
2807.8431372549016,12.841296928327644
2810.9803921568628,12.841296928327644
2810.9803921568628,12.841296928327644
2810.9803921568628,12.841296928327644
2810.9803921568628,12.841296928327644
2810.9803921568628,12.841296928327644
2810.9803921568628,12.841296928327644
2814.1176470588234,12.841296928327644
2814.1176470588234,12.841296928327644
2814.1176470588234,12.841296928327644
2814.1176470588234,12.841296928327644
2814.1176470588234,12.841296928327644
2814.1176470588234,12.841296928327644
2817.2549019607845,12.741751990898749
2817.2549019607845,12.741751990898749
2817.2549019607845,12.741751990898749
2817.2549019607845,12.741751990898749
2817.2549019607845,12.741751990898749
2817.2549019607845,12.741751990898749
2817.2549019607845,12.741751990898749
2820.392156862745,12.642207053469852
2820.392156862745,12.642207053469852
2820.392156862745,12.642207053469852
2820.392156862745,12.642207053469852
2820.392156862745,12.642207053469852
2820.392156862745,12.642207053469852
2823.529411764706,12.642207053469852
2823.529411764706,12.642207053469852
2823.529411764706,12.642207053469852
2823.529411764706,12.642207053469852
2823.529411764706,12.642207053469852
2823.529411764706,12.642207053469852
2826.6666666666665,12.642207053469852
2826.6666666666665,12.642207053469852
2826.6666666666665,12.642207053469852
2826.6666666666665,12.642207053469852
2826.6666666666665,12.642207053469852
2826.6666666666665,12.642207053469852
2829.803921568627,12.642207053469852
2829.803921568627,12.642207053469852
2829.803921568627,12.642207053469852
2829.803921568627,12.642207053469852
2829.803921568627,12.642207053469852
2829.803921568627,12.642207053469852
2832.9411764705883,12.741751990898749
2832.9411764705883,12.741751990898749
2832.9411764705883,12.741751990898749
2832.9411764705883,12.741751990898749
2832.9411764705883,12.741751990898749
2832.9411764705883,12.741751990898749
2832.9411764705883,12.741751990898749
2836.078431372549,12.841296928327644
2836.078431372549,12.841296928327644
2836.078431372549,12.841296928327644
2836.078431372549,12.841296928327644
2836.078431372549,12.841296928327644
2836.078431372549,12.841296928327644
2839.21568627451,12.841296928327644
2839.21568627451,12.841296928327644
2839.21568627451,12.841296928327644
2839.21568627451,12.841296928327644
2839.21568627451,12.841296928327644
2839.21568627451,12.841296928327644
2842.3529411764707,12.841296928327644
2842.3529411764707,12.841296928327644
2842.3529411764707,12.841296928327644
2842.3529411764707,12.841296928327644
2842.3529411764707,12.841296928327644
2842.3529411764707,12.841296928327644
2845.4901960784314,13.040386803185436
2845.4901960784314,13.040386803185436
2845.4901960784314,13.040386803185436
2845.4901960784314,13.040386803185436
2845.4901960784314,13.040386803185436
2845.4901960784314,13.040386803185436
2848.627450980392,13.040386803185436
2848.627450980392,13.040386803185436
2848.627450980392,13.040386803185436
2848.627450980392,13.040386803185436
2848.627450980392,13.040386803185436
2848.627450980392,13.040386803185436
2851.7647058823527,13.139931740614335
2851.7647058823527,13.139931740614335
2851.7647058823527,13.139931740614335
2851.7647058823527,13.139931740614335
2851.7647058823527,13.139931740614335
2851.7647058823527,13.139931740614335
2851.7647058823527,13.139931740614335
2854.901960784314,13.139931740614335
2854.901960784314,13.139931740614335
2854.901960784314,13.139931740614335
2854.901960784314,13.139931740614335
2854.901960784314,13.139931740614335
2854.901960784314,13.139931740614335
2854.901960784314,13.139931740614335
2858.0392156862745,13.239476678043232
2858.0392156862745,13.239476678043232
2858.0392156862745,13.239476678043232
2858.0392156862745,13.239476678043232
2858.0392156862745,13.239476678043232
2858.0392156862745,13.239476678043232
2861.1764705882356,13.239476678043232
2861.1764705882356,13.239476678043232
2861.1764705882356,13.239476678043232
2861.1764705882356,13.239476678043232
2861.1764705882356,13.239476678043232
2861.1764705882356,13.239476678043232
2864.3137254901962,13.239476678043232
2864.3137254901962,13.239476678043232
2864.3137254901962,13.239476678043232
2864.3137254901962,13.239476678043232
2864.3137254901962,13.239476678043232
2864.3137254901962,13.239476678043232
2867.450980392157,13.339021615472129
2867.450980392157,13.339021615472129
2867.450980392157,13.339021615472129
2867.450980392157,13.339021615472129
2867.450980392157,13.339021615472129
2867.450980392157,13.339021615472129
2867.450980392157,13.339021615472129
2870.5882352941176,13.339021615472129
2870.5882352941176,13.339021615472129
2870.5882352941176,13.339021615472129
2870.5882352941176,13.339021615472129
2870.5882352941176,13.339021615472129
2870.5882352941176,13.339021615472129
2870.5882352941176,13.339021615472129
2873.725490196078,13.239476678043232
2873.725490196078,13.239476678043232
2873.725490196078,13.239476678043232
2873.725490196078,13.239476678043232
2873.725490196078,13.239476678043232
2873.725490196078,13.239476678043232
2876.8627450980393,13.239476678043232
2876.8627450980393,13.239476678043232
2876.8627450980393,13.239476678043232
2876.8627450980393,13.239476678043232
2876.8627450980393,13.239476678043232
2876.8627450980393,13.239476678043232
2880.0,13.339021615472129
2880.0,13.339021615472129
2880.0,13.339021615472129
2880.0,13.339021615472129
2880.0,13.339021615472129
2880.0,13.339021615472129
2880.0,13.339021615472129
2883.137254901961,13.339021615472129
2883.137254901961,13.339021615472129
2883.137254901961,13.339021615472129
2883.137254901961,13.339021615472129
2883.137254901961,13.339021615472129
2883.137254901961,13.339021615472129
2883.137254901961,13.339021615472129
2886.2745098039213,13.339021615472129
2886.2745098039213,13.339021615472129
2886.2745098039213,13.339021615472129
2886.2745098039213,13.339021615472129
2886.2745098039213,13.339021615472129
2886.2745098039213,13.339021615472129
2886.2745098039213,13.339021615472129
2889.4117647058824,13.339021615472129
2889.4117647058824,13.339021615472129
2889.4117647058824,13.339021615472129
2889.4117647058824,13.339021615472129
2889.4117647058824,13.339021615472129
2889.4117647058824,13.339021615472129
2889.4117647058824,13.339021615472129
2892.549019607843,13.339021615472129
2892.549019607843,13.339021615472129
2892.549019607843,13.339021615472129
2892.549019607843,13.339021615472129
2892.549019607843,13.339021615472129
2892.549019607843,13.339021615472129
2892.549019607843,13.339021615472129
2895.6862745098038,13.239476678043232
2895.6862745098038,13.239476678043232
2895.6862745098038,13.239476678043232
2895.6862745098038,13.239476678043232
2895.6862745098038,13.239476678043232
2895.6862745098038,13.239476678043232
2898.823529411765,13.239476678043232
2898.823529411765,13.239476678043232
2898.823529411765,13.239476678043232
2898.823529411765,13.239476678043232
2898.823529411765,13.239476678043232
2898.823529411765,13.239476678043232
2901.9607843137255,13.139931740614335
2901.9607843137255,13.139931740614335
2901.9607843137255,13.139931740614335
2901.9607843137255,13.139931740614335
2901.9607843137255,13.139931740614335
2901.9607843137255,13.139931740614335
2901.9607843137255,13.139931740614335
2905.0980392156866,13.139931740614335
2905.0980392156866,13.139931740614335
2905.0980392156866,13.139931740614335
2905.0980392156866,13.139931740614335
2905.0980392156866,13.139931740614335
2905.0980392156866,13.139931740614335
2905.0980392156866,13.139931740614335
2908.235294117647,13.339021615472129
2908.235294117647,13.339021615472129
2908.235294117647,13.339021615472129
2908.235294117647,13.339021615472129
2908.235294117647,13.339021615472129
2908.235294117647,13.339021615472129
2908.235294117647,13.339021615472129
2911.3725490196075,13.239476678043232
2911.3725490196075,13.239476678043232
2911.3725490196075,13.239476678043232
2911.3725490196075,13.239476678043232
2911.3725490196075,13.239476678043232
2911.3725490196075,13.239476678043232
2914.5098039215686,13.239476678043232
2914.5098039215686,13.239476678043232
2914.5098039215686,13.239476678043232
2914.5098039215686,13.239476678043232
2914.5098039215686,13.239476678043232
2914.5098039215686,13.239476678043232
2917.6470588235293,13.339021615472129
2917.6470588235293,13.339021615472129
2917.6470588235293,13.339021615472129
2917.6470588235293,13.339021615472129
2917.6470588235293,13.339021615472129
2917.6470588235293,13.339021615472129
2917.6470588235293,13.339021615472129
2920.7843137254904,13.339021615472129
2920.7843137254904,13.339021615472129
2920.7843137254904,13.339021615472129
2920.7843137254904,13.339021615472129
2920.7843137254904,13.339021615472129
2920.7843137254904,13.339021615472129
2920.7843137254904,13.339021615472129
2923.921568627451,13.339021615472129
2923.921568627451,13.339021615472129
2923.921568627451,13.339021615472129
2923.921568627451,13.339021615472129
2923.921568627451,13.339021615472129
2923.921568627451,13.339021615472129
2923.921568627451,13.339021615472129
2927.0588235294117,13.339021615472129
2927.0588235294117,13.339021615472129
2927.0588235294117,13.339021615472129
2927.0588235294117,13.339021615472129
2927.0588235294117,13.339021615472129
2927.0588235294117,13.339021615472129
2927.0588235294117,13.339021615472129
2930.1960784313724,13.239476678043232
2930.1960784313724,13.239476678043232
2930.1960784313724,13.239476678043232
2930.1960784313724,13.239476678043232
2930.1960784313724,13.239476678043232
2930.1960784313724,13.239476678043232
2933.333333333333,13.239476678043232
2933.333333333333,13.239476678043232
2933.333333333333,13.239476678043232
2933.333333333333,13.239476678043232
2933.333333333333,13.239476678043232
2933.333333333333,13.239476678043232
2936.470588235294,13.139931740614335
2936.470588235294,13.139931740614335
2936.470588235294,13.139931740614335
2936.470588235294,13.139931740614335
2936.470588235294,13.139931740614335
2936.470588235294,13.139931740614335
2936.470588235294,13.139931740614335
2939.607843137255,13.139931740614335
2939.607843137255,13.139931740614335
2939.607843137255,13.139931740614335
2939.607843137255,13.139931740614335
2939.607843137255,13.139931740614335
2939.607843137255,13.139931740614335
2939.607843137255,13.139931740614335
2942.745098039216,13.139931740614335
2942.745098039216,13.139931740614335
2942.745098039216,13.139931740614335
2942.745098039216,13.139931740614335
2942.745098039216,13.139931740614335
2942.745098039216,13.139931740614335
2942.745098039216,13.139931740614335
2945.8823529411766,13.139931740614335
2945.8823529411766,13.139931740614335
2945.8823529411766,13.139931740614335
2945.8823529411766,13.139931740614335
2945.8823529411766,13.139931740614335
2945.8823529411766,13.139931740614335
2945.8823529411766,13.139931740614335
2949.0196078431372,13.040386803185436
2949.0196078431372,13.040386803185436
2949.0196078431372,13.040386803185436
2949.0196078431372,13.040386803185436
2949.0196078431372,13.040386803185436
2949.0196078431372,13.040386803185436
2952.156862745098,13.040386803185436
2952.156862745098,13.040386803185436
2952.156862745098,13.040386803185436
2952.156862745098,13.040386803185436
2952.156862745098,13.040386803185436
2952.156862745098,13.040386803185436
2955.2941176470586,13.040386803185436
2955.2941176470586,13.040386803185436
2955.2941176470586,13.040386803185436
2955.2941176470586,13.040386803185436
2955.2941176470586,13.040386803185436
2955.2941176470586,13.040386803185436
2958.4313725490197,13.040386803185436
2958.4313725490197,13.040386803185436
2958.4313725490197,13.040386803185436
2958.4313725490197,13.040386803185436
2958.4313725490197,13.040386803185436
2958.4313725490197,13.040386803185436
2961.5686274509803,13.040386803185436
2961.5686274509803,13.040386803185436
2961.5686274509803,13.040386803185436
2961.5686274509803,13.040386803185436
2961.5686274509803,13.040386803185436
2961.5686274509803,13.040386803185436
2964.7058823529414,13.040386803185436
2964.7058823529414,13.040386803185436
2964.7058823529414,13.040386803185436
2964.7058823529414,13.040386803185436
2964.7058823529414,13.040386803185436
2964.7058823529414,13.040386803185436
2967.843137254902,12.940841865756541
2967.843137254902,12.940841865756541
2967.843137254902,12.940841865756541
2967.843137254902,12.940841865756541
2967.843137254902,12.940841865756541
2967.843137254902,12.940841865756541
2967.843137254902,12.940841865756541
2970.9803921568628,12.940841865756541
2970.9803921568628,12.940841865756541
2970.9803921568628,12.940841865756541
2970.9803921568628,12.940841865756541
2970.9803921568628,12.940841865756541
2970.9803921568628,12.940841865756541
2970.9803921568628,12.940841865756541
2974.1176470588234,12.940841865756541
2974.1176470588234,12.940841865756541
2974.1176470588234,12.940841865756541
2974.1176470588234,12.940841865756541
2974.1176470588234,12.940841865756541
2974.1176470588234,12.940841865756541
2974.1176470588234,12.940841865756541
2977.254901960784,12.940841865756541
2977.254901960784,12.940841865756541
2977.254901960784,12.940841865756541
2977.254901960784,12.940841865756541
2977.254901960784,12.940841865756541
2977.254901960784,12.940841865756541
2977.254901960784,12.940841865756541
2980.392156862745,12.940841865756541
2980.392156862745,12.940841865756541
2980.392156862745,12.940841865756541
2980.392156862745,12.940841865756541
2980.392156862745,12.940841865756541
2980.392156862745,12.940841865756541
2980.392156862745,12.940841865756541
2983.529411764706,12.841296928327644
2983.529411764706,12.841296928327644
2983.529411764706,12.841296928327644
2983.529411764706,12.841296928327644
2983.529411764706,12.841296928327644
2983.529411764706,12.841296928327644
2986.666666666667,12.841296928327644
2986.666666666667,12.841296928327644
2986.666666666667,12.841296928327644
2986.666666666667,12.841296928327644
2986.666666666667,12.841296928327644
2986.666666666667,12.841296928327644
2989.803921568627,12.841296928327644
2989.803921568627,12.841296928327644
2989.803921568627,12.841296928327644
2989.803921568627,12.841296928327644
2989.803921568627,12.841296928327644
2989.803921568627,12.841296928327644
2992.9411764705883,12.841296928327644
2992.9411764705883,12.841296928327644
2992.9411764705883,12.841296928327644
2992.9411764705883,12.841296928327644
2992.9411764705883,12.841296928327644
2992.9411764705883,12.841296928327644
2996.078431372549,12.841296928327644
2996.078431372549,12.841296928327644
2996.078431372549,12.841296928327644
2996.078431372549,12.841296928327644
2996.078431372549,12.841296928327644
2996.078431372549,12.841296928327644
2999.2156862745096,12.841296928327644
2999.2156862745096,12.841296928327644
2999.2156862745096,12.841296928327644
2999.2156862745096,12.841296928327644
2999.2156862745096,12.841296928327644
2999.2156862745096,12.841296928327644
3002.3529411764707,12.741751990898749
3002.3529411764707,12.741751990898749
3002.3529411764707,12.741751990898749
3002.3529411764707,12.741751990898749
3002.3529411764707,12.741751990898749
3002.3529411764707,12.741751990898749
3002.3529411764707,12.741751990898749
3005.4901960784314,12.741751990898749
3005.4901960784314,12.741751990898749
3005.4901960784314,12.741751990898749
3005.4901960784314,12.741751990898749
3005.4901960784314,12.741751990898749
3005.4901960784314,12.741751990898749
3005.4901960784314,12.741751990898749
3008.6274509803925,12.642207053469852
3008.6274509803925,12.642207053469852
3008.6274509803925,12.642207053469852
3008.6274509803925,12.642207053469852
3008.6274509803925,12.642207053469852
3008.6274509803925,12.642207053469852
3011.7647058823527,12.741751990898749
3011.7647058823527,12.741751990898749
3011.7647058823527,12.741751990898749
3011.7647058823527,12.741751990898749
3011.7647058823527,12.741751990898749
3011.7647058823527,12.741751990898749
3011.7647058823527,12.741751990898749
3014.901960784314,12.741751990898749
3014.901960784314,12.741751990898749
3014.901960784314,12.741751990898749
3014.901960784314,12.741751990898749
3014.901960784314,12.741751990898749
3014.901960784314,12.741751990898749
3014.901960784314,12.741751990898749
3018.0392156862745,12.642207053469852
3018.0392156862745,12.642207053469852
3018.0392156862745,12.642207053469852
3018.0392156862745,12.642207053469852
3018.0392156862745,12.642207053469852
3018.0392156862745,12.642207053469852
3021.176470588235,12.642207053469852
3021.176470588235,12.642207053469852
3021.176470588235,12.642207053469852
3021.176470588235,12.642207053469852
3021.176470588235,12.642207053469852
3021.176470588235,12.642207053469852
3024.3137254901962,12.642207053469852
3024.3137254901962,12.642207053469852
3024.3137254901962,12.642207053469852
3024.3137254901962,12.642207053469852
3024.3137254901962,12.642207053469852
3024.3137254901962,12.642207053469852
3027.450980392157,12.642207053469852
3027.450980392157,12.642207053469852
3027.450980392157,12.642207053469852
3027.450980392157,12.642207053469852
3027.450980392157,12.642207053469852
3027.450980392157,12.642207053469852
3030.588235294118,12.642207053469852
3030.588235294118,12.642207053469852
3030.588235294118,12.642207053469852
3030.588235294118,12.642207053469852
3030.588235294118,12.642207053469852
3030.588235294118,12.642207053469852
3033.725490196078,12.642207053469852
3033.725490196078,12.642207053469852
3033.725490196078,12.642207053469852
3033.725490196078,12.642207053469852
3033.725490196078,12.642207053469852
3033.725490196078,12.642207053469852
3036.862745098039,12.642207053469852
3036.862745098039,12.642207053469852
3036.862745098039,12.642207053469852
3036.862745098039,12.642207053469852
3036.862745098039,12.642207053469852
3036.862745098039,12.642207053469852
3040.0,12.642207053469852
3040.0,12.642207053469852
3040.0,12.642207053469852
3040.0,12.642207053469852
3040.0,12.642207053469852
3040.0,12.642207053469852
3043.1372549019607,12.642207053469852
3043.1372549019607,12.642207053469852
3043.1372549019607,12.642207053469852
3043.1372549019607,12.642207053469852
3043.1372549019607,12.642207053469852
3043.1372549019607,12.642207053469852
3046.274509803922,12.542662116040955
3046.274509803922,12.542662116040955
3046.274509803922,12.542662116040955
3046.274509803922,12.542662116040955
3046.274509803922,12.542662116040955
3049.4117647058824,12.542662116040955
3049.4117647058824,12.542662116040955
3049.4117647058824,12.542662116040955
3049.4117647058824,12.542662116040955
3049.4117647058824,12.542662116040955
3049.4117647058824,12.542662116040955
3049.4117647058824,12.542662116040955
3052.549019607843,12.542662116040955
3052.549019607843,12.542662116040955
3052.549019607843,12.542662116040955
3052.549019607843,12.542662116040955
3052.549019607843,12.542662116040955
3052.549019607843,12.542662116040955
3052.549019607843,12.542662116040955
3055.6862745098038,12.642207053469852
3055.6862745098038,12.642207053469852
3055.6862745098038,12.642207053469852
3055.6862745098038,12.642207053469852
3055.6862745098038,12.642207053469852
3055.6862745098038,12.642207053469852
3058.8235294117644,12.642207053469852
3058.8235294117644,12.642207053469852
3058.8235294117644,12.642207053469852
3058.8235294117644,12.642207053469852
3058.8235294117644,12.642207053469852
3058.8235294117644,12.642207053469852
3061.9607843137255,12.642207053469852
3061.9607843137255,12.642207053469852
3061.9607843137255,12.642207053469852
3061.9607843137255,12.642207053469852
3061.9607843137255,12.642207053469852
3061.9607843137255,12.642207053469852
3065.098039215686,12.642207053469852
3065.098039215686,12.642207053469852
3065.098039215686,12.642207053469852
3065.098039215686,12.642207053469852
3065.098039215686,12.642207053469852
3065.098039215686,12.642207053469852
3068.2352941176473,12.44311717861206
3068.2352941176473,12.44311717861206
3068.2352941176473,12.44311717861206
3068.2352941176473,12.44311717861206
3068.2352941176473,12.44311717861206
3068.2352941176473,12.44311717861206
3071.372549019608,12.44311717861206
3071.372549019608,12.44311717861206
3071.372549019608,12.44311717861206
3071.372549019608,12.44311717861206
3071.372549019608,12.44311717861206
3071.372549019608,12.44311717861206
3074.5098039215686,12.542662116040955
3074.5098039215686,12.542662116040955
3074.5098039215686,12.542662116040955
3074.5098039215686,12.542662116040955
3074.5098039215686,12.542662116040955
3074.5098039215686,12.542662116040955
3074.5098039215686,12.542662116040955
3077.6470588235293,12.542662116040955
3077.6470588235293,12.542662116040955
3077.6470588235293,12.542662116040955
3077.6470588235293,12.542662116040955
3077.6470588235293,12.542662116040955
3077.6470588235293,12.542662116040955
3077.6470588235293,12.542662116040955
3080.78431372549,12.542662116040955
3080.78431372549,12.542662116040955
3080.78431372549,12.542662116040955
3080.78431372549,12.542662116040955
3080.78431372549,12.542662116040955
3083.921568627451,12.542662116040955
3083.921568627451,12.542662116040955
3083.921568627451,12.542662116040955
3083.921568627451,12.542662116040955
3083.921568627451,12.542662116040955
3087.0588235294117,12.44311717861206
3087.0588235294117,12.44311717861206
3087.0588235294117,12.44311717861206
3087.0588235294117,12.44311717861206
3087.0588235294117,12.44311717861206
3087.0588235294117,12.44311717861206
3090.196078431373,12.44311717861206
3090.196078431373,12.44311717861206
3090.196078431373,12.44311717861206
3090.196078431373,12.44311717861206
3090.196078431373,12.44311717861206
3090.196078431373,12.44311717861206
3093.3333333333335,12.542662116040955
3093.3333333333335,12.542662116040955
3093.3333333333335,12.542662116040955
3093.3333333333335,12.542662116040955
3093.3333333333335,12.542662116040955
3093.3333333333335,12.542662116040955
3093.3333333333335,12.542662116040955
3096.470588235294,12.542662116040955
3096.470588235294,12.542662116040955
3096.470588235294,12.542662116040955
3096.470588235294,12.542662116040955
3096.470588235294,12.542662116040955
3096.470588235294,12.542662116040955
3096.470588235294,12.542662116040955
3099.607843137255,12.542662116040955
3099.607843137255,12.542662116040955
3099.607843137255,12.542662116040955
3099.607843137255,12.542662116040955
3099.607843137255,12.542662116040955
3099.607843137255,12.542662116040955
3099.607843137255,12.542662116040955
3102.7450980392155,12.542662116040955
3102.7450980392155,12.542662116040955
3102.7450980392155,12.542662116040955
3102.7450980392155,12.542662116040955
3102.7450980392155,12.542662116040955
3102.7450980392155,12.542662116040955
3102.7450980392155,12.542662116040955
3105.8823529411766,12.44311717861206
3105.8823529411766,12.44311717861206
3105.8823529411766,12.44311717861206
3105.8823529411766,12.44311717861206
3105.8823529411766,12.44311717861206
3105.8823529411766,12.44311717861206
3109.0196078431372,12.44311717861206
3109.0196078431372,12.44311717861206
3109.0196078431372,12.44311717861206
3109.0196078431372,12.44311717861206
3109.0196078431372,12.44311717861206
3109.0196078431372,12.44311717861206
3112.1568627450984,12.44311717861206
3112.1568627450984,12.44311717861206
3112.1568627450984,12.44311717861206
3112.1568627450984,12.44311717861206
3112.1568627450984,12.44311717861206
3112.1568627450984,12.44311717861206
3115.2941176470586,12.44311717861206
3115.2941176470586,12.44311717861206
3115.2941176470586,12.44311717861206
3115.2941176470586,12.44311717861206
3115.2941176470586,12.44311717861206
3115.2941176470586,12.44311717861206
3118.4313725490197,12.44311717861206
3118.4313725490197,12.44311717861206
3118.4313725490197,12.44311717861206
3118.4313725490197,12.44311717861206
3118.4313725490197,12.44311717861206
3118.4313725490197,12.44311717861206
3121.5686274509803,12.44311717861206
3121.5686274509803,12.44311717861206
3121.5686274509803,12.44311717861206
3121.5686274509803,12.44311717861206
3121.5686274509803,12.44311717861206
3121.5686274509803,12.44311717861206
3124.705882352941,12.44311717861206
3124.705882352941,12.44311717861206
3124.705882352941,12.44311717861206
3124.705882352941,12.44311717861206
3124.705882352941,12.44311717861206
3124.705882352941,12.44311717861206
3127.843137254902,12.44311717861206
3127.843137254902,12.44311717861206
3127.843137254902,12.44311717861206
3127.843137254902,12.44311717861206
3127.843137254902,12.44311717861206
3127.843137254902,12.44311717861206
3130.9803921568628,12.44311717861206
3130.9803921568628,12.44311717861206
3130.9803921568628,12.44311717861206
3130.9803921568628,12.44311717861206
3130.9803921568628,12.44311717861206
3130.9803921568628,12.44311717861206
3134.117647058824,12.44311717861206
3134.117647058824,12.44311717861206
3134.117647058824,12.44311717861206
3134.117647058824,12.44311717861206
3134.117647058824,12.44311717861206
3134.117647058824,12.44311717861206
3137.254901960784,12.44311717861206
3137.254901960784,12.44311717861206
3137.254901960784,12.44311717861206
3137.254901960784,12.44311717861206
3137.254901960784,12.44311717861206
3137.254901960784,12.44311717861206
3140.392156862745,12.44311717861206
3140.392156862745,12.44311717861206
3140.392156862745,12.44311717861206
3140.392156862745,12.44311717861206
3140.392156862745,12.44311717861206
3140.392156862745,12.44311717861206
3143.529411764706,12.44311717861206
3143.529411764706,12.44311717861206
3143.529411764706,12.44311717861206
3143.529411764706,12.44311717861206
3143.529411764706,12.44311717861206
3143.529411764706,12.44311717861206
3146.6666666666665,12.44311717861206
3146.6666666666665,12.44311717861206
3146.6666666666665,12.44311717861206
3146.6666666666665,12.44311717861206
3146.6666666666665,12.44311717861206
3146.6666666666665,12.44311717861206
3149.8039215686276,12.44311717861206
3149.8039215686276,12.44311717861206
3149.8039215686276,12.44311717861206
3149.8039215686276,12.44311717861206
3149.8039215686276,12.44311717861206
3149.8039215686276,12.44311717861206
3152.9411764705883,12.44311717861206
3152.9411764705883,12.44311717861206
3152.9411764705883,12.44311717861206
3152.9411764705883,12.44311717861206
3152.9411764705883,12.44311717861206
3152.9411764705883,12.44311717861206
3156.078431372549,12.44311717861206
3156.078431372549,12.44311717861206
3156.078431372549,12.44311717861206
3156.078431372549,12.44311717861206
3156.078431372549,12.44311717861206
3156.078431372549,12.44311717861206
3159.2156862745096,12.642207053469852
3159.2156862745096,12.642207053469852
3159.2156862745096,12.642207053469852
3159.2156862745096,12.642207053469852
3159.2156862745096,12.642207053469852
3159.2156862745096,12.642207053469852
3162.3529411764703,12.642207053469852
3162.3529411764703,12.642207053469852
3162.3529411764703,12.642207053469852
3162.3529411764703,12.642207053469852
3162.3529411764703,12.642207053469852
3162.3529411764703,12.642207053469852
3165.4901960784314,12.642207053469852
3165.4901960784314,12.642207053469852
3165.4901960784314,12.642207053469852
3165.4901960784314,12.642207053469852
3165.4901960784314,12.642207053469852
3165.4901960784314,12.642207053469852
3168.627450980392,12.642207053469852
3168.627450980392,12.642207053469852
3168.627450980392,12.642207053469852
3168.627450980392,12.642207053469852
3168.627450980392,12.642207053469852
3168.627450980392,12.642207053469852
3171.764705882353,12.642207053469852
3171.764705882353,12.642207053469852
3171.764705882353,12.642207053469852
3171.764705882353,12.642207053469852
3171.764705882353,12.642207053469852
3171.764705882353,12.642207053469852
3174.901960784314,12.642207053469852
3174.901960784314,12.642207053469852
3174.901960784314,12.642207053469852
3174.901960784314,12.642207053469852
3174.901960784314,12.642207053469852
3174.901960784314,12.642207053469852
3178.0392156862745,12.642207053469852
3178.0392156862745,12.642207053469852
3178.0392156862745,12.642207053469852
3178.0392156862745,12.642207053469852
3178.0392156862745,12.642207053469852
3178.0392156862745,12.642207053469852
3181.176470588235,12.741751990898749
3181.176470588235,12.741751990898749
3181.176470588235,12.741751990898749
3181.176470588235,12.741751990898749
3181.176470588235,12.741751990898749
3181.176470588235,12.741751990898749
3181.176470588235,12.741751990898749
3184.313725490196,12.741751990898749
3184.313725490196,12.741751990898749
3184.313725490196,12.741751990898749
3184.313725490196,12.741751990898749
3184.313725490196,12.741751990898749
3184.313725490196,12.741751990898749
3184.313725490196,12.741751990898749
3187.450980392157,12.741751990898749
3187.450980392157,12.741751990898749
3187.450980392157,12.741751990898749
3187.450980392157,12.741751990898749
3187.450980392157,12.741751990898749
3187.450980392157,12.741751990898749
3187.450980392157,12.741751990898749
3190.5882352941176,12.741751990898749
3190.5882352941176,12.741751990898749
3190.5882352941176,12.741751990898749
3190.5882352941176,12.741751990898749
3190.5882352941176,12.741751990898749
3190.5882352941176,12.741751990898749
3190.5882352941176,12.741751990898749
3193.7254901960787,12.642207053469852
3193.7254901960787,12.642207053469852
3193.7254901960787,12.642207053469852
3193.7254901960787,12.642207053469852
3193.7254901960787,12.642207053469852
3193.7254901960787,12.642207053469852
3196.8627450980393,12.642207053469852
3196.8627450980393,12.642207053469852
3196.8627450980393,12.642207053469852
3196.8627450980393,12.642207053469852
3196.8627450980393,12.642207053469852
3196.8627450980393,12.642207053469852
3200.0,12.642207053469852
3200.0,12.642207053469852
3200.0,12.642207053469852
3200.0,12.642207053469852
3200.0,12.642207053469852
3200.0,12.642207053469852
3203.1372549019607,12.642207053469852
3203.1372549019607,12.642207053469852
3203.1372549019607,12.642207053469852
3203.1372549019607,12.642207053469852
3203.1372549019607,12.642207053469852
3203.1372549019607,12.642207053469852
3206.2745098039213,12.642207053469852
3206.2745098039213,12.642207053469852
3206.2745098039213,12.642207053469852
3206.2745098039213,12.642207053469852
3206.2745098039213,12.642207053469852
3206.2745098039213,12.642207053469852
3209.4117647058824,12.642207053469852
3209.4117647058824,12.642207053469852
3209.4117647058824,12.642207053469852
3209.4117647058824,12.642207053469852
3209.4117647058824,12.642207053469852
3209.4117647058824,12.642207053469852
3212.549019607843,12.642207053469852
3212.549019607843,12.642207053469852
3212.549019607843,12.642207053469852
3212.549019607843,12.642207053469852
3212.549019607843,12.642207053469852
3212.549019607843,12.642207053469852
3215.686274509804,12.642207053469852
3215.686274509804,12.642207053469852
3215.686274509804,12.642207053469852
3215.686274509804,12.642207053469852
3215.686274509804,12.642207053469852
3215.686274509804,12.642207053469852
3218.823529411765,12.642207053469852
3218.823529411765,12.642207053469852
3218.823529411765,12.642207053469852
3218.823529411765,12.642207053469852
3218.823529411765,12.642207053469852
3218.823529411765,12.642207053469852
3221.9607843137255,12.642207053469852
3221.9607843137255,12.642207053469852
3221.9607843137255,12.642207053469852
3221.9607843137255,12.642207053469852
3221.9607843137255,12.642207053469852
3221.9607843137255,12.642207053469852
3225.098039215686,12.642207053469852
3225.098039215686,12.642207053469852
3225.098039215686,12.642207053469852
3225.098039215686,12.642207053469852
3225.098039215686,12.642207053469852
3225.098039215686,12.642207053469852
3228.235294117647,12.642207053469852
3228.235294117647,12.642207053469852
3228.235294117647,12.642207053469852
3228.235294117647,12.642207053469852
3228.235294117647,12.642207053469852
3228.235294117647,12.642207053469852
3231.372549019608,12.642207053469852
3231.372549019608,12.642207053469852
3231.372549019608,12.642207053469852
3231.372549019608,12.642207053469852
3231.372549019608,12.642207053469852
3231.372549019608,12.642207053469852
3234.5098039215686,12.642207053469852
3234.5098039215686,12.642207053469852
3234.5098039215686,12.642207053469852
3234.5098039215686,12.642207053469852
3234.5098039215686,12.642207053469852
3234.5098039215686,12.642207053469852
3237.6470588235297,12.642207053469852
3237.6470588235297,12.642207053469852
3237.6470588235297,12.642207053469852
3237.6470588235297,12.642207053469852
3237.6470588235297,12.642207053469852
3237.6470588235297,12.642207053469852
3240.78431372549,12.642207053469852
3240.78431372549,12.642207053469852
3240.78431372549,12.642207053469852
3240.78431372549,12.642207053469852
3240.78431372549,12.642207053469852
3240.78431372549,12.642207053469852
3243.921568627451,12.542662116040955
3243.921568627451,12.542662116040955
3243.921568627451,12.542662116040955
3243.921568627451,12.542662116040955
3243.921568627451,12.542662116040955
3243.921568627451,12.542662116040955
3243.921568627451,12.542662116040955
3247.0588235294117,12.542662116040955
3247.0588235294117,12.542662116040955
3247.0588235294117,12.542662116040955
3247.0588235294117,12.542662116040955
3247.0588235294117,12.542662116040955
3247.0588235294117,12.542662116040955
3247.0588235294117,12.542662116040955
3250.1960784313724,12.542662116040955
3250.1960784313724,12.542662116040955
3250.1960784313724,12.542662116040955
3250.1960784313724,12.542662116040955
3250.1960784313724,12.542662116040955
3250.1960784313724,12.542662116040955
3250.1960784313724,12.542662116040955
3253.3333333333335,12.44311717861206
3253.3333333333335,12.44311717861206
3253.3333333333335,12.44311717861206
3253.3333333333335,12.44311717861206
3253.3333333333335,12.44311717861206
3253.3333333333335,12.44311717861206
3256.470588235294,12.44311717861206
3256.470588235294,12.44311717861206
3256.470588235294,12.44311717861206
3256.470588235294,12.44311717861206
3256.470588235294,12.44311717861206
3256.470588235294,12.44311717861206
3259.6078431372553,12.542662116040955
3259.6078431372553,12.542662116040955
3259.6078431372553,12.542662116040955
3259.6078431372553,12.542662116040955
3259.6078431372553,12.542662116040955
3259.6078431372553,12.542662116040955
3259.6078431372553,12.542662116040955
3262.7450980392155,12.44311717861206
3262.7450980392155,12.44311717861206
3262.7450980392155,12.44311717861206
3262.7450980392155,12.44311717861206
3262.7450980392155,12.44311717861206
3262.7450980392155,12.44311717861206
3265.8823529411766,12.44311717861206
3265.8823529411766,12.44311717861206
3265.8823529411766,12.44311717861206
3265.8823529411766,12.44311717861206
3265.8823529411766,12.44311717861206
3265.8823529411766,12.44311717861206
3269.0196078431372,12.44311717861206
3269.0196078431372,12.44311717861206
3269.0196078431372,12.44311717861206
3269.0196078431372,12.44311717861206
3269.0196078431372,12.44311717861206
3269.0196078431372,12.44311717861206
3272.156862745098,12.542662116040955
3272.156862745098,12.542662116040955
3272.156862745098,12.542662116040955
3272.156862745098,12.542662116040955
3272.156862745098,12.542662116040955
3272.156862745098,12.542662116040955
3272.156862745098,12.542662116040955
3275.294117647059,12.44311717861206
3275.294117647059,12.44311717861206
3275.294117647059,12.44311717861206
3275.294117647059,12.44311717861206
3275.294117647059,12.44311717861206
3275.294117647059,12.44311717861206
3278.4313725490197,12.44311717861206
3278.4313725490197,12.44311717861206
3278.4313725490197,12.44311717861206
3278.4313725490197,12.44311717861206
3278.4313725490197,12.44311717861206
3278.4313725490197,12.44311717861206
3281.5686274509803,12.44311717861206
3281.5686274509803,12.44311717861206
3281.5686274509803,12.44311717861206
3281.5686274509803,12.44311717861206
3281.5686274509803,12.44311717861206
3281.5686274509803,12.44311717861206
3284.705882352941,12.542662116040955
3284.705882352941,12.542662116040955
3284.705882352941,12.542662116040955
3284.705882352941,12.542662116040955
3284.705882352941,12.542662116040955
3287.843137254902,12.44311717861206
3287.843137254902,12.44311717861206
3287.843137254902,12.44311717861206
3287.843137254902,12.44311717861206
3287.843137254902,12.44311717861206
3287.843137254902,12.44311717861206
3290.9803921568628,12.44311717861206
3290.9803921568628,12.44311717861206
3290.9803921568628,12.44311717861206
3290.9803921568628,12.44311717861206
3290.9803921568628,12.44311717861206
3290.9803921568628,12.44311717861206
3294.1176470588234,12.44311717861206
3294.1176470588234,12.44311717861206
3294.1176470588234,12.44311717861206
3294.1176470588234,12.44311717861206
3294.1176470588234,12.44311717861206
3294.1176470588234,12.44311717861206
3297.2549019607845,12.44311717861206
3297.2549019607845,12.44311717861206
3297.2549019607845,12.44311717861206
3297.2549019607845,12.44311717861206
3297.2549019607845,12.44311717861206
3297.2549019607845,12.44311717861206
3300.392156862745,12.44311717861206
3300.392156862745,12.44311717861206
3300.392156862745,12.44311717861206
3300.392156862745,12.44311717861206
3300.392156862745,12.44311717861206
3300.392156862745,12.44311717861206
3303.529411764706,12.44311717861206
3303.529411764706,12.44311717861206
3303.529411764706,12.44311717861206
3303.529411764706,12.44311717861206
3303.529411764706,12.44311717861206
3303.529411764706,12.44311717861206
3306.6666666666665,12.44311717861206
3306.6666666666665,12.44311717861206
3306.6666666666665,12.44311717861206
3306.6666666666665,12.44311717861206
3306.6666666666665,12.44311717861206
3306.6666666666665,12.44311717861206
3309.803921568627,12.44311717861206
3309.803921568627,12.44311717861206
3309.803921568627,12.44311717861206
3309.803921568627,12.44311717861206
3309.803921568627,12.44311717861206
3309.803921568627,12.44311717861206
3312.9411764705883,12.44311717861206
3312.9411764705883,12.44311717861206
3312.9411764705883,12.44311717861206
3312.9411764705883,12.44311717861206
3312.9411764705883,12.44311717861206
3312.9411764705883,12.44311717861206
3316.078431372549,12.44311717861206
3316.078431372549,12.44311717861206
3316.078431372549,12.44311717861206
3316.078431372549,12.44311717861206
3316.078431372549,12.44311717861206
3316.078431372549,12.44311717861206
3319.21568627451,12.44311717861206
3319.21568627451,12.44311717861206
3319.21568627451,12.44311717861206
3319.21568627451,12.44311717861206
3319.21568627451,12.44311717861206
3319.21568627451,12.44311717861206
3322.3529411764707,12.44311717861206
3322.3529411764707,12.44311717861206
3322.3529411764707,12.44311717861206
3322.3529411764707,12.44311717861206
3322.3529411764707,12.44311717861206
3322.3529411764707,12.44311717861206
3325.4901960784314,12.44311717861206
3325.4901960784314,12.44311717861206
3325.4901960784314,12.44311717861206
3325.4901960784314,12.44311717861206
3325.4901960784314,12.44311717861206
3325.4901960784314,12.44311717861206
3328.627450980392,12.44311717861206
3328.627450980392,12.44311717861206
3328.627450980392,12.44311717861206
3328.627450980392,12.44311717861206
3328.627450980392,12.44311717861206
3328.627450980392,12.44311717861206
3331.7647058823527,12.343572241183162
3331.7647058823527,12.343572241183162
3331.7647058823527,12.343572241183162
3331.7647058823527,12.343572241183162
3331.7647058823527,12.343572241183162
3331.7647058823527,12.343572241183162
3331.7647058823527,12.343572241183162
3334.901960784314,12.343572241183162
3334.901960784314,12.343572241183162
3334.901960784314,12.343572241183162
3334.901960784314,12.343572241183162
3334.901960784314,12.343572241183162
3334.901960784314,12.343572241183162
3334.901960784314,12.343572241183162
3338.0392156862745,12.343572241183162
3338.0392156862745,12.343572241183162
3338.0392156862745,12.343572241183162
3338.0392156862745,12.343572241183162
3338.0392156862745,12.343572241183162
3338.0392156862745,12.343572241183162
3338.0392156862745,12.343572241183162
3341.1764705882356,12.44311717861206
3341.1764705882356,12.44311717861206
3341.1764705882356,12.44311717861206
3341.1764705882356,12.44311717861206
3341.1764705882356,12.44311717861206
3341.1764705882356,12.44311717861206
3344.313725490196,12.44311717861206
3344.313725490196,12.44311717861206
3344.313725490196,12.44311717861206
3344.313725490196,12.44311717861206
3344.313725490196,12.44311717861206
3344.313725490196,12.44311717861206
3347.450980392157,12.44311717861206
3347.450980392157,12.44311717861206
3347.450980392157,12.44311717861206
3347.450980392157,12.44311717861206
3347.450980392157,12.44311717861206
3347.450980392157,12.44311717861206
3350.5882352941176,12.44311717861206
3350.5882352941176,12.44311717861206
3350.5882352941176,12.44311717861206
3350.5882352941176,12.44311717861206
3350.5882352941176,12.44311717861206
3350.5882352941176,12.44311717861206
3353.725490196078,12.343572241183162
3353.725490196078,12.343572241183162
3353.725490196078,12.343572241183162
3353.725490196078,12.343572241183162
3353.725490196078,12.343572241183162
3353.725490196078,12.343572241183162
3353.725490196078,12.343572241183162
3356.8627450980393,12.343572241183162
3356.8627450980393,12.343572241183162
3356.8627450980393,12.343572241183162
3356.8627450980393,12.343572241183162
3356.8627450980393,12.343572241183162
3356.8627450980393,12.343572241183162
3356.8627450980393,12.343572241183162
3360.0,12.44311717861206
3360.0,12.44311717861206
3360.0,12.44311717861206
3360.0,12.44311717861206
3360.0,12.44311717861206
3360.0,12.44311717861206
3363.137254901961,12.44311717861206
3363.137254901961,12.44311717861206
3363.137254901961,12.44311717861206
3363.137254901961,12.44311717861206
3363.137254901961,12.44311717861206
3363.137254901961,12.44311717861206
3366.2745098039213,12.44311717861206
3366.2745098039213,12.44311717861206
3366.2745098039213,12.44311717861206
3366.2745098039213,12.44311717861206
3366.2745098039213,12.44311717861206
3366.2745098039213,12.44311717861206
3369.4117647058824,12.44311717861206
3369.4117647058824,12.44311717861206
3369.4117647058824,12.44311717861206
3369.4117647058824,12.44311717861206
3369.4117647058824,12.44311717861206
3369.4117647058824,12.44311717861206
3372.549019607843,12.44311717861206
3372.549019607843,12.44311717861206
3372.549019607843,12.44311717861206
3372.549019607843,12.44311717861206
3372.549019607843,12.44311717861206
3372.549019607843,12.44311717861206
3375.6862745098038,12.44311717861206
3375.6862745098038,12.44311717861206
3375.6862745098038,12.44311717861206
3375.6862745098038,12.44311717861206
3375.6862745098038,12.44311717861206
3375.6862745098038,12.44311717861206
3378.823529411765,12.44311717861206
3378.823529411765,12.44311717861206
3378.823529411765,12.44311717861206
3378.823529411765,12.44311717861206
3378.823529411765,12.44311717861206
3378.823529411765,12.44311717861206
3381.9607843137255,12.44311717861206
3381.9607843137255,12.44311717861206
3381.9607843137255,12.44311717861206
3381.9607843137255,12.44311717861206
3381.9607843137255,12.44311717861206
3381.9607843137255,12.44311717861206
3385.0980392156866,12.44311717861206
3385.0980392156866,12.44311717861206
3385.0980392156866,12.44311717861206
3385.0980392156866,12.44311717861206
3385.0980392156866,12.44311717861206
3385.0980392156866,12.44311717861206
3388.235294117647,12.44311717861206
3388.235294117647,12.44311717861206
3388.235294117647,12.44311717861206
3388.235294117647,12.44311717861206
3388.235294117647,12.44311717861206
3388.235294117647,12.44311717861206
3391.372549019608,12.44311717861206
3391.372549019608,12.44311717861206
3391.372549019608,12.44311717861206
3391.372549019608,12.44311717861206
3391.372549019608,12.44311717861206
3391.372549019608,12.44311717861206
3394.5098039215686,12.343572241183162
3394.5098039215686,12.343572241183162
3394.5098039215686,12.343572241183162
3394.5098039215686,12.343572241183162
3394.5098039215686,12.343572241183162
3397.6470588235293,12.343572241183162
3397.6470588235293,12.343572241183162
3397.6470588235293,12.343572241183162
3397.6470588235293,12.343572241183162
3397.6470588235293,12.343572241183162
3400.7843137254904,12.244027303754267
3400.7843137254904,12.244027303754267
3400.7843137254904,12.244027303754267
3400.7843137254904,12.244027303754267
3400.7843137254904,12.244027303754267
3400.7843137254904,12.244027303754267
3403.921568627451,12.343572241183162
3403.921568627451,12.343572241183162
3403.921568627451,12.343572241183162
3403.921568627451,12.343572241183162
3403.921568627451,12.343572241183162
3403.921568627451,12.343572241183162
3403.921568627451,12.343572241183162
3407.0588235294117,12.44311717861206
3407.0588235294117,12.44311717861206
3407.0588235294117,12.44311717861206
3407.0588235294117,12.44311717861206
3407.0588235294117,12.44311717861206
3407.0588235294117,12.44311717861206
3410.1960784313724,12.44311717861206
3410.1960784313724,12.44311717861206
3410.1960784313724,12.44311717861206
3410.1960784313724,12.44311717861206
3410.1960784313724,12.44311717861206
3410.1960784313724,12.44311717861206
3413.3333333333335,12.343572241183162
3413.3333333333335,12.343572241183162
3413.3333333333335,12.343572241183162
3413.3333333333335,12.343572241183162
3413.3333333333335,12.343572241183162
3413.3333333333335,12.343572241183162
3413.3333333333335,12.343572241183162
3416.470588235294,12.343572241183162
3416.470588235294,12.343572241183162
3416.470588235294,12.343572241183162
3416.470588235294,12.343572241183162
3416.470588235294,12.343572241183162
3416.470588235294,12.343572241183162
3416.470588235294,12.343572241183162
3419.607843137255,12.44311717861206
3419.607843137255,12.44311717861206
3419.607843137255,12.44311717861206
3419.607843137255,12.44311717861206
3419.607843137255,12.44311717861206
3419.607843137255,12.44311717861206
3422.745098039216,12.343572241183162
3422.745098039216,12.343572241183162
3422.745098039216,12.343572241183162
3422.745098039216,12.343572241183162
3422.745098039216,12.343572241183162
3422.745098039216,12.343572241183162
3422.745098039216,12.343572241183162
3425.8823529411766,12.343572241183162
3425.8823529411766,12.343572241183162
3425.8823529411766,12.343572241183162
3425.8823529411766,12.343572241183162
3425.8823529411766,12.343572241183162
3425.8823529411766,12.343572241183162
3425.8823529411766,12.343572241183162
3429.0196078431372,12.244027303754267
3429.0196078431372,12.244027303754267
3429.0196078431372,12.244027303754267
3429.0196078431372,12.244027303754267
3429.0196078431372,12.244027303754267
3429.0196078431372,12.244027303754267
3432.156862745098,12.343572241183162
3432.156862745098,12.343572241183162
3432.156862745098,12.343572241183162
3432.156862745098,12.343572241183162
3432.156862745098,12.343572241183162
3435.2941176470586,12.244027303754267
3435.2941176470586,12.244027303754267
3435.2941176470586,12.244027303754267
3435.2941176470586,12.244027303754267
3435.2941176470586,12.244027303754267
3435.2941176470586,12.244027303754267
3438.4313725490197,12.244027303754267
3438.4313725490197,12.244027303754267
3438.4313725490197,12.244027303754267
3438.4313725490197,12.244027303754267
3438.4313725490197,12.244027303754267
3438.4313725490197,12.244027303754267
3441.5686274509803,12.244027303754267
3441.5686274509803,12.244027303754267
3441.5686274509803,12.244027303754267
3441.5686274509803,12.244027303754267
3441.5686274509803,12.244027303754267
3441.5686274509803,12.244027303754267
3444.7058823529414,12.244027303754267
3444.7058823529414,12.244027303754267
3444.7058823529414,12.244027303754267
3444.7058823529414,12.244027303754267
3444.7058823529414,12.244027303754267
3444.7058823529414,12.244027303754267
3447.843137254902,12.244027303754267
3447.843137254902,12.244027303754267
3447.843137254902,12.244027303754267
3447.843137254902,12.244027303754267
3447.843137254902,12.244027303754267
3447.843137254902,12.244027303754267
3450.9803921568628,12.343572241183162
3450.9803921568628,12.343572241183162
3450.9803921568628,12.343572241183162
3450.9803921568628,12.343572241183162
3450.9803921568628,12.343572241183162
3450.9803921568628,12.343572241183162
3450.9803921568628,12.343572241183162
3454.1176470588234,12.343572241183162
3454.1176470588234,12.343572241183162
3454.1176470588234,12.343572241183162
3454.1176470588234,12.343572241183162
3454.1176470588234,12.343572241183162
3454.1176470588234,12.343572241183162
3454.1176470588234,12.343572241183162
3457.254901960784,12.44311717861206
3457.254901960784,12.44311717861206
3457.254901960784,12.44311717861206
3457.254901960784,12.44311717861206
3457.254901960784,12.44311717861206
3457.254901960784,12.44311717861206
3460.392156862745,12.44311717861206
3460.392156862745,12.44311717861206
3460.392156862745,12.44311717861206
3460.392156862745,12.44311717861206
3460.392156862745,12.44311717861206
3460.392156862745,12.44311717861206
3463.529411764706,12.44311717861206
3463.529411764706,12.44311717861206
3463.529411764706,12.44311717861206
3463.529411764706,12.44311717861206
3463.529411764706,12.44311717861206
3463.529411764706,12.44311717861206
3466.666666666667,12.542662116040955
3466.666666666667,12.542662116040955
3466.666666666667,12.542662116040955
3466.666666666667,12.542662116040955
3466.666666666667,12.542662116040955
3469.803921568627,12.642207053469852
3469.803921568627,12.642207053469852
3469.803921568627,12.642207053469852
3469.803921568627,12.642207053469852
3469.803921568627,12.642207053469852
3469.803921568627,12.642207053469852
3472.9411764705883,12.642207053469852
3472.9411764705883,12.642207053469852
3472.9411764705883,12.642207053469852
3472.9411764705883,12.642207053469852
3472.9411764705883,12.642207053469852
3472.9411764705883,12.642207053469852
3476.078431372549,12.741751990898749
3476.078431372549,12.741751990898749
3476.078431372549,12.741751990898749
3476.078431372549,12.741751990898749
3476.078431372549,12.741751990898749
3476.078431372549,12.741751990898749
3476.078431372549,12.741751990898749
3479.2156862745096,12.841296928327644
3479.2156862745096,12.841296928327644
3479.2156862745096,12.841296928327644
3479.2156862745096,12.841296928327644
3479.2156862745096,12.841296928327644
3479.2156862745096,12.841296928327644
3482.3529411764707,12.841296928327644
3482.3529411764707,12.841296928327644
3482.3529411764707,12.841296928327644
3482.3529411764707,12.841296928327644
3482.3529411764707,12.841296928327644
3482.3529411764707,12.841296928327644
3485.4901960784314,12.841296928327644
3485.4901960784314,12.841296928327644
3485.4901960784314,12.841296928327644
3485.4901960784314,12.841296928327644
3485.4901960784314,12.841296928327644
3485.4901960784314,12.841296928327644
3488.6274509803925,12.940841865756541
3488.6274509803925,12.940841865756541
3488.6274509803925,12.940841865756541
3488.6274509803925,12.940841865756541
3488.6274509803925,12.940841865756541
3488.6274509803925,12.940841865756541
3488.6274509803925,12.940841865756541
3491.7647058823527,12.940841865756541
3491.7647058823527,12.940841865756541
3491.7647058823527,12.940841865756541
3491.7647058823527,12.940841865756541
3491.7647058823527,12.940841865756541
3491.7647058823527,12.940841865756541
3491.7647058823527,12.940841865756541
3494.901960784314,12.940841865756541
3494.901960784314,12.940841865756541
3494.901960784314,12.940841865756541
3494.901960784314,12.940841865756541
3494.901960784314,12.940841865756541
3494.901960784314,12.940841865756541
3494.901960784314,12.940841865756541
3498.0392156862745,13.040386803185436
3498.0392156862745,13.040386803185436
3498.0392156862745,13.040386803185436
3498.0392156862745,13.040386803185436
3498.0392156862745,13.040386803185436
3498.0392156862745,13.040386803185436
3501.176470588235,13.040386803185436
3501.176470588235,13.040386803185436
3501.176470588235,13.040386803185436
3501.176470588235,13.040386803185436
3501.176470588235,13.040386803185436
3501.176470588235,13.040386803185436
3504.3137254901962,13.139931740614335
3504.3137254901962,13.139931740614335
3504.3137254901962,13.139931740614335
3504.3137254901962,13.139931740614335
3504.3137254901962,13.139931740614335
3504.3137254901962,13.139931740614335
3504.3137254901962,13.139931740614335
3507.450980392157,13.239476678043232
3507.450980392157,13.239476678043232
3507.450980392157,13.239476678043232
3507.450980392157,13.239476678043232
3507.450980392157,13.239476678043232
3507.450980392157,13.239476678043232
3510.5882352941176,13.139931740614335
3510.5882352941176,13.139931740614335
3510.5882352941176,13.139931740614335
3510.5882352941176,13.139931740614335
3510.5882352941176,13.139931740614335
3510.5882352941176,13.139931740614335
3510.5882352941176,13.139931740614335
3513.725490196078,13.040386803185436
3513.725490196078,13.040386803185436
3513.725490196078,13.040386803185436
3513.725490196078,13.040386803185436
3513.725490196078,13.040386803185436
3513.725490196078,13.040386803185436
3516.8627450980393,13.040386803185436
3516.8627450980393,13.040386803185436
3516.8627450980393,13.040386803185436
3516.8627450980393,13.040386803185436
3516.8627450980393,13.040386803185436
3516.8627450980393,13.040386803185436
3520.0,12.841296928327644
3520.0,12.841296928327644
3520.0,12.841296928327644
3520.0,12.841296928327644
3520.0,12.841296928327644
3520.0,12.841296928327644
3523.1372549019607,12.841296928327644
3523.1372549019607,12.841296928327644
3523.1372549019607,12.841296928327644
3523.1372549019607,12.841296928327644
3523.1372549019607,12.841296928327644
3523.1372549019607,12.841296928327644
3526.274509803922,12.741751990898749
3526.274509803922,12.741751990898749
3526.274509803922,12.741751990898749
3526.274509803922,12.741751990898749
3526.274509803922,12.741751990898749
3526.274509803922,12.741751990898749
3526.274509803922,12.741751990898749
3529.4117647058824,12.741751990898749
3529.4117647058824,12.741751990898749
3529.4117647058824,12.741751990898749
3529.4117647058824,12.741751990898749
3529.4117647058824,12.741751990898749
3529.4117647058824,12.741751990898749
3529.4117647058824,12.741751990898749
3532.549019607843,12.741751990898749
3532.549019607843,12.741751990898749
3532.549019607843,12.741751990898749
3532.549019607843,12.741751990898749
3532.549019607843,12.741751990898749
3532.549019607843,12.741751990898749
3532.549019607843,12.741751990898749
3535.6862745098038,12.642207053469852
3535.6862745098038,12.642207053469852
3535.6862745098038,12.642207053469852
3535.6862745098038,12.642207053469852
3535.6862745098038,12.642207053469852
3535.6862745098038,12.642207053469852
3538.823529411765,12.542662116040955
3538.823529411765,12.542662116040955
3538.823529411765,12.542662116040955
3538.823529411765,12.542662116040955
3538.823529411765,12.542662116040955
3541.9607843137255,12.44311717861206
3541.9607843137255,12.44311717861206
3541.9607843137255,12.44311717861206
3541.9607843137255,12.44311717861206
3541.9607843137255,12.44311717861206
3541.9607843137255,12.44311717861206
3545.098039215686,12.44311717861206
3545.098039215686,12.44311717861206
3545.098039215686,12.44311717861206
3545.098039215686,12.44311717861206
3545.098039215686,12.44311717861206
3545.098039215686,12.44311717861206
3548.2352941176473,12.44311717861206
3548.2352941176473,12.44311717861206
3548.2352941176473,12.44311717861206
3548.2352941176473,12.44311717861206
3548.2352941176473,12.44311717861206
3548.2352941176473,12.44311717861206
3551.372549019608,12.44311717861206
3551.372549019608,12.44311717861206
3551.372549019608,12.44311717861206
3551.372549019608,12.44311717861206
3551.372549019608,12.44311717861206
3551.372549019608,12.44311717861206
3554.5098039215686,12.44311717861206
3554.5098039215686,12.44311717861206
3554.5098039215686,12.44311717861206
3554.5098039215686,12.44311717861206
3554.5098039215686,12.44311717861206
3554.5098039215686,12.44311717861206
3557.6470588235293,12.343572241183162
3557.6470588235293,12.343572241183162
3557.6470588235293,12.343572241183162
3557.6470588235293,12.343572241183162
3557.6470588235293,12.343572241183162
3557.6470588235293,12.343572241183162
3557.6470588235293,12.343572241183162
3560.78431372549,12.343572241183162
3560.78431372549,12.343572241183162
3560.78431372549,12.343572241183162
3560.78431372549,12.343572241183162
3560.78431372549,12.343572241183162
3560.78431372549,12.343572241183162
3560.78431372549,12.343572241183162
3563.921568627451,12.343572241183162
3563.921568627451,12.343572241183162
3563.921568627451,12.343572241183162
3563.921568627451,12.343572241183162
3563.921568627451,12.343572241183162
3563.921568627451,12.343572241183162
3563.921568627451,12.343572241183162
3567.0588235294117,12.244027303754267
3567.0588235294117,12.244027303754267
3567.0588235294117,12.244027303754267
3567.0588235294117,12.244027303754267
3567.0588235294117,12.244027303754267
3567.0588235294117,12.244027303754267
3570.196078431373,12.343572241183162
3570.196078431373,12.343572241183162
3570.196078431373,12.343572241183162
3570.196078431373,12.343572241183162
3570.196078431373,12.343572241183162
3570.196078431373,12.343572241183162
3570.196078431373,12.343572241183162
3573.333333333333,12.244027303754267
3573.333333333333,12.244027303754267
3573.333333333333,12.244027303754267
3573.333333333333,12.244027303754267
3573.333333333333,12.244027303754267
3573.333333333333,12.244027303754267
3576.470588235294,12.244027303754267
3576.470588235294,12.244027303754267
3576.470588235294,12.244027303754267
3576.470588235294,12.244027303754267
3576.470588235294,12.244027303754267
3576.470588235294,12.244027303754267
3579.607843137255,12.244027303754267
3579.607843137255,12.244027303754267
3579.607843137255,12.244027303754267
3579.607843137255,12.244027303754267
3579.607843137255,12.244027303754267
3579.607843137255,12.244027303754267
3582.7450980392155,12.343572241183162
3582.7450980392155,12.343572241183162
3582.7450980392155,12.343572241183162
3582.7450980392155,12.343572241183162
3582.7450980392155,12.343572241183162
3585.8823529411766,12.244027303754267
3585.8823529411766,12.244027303754267
3585.8823529411766,12.244027303754267
3585.8823529411766,12.244027303754267
3585.8823529411766,12.244027303754267
3585.8823529411766,12.244027303754267
3589.0196078431372,12.244027303754267
3589.0196078431372,12.244027303754267
3589.0196078431372,12.244027303754267
3589.0196078431372,12.244027303754267
3589.0196078431372,12.244027303754267
3589.0196078431372,12.244027303754267
3592.1568627450984,12.244027303754267
3592.1568627450984,12.244027303754267
3592.1568627450984,12.244027303754267
3592.1568627450984,12.244027303754267
3592.1568627450984,12.244027303754267
3592.1568627450984,12.244027303754267
3595.2941176470586,12.244027303754267
3595.2941176470586,12.244027303754267
3595.2941176470586,12.244027303754267
3595.2941176470586,12.244027303754267
3595.2941176470586,12.244027303754267
3595.2941176470586,12.244027303754267
3598.4313725490197,12.244027303754267
3598.4313725490197,12.244027303754267
3598.4313725490197,12.244027303754267
3598.4313725490197,12.244027303754267
3598.4313725490197,12.244027303754267
3598.4313725490197,12.244027303754267
3601.5686274509803,12.244027303754267
3601.5686274509803,12.244027303754267
3601.5686274509803,12.244027303754267
3601.5686274509803,12.244027303754267
3601.5686274509803,12.244027303754267
3601.5686274509803,12.244027303754267
3604.705882352941,12.044937428896473
3604.705882352941,12.044937428896473
3604.705882352941,12.044937428896473
3604.705882352941,12.044937428896473
3604.705882352941,12.044937428896473
3604.705882352941,12.044937428896473
3607.843137254902,12.044937428896473
3607.843137254902,12.044937428896473
3607.843137254902,12.044937428896473
3607.843137254902,12.044937428896473
3607.843137254902,12.044937428896473
3607.843137254902,12.044937428896473
3610.9803921568628,12.044937428896473
3610.9803921568628,12.044937428896473
3610.9803921568628,12.044937428896473
3610.9803921568628,12.044937428896473
3610.9803921568628,12.044937428896473
3610.9803921568628,12.044937428896473
3614.117647058824,12.044937428896473
3614.117647058824,12.044937428896473
3614.117647058824,12.044937428896473
3614.117647058824,12.044937428896473
3614.117647058824,12.044937428896473
3614.117647058824,12.044937428896473
3617.254901960784,12.044937428896473
3617.254901960784,12.044937428896473
3617.254901960784,12.044937428896473
3617.254901960784,12.044937428896473
3617.254901960784,12.044937428896473
3617.254901960784,12.044937428896473
3620.392156862745,12.044937428896473
3620.392156862745,12.044937428896473
3620.392156862745,12.044937428896473
3620.392156862745,12.044937428896473
3620.392156862745,12.044937428896473
3620.392156862745,12.044937428896473
3623.529411764706,12.044937428896473
3623.529411764706,12.044937428896473
3623.529411764706,12.044937428896473
3623.529411764706,12.044937428896473
3623.529411764706,12.044937428896473
3623.529411764706,12.044937428896473
3626.6666666666665,12.14448236632537
3626.6666666666665,12.14448236632537
3626.6666666666665,12.14448236632537
3626.6666666666665,12.14448236632537
3626.6666666666665,12.14448236632537
3626.6666666666665,12.14448236632537
3626.6666666666665,12.14448236632537
3629.8039215686276,12.14448236632537
3629.8039215686276,12.14448236632537
3629.8039215686276,12.14448236632537
3629.8039215686276,12.14448236632537
3629.8039215686276,12.14448236632537
3629.8039215686276,12.14448236632537
3629.8039215686276,12.14448236632537
3632.9411764705883,12.044937428896473
3632.9411764705883,12.044937428896473
3632.9411764705883,12.044937428896473
3632.9411764705883,12.044937428896473
3632.9411764705883,12.044937428896473
3632.9411764705883,12.044937428896473
3636.078431372549,12.044937428896473
3636.078431372549,12.044937428896473
3636.078431372549,12.044937428896473
3636.078431372549,12.044937428896473
3636.078431372549,12.044937428896473
3636.078431372549,12.044937428896473
3639.2156862745096,12.044937428896473
3639.2156862745096,12.044937428896473
3639.2156862745096,12.044937428896473
3639.2156862745096,12.044937428896473
3639.2156862745096,12.044937428896473
3639.2156862745096,12.044937428896473
3642.3529411764707,12.044937428896473
3642.3529411764707,12.044937428896473
3642.3529411764707,12.044937428896473
3642.3529411764707,12.044937428896473
3642.3529411764707,12.044937428896473
3642.3529411764707,12.044937428896473
3645.4901960784314,12.044937428896473
3645.4901960784314,12.044937428896473
3645.4901960784314,12.044937428896473
3645.4901960784314,12.044937428896473
3645.4901960784314,12.044937428896473
3645.4901960784314,12.044937428896473
3648.627450980392,12.044937428896473
3648.627450980392,12.044937428896473
3648.627450980392,12.044937428896473
3648.627450980392,12.044937428896473
3648.627450980392,12.044937428896473
3648.627450980392,12.044937428896473
3651.764705882353,12.044937428896473
3651.764705882353,12.044937428896473
3651.764705882353,12.044937428896473
3651.764705882353,12.044937428896473
3651.764705882353,12.044937428896473
3651.764705882353,12.044937428896473
3654.901960784314,12.044937428896473
3654.901960784314,12.044937428896473
3654.901960784314,12.044937428896473
3654.901960784314,12.044937428896473
3654.901960784314,12.044937428896473
3654.901960784314,12.044937428896473
3658.0392156862745,12.044937428896473
3658.0392156862745,12.044937428896473
3658.0392156862745,12.044937428896473
3658.0392156862745,12.044937428896473
3658.0392156862745,12.044937428896473
3658.0392156862745,12.044937428896473
3661.176470588235,11.945392491467578
3661.176470588235,11.945392491467578
3661.176470588235,11.945392491467578
3661.176470588235,11.945392491467578
3661.176470588235,11.945392491467578
3661.176470588235,11.945392491467578
3661.176470588235,11.945392491467578
3664.3137254901962,11.945392491467578
3664.3137254901962,11.945392491467578
3664.3137254901962,11.945392491467578
3664.3137254901962,11.945392491467578
3664.3137254901962,11.945392491467578
3664.3137254901962,11.945392491467578
3664.3137254901962,11.945392491467578
3667.450980392157,12.044937428896473
3667.450980392157,12.044937428896473
3667.450980392157,12.044937428896473
3667.450980392157,12.044937428896473
3667.450980392157,12.044937428896473
3667.450980392157,12.044937428896473
3670.5882352941176,12.044937428896473
3670.5882352941176,12.044937428896473
3670.5882352941176,12.044937428896473
3670.5882352941176,12.044937428896473
3670.5882352941176,12.044937428896473
3670.5882352941176,12.044937428896473
3673.7254901960787,12.044937428896473
3673.7254901960787,12.044937428896473
3673.7254901960787,12.044937428896473
3673.7254901960787,12.044937428896473
3673.7254901960787,12.044937428896473
3673.7254901960787,12.044937428896473
3676.8627450980393,12.044937428896473
3676.8627450980393,12.044937428896473
3676.8627450980393,12.044937428896473
3676.8627450980393,12.044937428896473
3676.8627450980393,12.044937428896473
3676.8627450980393,12.044937428896473
3680.0,12.044937428896473
3680.0,12.044937428896473
3680.0,12.044937428896473
3680.0,12.044937428896473
3680.0,12.044937428896473
3680.0,12.044937428896473
3683.1372549019607,12.044937428896473
3683.1372549019607,12.044937428896473
3683.1372549019607,12.044937428896473
3683.1372549019607,12.044937428896473
3683.1372549019607,12.044937428896473
3683.1372549019607,12.044937428896473
3686.2745098039213,12.044937428896473
3686.2745098039213,12.044937428896473
3686.2745098039213,12.044937428896473
3686.2745098039213,12.044937428896473
3686.2745098039213,12.044937428896473
3686.2745098039213,12.044937428896473
3689.4117647058824,12.044937428896473
3689.4117647058824,12.044937428896473
3689.4117647058824,12.044937428896473
3689.4117647058824,12.044937428896473
3689.4117647058824,12.044937428896473
3689.4117647058824,12.044937428896473
3692.549019607843,12.044937428896473
3692.549019607843,12.044937428896473
3692.549019607843,12.044937428896473
3692.549019607843,12.044937428896473
3692.549019607843,12.044937428896473
3692.549019607843,12.044937428896473
3695.686274509804,12.044937428896473
3695.686274509804,12.044937428896473
3695.686274509804,12.044937428896473
3695.686274509804,12.044937428896473
3695.686274509804,12.044937428896473
3695.686274509804,12.044937428896473
3698.8235294117644,12.044937428896473
3698.8235294117644,12.044937428896473
3698.8235294117644,12.044937428896473
3698.8235294117644,12.044937428896473
3698.8235294117644,12.044937428896473
3698.8235294117644,12.044937428896473
3701.9607843137255,12.044937428896473
3701.9607843137255,12.044937428896473
3701.9607843137255,12.044937428896473
3701.9607843137255,12.044937428896473
3701.9607843137255,12.044937428896473
3701.9607843137255,12.044937428896473
3705.098039215686,12.044937428896473
3705.098039215686,12.044937428896473
3705.098039215686,12.044937428896473
3705.098039215686,12.044937428896473
3705.098039215686,12.044937428896473
3705.098039215686,12.044937428896473
3708.235294117647,11.84584755403868
3708.235294117647,11.84584755403868
3708.235294117647,11.84584755403868
3708.235294117647,11.84584755403868
3708.235294117647,11.84584755403868
3708.235294117647,11.84584755403868
3711.372549019608,11.84584755403868
3711.372549019608,11.84584755403868
3711.372549019608,11.84584755403868
3711.372549019608,11.84584755403868
3711.372549019608,11.84584755403868
3711.372549019608,11.84584755403868
3714.5098039215686,11.945392491467578
3714.5098039215686,11.945392491467578
3714.5098039215686,11.945392491467578
3714.5098039215686,11.945392491467578
3714.5098039215686,11.945392491467578
3714.5098039215686,11.945392491467578
3714.5098039215686,11.945392491467578
3717.6470588235297,11.945392491467578
3717.6470588235297,11.945392491467578
3717.6470588235297,11.945392491467578
3717.6470588235297,11.945392491467578
3717.6470588235297,11.945392491467578
3717.6470588235297,11.945392491467578
3717.6470588235297,11.945392491467578
3720.78431372549,11.84584755403868
3720.78431372549,11.84584755403868
3720.78431372549,11.84584755403868
3720.78431372549,11.84584755403868
3720.78431372549,11.84584755403868
3720.78431372549,11.84584755403868
3723.921568627451,11.945392491467578
3723.921568627451,11.945392491467578
3723.921568627451,11.945392491467578
3723.921568627451,11.945392491467578
3723.921568627451,11.945392491467578
3727.0588235294117,11.945392491467578
3727.0588235294117,11.945392491467578
3727.0588235294117,11.945392491467578
3727.0588235294117,11.945392491467578
3727.0588235294117,11.945392491467578
3730.1960784313724,11.945392491467578
3730.1960784313724,11.945392491467578
3730.1960784313724,11.945392491467578
3730.1960784313724,11.945392491467578
3730.1960784313724,11.945392491467578
3733.3333333333335,11.945392491467578
3733.3333333333335,11.945392491467578
3733.3333333333335,11.945392491467578
3733.3333333333335,11.945392491467578
3733.3333333333335,11.945392491467578
3736.470588235294,11.945392491467578
3736.470588235294,11.945392491467578
3736.470588235294,11.945392491467578
3736.470588235294,11.945392491467578
3736.470588235294,11.945392491467578
3739.607843137255,11.945392491467578
3739.607843137255,11.945392491467578
3739.607843137255,11.945392491467578
3739.607843137255,11.945392491467578
3739.607843137255,11.945392491467578
3742.7450980392155,11.945392491467578
3742.7450980392155,11.945392491467578
3742.7450980392155,11.945392491467578
3742.7450980392155,11.945392491467578
3742.7450980392155,11.945392491467578
3745.8823529411766,12.044937428896473
3745.8823529411766,12.044937428896473
3745.8823529411766,12.044937428896473
3745.8823529411766,12.044937428896473
3745.8823529411766,12.044937428896473
3745.8823529411766,12.044937428896473
3749.0196078431372,12.044937428896473
3749.0196078431372,12.044937428896473
3749.0196078431372,12.044937428896473
3749.0196078431372,12.044937428896473
3749.0196078431372,12.044937428896473
3749.0196078431372,12.044937428896473
3752.156862745098,12.044937428896473
3752.156862745098,12.044937428896473
3752.156862745098,12.044937428896473
3752.156862745098,12.044937428896473
3752.156862745098,12.044937428896473
3752.156862745098,12.044937428896473
3755.294117647059,12.044937428896473
3755.294117647059,12.044937428896473
3755.294117647059,12.044937428896473
3755.294117647059,12.044937428896473
3755.294117647059,12.044937428896473
3755.294117647059,12.044937428896473
3758.4313725490197,12.044937428896473
3758.4313725490197,12.044937428896473
3758.4313725490197,12.044937428896473
3758.4313725490197,12.044937428896473
3758.4313725490197,12.044937428896473
3758.4313725490197,12.044937428896473
3761.5686274509803,12.044937428896473
3761.5686274509803,12.044937428896473
3761.5686274509803,12.044937428896473
3761.5686274509803,12.044937428896473
3761.5686274509803,12.044937428896473
3761.5686274509803,12.044937428896473
3764.705882352941,12.044937428896473
3764.705882352941,12.044937428896473
3764.705882352941,12.044937428896473
3764.705882352941,12.044937428896473
3764.705882352941,12.044937428896473
3764.705882352941,12.044937428896473
3767.843137254902,12.044937428896473
3767.843137254902,12.044937428896473
3767.843137254902,12.044937428896473
3767.843137254902,12.044937428896473
3767.843137254902,12.044937428896473
3767.843137254902,12.044937428896473
3770.9803921568628,12.044937428896473
3770.9803921568628,12.044937428896473
3770.9803921568628,12.044937428896473
3770.9803921568628,12.044937428896473
3770.9803921568628,12.044937428896473
3770.9803921568628,12.044937428896473
3774.1176470588234,12.044937428896473
3774.1176470588234,12.044937428896473
3774.1176470588234,12.044937428896473
3774.1176470588234,12.044937428896473
3774.1176470588234,12.044937428896473
3774.1176470588234,12.044937428896473
3777.2549019607845,12.044937428896473
3777.2549019607845,12.044937428896473
3777.2549019607845,12.044937428896473
3777.2549019607845,12.044937428896473
3777.2549019607845,12.044937428896473
3777.2549019607845,12.044937428896473
3780.392156862745,12.044937428896473
3780.392156862745,12.044937428896473
3780.392156862745,12.044937428896473
3780.392156862745,12.044937428896473
3780.392156862745,12.044937428896473
3780.392156862745,12.044937428896473
3783.529411764706,12.044937428896473
3783.529411764706,12.044937428896473
3783.529411764706,12.044937428896473
3783.529411764706,12.044937428896473
3783.529411764706,12.044937428896473
3783.529411764706,12.044937428896473
3786.6666666666665,12.044937428896473
3786.6666666666665,12.044937428896473
3786.6666666666665,12.044937428896473
3786.6666666666665,12.044937428896473
3786.6666666666665,12.044937428896473
3786.6666666666665,12.044937428896473
3789.8039215686276,12.14448236632537
3789.8039215686276,12.14448236632537
3789.8039215686276,12.14448236632537
3789.8039215686276,12.14448236632537
3789.8039215686276,12.14448236632537
3789.8039215686276,12.14448236632537
3789.8039215686276,12.14448236632537
3792.9411764705883,12.244027303754267
3792.9411764705883,12.244027303754267
3792.9411764705883,12.244027303754267
3792.9411764705883,12.244027303754267
3792.9411764705883,12.244027303754267
3792.9411764705883,12.244027303754267
3792.9411764705883,12.244027303754267
3792.9411764705883,12.244027303754267
3796.078431372549,12.244027303754267
3796.078431372549,12.244027303754267
3796.078431372549,12.244027303754267
3796.078431372549,12.244027303754267
3796.078431372549,12.244027303754267
3796.078431372549,12.244027303754267
3796.078431372549,12.244027303754267
3796.078431372549,12.244027303754267
3799.21568627451,12.14448236632537
3799.21568627451,12.14448236632537
3799.21568627451,12.14448236632537
3799.21568627451,12.14448236632537
3799.21568627451,12.14448236632537
3799.21568627451,12.14448236632537
3799.21568627451,12.14448236632537
3802.3529411764703,12.044937428896473
3802.3529411764703,12.044937428896473
3802.3529411764703,12.044937428896473
3802.3529411764703,12.044937428896473
3802.3529411764703,12.044937428896473
3802.3529411764703,12.044937428896473
3805.4901960784314,12.044937428896473
3805.4901960784314,12.044937428896473
3805.4901960784314,12.044937428896473
3805.4901960784314,12.044937428896473
3805.4901960784314,12.044937428896473
3805.4901960784314,12.044937428896473
3808.627450980392,12.044937428896473
3808.627450980392,12.044937428896473
3808.627450980392,12.044937428896473
3808.627450980392,12.044937428896473
3808.627450980392,12.044937428896473
3808.627450980392,12.044937428896473
3811.7647058823527,12.044937428896473
3811.7647058823527,12.044937428896473
3811.7647058823527,12.044937428896473
3811.7647058823527,12.044937428896473
3811.7647058823527,12.044937428896473
3811.7647058823527,12.044937428896473
3814.901960784314,11.945392491467578
3814.901960784314,11.945392491467578
3814.901960784314,11.945392491467578
3814.901960784314,11.945392491467578
3814.901960784314,11.945392491467578
3818.0392156862745,11.945392491467578
3818.0392156862745,11.945392491467578
3818.0392156862745,11.945392491467578
3818.0392156862745,11.945392491467578
3818.0392156862745,11.945392491467578
3821.1764705882356,12.044937428896473
3821.1764705882356,12.044937428896473
3821.1764705882356,12.044937428896473
3821.1764705882356,12.044937428896473
3821.1764705882356,12.044937428896473
3821.1764705882356,12.044937428896473
3824.313725490196,12.044937428896473
3824.313725490196,12.044937428896473
3824.313725490196,12.044937428896473
3824.313725490196,12.044937428896473
3824.313725490196,12.044937428896473
3824.313725490196,12.044937428896473
3827.450980392157,12.044937428896473
3827.450980392157,12.044937428896473
3827.450980392157,12.044937428896473
3827.450980392157,12.044937428896473
3827.450980392157,12.044937428896473
3827.450980392157,12.044937428896473
3830.5882352941176,12.044937428896473
3830.5882352941176,12.044937428896473
3830.5882352941176,12.044937428896473
3830.5882352941176,12.044937428896473
3830.5882352941176,12.044937428896473
3830.5882352941176,12.044937428896473
3833.725490196078,12.044937428896473
3833.725490196078,12.044937428896473
3833.725490196078,12.044937428896473
3833.725490196078,12.044937428896473
3833.725490196078,12.044937428896473
3833.725490196078,12.044937428896473
3836.8627450980393,12.044937428896473
3836.8627450980393,12.044937428896473
3836.8627450980393,12.044937428896473
3836.8627450980393,12.044937428896473
3836.8627450980393,12.044937428896473
3836.8627450980393,12.044937428896473
3840.0,12.044937428896473
3840.0,12.044937428896473
3840.0,12.044937428896473
3840.0,12.044937428896473
3840.0,12.044937428896473
3840.0,12.044937428896473
3843.137254901961,12.044937428896473
3843.137254901961,12.044937428896473
3843.137254901961,12.044937428896473
3843.137254901961,12.044937428896473
3843.137254901961,12.044937428896473
3843.137254901961,12.044937428896473
3846.2745098039213,12.044937428896473
3846.2745098039213,12.044937428896473
3846.2745098039213,12.044937428896473
3846.2745098039213,12.044937428896473
3846.2745098039213,12.044937428896473
3846.2745098039213,12.044937428896473
3849.4117647058824,11.945392491467578
3849.4117647058824,11.945392491467578
3849.4117647058824,11.945392491467578
3849.4117647058824,11.945392491467578
3849.4117647058824,11.945392491467578
3852.549019607843,12.044937428896473
3852.549019607843,12.044937428896473
3852.549019607843,12.044937428896473
3852.549019607843,12.044937428896473
3852.549019607843,12.044937428896473
3852.549019607843,12.044937428896473
3855.6862745098038,11.945392491467578
3855.6862745098038,11.945392491467578
3855.6862745098038,11.945392491467578
3855.6862745098038,11.945392491467578
3855.6862745098038,11.945392491467578
3855.6862745098038,11.945392491467578
3855.6862745098038,11.945392491467578
3858.823529411765,11.945392491467578
3858.823529411765,11.945392491467578
3858.823529411765,11.945392491467578
3858.823529411765,11.945392491467578
3858.823529411765,11.945392491467578
3858.823529411765,11.945392491467578
3858.823529411765,11.945392491467578
3861.9607843137255,11.84584755403868
3861.9607843137255,11.84584755403868
3861.9607843137255,11.84584755403868
3861.9607843137255,11.84584755403868
3861.9607843137255,11.84584755403868
3861.9607843137255,11.84584755403868
3865.098039215686,11.84584755403868
3865.098039215686,11.84584755403868
3865.098039215686,11.84584755403868
3865.098039215686,11.84584755403868
3865.098039215686,11.84584755403868
3865.098039215686,11.84584755403868
3868.235294117647,11.84584755403868
3868.235294117647,11.84584755403868
3868.235294117647,11.84584755403868
3868.235294117647,11.84584755403868
3868.235294117647,11.84584755403868
3868.235294117647,11.84584755403868
3871.372549019608,11.84584755403868
3871.372549019608,11.84584755403868
3871.372549019608,11.84584755403868
3871.372549019608,11.84584755403868
3871.372549019608,11.84584755403868
3871.372549019608,11.84584755403868
3874.5098039215686,11.84584755403868
3874.5098039215686,11.84584755403868
3874.5098039215686,11.84584755403868
3874.5098039215686,11.84584755403868
3874.5098039215686,11.84584755403868
3874.5098039215686,11.84584755403868
3877.6470588235293,11.84584755403868
3877.6470588235293,11.84584755403868
3877.6470588235293,11.84584755403868
3877.6470588235293,11.84584755403868
3877.6470588235293,11.84584755403868
3877.6470588235293,11.84584755403868
3880.7843137254904,11.84584755403868
3880.7843137254904,11.84584755403868
3880.7843137254904,11.84584755403868
3880.7843137254904,11.84584755403868
3880.7843137254904,11.84584755403868
3880.7843137254904,11.84584755403868
3883.921568627451,11.84584755403868
3883.921568627451,11.84584755403868
3883.921568627451,11.84584755403868
3883.921568627451,11.84584755403868
3883.921568627451,11.84584755403868
3883.921568627451,11.84584755403868
3887.0588235294117,11.84584755403868
3887.0588235294117,11.84584755403868
3887.0588235294117,11.84584755403868
3887.0588235294117,11.84584755403868
3887.0588235294117,11.84584755403868
3887.0588235294117,11.84584755403868
3890.1960784313724,11.84584755403868
3890.1960784313724,11.84584755403868
3890.1960784313724,11.84584755403868
3890.1960784313724,11.84584755403868
3890.1960784313724,11.84584755403868
3890.1960784313724,11.84584755403868
3893.3333333333335,11.84584755403868
3893.3333333333335,11.84584755403868
3893.3333333333335,11.84584755403868
3893.3333333333335,11.84584755403868
3893.3333333333335,11.84584755403868
3893.3333333333335,11.84584755403868
3896.470588235294,11.84584755403868
3896.470588235294,11.84584755403868
3896.470588235294,11.84584755403868
3896.470588235294,11.84584755403868
3896.470588235294,11.84584755403868
3896.470588235294,11.84584755403868
3899.607843137255,11.84584755403868
3899.607843137255,11.84584755403868
3899.607843137255,11.84584755403868
3899.607843137255,11.84584755403868
3899.607843137255,11.84584755403868
3899.607843137255,11.84584755403868
3902.745098039216,11.84584755403868
3902.745098039216,11.84584755403868
3902.745098039216,11.84584755403868
3902.745098039216,11.84584755403868
3902.745098039216,11.84584755403868
3902.745098039216,11.84584755403868
3905.8823529411766,11.746302616609784
3905.8823529411766,11.746302616609784
3905.8823529411766,11.746302616609784
3905.8823529411766,11.746302616609784
3905.8823529411766,11.746302616609784
3909.0196078431372,11.746302616609784
3909.0196078431372,11.746302616609784
3909.0196078431372,11.746302616609784
3909.0196078431372,11.746302616609784
3909.0196078431372,11.746302616609784
3912.156862745098,11.746302616609784
3912.156862745098,11.746302616609784
3912.156862745098,11.746302616609784
3912.156862745098,11.746302616609784
3912.156862745098,11.746302616609784
3915.294117647059,11.746302616609784
3915.294117647059,11.746302616609784
3915.294117647059,11.746302616609784
3915.294117647059,11.746302616609784
3915.294117647059,11.746302616609784
3918.4313725490197,11.84584755403868
3918.4313725490197,11.84584755403868
3918.4313725490197,11.84584755403868
3918.4313725490197,11.84584755403868
3918.4313725490197,11.84584755403868
3918.4313725490197,11.84584755403868
3921.5686274509803,11.84584755403868
3921.5686274509803,11.84584755403868
3921.5686274509803,11.84584755403868
3921.5686274509803,11.84584755403868
3921.5686274509803,11.84584755403868
3921.5686274509803,11.84584755403868
3924.7058823529414,11.746302616609784
3924.7058823529414,11.746302616609784
3924.7058823529414,11.746302616609784
3924.7058823529414,11.746302616609784
3924.7058823529414,11.746302616609784
3927.8431372549016,11.84584755403868
3927.8431372549016,11.84584755403868
3927.8431372549016,11.84584755403868
3927.8431372549016,11.84584755403868
3927.8431372549016,11.84584755403868
3927.8431372549016,11.84584755403868
3930.9803921568628,11.84584755403868
3930.9803921568628,11.84584755403868
3930.9803921568628,11.84584755403868
3930.9803921568628,11.84584755403868
3930.9803921568628,11.84584755403868
3930.9803921568628,11.84584755403868
3934.1176470588234,11.84584755403868
3934.1176470588234,11.84584755403868
3934.1176470588234,11.84584755403868
3934.1176470588234,11.84584755403868
3934.1176470588234,11.84584755403868
3934.1176470588234,11.84584755403868
3937.254901960784,11.84584755403868
3937.254901960784,11.84584755403868
3937.254901960784,11.84584755403868
3937.254901960784,11.84584755403868
3937.254901960784,11.84584755403868
3937.254901960784,11.84584755403868
3940.392156862745,11.84584755403868
3940.392156862745,11.84584755403868
3940.392156862745,11.84584755403868
3940.392156862745,11.84584755403868
3940.392156862745,11.84584755403868
3940.392156862745,11.84584755403868
3943.529411764706,11.746302616609784
3943.529411764706,11.746302616609784
3943.529411764706,11.746302616609784
3943.529411764706,11.746302616609784
3943.529411764706,11.746302616609784
3946.666666666667,11.746302616609784
3946.666666666667,11.746302616609784
3946.666666666667,11.746302616609784
3946.666666666667,11.746302616609784
3946.666666666667,11.746302616609784
3949.803921568627,11.746302616609784
3949.803921568627,11.746302616609784
3949.803921568627,11.746302616609784
3949.803921568627,11.746302616609784
3949.803921568627,11.746302616609784
3952.9411764705883,11.746302616609784
3952.9411764705883,11.746302616609784
3952.9411764705883,11.746302616609784
3952.9411764705883,11.746302616609784
3952.9411764705883,11.746302616609784
3956.078431372549,11.646757679180888
3956.078431372549,11.646757679180888
3956.078431372549,11.646757679180888
3956.078431372549,11.646757679180888
3956.078431372549,11.646757679180888
3956.078431372549,11.646757679180888
3959.2156862745096,11.646757679180888
3959.2156862745096,11.646757679180888
3959.2156862745096,11.646757679180888
3959.2156862745096,11.646757679180888
3959.2156862745096,11.646757679180888
3959.2156862745096,11.646757679180888
3962.3529411764707,11.746302616609784
3962.3529411764707,11.746302616609784
3962.3529411764707,11.746302616609784
3962.3529411764707,11.746302616609784
3962.3529411764707,11.746302616609784
3965.4901960784314,11.746302616609784
3965.4901960784314,11.746302616609784
3965.4901960784314,11.746302616609784
3965.4901960784314,11.746302616609784
3965.4901960784314,11.746302616609784
3968.6274509803925,11.746302616609784
3968.6274509803925,11.746302616609784
3968.6274509803925,11.746302616609784
3968.6274509803925,11.746302616609784
3968.6274509803925,11.746302616609784
3971.7647058823527,11.746302616609784
3971.7647058823527,11.746302616609784
3971.7647058823527,11.746302616609784
3971.7647058823527,11.746302616609784
3971.7647058823527,11.746302616609784
3974.901960784314,11.746302616609784
3974.901960784314,11.746302616609784
3974.901960784314,11.746302616609784
3974.901960784314,11.746302616609784
3974.901960784314,11.746302616609784
3978.0392156862745,11.746302616609784
3978.0392156862745,11.746302616609784
3978.0392156862745,11.746302616609784
3978.0392156862745,11.746302616609784
3978.0392156862745,11.746302616609784
3981.176470588235,11.646757679180888
3981.176470588235,11.646757679180888
3981.176470588235,11.646757679180888
3981.176470588235,11.646757679180888
3981.176470588235,11.646757679180888
3981.176470588235,11.646757679180888
3984.3137254901962,11.646757679180888
3984.3137254901962,11.646757679180888
3984.3137254901962,11.646757679180888
3984.3137254901962,11.646757679180888
3984.3137254901962,11.646757679180888
3984.3137254901962,11.646757679180888
3987.450980392157,11.646757679180888
3987.450980392157,11.646757679180888
3987.450980392157,11.646757679180888
3987.450980392157,11.646757679180888
3987.450980392157,11.646757679180888
3987.450980392157,11.646757679180888
3990.5882352941176,11.746302616609784
3990.5882352941176,11.746302616609784
3990.5882352941176,11.746302616609784
3990.5882352941176,11.746302616609784
3990.5882352941176,11.746302616609784
3993.725490196078,11.746302616609784
3993.725490196078,11.746302616609784
3993.725490196078,11.746302616609784
3993.725490196078,11.746302616609784
3993.725490196078,11.746302616609784
3996.8627450980393,11.646757679180888
3996.8627450980393,11.646757679180888
3996.8627450980393,11.646757679180888
3996.8627450980393,11.646757679180888
3996.8627450980393,11.646757679180888
3996.8627450980393,11.646757679180888
4000.0,11.646757679180888
4000.0,11.646757679180888
4000.0,11.646757679180888
4000.0,11.646757679180888
4000.0,11.646757679180888
4000.0,11.646757679180888
