Raman_Shift_cm-1,Intensity_norm
162.5874125874126,4517.766497461929
162.5874125874126,4441.624365482234
167.83216783216784,4670.05076142132
167.83216783216784,4593.908629441625
167.83216783216784,4517.766497461929
167.83216783216784,4441.624365482234
167.83216783216784,4365.482233502538
173.07692307692307,4822.33502538071
173.07692307692307,4746.192893401016
173.07692307692307,4670.05076142132
173.07692307692307,4593.908629441625
173.07692307692307,4517.766497461929
173.07692307692307,4441.624365482234
173.07692307692307,4365.482233502538
173.07692307692307,4289.340101522843
178.32167832167832,4898.477157360406
178.32167832167832,4822.33502538071
178.32167832167832,4746.192893401016
178.32167832167832,4670.05076142132
178.32167832167832,4593.908629441625
178.32167832167832,4517.766497461929
178.32167832167832,4441.624365482234
178.32167832167832,4365.482233502538
183.56643356643357,5050.761421319797
183.56643356643357,4974.619289340101
183.56643356643357,4898.477157360406
183.56643356643357,4822.33502538071
183.56643356643357,4746.192893401016
183.56643356643357,4670.05076142132
183.56643356643357,4593.908629441625
183.56643356643357,4517.766497461929
183.56643356643357,4441.624365482234
188.8111888111888,5126.903553299492
188.8111888111888,5050.761421319797
188.8111888111888,4974.619289340101
188.8111888111888,4898.477157360406
188.8111888111888,4822.33502538071
188.8111888111888,4746.192893401016
188.8111888111888,4670.05076142132
188.8111888111888,4593.908629441625
194.05594405594405,5203.045685279188
194.05594405594405,5126.903553299492
194.05594405594405,5050.761421319797
194.05594405594405,4974.619289340101
194.05594405594405,4898.477157360406
194.05594405594405,4822.33502538071
194.05594405594405,4746.192893401016
199.3006993006993,5203.045685279188
199.3006993006993,5126.903553299492
199.3006993006993,5050.761421319797
199.3006993006993,4974.619289340101
199.3006993006993,4898.477157360406
199.3006993006993,4822.33502538071
204.54545454545453,5279.187817258883
204.54545454545453,5203.045685279188
204.54545454545453,5126.903553299492
204.54545454545453,5050.761421319797
204.54545454545453,4974.619289340101
209.7902097902098,5279.187817258883
209.7902097902098,5203.045685279188
209.7902097902098,5126.903553299492
209.7902097902098,5050.761421319797
209.7902097902098,4974.619289340101
215.03496503496504,5279.187817258883
215.03496503496504,5203.045685279188
215.03496503496504,5126.903553299492
215.03496503496504,5050.761421319797
220.27972027972027,5355.329949238579
220.27972027972027,5279.187817258883
220.27972027972027,5203.045685279188
220.27972027972027,5126.903553299492
220.27972027972027,5050.761421319797
225.52447552447552,5355.329949238579
225.52447552447552,5279.187817258883
225.52447552447552,5203.045685279188
225.52447552447552,5126.903553299492
225.52447552447552,5050.761421319797
230.76923076923077,5431.472081218274
230.76923076923077,5355.329949238579
230.76923076923077,5279.187817258883
230.76923076923077,5203.045685279188
230.76923076923077,5126.903553299492
236.01398601398603,5431.472081218274
236.01398601398603,5355.329949238579
236.01398601398603,5279.187817258883
236.01398601398603,5203.045685279188
236.01398601398603,5126.903553299492
241.25874125874125,5507.61421319797
241.25874125874125,5431.472081218274
241.25874125874125,5355.329949238579
241.25874125874125,5279.187817258883
241.25874125874125,5203.045685279188
246.5034965034965,5507.61421319797
246.5034965034965,5431.472081218274
246.5034965034965,5355.329949238579
246.5034965034965,5279.187817258883
246.5034965034965,5203.045685279188
251.74825174825176,5583.756345177665
251.74825174825176,5507.61421319797
251.74825174825176,5431.472081218274
251.74825174825176,5355.329949238579
251.74825174825176,5279.187817258883
256.993006993007,5659.8984771573605
256.993006993007,5583.756345177665
256.993006993007,5507.61421319797
256.993006993007,5431.472081218274
256.993006993007,5355.329949238579
256.993006993007,5279.187817258883
262.23776223776224,5659.8984771573605
262.23776223776224,5583.756345177665
262.23776223776224,5507.61421319797
262.23776223776224,5431.472081218274
262.23776223776224,5355.329949238579
267.4825174825175,5659.8984771573605
267.4825174825175,5583.756345177665
267.4825174825175,5507.61421319797
267.4825174825175,5431.472081218274
272.72727272727275,5736.040609137056
272.72727272727275,5659.8984771573605
272.72727272727275,5583.756345177665
272.72727272727275,5507.61421319797
272.72727272727275,5431.472081218274
277.97202797202794,5736.040609137056
277.97202797202794,5659.8984771573605
277.97202797202794,5583.756345177665
277.97202797202794,5507.61421319797
277.97202797202794,5431.472081218274
283.2167832167832,5736.040609137056
283.2167832167832,5659.8984771573605
283.2167832167832,5583.756345177665
283.2167832167832,5507.61421319797
283.2167832167832,5431.472081218274
288.46153846153845,5736.040609137056
288.46153846153845,5659.8984771573605
288.46153846153845,5583.756345177665
288.46153846153845,5507.61421319797
293.7062937062937,5812.1827411167515
293.7062937062937,5736.040609137056
293.7062937062937,5659.8984771573605
293.7062937062937,5583.756345177665
293.7062937062937,5507.61421319797
298.95104895104896,5812.1827411167515
298.95104895104896,5736.040609137056
298.95104895104896,5659.8984771573605
298.95104895104896,5583.756345177665
298.95104895104896,5507.61421319797
304.1958041958042,5888.324873096447
304.1958041958042,5812.1827411167515
304.1958041958042,5736.040609137056
304.1958041958042,5659.8984771573605
304.1958041958042,5583.756345177665
309.44055944055947,5888.324873096447
309.44055944055947,5812.1827411167515
309.44055944055947,5736.040609137056
309.44055944055947,5659.8984771573605
309.44055944055947,5583.756345177665
314.68531468531467,5964.4670050761415
314.68531468531467,5888.324873096447
314.68531468531467,5812.1827411167515
314.68531468531467,5736.040609137056
314.68531468531467,5659.8984771573605
319.9300699300699,6040.609137055837
319.9300699300699,5964.4670050761415
319.9300699300699,5888.324873096447
319.9300699300699,5812.1827411167515
319.9300699300699,5736.040609137056
325.1748251748252,6116.7512690355325
325.1748251748252,6040.609137055837
325.1748251748252,5964.4670050761415
325.1748251748252,5888.324873096447
325.1748251748252,5812.1827411167515
325.1748251748252,5736.040609137056
330.4195804195804,6116.7512690355325
330.4195804195804,6040.609137055837
330.4195804195804,5964.4670050761415
330.4195804195804,5888.324873096447
330.4195804195804,5812.1827411167515
335.6643356643357,6192.893401015228
335.6643356643357,6116.7512690355325
335.6643356643357,6040.609137055837
335.6643356643357,5964.4670050761415
335.6643356643357,5888.324873096447
340.90909090909093,6192.893401015228
340.90909090909093,6116.7512690355325
340.90909090909093,6040.609137055837
340.90909090909093,5964.4670050761415
340.90909090909093,5888.324873096447
346.15384615384613,6192.893401015228
346.15384615384613,6116.7512690355325
346.15384615384613,6040.609137055837
346.15384615384613,5964.4670050761415
351.3986013986014,6269.035532994923
351.3986013986014,6192.893401015228
351.3986013986014,6116.7512690355325
351.3986013986014,6040.609137055837
351.3986013986014,5964.4670050761415
356.64335664335664,6269.035532994923
356.64335664335664,6192.893401015228
356.64335664335664,6116.7512690355325
356.64335664335664,6040.609137055837
356.64335664335664,5964.4670050761415
356.64335664335664,5888.324873096447
361.8881118881119,6192.893401015228
361.8881118881119,6116.7512690355325
361.8881118881119,6040.609137055837
361.8881118881119,5964.4670050761415
361.8881118881119,5888.324873096447
361.8881118881119,5812.1827411167515
367.13286713286715,6116.7512690355325
367.13286713286715,6040.609137055837
367.13286713286715,5964.4670050761415
367.13286713286715,5888.324873096447
367.13286713286715,5812.1827411167515
372.3776223776224,6040.609137055837
372.3776223776224,5964.4670050761415
372.3776223776224,5888.324873096447
372.3776223776224,5812.1827411167515
372.3776223776224,5736.040609137056
377.6223776223776,5964.4670050761415
377.6223776223776,5888.324873096447
377.6223776223776,5812.1827411167515
377.6223776223776,5736.040609137056
377.6223776223776,5659.8984771573605
377.6223776223776,5583.756345177665
382.86713286713285,5964.4670050761415
382.86713286713285,5888.324873096447
382.86713286713285,5812.1827411167515
382.86713286713285,5736.040609137056
382.86713286713285,5659.8984771573605
382.86713286713285,5583.756345177665
382.86713286713285,5507.61421319797
388.1118881118881,5888.324873096447
388.1118881118881,5812.1827411167515
388.1118881118881,5736.040609137056
388.1118881118881,5659.8984771573605
388.1118881118881,5583.756345177665
388.1118881118881,5507.61421319797
388.1118881118881,5431.472081218274
393.35664335664336,5736.040609137056
393.35664335664336,5659.8984771573605
393.35664335664336,5583.756345177665
393.35664335664336,5507.61421319797
393.35664335664336,5431.472081218274
398.6013986013986,5659.8984771573605
398.6013986013986,5583.756345177665
398.6013986013986,5507.61421319797
398.6013986013986,5431.472081218274
403.84615384615387,5659.8984771573605
403.84615384615387,5583.756345177665
403.84615384615387,5507.61421319797
403.84615384615387,5431.472081218274
403.84615384615387,5355.329949238579
409.09090909090907,5583.756345177665
409.09090909090907,5507.61421319797
409.09090909090907,5431.472081218274
409.09090909090907,5355.329949238579
414.3356643356643,5583.756345177665
414.3356643356643,5507.61421319797
414.3356643356643,5431.472081218274
414.3356643356643,5355.329949238579
414.3356643356643,5279.187817258883
419.5804195804196,5583.756345177665
419.5804195804196,5507.61421319797
419.5804195804196,5431.472081218274
419.5804195804196,5355.329949238579
419.5804195804196,5279.187817258883
424.8251748251748,5659.8984771573605
424.8251748251748,5583.756345177665
424.8251748251748,5507.61421319797
424.8251748251748,5431.472081218274
424.8251748251748,5355.329949238579
430.0699300699301,5659.8984771573605
430.0699300699301,5583.756345177665
430.0699300699301,5507.61421319797
430.0699300699301,5431.472081218274
430.0699300699301,5355.329949238579
435.31468531468533,5659.8984771573605
435.31468531468533,5583.756345177665
435.31468531468533,5507.61421319797
435.31468531468533,5431.472081218274
435.31468531468533,5355.329949238579
440.55944055944053,5659.8984771573605
440.55944055944053,5583.756345177665
440.55944055944053,5507.61421319797
440.55944055944053,5431.472081218274
440.55944055944053,5355.329949238579
445.8041958041958,5659.8984771573605
445.8041958041958,5583.756345177665
445.8041958041958,5507.61421319797
445.8041958041958,5431.472081218274
451.04895104895104,5659.8984771573605
451.04895104895104,5583.756345177665
451.04895104895104,5507.61421319797
451.04895104895104,5431.472081218274
456.2937062937063,5736.040609137056
456.2937062937063,5659.8984771573605
456.2937062937063,5583.756345177665
456.2937062937063,5507.61421319797
456.2937062937063,5431.472081218274
461.53846153846155,5736.040609137056
461.53846153846155,5659.8984771573605
461.53846153846155,5583.756345177665
461.53846153846155,5507.61421319797
466.7832167832168,5812.1827411167515
466.7832167832168,5736.040609137056
466.7832167832168,5659.8984771573605
466.7832167832168,5583.756345177665
466.7832167832168,5507.61421319797
472.02797202797206,5888.324873096447
472.02797202797206,5812.1827411167515
472.02797202797206,5736.040609137056
472.02797202797206,5659.8984771573605
472.02797202797206,5583.756345177665
472.02797202797206,5507.61421319797
477.27272727272725,5964.4670050761415
477.27272727272725,5888.324873096447
477.27272727272725,5812.1827411167515
477.27272727272725,5736.040609137056
477.27272727272725,5659.8984771573605
477.27272727272725,5583.756345177665
482.5174825174825,6040.609137055837
482.5174825174825,5964.4670050761415
482.5174825174825,5888.324873096447
482.5174825174825,5812.1827411167515
482.5174825174825,5736.040609137056
482.5174825174825,5659.8984771573605
487.76223776223776,6116.7512690355325
487.76223776223776,6040.609137055837
487.76223776223776,5964.4670050761415
487.76223776223776,5888.324873096447
487.76223776223776,5812.1827411167515
487.76223776223776,5736.040609137056
493.006993006993,6192.893401015228
493.006993006993,6116.7512690355325
493.006993006993,6040.609137055837
493.006993006993,5964.4670050761415
493.006993006993,5888.324873096447
493.006993006993,5812.1827411167515
498.25174825174827,6192.893401015228
498.25174825174827,6116.7512690355325
498.25174825174827,6040.609137055837
498.25174825174827,5964.4670050761415
498.25174825174827,5888.324873096447
503.4965034965035,6192.893401015228
503.4965034965035,6116.7512690355325
503.4965034965035,6040.609137055837
503.4965034965035,5964.4670050761415
508.7412587412587,6269.035532994923
508.7412587412587,6192.893401015228
508.7412587412587,6116.7512690355325
508.7412587412587,6040.609137055837
508.7412587412587,5964.4670050761415
513.986013986014,6269.035532994923
513.986013986014,6192.893401015228
513.986013986014,6116.7512690355325
513.986013986014,6040.609137055837
513.986013986014,5964.4670050761415
519.2307692307693,6269.035532994923
519.2307692307693,6192.893401015228
519.2307692307693,6116.7512690355325
519.2307692307693,6040.609137055837
519.2307692307693,5964.4670050761415
519.2307692307693,5888.324873096447
524.4755244755245,6192.893401015228
524.4755244755245,6116.7512690355325
524.4755244755245,6040.609137055837
524.4755244755245,5964.4670050761415
524.4755244755245,5888.324873096447
529.7202797202797,6116.7512690355325
529.7202797202797,6040.609137055837
529.7202797202797,5964.4670050761415
529.7202797202797,5888.324873096447
529.7202797202797,5812.1827411167515
534.965034965035,6116.7512690355325
534.965034965035,6040.609137055837
534.965034965035,5964.4670050761415
534.965034965035,5888.324873096447
534.965034965035,5812.1827411167515
540.2097902097902,6040.609137055837
540.2097902097902,5964.4670050761415
540.2097902097902,5888.324873096447
540.2097902097902,5812.1827411167515
545.4545454545455,6116.7512690355325
545.4545454545455,6040.609137055837
545.4545454545455,5964.4670050761415
545.4545454545455,5888.324873096447
545.4545454545455,5812.1827411167515
550.6993006993007,6116.7512690355325
550.6993006993007,6040.609137055837
550.6993006993007,5964.4670050761415
550.6993006993007,5888.324873096447
550.6993006993007,5812.1827411167515
555.9440559440559,6116.7512690355325
555.9440559440559,6040.609137055837
555.9440559440559,5964.4670050761415
555.9440559440559,5888.324873096447
561.1888111888112,6192.893401015228
561.1888111888112,6116.7512690355325
561.1888111888112,6040.609137055837
561.1888111888112,5964.4670050761415
561.1888111888112,5888.324873096447
566.4335664335664,6192.893401015228
566.4335664335664,6116.7512690355325
566.4335664335664,6040.609137055837
566.4335664335664,5964.4670050761415
566.4335664335664,5888.324873096447
571.6783216783217,6192.893401015228
571.6783216783217,6116.7512690355325
571.6783216783217,6040.609137055837
571.6783216783217,5964.4670050761415
571.6783216783217,5888.324873096447
576.9230769230769,6269.035532994923
576.9230769230769,6192.893401015228
576.9230769230769,6116.7512690355325
576.9230769230769,6040.609137055837
576.9230769230769,5964.4670050761415
582.1678321678322,6269.035532994923
582.1678321678322,6192.893401015228
582.1678321678322,6116.7512690355325
582.1678321678322,6040.609137055837
582.1678321678322,5964.4670050761415
587.4125874125874,6345.177664974619
587.4125874125874,6269.035532994923
587.4125874125874,6192.893401015228
587.4125874125874,6116.7512690355325
587.4125874125874,6040.609137055837
587.4125874125874,5964.4670050761415
592.6573426573426,6345.177664974619
592.6573426573426,6269.035532994923
592.6573426573426,6192.893401015228
592.6573426573426,6116.7512690355325
592.6573426573426,6040.609137055837
597.9020979020979,6421.319796954314
597.9020979020979,6345.177664974619
597.9020979020979,6269.035532994923
597.9020979020979,6192.893401015228
597.9020979020979,6116.7512690355325
603.1468531468531,6497.46192893401
603.1468531468531,6421.319796954314
603.1468531468531,6345.177664974619
603.1468531468531,6269.035532994923
603.1468531468531,6192.893401015228
608.3916083916084,6497.46192893401
608.3916083916084,6421.319796954314
608.3916083916084,6345.177664974619
608.3916083916084,6269.035532994923
608.3916083916084,6192.893401015228
613.6363636363636,6573.604060913705
613.6363636363636,6497.46192893401
613.6363636363636,6421.319796954314
613.6363636363636,6345.177664974619
613.6363636363636,6269.035532994923
618.8811188811189,6725.888324873096
618.8811188811189,6649.746192893401
618.8811188811189,6573.604060913705
618.8811188811189,6497.46192893401
618.8811188811189,6421.319796954314
618.8811188811189,6345.177664974619
624.1258741258741,6725.888324873096
624.1258741258741,6649.746192893401
624.1258741258741,6573.604060913705
624.1258741258741,6497.46192893401
624.1258741258741,6421.319796954314
624.1258741258741,6345.177664974619
629.3706293706293,6802.030456852792
629.3706293706293,6725.888324873096
629.3706293706293,6649.746192893401
629.3706293706293,6573.604060913705
629.3706293706293,6497.46192893401
629.3706293706293,6421.319796954314
634.6153846153846,6954.314720812183
634.6153846153846,6878.172588832487
634.6153846153846,6802.030456852792
634.6153846153846,6725.888324873096
634.6153846153846,6649.746192893401
634.6153846153846,6573.604060913705
634.6153846153846,6497.46192893401
639.8601398601398,7030.456852791878
639.8601398601398,6954.314720812183
639.8601398601398,6878.172588832487
639.8601398601398,6802.030456852792
639.8601398601398,6725.888324873096
639.8601398601398,6649.746192893401
639.8601398601398,6573.604060913705
645.1048951048951,7106.598984771574
645.1048951048951,7030.456852791878
645.1048951048951,6954.314720812183
645.1048951048951,6878.172588832487
645.1048951048951,6802.030456852792
645.1048951048951,6725.888324873096
645.1048951048951,6649.746192893401
650.3496503496503,7258.883248730965
650.3496503496503,7182.741116751269
650.3496503496503,7106.598984771574
650.3496503496503,7030.456852791878
650.3496503496503,6954.314720812183
650.3496503496503,6878.172588832487
650.3496503496503,6802.030456852792
655.5944055944055,7335.02538071066
655.5944055944055,7258.883248730965
655.5944055944055,7182.741116751269
655.5944055944055,7106.598984771574
655.5944055944055,7030.456852791878
655.5944055944055,6954.314720812183
655.5944055944055,6878.172588832487
660.8391608391609,7411.167512690356
660.8391608391609,7335.02538071066
660.8391608391609,7258.883248730965
660.8391608391609,7182.741116751269
660.8391608391609,7106.598984771574
660.8391608391609,7030.456852791878
660.8391608391609,6954.314720812183
666.083916083916,7487.309644670051
666.083916083916,7411.167512690356
666.083916083916,7335.02538071066
666.083916083916,7258.883248730965
666.083916083916,7182.741116751269
666.083916083916,7106.598984771574
671.3286713286714,7563.4517766497465
671.3286713286714,7487.309644670051
671.3286713286714,7411.167512690356
671.3286713286714,7335.02538071066
671.3286713286714,7258.883248730965
671.3286713286714,7182.741116751269
676.5734265734266,7639.593908629442
676.5734265734266,7563.4517766497465
676.5734265734266,7487.309644670051
676.5734265734266,7411.167512690356
676.5734265734266,7335.02538071066
676.5734265734266,7258.883248730965
681.8181818181819,7791.878172588833
681.8181818181819,7715.7360406091375
681.8181818181819,7639.593908629442
681.8181818181819,7563.4517766497465
681.8181818181819,7487.309644670051
681.8181818181819,7411.167512690356
681.8181818181819,7335.02538071066
687.0629370629371,7944.162436548224
687.0629370629371,7868.020304568528
687.0629370629371,7791.878172588833
687.0629370629371,7715.7360406091375
687.0629370629371,7639.593908629442
687.0629370629371,7563.4517766497465
687.0629370629371,7487.309644670051
687.0629370629371,7411.167512690356
692.3076923076923,8096.446700507614
692.3076923076923,8020.3045685279185
692.3076923076923,7944.162436548224
692.3076923076923,7868.020304568528
692.3076923076923,7791.878172588833
692.3076923076923,7715.7360406091375
692.3076923076923,7639.593908629442
692.3076923076923,7563.4517766497465
692.3076923076923,7487.309644670051
697.5524475524476,8248.730964467006
697.5524475524476,8172.588832487309
697.5524475524476,8096.446700507614
697.5524475524476,8020.3045685279185
697.5524475524476,7944.162436548224
697.5524475524476,7868.020304568528
697.5524475524476,7791.878172588833
697.5524475524476,7715.7360406091375
697.5524475524476,7639.593908629442
702.7972027972028,8324.8730964467
702.7972027972028,8248.730964467006
702.7972027972028,8172.588832487309
702.7972027972028,8096.446700507614
702.7972027972028,8020.3045685279185
702.7972027972028,7944.162436548224
702.7972027972028,7868.020304568528
702.7972027972028,7791.878172588833
702.7972027972028,7715.7360406091375
708.0419580419581,8401.015228426397
708.0419580419581,8324.8730964467
708.0419580419581,8248.730964467006
708.0419580419581,8172.588832487309
708.0419580419581,8096.446700507614
708.0419580419581,8020.3045685279185
708.0419580419581,7944.162436548224
708.0419580419581,7868.020304568528
713.2867132867133,8553.299492385788
713.2867132867133,8477.15736040609
713.2867132867133,8401.015228426397
713.2867132867133,8324.8730964467
713.2867132867133,8248.730964467006
713.2867132867133,8172.588832487309
713.2867132867133,8096.446700507614
713.2867132867133,8020.3045685279185
718.5314685314685,8629.441624365481
718.5314685314685,8553.299492385788
718.5314685314685,8477.15736040609
718.5314685314685,8401.015228426397
718.5314685314685,8324.8730964467
718.5314685314685,8248.730964467006
718.5314685314685,8172.588832487309
723.7762237762238,8705.583756345177
723.7762237762238,8629.441624365481
723.7762237762238,8553.299492385788
723.7762237762238,8477.15736040609
723.7762237762238,8401.015228426397
723.7762237762238,8324.8730964467
723.7762237762238,8248.730964467006
729.020979020979,8705.583756345177
729.020979020979,8629.441624365481
729.020979020979,8553.299492385788
729.020979020979,8477.15736040609
729.020979020979,8401.015228426397
734.2657342657343,8781.725888324872
734.2657342657343,8705.583756345177
734.2657342657343,8629.441624365481
734.2657342657343,8553.299492385788
734.2657342657343,8477.15736040609
739.5104895104895,8781.725888324872
739.5104895104895,8705.583756345177
739.5104895104895,8629.441624365481
739.5104895104895,8553.299492385788
739.5104895104895,8477.15736040609
739.5104895104895,8401.015228426397
744.7552447552448,8857.868020304568
744.7552447552448,8781.725888324872
744.7552447552448,8705.583756345177
744.7552447552448,8629.441624365481
744.7552447552448,8553.299492385788
744.7552447552448,8477.15736040609
750.0,8934.010152284263
750.0,8857.868020304568
750.0,8781.725888324872
750.0,8705.583756345177
750.0,8629.441624365481
750.0,8553.299492385788
755.2447552447552,9010.152284263959
755.2447552447552,8934.010152284263
755.2447552447552,8857.868020304568
755.2447552447552,8781.725888324872
755.2447552447552,8705.583756345177
755.2447552447552,8629.441624365481
755.2447552447552,8553.299492385788
760.4895104895105,9086.294416243654
760.4895104895105,9010.152284263959
760.4895104895105,8934.010152284263
760.4895104895105,8857.868020304568
760.4895104895105,8781.725888324872
760.4895104895105,8705.583756345177
760.4895104895105,8629.441624365481
765.7342657342657,9086.294416243654
765.7342657342657,9010.152284263959
765.7342657342657,8934.010152284263
765.7342657342657,8857.868020304568
765.7342657342657,8781.725888324872
770.979020979021,9162.43654822335
770.979020979021,9086.294416243654
770.979020979021,9010.152284263959
770.979020979021,8934.010152284263
770.979020979021,8857.868020304568
776.2237762237762,9162.43654822335
776.2237762237762,9086.294416243654
776.2237762237762,9010.152284263959
776.2237762237762,8934.010152284263
776.2237762237762,8857.868020304568
781.4685314685315,9086.294416243654
781.4685314685315,9010.152284263959
781.4685314685315,8934.010152284263
781.4685314685315,8857.868020304568
781.4685314685315,8781.725888324872
786.7132867132867,9086.294416243654
786.7132867132867,9010.152284263959
786.7132867132867,8934.010152284263
786.7132867132867,8857.868020304568
786.7132867132867,8781.725888324872
791.9580419580419,9086.294416243654
791.9580419580419,9010.152284263959
791.9580419580419,8934.010152284263
791.9580419580419,8857.868020304568
791.9580419580419,8781.725888324872
797.2027972027972,9086.294416243654
797.2027972027972,9010.152284263959
797.2027972027972,8934.010152284263
797.2027972027972,8857.868020304568
797.2027972027972,8781.725888324872
802.4475524475524,9086.294416243654
802.4475524475524,9010.152284263959
802.4475524475524,8934.010152284263
802.4475524475524,8857.868020304568
802.4475524475524,8781.725888324872
807.6923076923077,9086.294416243654
807.6923076923077,9010.152284263959
807.6923076923077,8934.010152284263
807.6923076923077,8857.868020304568
807.6923076923077,8781.725888324872
812.9370629370629,9010.152284263959
812.9370629370629,8934.010152284263
812.9370629370629,8857.868020304568
812.9370629370629,8781.725888324872
812.9370629370629,8705.583756345177
818.1818181818181,9010.152284263959
818.1818181818181,8934.010152284263
818.1818181818181,8857.868020304568
818.1818181818181,8781.725888324872
818.1818181818181,8705.583756345177
823.4265734265734,8934.010152284263
823.4265734265734,8857.868020304568
823.4265734265734,8781.725888324872
823.4265734265734,8705.583756345177
828.6713286713286,8934.010152284263
828.6713286713286,8857.868020304568
828.6713286713286,8781.725888324872
828.6713286713286,8705.583756345177
833.916083916084,8934.010152284263
833.916083916084,8857.868020304568
833.916083916084,8781.725888324872
833.916083916084,8705.583756345177
833.916083916084,8629.441624365481
839.1608391608391,8934.010152284263
839.1608391608391,8857.868020304568
839.1608391608391,8781.725888324872
839.1608391608391,8705.583756345177
839.1608391608391,8629.441624365481
844.4055944055945,8857.868020304568
844.4055944055945,8781.725888324872
844.4055944055945,8705.583756345177
844.4055944055945,8629.441624365481
844.4055944055945,8553.299492385788
849.6503496503497,8857.868020304568
849.6503496503497,8781.725888324872
849.6503496503497,8705.583756345177
849.6503496503497,8629.441624365481
849.6503496503497,8553.299492385788
854.8951048951049,8781.725888324872
854.8951048951049,8705.583756345177
854.8951048951049,8629.441624365481
854.8951048951049,8553.299492385788
860.1398601398602,8857.868020304568
860.1398601398602,8781.725888324872
860.1398601398602,8705.583756345177
860.1398601398602,8629.441624365481
860.1398601398602,8553.299492385788
865.3846153846154,8857.868020304568
865.3846153846154,8781.725888324872
865.3846153846154,8705.583756345177
865.3846153846154,8629.441624365481
865.3846153846154,8553.299492385788
870.6293706293707,8934.010152284263
870.6293706293707,8857.868020304568
870.6293706293707,8781.725888324872
870.6293706293707,8705.583756345177
870.6293706293707,8629.441624365481
870.6293706293707,8553.299492385788
875.8741258741259,9010.152284263959
875.8741258741259,8934.010152284263
875.8741258741259,8857.868020304568
875.8741258741259,8781.725888324872
875.8741258741259,8705.583756345177
875.8741258741259,8629.441624365481
881.1188811188811,9162.43654822335
881.1188811188811,9086.294416243654
881.1188811188811,9010.152284263959
881.1188811188811,8934.010152284263
881.1188811188811,8857.868020304568
881.1188811188811,8781.725888324872
881.1188811188811,8705.583756345177
881.1188811188811,8629.441624365481
886.3636363636364,9314.72081218274
886.3636363636364,9238.578680203045
886.3636363636364,9162.43654822335
886.3636363636364,9086.294416243654
886.3636363636364,9010.152284263959
886.3636363636364,8934.010152284263
886.3636363636364,8857.868020304568
886.3636363636364,8781.725888324872
886.3636363636364,8705.583756345177
891.6083916083916,9467.005076142132
891.6083916083916,9390.862944162436
891.6083916083916,9314.72081218274
891.6083916083916,9238.578680203045
891.6083916083916,9162.43654822335
891.6083916083916,9086.294416243654
891.6083916083916,9010.152284263959
891.6083916083916,8934.010152284263
891.6083916083916,8857.868020304568
891.6083916083916,8781.725888324872
896.8531468531469,9619.289340101523
896.8531468531469,9543.147208121827
896.8531468531469,9467.005076142132
896.8531468531469,9390.862944162436
896.8531468531469,9314.72081218274
896.8531468531469,9238.578680203045
896.8531468531469,9162.43654822335
896.8531468531469,9086.294416243654
896.8531468531469,9010.152284263959
896.8531468531469,8934.010152284263
902.0979020979021,9771.573604060914
902.0979020979021,9695.431472081218
902.0979020979021,9619.289340101523
902.0979020979021,9543.147208121827
902.0979020979021,9467.005076142132
902.0979020979021,9390.862944162436
902.0979020979021,9314.72081218274
902.0979020979021,9238.578680203045
902.0979020979021,9162.43654822335
902.0979020979021,9086.294416243654
907.3426573426574,9847.715736040609
907.3426573426574,9771.573604060914
907.3426573426574,9695.431472081218
907.3426573426574,9619.289340101523
907.3426573426574,9543.147208121827
907.3426573426574,9467.005076142132
907.3426573426574,9390.862944162436
907.3426573426574,9314.72081218274
907.3426573426574,9238.578680203045
912.5874125874126,10076.142131979695
912.5874125874126,10000.0
912.5874125874126,9923.857868020305
912.5874125874126,9847.715736040609
912.5874125874126,9771.573604060914
912.5874125874126,9695.431472081218
912.5874125874126,9619.289340101523
912.5874125874126,9543.147208121827
912.5874125874126,9467.005076142132
912.5874125874126,9390.862944162436
917.8321678321678,10228.426395939086
917.8321678321678,10152.284263959391
917.8321678321678,10076.142131979695
917.8321678321678,10000.0
917.8321678321678,9923.857868020305
917.8321678321678,9847.715736040609
917.8321678321678,9771.573604060914
917.8321678321678,9695.431472081218
917.8321678321678,9619.289340101523
917.8321678321678,9543.147208121827
923.0769230769231,10380.710659898477
923.0769230769231,10304.568527918782
923.0769230769231,10228.426395939086
923.0769230769231,10152.284263959391
923.0769230769231,10076.142131979695
923.0769230769231,10000.0
923.0769230769231,9923.857868020305
923.0769230769231,9847.715736040609
923.0769230769231,9771.573604060914
923.0769230769231,9695.431472081218
928.3216783216783,10609.137055837564
928.3216783216783,10532.994923857868
928.3216783216783,10456.852791878173
928.3216783216783,10380.710659898477
928.3216783216783,10304.568527918782
928.3216783216783,10228.426395939086
928.3216783216783,10152.284263959391
928.3216783216783,10076.142131979695
928.3216783216783,10000.0
928.3216783216783,9923.857868020305
928.3216783216783,9847.715736040609
933.5664335664336,10837.56345177665
933.5664335664336,10761.421319796955
933.5664335664336,10685.27918781726
933.5664335664336,10609.137055837564
933.5664335664336,10532.994923857868
933.5664335664336,10456.852791878173
933.5664335664336,10380.710659898477
933.5664335664336,10304.568527918782
933.5664335664336,10228.426395939086
933.5664335664336,10152.284263959391
933.5664335664336,10076.142131979695
933.5664335664336,10000.0
938.8111888111888,11142.131979695432
938.8111888111888,11065.989847715737
938.8111888111888,10989.847715736041
938.8111888111888,10913.705583756346
938.8111888111888,10837.56345177665
938.8111888111888,10761.421319796955
938.8111888111888,10685.27918781726
938.8111888111888,10609.137055837564
938.8111888111888,10532.994923857868
938.8111888111888,10456.852791878173
938.8111888111888,10380.710659898477
938.8111888111888,10304.568527918782
938.8111888111888,10228.426395939086
938.8111888111888,10152.284263959391
944.0559440559441,11294.416243654823
944.0559440559441,11218.274111675128
944.0559440559441,11142.131979695432
944.0559440559441,11065.989847715737
944.0559440559441,10989.847715736041
944.0559440559441,10913.705583756346
944.0559440559441,10837.56345177665
944.0559440559441,10761.421319796955
944.0559440559441,10685.27918781726
944.0559440559441,10609.137055837564
944.0559440559441,10532.994923857868
944.0559440559441,10456.852791878173
944.0559440559441,10380.710659898477
949.3006993006993,11446.700507614212
949.3006993006993,11370.558375634519
949.3006993006993,11294.416243654823
949.3006993006993,11218.274111675128
949.3006993006993,11142.131979695432
949.3006993006993,11065.989847715737
949.3006993006993,10989.847715736041
949.3006993006993,10913.705583756346
949.3006993006993,10837.56345177665
949.3006993006993,10761.421319796955
949.3006993006993,10685.27918781726
949.3006993006993,10609.137055837564
954.5454545454545,11598.984771573603
954.5454545454545,11522.84263959391
954.5454545454545,11446.700507614212
954.5454545454545,11370.558375634519
954.5454545454545,11294.416243654823
954.5454545454545,11218.274111675128
954.5454545454545,11142.131979695432
954.5454545454545,11065.989847715737
954.5454545454545,10989.847715736041
954.5454545454545,10913.705583756346
954.5454545454545,10837.56345177665
954.5454545454545,10761.421319796955
959.7902097902098,11751.269035532994
959.7902097902098,11675.1269035533
959.7902097902098,11598.984771573603
959.7902097902098,11522.84263959391
959.7902097902098,11446.700507614212
959.7902097902098,11370.558375634519
959.7902097902098,11294.416243654823
959.7902097902098,11218.274111675128
959.7902097902098,11142.131979695432
959.7902097902098,11065.989847715737
965.034965034965,11827.41116751269
965.034965034965,11751.269035532994
965.034965034965,11675.1269035533
965.034965034965,11598.984771573603
965.034965034965,11522.84263959391
965.034965034965,11446.700507614212
965.034965034965,11370.558375634519
965.034965034965,11294.416243654823
970.2797202797203,11903.553299492385
970.2797202797203,11827.41116751269
970.2797202797203,11751.269035532994
970.2797202797203,11675.1269035533
970.2797202797203,11598.984771573603
970.2797202797203,11522.84263959391
970.2797202797203,11446.700507614212
975.5244755244755,11979.69543147208
975.5244755244755,11903.553299492385
975.5244755244755,11827.41116751269
975.5244755244755,11751.269035532994
975.5244755244755,11675.1269035533
975.5244755244755,11598.984771573603
980.7692307692307,12055.837563451776
980.7692307692307,11979.69543147208
980.7692307692307,11903.553299492385
980.7692307692307,11827.41116751269
980.7692307692307,11751.269035532994
980.7692307692307,11675.1269035533
986.013986013986,12131.979695431472
986.013986013986,12055.837563451776
986.013986013986,11979.69543147208
986.013986013986,11903.553299492385
986.013986013986,11827.41116751269
986.013986013986,11751.269035532994
991.2587412587412,12131.979695431472
991.2587412587412,12055.837563451776
991.2587412587412,11979.69543147208
991.2587412587412,11903.553299492385
991.2587412587412,11827.41116751269
996.5034965034965,12208.121827411167
996.5034965034965,12131.979695431472
996.5034965034965,12055.837563451776
996.5034965034965,11979.69543147208
996.5034965034965,11903.553299492385
1001.7482517482517,12284.263959390863
1001.7482517482517,12208.121827411167
1001.7482517482517,12131.979695431472
1001.7482517482517,12055.837563451776
1001.7482517482517,11979.69543147208
1001.7482517482517,11903.553299492385
1006.993006993007,12360.406091370558
1006.993006993007,12284.263959390863
1006.993006993007,12208.121827411167
1006.993006993007,12131.979695431472
1006.993006993007,12055.837563451776
1006.993006993007,11979.69543147208
1012.2377622377622,12360.406091370558
1012.2377622377622,12284.263959390863
1012.2377622377622,12208.121827411167
1012.2377622377622,12131.979695431472
1012.2377622377622,12055.837563451776
1017.4825174825174,12512.690355329949
1017.4825174825174,12436.548223350253
1017.4825174825174,12360.406091370558
1017.4825174825174,12284.263959390863
1017.4825174825174,12208.121827411167
1017.4825174825174,12131.979695431472
1017.4825174825174,12055.837563451776
1022.7272727272727,12588.832487309644
1022.7272727272727,12512.690355329949
1022.7272727272727,12436.548223350253
1022.7272727272727,12360.406091370558
1022.7272727272727,12284.263959390863
1022.7272727272727,12208.121827411167
1022.7272727272727,12131.979695431472
1022.7272727272727,12055.837563451776
1027.972027972028,12741.116751269035
1027.972027972028,12664.97461928934
1027.972027972028,12588.832487309644
1027.972027972028,12512.690355329949
1027.972027972028,12436.548223350253
1027.972027972028,12360.406091370558
1027.972027972028,12284.263959390863
1027.972027972028,12208.121827411167
1033.2167832167831,13045.685279187817
1033.2167832167831,12969.543147208122
1033.2167832167831,12893.401015228426
1033.2167832167831,12817.25888324873
1033.2167832167831,12741.116751269035
1033.2167832167831,12664.97461928934
1033.2167832167831,12588.832487309644
1033.2167832167831,12512.690355329949
1033.2167832167831,12436.548223350253
1033.2167832167831,12360.406091370558
1033.2167832167831,12284.263959390863
1038.4615384615386,13274.111675126904
1038.4615384615386,13197.969543147208
1038.4615384615386,13121.827411167513
1038.4615384615386,13045.685279187817
1038.4615384615386,12969.543147208122
1038.4615384615386,12893.401015228426
1038.4615384615386,12817.25888324873
1038.4615384615386,12741.116751269035
1038.4615384615386,12664.97461928934
1038.4615384615386,12588.832487309644
1038.4615384615386,12512.690355329949
1038.4615384615386,12436.548223350253
1043.7062937062938,13578.680203045686
1043.7062937062938,13502.53807106599
1043.7062937062938,13426.395939086295
1043.7062937062938,13350.2538071066
1043.7062937062938,13274.111675126904
1043.7062937062938,13197.969543147208
1043.7062937062938,13121.827411167513
1043.7062937062938,13045.685279187817
1043.7062937062938,12969.543147208122
1043.7062937062938,12893.401015228426
1043.7062937062938,12817.25888324873
1043.7062937062938,12741.116751269035
1043.7062937062938,12664.97461928934
1043.7062937062938,12588.832487309644
1043.7062937062938,12512.690355329949
1048.951048951049,13883.248730964468
1048.951048951049,13807.106598984772
1048.951048951049,13730.964467005077
1048.951048951049,13654.822335025381
1048.951048951049,13578.680203045686
1048.951048951049,13502.53807106599
1048.951048951049,13426.395939086295
1048.951048951049,13350.2538071066
1048.951048951049,13274.111675126904
1048.951048951049,13197.969543147208
1048.951048951049,13121.827411167513
1048.951048951049,13045.685279187817
1048.951048951049,12969.543147208122
1048.951048951049,12893.401015228426
1048.951048951049,12817.25888324873
1048.951048951049,12741.116751269035
1054.1958041958042,14187.81725888325
1054.1958041958042,14111.675126903552
1054.1958041958042,14035.532994923858
1054.1958041958042,13959.390862944163
1054.1958041958042,13883.248730964468
1054.1958041958042,13807.106598984772
1054.1958041958042,13730.964467005077
1054.1958041958042,13654.822335025381
1054.1958041958042,13578.680203045686
1054.1958041958042,13502.53807106599
1054.1958041958042,13426.395939086295
1054.1958041958042,13350.2538071066
1054.1958041958042,13274.111675126904
1054.1958041958042,13197.969543147208
1054.1958041958042,13121.827411167513
1054.1958041958042,13045.685279187817
1054.1958041958042,12969.543147208122
1059.4405594405594,14416.243654822334
1059.4405594405594,14340.10152284264
1059.4405594405594,14263.959390862943
1059.4405594405594,14187.81725888325
1059.4405594405594,14111.675126903552
1059.4405594405594,14035.532994923858
1059.4405594405594,13959.390862944163
1059.4405594405594,13883.248730964468
1059.4405594405594,13807.106598984772
1059.4405594405594,13730.964467005077
1059.4405594405594,13654.822335025381
1059.4405594405594,13578.680203045686
1059.4405594405594,13502.53807106599
1059.4405594405594,13426.395939086295
1059.4405594405594,13350.2538071066
1059.4405594405594,13274.111675126904
1064.6853146853148,14720.812182741116
1064.6853146853148,14644.670050761422
1064.6853146853148,14568.527918781725
1064.6853146853148,14492.385786802031
1064.6853146853148,14416.243654822334
1064.6853146853148,14340.10152284264
1064.6853146853148,14263.959390862943
1064.6853146853148,14187.81725888325
1064.6853146853148,14111.675126903552
1064.6853146853148,14035.532994923858
1064.6853146853148,13959.390862944163
1064.6853146853148,13883.248730964468
1064.6853146853148,13807.106598984772
1064.6853146853148,13730.964467005077
1064.6853146853148,13654.822335025381
1064.6853146853148,13578.680203045686
1064.6853146853148,13502.53807106599
1069.93006993007,15101.522842639595
1069.93006993007,15025.380710659898
1069.93006993007,14949.238578680204
1069.93006993007,14873.096446700507
1069.93006993007,14796.954314720813
1069.93006993007,14720.812182741116
1069.93006993007,14644.670050761422
1069.93006993007,14568.527918781725
1069.93006993007,14492.385786802031
1069.93006993007,14416.243654822334
1069.93006993007,14340.10152284264
1069.93006993007,14263.959390862943
1069.93006993007,14187.81725888325
1069.93006993007,14111.675126903552
1069.93006993007,14035.532994923858
1069.93006993007,13959.390862944163
1069.93006993007,13883.248730964468
1069.93006993007,13807.106598984772
1075.1748251748252,15482.23350253807
1075.1748251748252,15406.091370558375
1075.1748251748252,15329.94923857868
1075.1748251748252,15253.807106598984
1075.1748251748252,15177.664974619289
1075.1748251748252,15101.522842639595
1075.1748251748252,15025.380710659898
1075.1748251748252,14949.238578680204
1075.1748251748252,14873.096446700507
1075.1748251748252,14796.954314720813
1075.1748251748252,14720.812182741116
1075.1748251748252,14644.670050761422
1075.1748251748252,14568.527918781725
1075.1748251748252,14492.385786802031
1075.1748251748252,14416.243654822334
1075.1748251748252,14340.10152284264
1075.1748251748252,14263.959390862943
1075.1748251748252,14187.81725888325
1075.1748251748252,14111.675126903552
1080.4195804195804,16015.22842639594
1080.4195804195804,15939.086294416244
1080.4195804195804,15862.944162436548
1080.4195804195804,15786.802030456853
1080.4195804195804,15710.659898477157
1080.4195804195804,15634.517766497462
1080.4195804195804,15558.375634517766
1080.4195804195804,15482.23350253807
1080.4195804195804,15406.091370558375
1080.4195804195804,15329.94923857868
1080.4195804195804,15253.807106598984
1080.4195804195804,15177.664974619289
1080.4195804195804,15101.522842639595
1080.4195804195804,15025.380710659898
1080.4195804195804,14949.238578680204
1080.4195804195804,14873.096446700507
1080.4195804195804,14796.954314720813
1080.4195804195804,14720.812182741116
1080.4195804195804,14644.670050761422
1080.4195804195804,14568.527918781725
1080.4195804195804,14492.385786802031
1080.4195804195804,14416.243654822334
1085.6643356643356,16624.3654822335
1085.6643356643356,16548.223350253807
1085.6643356643356,16472.081218274114
1085.6643356643356,16395.939086294416
1085.6643356643356,16319.796954314721
1085.6643356643356,16243.654822335026
1085.6643356643356,16167.51269035533
1085.6643356643356,16091.370558375635
1085.6643356643356,16015.22842639594
1085.6643356643356,15939.086294416244
1085.6643356643356,15862.944162436548
1085.6643356643356,15786.802030456853
1085.6643356643356,15710.659898477157
1085.6643356643356,15634.517766497462
1085.6643356643356,15558.375634517766
1085.6643356643356,15482.23350253807
1085.6643356643356,15406.091370558375
1085.6643356643356,15329.94923857868
1085.6643356643356,15253.807106598984
1085.6643356643356,15177.664974619289
1085.6643356643356,15101.522842639595
1085.6643356643356,15025.380710659898
1085.6643356643356,14949.238578680204
1085.6643356643356,14873.096446700507
1085.6643356643356,14796.954314720813
1085.6643356643356,14720.812182741116
1085.6643356643356,14644.670050761422
1090.909090909091,17309.644670050762
1090.909090909091,17233.502538071065
1090.909090909091,17157.36040609137
1090.909090909091,17081.218274111674
1090.909090909091,17005.07614213198
1090.909090909091,16928.934010152283
1090.909090909091,16852.79187817259
1090.909090909091,16776.649746192892
1090.909090909091,16700.5076142132
1090.909090909091,16624.3654822335
1090.909090909091,16548.223350253807
1090.909090909091,16472.081218274114
1090.909090909091,16395.939086294416
1090.909090909091,16319.796954314721
1090.909090909091,16243.654822335026
1090.909090909091,16167.51269035533
1090.909090909091,16091.370558375635
1090.909090909091,16015.22842639594
1090.909090909091,15939.086294416244
1090.909090909091,15862.944162436548
1090.909090909091,15786.802030456853
1090.909090909091,15710.659898477157
1090.909090909091,15634.517766497462
1090.909090909091,15558.375634517766
1090.909090909091,15482.23350253807
1090.909090909091,15406.091370558375
1090.909090909091,15329.94923857868
1090.909090909091,15253.807106598984
1090.909090909091,15177.664974619289
1090.909090909091,15101.522842639595
1090.909090909091,15025.380710659898
1096.1538461538462,17994.92385786802
1096.1538461538462,17918.781725888326
1096.1538461538462,17842.63959390863
1096.1538461538462,17766.497461928935
1096.1538461538462,17690.355329949238
1096.1538461538462,17614.213197969544
1096.1538461538462,17538.071065989847
1096.1538461538462,17461.928934010153
1096.1538461538462,17385.786802030456
1096.1538461538462,17309.644670050762
1096.1538461538462,17233.502538071065
1096.1538461538462,17157.36040609137
1096.1538461538462,17081.218274111674
1096.1538461538462,17005.07614213198
1096.1538461538462,16928.934010152283
1096.1538461538462,16852.79187817259
1096.1538461538462,16776.649746192892
1096.1538461538462,16700.5076142132
1096.1538461538462,16624.3654822335
1096.1538461538462,16548.223350253807
1096.1538461538462,16472.081218274114
1096.1538461538462,16395.939086294416
1096.1538461538462,16319.796954314721
1096.1538461538462,16243.654822335026
1096.1538461538462,16167.51269035533
1096.1538461538462,16091.370558375635
1096.1538461538462,16015.22842639594
1096.1538461538462,15939.086294416244
1096.1538461538462,15862.944162436548
1096.1538461538462,15786.802030456853
1096.1538461538462,15710.659898477157
1096.1538461538462,15634.517766497462
1096.1538461538462,15558.375634517766
1096.1538461538462,15482.23350253807
1096.1538461538462,15406.091370558375
1101.3986013986014,18756.345177664974
1101.3986013986014,18680.20304568528
1101.3986013986014,18604.060913705584
1101.3986013986014,18527.918781725886
1101.3986013986014,18451.776649746193
1101.3986013986014,18375.6345177665
1101.3986013986014,18299.4923857868
1101.3986013986014,18223.350253807104
1101.3986013986014,18147.20812182741
1101.3986013986014,18071.065989847717
1101.3986013986014,17994.92385786802
1101.3986013986014,17918.781725888326
1101.3986013986014,17842.63959390863
1101.3986013986014,17766.497461928935
1101.3986013986014,17690.355329949238
1101.3986013986014,17614.213197969544
1101.3986013986014,17538.071065989847
1101.3986013986014,17461.928934010153
1101.3986013986014,17385.786802030456
1101.3986013986014,17309.644670050762
1101.3986013986014,17233.502538071065
1101.3986013986014,17157.36040609137
1101.3986013986014,17081.218274111674
1101.3986013986014,17005.07614213198
1101.3986013986014,16928.934010152283
1101.3986013986014,16852.79187817259
1101.3986013986014,16776.649746192892
1101.3986013986014,16700.5076142132
1101.3986013986014,16624.3654822335
1101.3986013986014,16548.223350253807
1101.3986013986014,16472.081218274114
1101.3986013986014,16395.939086294416
1101.3986013986014,16319.796954314721
1101.3986013986014,16243.654822335026
1101.3986013986014,16167.51269035533
1101.3986013986014,16091.370558375635
1101.3986013986014,16015.22842639594
1101.3986013986014,15939.086294416244
1106.6433566433566,19517.76649746193
1106.6433566433566,19441.624365482232
1106.6433566433566,19365.48223350254
1106.6433566433566,19289.340101522845
1106.6433566433566,19213.197969543147
1106.6433566433566,19137.05583756345
1106.6433566433566,19060.913705583756
1106.6433566433566,18984.771573604063
1106.6433566433566,18908.629441624365
1106.6433566433566,18832.487309644668
1106.6433566433566,18756.345177664974
1106.6433566433566,18680.20304568528
1106.6433566433566,18604.060913705584
1106.6433566433566,18527.918781725886
1106.6433566433566,18451.776649746193
1106.6433566433566,18375.6345177665
1106.6433566433566,18299.4923857868
1106.6433566433566,18223.350253807104
1106.6433566433566,18147.20812182741
1106.6433566433566,18071.065989847717
1106.6433566433566,17994.92385786802
1106.6433566433566,17918.781725888326
1106.6433566433566,17842.63959390863
1106.6433566433566,17766.497461928935
1106.6433566433566,17690.355329949238
1106.6433566433566,17614.213197969544
1106.6433566433566,17538.071065989847
1106.6433566433566,17461.928934010153
1106.6433566433566,17385.786802030456
1106.6433566433566,17309.644670050762
1106.6433566433566,17233.502538071065
1106.6433566433566,17157.36040609137
1106.6433566433566,17081.218274111674
1106.6433566433566,17005.07614213198
1106.6433566433566,16928.934010152283
1106.6433566433566,16852.79187817259
1106.6433566433566,16776.649746192892
1106.6433566433566,16700.5076142132
1106.6433566433566,16624.3654822335
1106.6433566433566,16548.223350253807
1111.8881118881118,20050.761421319796
1111.8881118881118,19974.619289340102
1111.8881118881118,19898.47715736041
1111.8881118881118,19822.33502538071
1111.8881118881118,19746.192893401014
1111.8881118881118,19670.05076142132
1111.8881118881118,19593.908629441627
1111.8881118881118,19517.76649746193
1111.8881118881118,19441.624365482232
1111.8881118881118,19365.48223350254
1111.8881118881118,19289.340101522845
1111.8881118881118,19213.197969543147
1111.8881118881118,19137.05583756345
1111.8881118881118,19060.913705583756
1111.8881118881118,18984.771573604063
1111.8881118881118,18908.629441624365
1111.8881118881118,18832.487309644668
1111.8881118881118,18756.345177664974
1111.8881118881118,18680.20304568528
1111.8881118881118,18604.060913705584
1111.8881118881118,18527.918781725886
1111.8881118881118,18451.776649746193
1111.8881118881118,18375.6345177665
1111.8881118881118,18299.4923857868
1111.8881118881118,18223.350253807104
1111.8881118881118,18147.20812182741
1111.8881118881118,18071.065989847717
1111.8881118881118,17994.92385786802
1111.8881118881118,17918.781725888326
1111.8881118881118,17842.63959390863
1111.8881118881118,17766.497461928935
1111.8881118881118,17690.355329949238
1111.8881118881118,17614.213197969544
1111.8881118881118,17538.071065989847
1111.8881118881118,17461.928934010153
1111.8881118881118,17385.786802030456
1111.8881118881118,17309.644670050762
1111.8881118881118,17233.502538071065
1111.8881118881118,17157.36040609137
1117.1328671328672,20507.61421319797
1117.1328671328672,20431.472081218275
1117.1328671328672,20355.329949238578
1117.1328671328672,20279.187817258884
1117.1328671328672,20203.04568527919
1117.1328671328672,20126.903553299493
1117.1328671328672,20050.761421319796
1117.1328671328672,19974.619289340102
1117.1328671328672,19898.47715736041
1117.1328671328672,19822.33502538071
1117.1328671328672,19746.192893401014
1117.1328671328672,19670.05076142132
1117.1328671328672,19593.908629441627
1117.1328671328672,19517.76649746193
1117.1328671328672,19441.624365482232
1117.1328671328672,19365.48223350254
1117.1328671328672,19289.340101522845
1117.1328671328672,19213.197969543147
1117.1328671328672,19137.05583756345
1117.1328671328672,19060.913705583756
1117.1328671328672,18984.771573604063
1117.1328671328672,18908.629441624365
1117.1328671328672,18832.487309644668
1117.1328671328672,18756.345177664974
1117.1328671328672,18680.20304568528
1117.1328671328672,18604.060913705584
1117.1328671328672,18527.918781725886
1117.1328671328672,18451.776649746193
1117.1328671328672,18375.6345177665
1117.1328671328672,18299.4923857868
1117.1328671328672,18223.350253807104
1117.1328671328672,18147.20812182741
1117.1328671328672,18071.065989847717
1117.1328671328672,17994.92385786802
1117.1328671328672,17918.781725888326
1117.1328671328672,17842.63959390863
1122.3776223776224,20812.18274111675
1122.3776223776224,20736.040609137053
1122.3776223776224,20659.89847715736
1122.3776223776224,20583.756345177666
1122.3776223776224,20507.61421319797
1122.3776223776224,20431.472081218275
1122.3776223776224,20355.329949238578
1122.3776223776224,20279.187817258884
1122.3776223776224,20203.04568527919
1122.3776223776224,20126.903553299493
1122.3776223776224,20050.761421319796
1122.3776223776224,19974.619289340102
1122.3776223776224,19898.47715736041
1122.3776223776224,19822.33502538071
1122.3776223776224,19746.192893401014
1122.3776223776224,19670.05076142132
1122.3776223776224,19593.908629441627
1122.3776223776224,19517.76649746193
1122.3776223776224,19441.624365482232
1122.3776223776224,19365.48223350254
1122.3776223776224,19289.340101522845
1122.3776223776224,19213.197969543147
1122.3776223776224,19137.05583756345
1122.3776223776224,19060.913705583756
1122.3776223776224,18984.771573604063
1122.3776223776224,18908.629441624365
1122.3776223776224,18832.487309644668
1122.3776223776224,18756.345177664974
1122.3776223776224,18680.20304568528
1122.3776223776224,18604.060913705584
1127.6223776223776,21040.609137055835
1127.6223776223776,20964.46700507614
1127.6223776223776,20888.324873096448
1127.6223776223776,20812.18274111675
1127.6223776223776,20736.040609137053
1127.6223776223776,20659.89847715736
1127.6223776223776,20583.756345177666
1127.6223776223776,20507.61421319797
1127.6223776223776,20431.472081218275
1127.6223776223776,20355.329949238578
1127.6223776223776,20279.187817258884
1127.6223776223776,20203.04568527919
1127.6223776223776,20126.903553299493
1127.6223776223776,20050.761421319796
1127.6223776223776,19974.619289340102
1127.6223776223776,19898.47715736041
1127.6223776223776,19822.33502538071
1127.6223776223776,19746.192893401014
1127.6223776223776,19670.05076142132
1127.6223776223776,19593.908629441627
1127.6223776223776,19517.76649746193
1127.6223776223776,19441.624365482232
1127.6223776223776,19365.48223350254
1132.8671328671328,21345.177664974617
1132.8671328671328,21269.035532994923
1132.8671328671328,21192.89340101523
1132.8671328671328,21116.751269035532
1132.8671328671328,21040.609137055835
1132.8671328671328,20964.46700507614
1132.8671328671328,20888.324873096448
1132.8671328671328,20812.18274111675
1132.8671328671328,20736.040609137053
1132.8671328671328,20659.89847715736
1132.8671328671328,20583.756345177666
1132.8671328671328,20507.61421319797
1132.8671328671328,20431.472081218275
1132.8671328671328,20355.329949238578
1132.8671328671328,20279.187817258884
1132.8671328671328,20203.04568527919
1132.8671328671328,20126.903553299493
1132.8671328671328,20050.761421319796
1132.8671328671328,19974.619289340102
1138.1118881118882,21802.030456852794
1138.1118881118882,21725.888324873096
1138.1118881118882,21649.7461928934
1138.1118881118882,21573.604060913705
1138.1118881118882,21497.46192893401
1138.1118881118882,21421.319796954314
1138.1118881118882,21345.177664974617
1138.1118881118882,21269.035532994923
1138.1118881118882,21192.89340101523
1138.1118881118882,21116.751269035532
1138.1118881118882,21040.609137055835
1138.1118881118882,20964.46700507614
1138.1118881118882,20888.324873096448
1138.1118881118882,20812.18274111675
1138.1118881118882,20736.040609137053
1138.1118881118882,20659.89847715736
1138.1118881118882,20583.756345177666
1138.1118881118882,20507.61421319797
1138.1118881118882,20431.472081218275
1143.3566433566434,21954.31472081218
1143.3566433566434,21878.172588832487
1143.3566433566434,21802.030456852794
1143.3566433566434,21725.888324873096
1143.3566433566434,21649.7461928934
1143.3566433566434,21573.604060913705
1143.3566433566434,21497.46192893401
1143.3566433566434,21421.319796954314
1143.3566433566434,21345.177664974617
1143.3566433566434,21269.035532994923
1143.3566433566434,21192.89340101523
1143.3566433566434,21116.751269035532
1143.3566433566434,21040.609137055835
1143.3566433566434,20964.46700507614
1143.3566433566434,20888.324873096448
1143.3566433566434,20812.18274111675
1148.6013986013986,22030.45685279188
1148.6013986013986,21954.31472081218
1148.6013986013986,21878.172588832487
1148.6013986013986,21802.030456852794
1148.6013986013986,21725.888324873096
1148.6013986013986,21649.7461928934
1148.6013986013986,21573.604060913705
1148.6013986013986,21497.46192893401
1148.6013986013986,21421.319796954314
1148.6013986013986,21345.177664974617
1148.6013986013986,21269.035532994923
1148.6013986013986,21192.89340101523
1148.6013986013986,21116.751269035532
1148.6013986013986,21040.609137055835
1153.8461538461538,22030.45685279188
1153.8461538461538,21954.31472081218
1153.8461538461538,21878.172588832487
1153.8461538461538,21802.030456852794
1153.8461538461538,21725.888324873096
1153.8461538461538,21649.7461928934
1153.8461538461538,21573.604060913705
1153.8461538461538,21497.46192893401
1153.8461538461538,21421.319796954314
1153.8461538461538,21345.177664974617
1153.8461538461538,21269.035532994923
1153.8461538461538,21192.89340101523
1153.8461538461538,21116.751269035532
1153.8461538461538,21040.609137055835
1153.8461538461538,20964.46700507614
1159.090909090909,21954.31472081218
1159.090909090909,21878.172588832487
1159.090909090909,21802.030456852794
1159.090909090909,21725.888324873096
1159.090909090909,21649.7461928934
1159.090909090909,21573.604060913705
1159.090909090909,21497.46192893401
1159.090909090909,21421.319796954314
1159.090909090909,21345.177664974617
1159.090909090909,21269.035532994923
1159.090909090909,21192.89340101523
1159.090909090909,21116.751269035532
1159.090909090909,21040.609137055835
1159.090909090909,20964.46700507614
1159.090909090909,20888.324873096448
1159.090909090909,20812.18274111675
1159.090909090909,20736.040609137053
1159.090909090909,20659.89847715736
1159.090909090909,20583.756345177666
1159.090909090909,20507.61421319797
1159.090909090909,20431.472081218275
1164.3356643356644,21878.172588832487
1164.3356643356644,21802.030456852794
1164.3356643356644,21725.888324873096
1164.3356643356644,21649.7461928934
1164.3356643356644,21573.604060913705
1164.3356643356644,21497.46192893401
1164.3356643356644,21421.319796954314
1164.3356643356644,21345.177664974617
1164.3356643356644,21269.035532994923
1164.3356643356644,21192.89340101523
1164.3356643356644,21116.751269035532
1164.3356643356644,21040.609137055835
1164.3356643356644,20964.46700507614
1164.3356643356644,20888.324873096448
1164.3356643356644,20812.18274111675
1164.3356643356644,20736.040609137053
1164.3356643356644,20659.89847715736
1164.3356643356644,20583.756345177666
1164.3356643356644,20507.61421319797
1164.3356643356644,20431.472081218275
1164.3356643356644,20355.329949238578
1164.3356643356644,20279.187817258884
1164.3356643356644,20203.04568527919
1164.3356643356644,20126.903553299493
1164.3356643356644,20050.761421319796
1169.5804195804196,21573.604060913705
1169.5804195804196,21497.46192893401
1169.5804195804196,21421.319796954314
1169.5804195804196,21345.177664974617
1169.5804195804196,21269.035532994923
1169.5804195804196,21192.89340101523
1169.5804195804196,21116.751269035532
1169.5804195804196,21040.609137055835
1169.5804195804196,20964.46700507614
1169.5804195804196,20888.324873096448
1169.5804195804196,20812.18274111675
1169.5804195804196,20736.040609137053
1169.5804195804196,20659.89847715736
1169.5804195804196,20583.756345177666
1169.5804195804196,20507.61421319797
1169.5804195804196,20431.472081218275
1169.5804195804196,20355.329949238578
1169.5804195804196,20279.187817258884
1169.5804195804196,20203.04568527919
1169.5804195804196,20126.903553299493
1169.5804195804196,20050.761421319796
1169.5804195804196,19974.619289340102
1169.5804195804196,19898.47715736041
1169.5804195804196,19822.33502538071
1169.5804195804196,19746.192893401014
1174.8251748251748,21040.609137055835
1174.8251748251748,20964.46700507614
1174.8251748251748,20888.324873096448
1174.8251748251748,20812.18274111675
1174.8251748251748,20736.040609137053
1174.8251748251748,20659.89847715736
1174.8251748251748,20583.756345177666
1174.8251748251748,20507.61421319797
1174.8251748251748,20431.472081218275
1174.8251748251748,20355.329949238578
1174.8251748251748,20279.187817258884
1174.8251748251748,20203.04568527919
1174.8251748251748,20126.903553299493
1174.8251748251748,20050.761421319796
1174.8251748251748,19974.619289340102
1174.8251748251748,19898.47715736041
1174.8251748251748,19822.33502538071
1174.8251748251748,19746.192893401014
1174.8251748251748,19670.05076142132
1174.8251748251748,19593.908629441627
1174.8251748251748,19517.76649746193
1180.06993006993,20507.61421319797
1180.06993006993,20431.472081218275
1180.06993006993,20355.329949238578
1180.06993006993,20279.187817258884
1180.06993006993,20203.04568527919
1180.06993006993,20126.903553299493
1180.06993006993,20050.761421319796
1180.06993006993,19974.619289340102
1180.06993006993,19898.47715736041
1180.06993006993,19822.33502538071
1180.06993006993,19746.192893401014
1180.06993006993,19670.05076142132
1180.06993006993,19593.908629441627
1180.06993006993,19517.76649746193
1180.06993006993,19441.624365482232
1185.3146853146852,20126.903553299493
1185.3146853146852,20050.761421319796
1185.3146853146852,19974.619289340102
1185.3146853146852,19898.47715736041
1185.3146853146852,19822.33502538071
1185.3146853146852,19746.192893401014
1185.3146853146852,19670.05076142132
1185.3146853146852,19593.908629441627
1185.3146853146852,19517.76649746193
1185.3146853146852,19441.624365482232
1185.3146853146852,19365.48223350254
1190.5594405594406,19822.33502538071
1190.5594405594406,19746.192893401014
1190.5594405594406,19670.05076142132
1190.5594405594406,19593.908629441627
1190.5594405594406,19517.76649746193
1190.5594405594406,19441.624365482232
1190.5594405594406,19365.48223350254
1190.5594405594406,19289.340101522845
1195.8041958041958,19670.05076142132
1195.8041958041958,19593.908629441627
1195.8041958041958,19517.76649746193
1195.8041958041958,19441.624365482232
1195.8041958041958,19365.48223350254
1195.8041958041958,19289.340101522845
1201.048951048951,20050.761421319796
1201.048951048951,19974.619289340102
1201.048951048951,19898.47715736041
1201.048951048951,19822.33502538071
1201.048951048951,19746.192893401014
1201.048951048951,19670.05076142132
1201.048951048951,19593.908629441627
1201.048951048951,19517.76649746193
1201.048951048951,19441.624365482232
1201.048951048951,19365.48223350254
1201.048951048951,19289.340101522845
1206.2937062937062,20507.61421319797
1206.2937062937062,20431.472081218275
1206.2937062937062,20355.329949238578
1206.2937062937062,20279.187817258884
1206.2937062937062,20203.04568527919
1206.2937062937062,20126.903553299493
1206.2937062937062,20050.761421319796
1206.2937062937062,19974.619289340102
1206.2937062937062,19898.47715736041
1206.2937062937062,19822.33502538071
1206.2937062937062,19746.192893401014
1206.2937062937062,19670.05076142132
1206.2937062937062,19593.908629441627
1206.2937062937062,19517.76649746193
1206.2937062937062,19441.624365482232
1206.2937062937062,19365.48223350254
1206.2937062937062,19289.340101522845
1211.5384615384614,21116.751269035532
1211.5384615384614,21040.609137055835
1211.5384615384614,20964.46700507614
1211.5384615384614,20888.324873096448
1211.5384615384614,20812.18274111675
1211.5384615384614,20736.040609137053
1211.5384615384614,20659.89847715736
1211.5384615384614,20583.756345177666
1211.5384615384614,20507.61421319797
1211.5384615384614,20431.472081218275
1211.5384615384614,20355.329949238578
1211.5384615384614,20279.187817258884
1211.5384615384614,20203.04568527919
1211.5384615384614,20126.903553299493
1211.5384615384614,20050.761421319796
1211.5384615384614,19974.619289340102
1211.5384615384614,19898.47715736041
1211.5384615384614,19822.33502538071
1211.5384615384614,19746.192893401014
1211.5384615384614,19670.05076142132
1211.5384615384614,19593.908629441627
1211.5384615384614,19517.76649746193
1211.5384615384614,19441.624365482232
1216.7832167832169,21725.888324873096
1216.7832167832169,21649.7461928934
1216.7832167832169,21573.604060913705
1216.7832167832169,21497.46192893401
1216.7832167832169,21421.319796954314
1216.7832167832169,21345.177664974617
1216.7832167832169,21269.035532994923
1216.7832167832169,21192.89340101523
1216.7832167832169,21116.751269035532
1216.7832167832169,21040.609137055835
1216.7832167832169,20964.46700507614
1216.7832167832169,20888.324873096448
1216.7832167832169,20812.18274111675
1216.7832167832169,20736.040609137053
1216.7832167832169,20659.89847715736
1216.7832167832169,20583.756345177666
1216.7832167832169,20507.61421319797
1216.7832167832169,20431.472081218275
1216.7832167832169,20355.329949238578
1216.7832167832169,20279.187817258884
1216.7832167832169,20203.04568527919
1216.7832167832169,20126.903553299493
1216.7832167832169,20050.761421319796
1216.7832167832169,19974.619289340102
1216.7832167832169,19898.47715736041
1216.7832167832169,19822.33502538071
1216.7832167832169,19746.192893401014
1216.7832167832169,19670.05076142132
1216.7832167832169,19593.908629441627
1222.027972027972,22335.02538071066
1222.027972027972,22258.883248730963
1222.027972027972,22182.74111675127
1222.027972027972,22106.598984771575
1222.027972027972,22030.45685279188
1222.027972027972,21954.31472081218
1222.027972027972,21878.172588832487
1222.027972027972,21802.030456852794
1222.027972027972,21725.888324873096
1222.027972027972,21649.7461928934
1222.027972027972,21573.604060913705
1222.027972027972,21497.46192893401
1222.027972027972,21421.319796954314
1222.027972027972,21345.177664974617
1222.027972027972,21269.035532994923
1222.027972027972,21192.89340101523
1222.027972027972,21116.751269035532
1222.027972027972,21040.609137055835
1222.027972027972,20964.46700507614
1222.027972027972,20888.324873096448
1222.027972027972,20812.18274111675
1222.027972027972,20736.040609137053
1222.027972027972,20659.89847715736
1222.027972027972,20583.756345177666
1222.027972027972,20507.61421319797
1222.027972027972,20431.472081218275
1222.027972027972,20355.329949238578
1222.027972027972,20279.187817258884
1222.027972027972,20203.04568527919
1222.027972027972,20126.903553299493
1222.027972027972,20050.761421319796
1222.027972027972,19974.619289340102
1227.2727272727273,22944.162436548224
1227.2727272727273,22868.020304568527
1227.2727272727273,22791.878172588833
1227.2727272727273,22715.73604060914
1227.2727272727273,22639.593908629442
1227.2727272727273,22563.451776649745
1227.2727272727273,22487.30964467005
1227.2727272727273,22411.167512690357
1227.2727272727273,22335.02538071066
1227.2727272727273,22258.883248730963
1227.2727272727273,22182.74111675127
1227.2727272727273,22106.598984771575
1227.2727272727273,22030.45685279188
1227.2727272727273,21954.31472081218
1227.2727272727273,21878.172588832487
1227.2727272727273,21802.030456852794
1227.2727272727273,21725.888324873096
1227.2727272727273,21649.7461928934
1227.2727272727273,21573.604060913705
1227.2727272727273,21497.46192893401
1227.2727272727273,21421.319796954314
1227.2727272727273,21345.177664974617
1227.2727272727273,21269.035532994923
1227.2727272727273,21192.89340101523
1227.2727272727273,21116.751269035532
1227.2727272727273,21040.609137055835
1227.2727272727273,20964.46700507614
1227.2727272727273,20888.324873096448
1227.2727272727273,20812.18274111675
1227.2727272727273,20736.040609137053
1227.2727272727273,20659.89847715736
1227.2727272727273,20583.756345177666
1227.2727272727273,20507.61421319797
1227.2727272727273,20431.472081218275
1232.5174825174824,23401.015228426397
1232.5174825174824,23324.873096446703
1232.5174825174824,23248.730964467006
1232.5174825174824,23172.58883248731
1232.5174825174824,23096.446700507615
1232.5174825174824,23020.30456852792
1232.5174825174824,22944.162436548224
1232.5174825174824,22868.020304568527
1232.5174825174824,22791.878172588833
1232.5174825174824,22715.73604060914
1232.5174825174824,22639.593908629442
1232.5174825174824,22563.451776649745
1232.5174825174824,22487.30964467005
1232.5174825174824,22411.167512690357
1232.5174825174824,22335.02538071066
1232.5174825174824,22258.883248730963
1232.5174825174824,22182.74111675127
1232.5174825174824,22106.598984771575
1232.5174825174824,22030.45685279188
1232.5174825174824,21954.31472081218
1232.5174825174824,21878.172588832487
1232.5174825174824,21802.030456852794
1232.5174825174824,21725.888324873096
1232.5174825174824,21649.7461928934
1232.5174825174824,21573.604060913705
1232.5174825174824,21497.46192893401
1232.5174825174824,21421.319796954314
1232.5174825174824,21345.177664974617
1232.5174825174824,21269.035532994923
1232.5174825174824,21192.89340101523
1232.5174825174824,21116.751269035532
1232.5174825174824,21040.609137055835
1237.7622377622379,23781.725888324872
1237.7622377622379,23705.58375634518
1237.7622377622379,23629.44162436548
1237.7622377622379,23553.299492385784
1237.7622377622379,23477.15736040609
1237.7622377622379,23401.015228426397
1237.7622377622379,23324.873096446703
1237.7622377622379,23248.730964467006
1237.7622377622379,23172.58883248731
1237.7622377622379,23096.446700507615
1237.7622377622379,23020.30456852792
1237.7622377622379,22944.162436548224
1237.7622377622379,22868.020304568527
1237.7622377622379,22791.878172588833
1237.7622377622379,22715.73604060914
1237.7622377622379,22639.593908629442
1237.7622377622379,22563.451776649745
1237.7622377622379,22487.30964467005
1237.7622377622379,22411.167512690357
1237.7622377622379,22335.02538071066
1237.7622377622379,22258.883248730963
1237.7622377622379,22182.74111675127
1237.7622377622379,22106.598984771575
1237.7622377622379,22030.45685279188
1237.7622377622379,21954.31472081218
1237.7622377622379,21878.172588832487
1237.7622377622379,21802.030456852794
1237.7622377622379,21725.888324873096
1237.7622377622379,21649.7461928934
1243.006993006993,24086.294416243654
1243.006993006993,24010.15228426396
1243.006993006993,23934.010152284263
1243.006993006993,23857.868020304566
1243.006993006993,23781.725888324872
1243.006993006993,23705.58375634518
1243.006993006993,23629.44162436548
1243.006993006993,23553.299492385784
1243.006993006993,23477.15736040609
1243.006993006993,23401.015228426397
1243.006993006993,23324.873096446703
1243.006993006993,23248.730964467006
1243.006993006993,23172.58883248731
1243.006993006993,23096.446700507615
1243.006993006993,23020.30456852792
1243.006993006993,22944.162436548224
1243.006993006993,22868.020304568527
1243.006993006993,22791.878172588833
1243.006993006993,22715.73604060914
1243.006993006993,22639.593908629442
1243.006993006993,22563.451776649745
1243.006993006993,22487.30964467005
1243.006993006993,22411.167512690357
1243.006993006993,22335.02538071066
1243.006993006993,22258.883248730963
1248.2517482517483,24467.00507614213
1248.2517482517483,24390.862944162436
1248.2517482517483,24314.720812182743
1248.2517482517483,24238.578680203045
1248.2517482517483,24162.436548223348
1248.2517482517483,24086.294416243654
1248.2517482517483,24010.15228426396
1248.2517482517483,23934.010152284263
1248.2517482517483,23857.868020304566
1248.2517482517483,23781.725888324872
1248.2517482517483,23705.58375634518
1248.2517482517483,23629.44162436548
1248.2517482517483,23553.299492385784
1248.2517482517483,23477.15736040609
1248.2517482517483,23401.015228426397
1248.2517482517483,23324.873096446703
1248.2517482517483,23248.730964467006
1248.2517482517483,23172.58883248731
1248.2517482517483,23096.446700507615
1248.2517482517483,23020.30456852792
1248.2517482517483,22944.162436548224
1248.2517482517483,22868.020304568527
1253.4965034965035,25000.0
1253.4965034965035,24923.857868020306
1253.4965034965035,24847.71573604061
1253.4965034965035,24771.57360406091
1253.4965034965035,24695.431472081218
1253.4965034965035,24619.289340101524
1253.4965034965035,24543.147208121827
1253.4965034965035,24467.00507614213
1253.4965034965035,24390.862944162436
1253.4965034965035,24314.720812182743
1253.4965034965035,24238.578680203045
1253.4965034965035,24162.436548223348
1253.4965034965035,24086.294416243654
1253.4965034965035,24010.15228426396
1253.4965034965035,23934.010152284263
1253.4965034965035,23857.868020304566
1253.4965034965035,23781.725888324872
1253.4965034965035,23705.58375634518
1253.4965034965035,23629.44162436548
1253.4965034965035,23553.299492385784
1253.4965034965035,23477.15736040609
1253.4965034965035,23401.015228426397
1253.4965034965035,23324.873096446703
1258.7412587412587,25532.99492385787
1258.7412587412587,25456.852791878173
1258.7412587412587,25380.710659898476
1258.7412587412587,25304.568527918782
1258.7412587412587,25228.42639593909
1258.7412587412587,25152.28426395939
1258.7412587412587,25076.142131979694
1258.7412587412587,25000.0
1258.7412587412587,24923.857868020306
1258.7412587412587,24847.71573604061
1258.7412587412587,24771.57360406091
1258.7412587412587,24695.431472081218
1258.7412587412587,24619.289340101524
1258.7412587412587,24543.147208121827
1258.7412587412587,24467.00507614213
1258.7412587412587,24390.862944162436
1258.7412587412587,24314.720812182743
1258.7412587412587,24238.578680203045
1258.7412587412587,24162.436548223348
1258.7412587412587,24086.294416243654
1258.7412587412587,24010.15228426396
1258.7412587412587,23934.010152284263
1258.7412587412587,23857.868020304566
1258.7412587412587,23781.725888324872
1258.7412587412587,23705.58375634518
1263.986013986014,26142.131979695434
1263.986013986014,26065.989847715737
1263.986013986014,25989.84771573604
1263.986013986014,25913.705583756346
1263.986013986014,25837.563451776652
1263.986013986014,25761.421319796955
1263.986013986014,25685.279187817257
1263.986013986014,25609.137055837564
1263.986013986014,25532.99492385787
1263.986013986014,25456.852791878173
1263.986013986014,25380.710659898476
1263.986013986014,25304.568527918782
1263.986013986014,25228.42639593909
1263.986013986014,25152.28426395939
1263.986013986014,25076.142131979694
1263.986013986014,25000.0
1263.986013986014,24923.857868020306
1263.986013986014,24847.71573604061
1263.986013986014,24771.57360406091
1263.986013986014,24695.431472081218
1263.986013986014,24619.289340101524
1263.986013986014,24543.147208121827
1263.986013986014,24467.00507614213
1263.986013986014,24390.862944162436
1263.986013986014,24314.720812182743
1263.986013986014,24238.578680203045
1263.986013986014,24162.436548223348
1263.986013986014,24086.294416243654
1263.986013986014,24010.15228426396
1269.2307692307693,26827.41116751269
1269.2307692307693,26751.269035532994
1269.2307692307693,26675.1269035533
1269.2307692307693,26598.984771573603
1269.2307692307693,26522.84263959391
1269.2307692307693,26446.700507614212
1269.2307692307693,26370.55837563452
1269.2307692307693,26294.41624365482
1269.2307692307693,26218.274111675128
1269.2307692307693,26142.131979695434
1269.2307692307693,26065.989847715737
1269.2307692307693,25989.84771573604
1269.2307692307693,25913.705583756346
1269.2307692307693,25837.563451776652
1269.2307692307693,25761.421319796955
1269.2307692307693,25685.279187817257
1269.2307692307693,25609.137055837564
1269.2307692307693,25532.99492385787
1269.2307692307693,25456.852791878173
1269.2307692307693,25380.710659898476
1269.2307692307693,25304.568527918782
1269.2307692307693,25228.42639593909
1269.2307692307693,25152.28426395939
1269.2307692307693,25076.142131979694
1269.2307692307693,25000.0
1269.2307692307693,24923.857868020306
1269.2307692307693,24847.71573604061
1269.2307692307693,24771.57360406091
1269.2307692307693,24695.431472081218
1269.2307692307693,24619.289340101524
1269.2307692307693,24543.147208121827
1269.2307692307693,24467.00507614213
1269.2307692307693,24390.862944162436
1274.4755244755245,27284.263959390864
1274.4755244755245,27208.121827411167
1274.4755244755245,27131.979695431473
1274.4755244755245,27055.837563451776
1274.4755244755245,26979.695431472082
1274.4755244755245,26903.553299492385
1274.4755244755245,26827.41116751269
1274.4755244755245,26751.269035532994
1274.4755244755245,26675.1269035533
1274.4755244755245,26598.984771573603
1274.4755244755245,26522.84263959391
1274.4755244755245,26446.700507614212
1274.4755244755245,26370.55837563452
1274.4755244755245,26294.41624365482
1274.4755244755245,26218.274111675128
1274.4755244755245,26142.131979695434
1274.4755244755245,26065.989847715737
1274.4755244755245,25989.84771573604
1274.4755244755245,25913.705583756346
1274.4755244755245,25837.563451776652
1274.4755244755245,25761.421319796955
1274.4755244755245,25685.279187817257
1274.4755244755245,25609.137055837564
1274.4755244755245,25532.99492385787
1274.4755244755245,25456.852791878173
1274.4755244755245,25380.710659898476
1274.4755244755245,25304.568527918782
1274.4755244755245,25228.42639593909
1274.4755244755245,25152.28426395939
1274.4755244755245,25076.142131979694
1274.4755244755245,25000.0
1274.4755244755245,24923.857868020306
1274.4755244755245,24847.71573604061
1279.7202797202797,27512.69035532995
1279.7202797202797,27436.548223350255
1279.7202797202797,27360.406091370558
1279.7202797202797,27284.263959390864
1279.7202797202797,27208.121827411167
1279.7202797202797,27131.979695431473
1279.7202797202797,27055.837563451776
1279.7202797202797,26979.695431472082
1279.7202797202797,26903.553299492385
1279.7202797202797,26827.41116751269
1279.7202797202797,26751.269035532994
1279.7202797202797,26675.1269035533
1279.7202797202797,26598.984771573603
1279.7202797202797,26522.84263959391
1279.7202797202797,26446.700507614212
1279.7202797202797,26370.55837563452
1279.7202797202797,26294.41624365482
1279.7202797202797,26218.274111675128
1279.7202797202797,26142.131979695434
1279.7202797202797,26065.989847715737
1279.7202797202797,25989.84771573604
1279.7202797202797,25913.705583756346
1279.7202797202797,25837.563451776652
1279.7202797202797,25761.421319796955
1279.7202797202797,25685.279187817257
1279.7202797202797,25609.137055837564
1279.7202797202797,25532.99492385787
1279.7202797202797,25456.852791878173
1284.9650349650349,27588.832487309646
1284.9650349650349,27512.69035532995
1284.9650349650349,27436.548223350255
1284.9650349650349,27360.406091370558
1284.9650349650349,27284.263959390864
1284.9650349650349,27208.121827411167
1284.9650349650349,27131.979695431473
1284.9650349650349,27055.837563451776
1284.9650349650349,26979.695431472082
1284.9650349650349,26903.553299492385
1284.9650349650349,26827.41116751269
1284.9650349650349,26751.269035532994
1284.9650349650349,26675.1269035533
1284.9650349650349,26598.984771573603
1284.9650349650349,26522.84263959391
1284.9650349650349,26446.700507614212
1284.9650349650349,26370.55837563452
1284.9650349650349,26294.41624365482
1284.9650349650349,26218.274111675128
1284.9650349650349,26142.131979695434
1284.9650349650349,26065.989847715737
1290.2097902097903,27588.832487309646
1290.2097902097903,27512.69035532995
1290.2097902097903,27436.548223350255
1290.2097902097903,27360.406091370558
1290.2097902097903,27284.263959390864
1290.2097902097903,27208.121827411167
1290.2097902097903,27131.979695431473
1290.2097902097903,27055.837563451776
1290.2097902097903,26979.695431472082
1290.2097902097903,26903.553299492385
1290.2097902097903,26827.41116751269
1290.2097902097903,26751.269035532994
1290.2097902097903,26675.1269035533
1295.4545454545455,27588.832487309646
1295.4545454545455,27512.69035532995
1295.4545454545455,27436.548223350255
1295.4545454545455,27360.406091370558
1295.4545454545455,27284.263959390864
1295.4545454545455,27208.121827411167
1295.4545454545455,27131.979695431473
1295.4545454545455,27055.837563451776
1295.4545454545455,26979.695431472082
1295.4545454545455,26903.553299492385
1300.6993006993007,27512.69035532995
1300.6993006993007,27436.548223350255
1300.6993006993007,27360.406091370558
1300.6993006993007,27284.263959390864
1300.6993006993007,27208.121827411167
1300.6993006993007,27131.979695431473
1300.6993006993007,27055.837563451776
1300.6993006993007,26979.695431472082
1300.6993006993007,26903.553299492385
1300.6993006993007,26827.41116751269
1305.944055944056,27436.548223350255
1305.944055944056,27360.406091370558
1305.944055944056,27284.263959390864
1305.944055944056,27208.121827411167
1305.944055944056,27131.979695431473
1305.944055944056,27055.837563451776
1305.944055944056,26979.695431472082
1305.944055944056,26903.553299492385
1305.944055944056,26827.41116751269
1305.944055944056,26751.269035532994
1311.188811188811,27588.832487309646
1311.188811188811,27512.69035532995
1311.188811188811,27436.548223350255
1311.188811188811,27360.406091370558
1311.188811188811,27284.263959390864
1311.188811188811,27208.121827411167
1311.188811188811,27131.979695431473
1311.188811188811,27055.837563451776
1311.188811188811,26979.695431472082
1311.188811188811,26903.553299492385
1311.188811188811,26827.41116751269
1311.188811188811,26751.269035532994
1316.4335664335665,27969.54314720812
1316.4335664335665,27893.401015228428
1316.4335664335665,27817.25888324873
1316.4335664335665,27741.116751269037
1316.4335664335665,27664.97461928934
1316.4335664335665,27588.832487309646
1316.4335664335665,27512.69035532995
1316.4335664335665,27436.548223350255
1316.4335664335665,27360.406091370558
1316.4335664335665,27284.263959390864
1316.4335664335665,27208.121827411167
1316.4335664335665,27131.979695431473
1316.4335664335665,27055.837563451776
1316.4335664335665,26979.695431472082
1316.4335664335665,26903.553299492385
1316.4335664335665,26827.41116751269
1316.4335664335665,26751.269035532994
1321.6783216783217,28578.680203045686
1321.6783216783217,28502.53807106599
1321.6783216783217,28426.395939086295
1321.6783216783217,28350.253807106597
1321.6783216783217,28274.111675126904
1321.6783216783217,28197.969543147206
1321.6783216783217,28121.827411167513
1321.6783216783217,28045.685279187815
1321.6783216783217,27969.54314720812
1321.6783216783217,27893.401015228428
1321.6783216783217,27817.25888324873
1321.6783216783217,27741.116751269037
1321.6783216783217,27664.97461928934
1321.6783216783217,27588.832487309646
1321.6783216783217,27512.69035532995
1321.6783216783217,27436.548223350255
1321.6783216783217,27360.406091370558
1321.6783216783217,27284.263959390864
1321.6783216783217,27208.121827411167
1321.6783216783217,27131.979695431473
1321.6783216783217,27055.837563451776
1321.6783216783217,26979.695431472082
1321.6783216783217,26903.553299492385
1321.6783216783217,26827.41116751269
1326.923076923077,29340.10152284264
1326.923076923077,29263.959390862943
1326.923076923077,29187.81725888325
1326.923076923077,29111.675126903552
1326.923076923077,29035.53299492386
1326.923076923077,28959.39086294416
1326.923076923077,28883.248730964468
1326.923076923077,28807.10659898477
1326.923076923077,28730.964467005077
1326.923076923077,28654.82233502538
1326.923076923077,28578.680203045686
1326.923076923077,28502.53807106599
1326.923076923077,28426.395939086295
1326.923076923077,28350.253807106597
1326.923076923077,28274.111675126904
1326.923076923077,28197.969543147206
1326.923076923077,28121.827411167513
1326.923076923077,28045.685279187815
1326.923076923077,27969.54314720812
1326.923076923077,27893.401015228428
1326.923076923077,27817.25888324873
1326.923076923077,27741.116751269037
1326.923076923077,27664.97461928934
1326.923076923077,27588.832487309646
1326.923076923077,27512.69035532995
1326.923076923077,27436.548223350255
1326.923076923077,27360.406091370558
1326.923076923077,27284.263959390864
1326.923076923077,27208.121827411167
1326.923076923077,27131.979695431473
1332.167832167832,30101.522842639595
1332.167832167832,30025.380710659898
1332.167832167832,29949.238578680204
1332.167832167832,29873.096446700507
1332.167832167832,29796.954314720813
1332.167832167832,29720.812182741116
1332.167832167832,29644.670050761422
1332.167832167832,29568.527918781725
1332.167832167832,29492.38578680203
1332.167832167832,29416.243654822334
1332.167832167832,29340.10152284264
1332.167832167832,29263.959390862943
1332.167832167832,29187.81725888325
1332.167832167832,29111.675126903552
1332.167832167832,29035.53299492386
1332.167832167832,28959.39086294416
1332.167832167832,28883.248730964468
1332.167832167832,28807.10659898477
1332.167832167832,28730.964467005077
1332.167832167832,28654.82233502538
1332.167832167832,28578.680203045686
1332.167832167832,28502.53807106599
1332.167832167832,28426.395939086295
1332.167832167832,28350.253807106597
1332.167832167832,28274.111675126904
1332.167832167832,28197.969543147206
1332.167832167832,28121.827411167513
1332.167832167832,28045.685279187815
1332.167832167832,27969.54314720812
1332.167832167832,27893.401015228428
1332.167832167832,27817.25888324873
1332.167832167832,27741.116751269037
1332.167832167832,27664.97461928934
1332.167832167832,27588.832487309646
1332.167832167832,27512.69035532995
1337.4125874125873,31167.51269035533
1337.4125874125873,31091.370558375635
1337.4125874125873,31015.228426395937
1337.4125874125873,30939.086294416244
1337.4125874125873,30862.94416243655
1337.4125874125873,30786.802030456853
1337.4125874125873,30710.65989847716
1337.4125874125873,30634.51776649746
1337.4125874125873,30558.375634517768
1337.4125874125873,30482.23350253807
1337.4125874125873,30406.091370558377
1337.4125874125873,30329.94923857868
1337.4125874125873,30253.807106598986
1337.4125874125873,30177.66497461929
1337.4125874125873,30101.522842639595
1337.4125874125873,30025.380710659898
1337.4125874125873,29949.238578680204
1337.4125874125873,29873.096446700507
1337.4125874125873,29796.954314720813
1337.4125874125873,29720.812182741116
1337.4125874125873,29644.670050761422
1337.4125874125873,29568.527918781725
1337.4125874125873,29492.38578680203
1337.4125874125873,29416.243654822334
1337.4125874125873,29340.10152284264
1337.4125874125873,29263.959390862943
1337.4125874125873,29187.81725888325
1337.4125874125873,29111.675126903552
1337.4125874125873,29035.53299492386
1337.4125874125873,28959.39086294416
1337.4125874125873,28883.248730964468
1337.4125874125873,28807.10659898477
1337.4125874125873,28730.964467005077
1337.4125874125873,28654.82233502538
1337.4125874125873,28578.680203045686
1337.4125874125873,28502.53807106599
1337.4125874125873,28426.395939086295
1337.4125874125873,28350.253807106597
1337.4125874125873,28274.111675126904
1337.4125874125873,28197.969543147206
1337.4125874125873,28121.827411167513
1337.4125874125873,28045.685279187815
1337.4125874125873,27969.54314720812
1337.4125874125873,27893.401015228428
1337.4125874125873,27817.25888324873
1342.6573426573427,32157.36040609137
1342.6573426573427,32081.218274111674
1342.6573426573427,32005.07614213198
1342.6573426573427,31928.934010152283
1342.6573426573427,31852.79187817259
1342.6573426573427,31776.649746192892
1342.6573426573427,31700.5076142132
1342.6573426573427,31624.3654822335
1342.6573426573427,31548.223350253807
1342.6573426573427,31472.08121827411
1342.6573426573427,31395.939086294416
1342.6573426573427,31319.79695431472
1342.6573426573427,31243.654822335026
1342.6573426573427,31167.51269035533
1342.6573426573427,31091.370558375635
1342.6573426573427,31015.228426395937
1342.6573426573427,30939.086294416244
1342.6573426573427,30862.94416243655
1342.6573426573427,30786.802030456853
1342.6573426573427,30710.65989847716
1342.6573426573427,30634.51776649746
1342.6573426573427,30558.375634517768
1342.6573426573427,30482.23350253807
1342.6573426573427,30406.091370558377
1342.6573426573427,30329.94923857868
1342.6573426573427,30253.807106598986
1342.6573426573427,30177.66497461929
1342.6573426573427,30101.522842639595
1342.6573426573427,30025.380710659898
1342.6573426573427,29949.238578680204
1342.6573426573427,29873.096446700507
1342.6573426573427,29796.954314720813
1342.6573426573427,29720.812182741116
1342.6573426573427,29644.670050761422
1342.6573426573427,29568.527918781725
1342.6573426573427,29492.38578680203
1342.6573426573427,29416.243654822334
1342.6573426573427,29340.10152284264
1342.6573426573427,29263.959390862943
1342.6573426573427,29187.81725888325
1342.6573426573427,29111.675126903552
1342.6573426573427,29035.53299492386
1342.6573426573427,28959.39086294416
1342.6573426573427,28883.248730964468
1342.6573426573427,28807.10659898477
1342.6573426573427,28730.964467005077
1342.6573426573427,28654.82233502538
1342.6573426573427,28578.680203045686
1342.6573426573427,28502.53807106599
1347.902097902098,33147.20812182741
1347.902097902098,33071.06598984772
1347.902097902098,32994.92385786802
1347.902097902098,32918.78172588833
1347.902097902098,32842.63959390863
1347.902097902098,32766.497461928935
1347.902097902098,32690.355329949238
1347.902097902098,32614.213197969544
1347.902097902098,32538.071065989847
1347.902097902098,32461.928934010153
1347.902097902098,32385.786802030456
1347.902097902098,32309.644670050762
1347.902097902098,32233.502538071065
1347.902097902098,32157.36040609137
1347.902097902098,32081.218274111674
1347.902097902098,32005.07614213198
1347.902097902098,31928.934010152283
1347.902097902098,31852.79187817259
1347.902097902098,31776.649746192892
1347.902097902098,31700.5076142132
1347.902097902098,31624.3654822335
1347.902097902098,31548.223350253807
1347.902097902098,31472.08121827411
1347.902097902098,31395.939086294416
1347.902097902098,31319.79695431472
1347.902097902098,31243.654822335026
1347.902097902098,31167.51269035533
1347.902097902098,31091.370558375635
1347.902097902098,31015.228426395937
1347.902097902098,30939.086294416244
1347.902097902098,30862.94416243655
1347.902097902098,30786.802030456853
1347.902097902098,30710.65989847716
1347.902097902098,30634.51776649746
1347.902097902098,30558.375634517768
1347.902097902098,30482.23350253807
1347.902097902098,30406.091370558377
1347.902097902098,30329.94923857868
1347.902097902098,30253.807106598986
1347.902097902098,30177.66497461929
1347.902097902098,30101.522842639595
1347.902097902098,30025.380710659898
1347.902097902098,29949.238578680204
1347.902097902098,29873.096446700507
1347.902097902098,29796.954314720813
1347.902097902098,29720.812182741116
1347.902097902098,29644.670050761422
1347.902097902098,29568.527918781725
1347.902097902098,29492.38578680203
1347.902097902098,29416.243654822334
1347.902097902098,29340.10152284264
1347.902097902098,29263.959390862943
1347.902097902098,29187.81725888325
1347.902097902098,29111.675126903552
1353.1468531468531,33908.62944162436
1353.1468531468531,33832.48730964467
1353.1468531468531,33756.345177664974
1353.1468531468531,33680.20304568528
1353.1468531468531,33604.06091370559
1353.1468531468531,33527.91878172589
1353.1468531468531,33451.77664974619
1353.1468531468531,33375.6345177665
1353.1468531468531,33299.4923857868
1353.1468531468531,33223.350253807104
1353.1468531468531,33147.20812182741
1353.1468531468531,33071.06598984772
1353.1468531468531,32994.92385786802
1353.1468531468531,32918.78172588833
1353.1468531468531,32842.63959390863
1353.1468531468531,32766.497461928935
1353.1468531468531,32690.355329949238
1353.1468531468531,32614.213197969544
1353.1468531468531,32538.071065989847
1353.1468531468531,32461.928934010153
1353.1468531468531,32385.786802030456
1353.1468531468531,32309.644670050762
1353.1468531468531,32233.502538071065
1353.1468531468531,32157.36040609137
1353.1468531468531,32081.218274111674
1353.1468531468531,32005.07614213198
1353.1468531468531,31928.934010152283
1353.1468531468531,31852.79187817259
1353.1468531468531,31776.649746192892
1353.1468531468531,31700.5076142132
1353.1468531468531,31624.3654822335
1353.1468531468531,31548.223350253807
1353.1468531468531,31472.08121827411
1353.1468531468531,31395.939086294416
1353.1468531468531,31319.79695431472
1353.1468531468531,31243.654822335026
1353.1468531468531,31167.51269035533
1353.1468531468531,31091.370558375635
1353.1468531468531,31015.228426395937
1353.1468531468531,30939.086294416244
1353.1468531468531,30862.94416243655
1353.1468531468531,30786.802030456853
1353.1468531468531,30710.65989847716
1353.1468531468531,30634.51776649746
1353.1468531468531,30558.375634517768
1353.1468531468531,30482.23350253807
1353.1468531468531,30406.091370558377
1353.1468531468531,30329.94923857868
1353.1468531468531,30253.807106598986
1353.1468531468531,30177.66497461929
1353.1468531468531,30101.522842639595
1353.1468531468531,30025.380710659898
1353.1468531468531,29949.238578680204
1358.3916083916083,34441.62436548223
1358.3916083916083,34365.48223350254
1358.3916083916083,34289.340101522845
1358.3916083916083,34213.19796954315
1358.3916083916083,34137.05583756345
1358.3916083916083,34060.91370558376
1358.3916083916083,33984.77157360406
1358.3916083916083,33908.62944162436
1358.3916083916083,33832.48730964467
1358.3916083916083,33756.345177664974
1358.3916083916083,33680.20304568528
1358.3916083916083,33604.06091370559
1358.3916083916083,33527.91878172589
1358.3916083916083,33451.77664974619
1358.3916083916083,33375.6345177665
1358.3916083916083,33299.4923857868
1358.3916083916083,33223.350253807104
1358.3916083916083,33147.20812182741
1358.3916083916083,33071.06598984772
1358.3916083916083,32994.92385786802
1358.3916083916083,32918.78172588833
1358.3916083916083,32842.63959390863
1358.3916083916083,32766.497461928935
1358.3916083916083,32690.355329949238
1358.3916083916083,32614.213197969544
1358.3916083916083,32538.071065989847
1358.3916083916083,32461.928934010153
1358.3916083916083,32385.786802030456
1358.3916083916083,32309.644670050762
1358.3916083916083,32233.502538071065
1358.3916083916083,32157.36040609137
1358.3916083916083,32081.218274111674
1358.3916083916083,32005.07614213198
1358.3916083916083,31928.934010152283
1358.3916083916083,31852.79187817259
1358.3916083916083,31776.649746192892
1358.3916083916083,31700.5076142132
1358.3916083916083,31624.3654822335
1358.3916083916083,31548.223350253807
1358.3916083916083,31472.08121827411
1358.3916083916083,31395.939086294416
1358.3916083916083,31319.79695431472
1358.3916083916083,31243.654822335026
1358.3916083916083,31167.51269035533
1358.3916083916083,31091.370558375635
1358.3916083916083,31015.228426395937
1358.3916083916083,30939.086294416244
1358.3916083916083,30862.94416243655
1363.6363636363637,34670.05076142132
1363.6363636363637,34593.90862944162
1363.6363636363637,34517.766497461926
1363.6363636363637,34441.62436548223
1363.6363636363637,34365.48223350254
1363.6363636363637,34289.340101522845
1363.6363636363637,34213.19796954315
1363.6363636363637,34137.05583756345
1363.6363636363637,34060.91370558376
1363.6363636363637,33984.77157360406
1363.6363636363637,33908.62944162436
1363.6363636363637,33832.48730964467
1363.6363636363637,33756.345177664974
1363.6363636363637,33680.20304568528
1363.6363636363637,33604.06091370559
1363.6363636363637,33527.91878172589
1363.6363636363637,33451.77664974619
1363.6363636363637,33375.6345177665
1363.6363636363637,33299.4923857868
1363.6363636363637,33223.350253807104
1363.6363636363637,33147.20812182741
1363.6363636363637,33071.06598984772
1363.6363636363637,32994.92385786802
1363.6363636363637,32918.78172588833
1363.6363636363637,32842.63959390863
1363.6363636363637,32766.497461928935
1363.6363636363637,32690.355329949238
1363.6363636363637,32614.213197969544
1363.6363636363637,32538.071065989847
1363.6363636363637,32461.928934010153
1363.6363636363637,32385.786802030456
1363.6363636363637,32309.644670050762
1363.6363636363637,32233.502538071065
1363.6363636363637,32157.36040609137
1363.6363636363637,32081.218274111674
1363.6363636363637,32005.07614213198
1363.6363636363637,31928.934010152283
1368.881118881119,34822.335025380715
1368.881118881119,34746.192893401014
1368.881118881119,34670.05076142132
1368.881118881119,34593.90862944162
1368.881118881119,34517.766497461926
1368.881118881119,34441.62436548223
1368.881118881119,34365.48223350254
1368.881118881119,34289.340101522845
1368.881118881119,34213.19796954315
1368.881118881119,34137.05583756345
1368.881118881119,34060.91370558376
1368.881118881119,33984.77157360406
1368.881118881119,33908.62944162436
1368.881118881119,33832.48730964467
1368.881118881119,33756.345177664974
1368.881118881119,33680.20304568528
1368.881118881119,33604.06091370559
1368.881118881119,33527.91878172589
1368.881118881119,33451.77664974619
1368.881118881119,33375.6345177665
1368.881118881119,33299.4923857868
1368.881118881119,33223.350253807104
1368.881118881119,33147.20812182741
1368.881118881119,33071.06598984772
1368.881118881119,32994.92385786802
1374.1258741258741,34822.335025380715
1374.1258741258741,34746.192893401014
1374.1258741258741,34670.05076142132
1374.1258741258741,34593.90862944162
1374.1258741258741,34517.766497461926
1374.1258741258741,34441.62436548223
1374.1258741258741,34365.48223350254
1374.1258741258741,34289.340101522845
1374.1258741258741,34213.19796954315
1374.1258741258741,34137.05583756345
1374.1258741258741,34060.91370558376
1374.1258741258741,33984.77157360406
1374.1258741258741,33908.62944162436
1374.1258741258741,33832.48730964467
1374.1258741258741,33756.345177664974
1379.3706293706293,34822.335025380715
1379.3706293706293,34746.192893401014
1379.3706293706293,34670.05076142132
1379.3706293706293,34593.90862944162
1379.3706293706293,34517.766497461926
1379.3706293706293,34441.62436548223
1379.3706293706293,34365.48223350254
1379.3706293706293,34289.340101522845
1379.3706293706293,34213.19796954315
1379.3706293706293,34137.05583756345
1384.6153846153845,34746.192893401014
1384.6153846153845,34670.05076142132
1384.6153846153845,34593.90862944162
1384.6153846153845,34517.766497461926
1384.6153846153845,34441.62436548223
1384.6153846153845,34365.48223350254
1384.6153846153845,34289.340101522845
1384.6153846153845,34213.19796954315
1384.6153846153845,34137.05583756345
1384.6153846153845,34060.91370558376
1389.86013986014,34670.05076142132
1389.86013986014,34593.90862944162
1389.86013986014,34517.766497461926
1389.86013986014,34441.62436548223
1389.86013986014,34365.48223350254
1389.86013986014,34289.340101522845
1389.86013986014,34213.19796954315
1389.86013986014,34137.05583756345
1389.86013986014,34060.91370558376
1395.1048951048951,34517.766497461926
1395.1048951048951,34441.62436548223
1395.1048951048951,34365.48223350254
1395.1048951048951,34289.340101522845
1395.1048951048951,34213.19796954315
1395.1048951048951,34137.05583756345
1395.1048951048951,34060.91370558376
1395.1048951048951,33984.77157360406
1395.1048951048951,33908.62944162436
1395.1048951048951,33832.48730964467
1400.3496503496503,34289.340101522845
1400.3496503496503,34213.19796954315
1400.3496503496503,34137.05583756345
1400.3496503496503,34060.91370558376
1400.3496503496503,33984.77157360406
1400.3496503496503,33908.62944162436
1400.3496503496503,33832.48730964467
1400.3496503496503,33756.345177664974
1400.3496503496503,33680.20304568528
1400.3496503496503,33604.06091370559
1400.3496503496503,33527.91878172589
1400.3496503496503,33451.77664974619
1400.3496503496503,33375.6345177665
1400.3496503496503,33299.4923857868
1400.3496503496503,33223.350253807104
1405.5944055944055,34213.19796954315
1405.5944055944055,34137.05583756345
1405.5944055944055,34060.91370558376
1405.5944055944055,33984.77157360406
1405.5944055944055,33908.62944162436
1405.5944055944055,33832.48730964467
1405.5944055944055,33756.345177664974
1405.5944055944055,33680.20304568528
1405.5944055944055,33604.06091370559
1405.5944055944055,33527.91878172589
1405.5944055944055,33451.77664974619
1405.5944055944055,33375.6345177665
1405.5944055944055,33299.4923857868
1405.5944055944055,33223.350253807104
1405.5944055944055,33147.20812182741
1405.5944055944055,33071.06598984772
1405.5944055944055,32994.92385786802
1405.5944055944055,32918.78172588833
1405.5944055944055,32842.63959390863
1405.5944055944055,32766.497461928935
1405.5944055944055,32690.355329949238
1405.5944055944055,32614.213197969544
1410.8391608391607,34137.05583756345
1410.8391608391607,34060.91370558376
1410.8391608391607,33984.77157360406
1410.8391608391607,33908.62944162436
1410.8391608391607,33832.48730964467
1410.8391608391607,33756.345177664974
1410.8391608391607,33680.20304568528
1410.8391608391607,33604.06091370559
1410.8391608391607,33527.91878172589
1410.8391608391607,33451.77664974619
1410.8391608391607,33375.6345177665
1410.8391608391607,33299.4923857868
1410.8391608391607,33223.350253807104
1410.8391608391607,33147.20812182741
1410.8391608391607,33071.06598984772
1410.8391608391607,32994.92385786802
1410.8391608391607,32918.78172588833
1410.8391608391607,32842.63959390863
1410.8391608391607,32766.497461928935
1410.8391608391607,32690.355329949238
1410.8391608391607,32614.213197969544
1410.8391608391607,32538.071065989847
1410.8391608391607,32461.928934010153
1410.8391608391607,32385.786802030456
1410.8391608391607,32309.644670050762
1410.8391608391607,32233.502538071065
1410.8391608391607,32157.36040609137
1410.8391608391607,32081.218274111674
1410.8391608391607,32005.07614213198
1416.0839160839162,33908.62944162436
1416.0839160839162,33832.48730964467
1416.0839160839162,33756.345177664974
1416.0839160839162,33680.20304568528
1416.0839160839162,33604.06091370559
1416.0839160839162,33527.91878172589
1416.0839160839162,33451.77664974619
1416.0839160839162,33375.6345177665
1416.0839160839162,33299.4923857868
1416.0839160839162,33223.350253807104
1416.0839160839162,33147.20812182741
1416.0839160839162,33071.06598984772
1416.0839160839162,32994.92385786802
1416.0839160839162,32918.78172588833
1416.0839160839162,32842.63959390863
1416.0839160839162,32766.497461928935
1416.0839160839162,32690.355329949238
1416.0839160839162,32614.213197969544
1416.0839160839162,32538.071065989847
1416.0839160839162,32461.928934010153
1416.0839160839162,32385.786802030456
1416.0839160839162,32309.644670050762
1416.0839160839162,32233.502538071065
1416.0839160839162,32157.36040609137
1416.0839160839162,32081.218274111674
1416.0839160839162,32005.07614213198
1416.0839160839162,31928.934010152283
1416.0839160839162,31852.79187817259
1416.0839160839162,31776.649746192892
1416.0839160839162,31700.5076142132
1416.0839160839162,31624.3654822335
1416.0839160839162,31548.223350253807
1416.0839160839162,31472.08121827411
1416.0839160839162,31395.939086294416
1421.3286713286714,33375.6345177665
1421.3286713286714,33299.4923857868
1421.3286713286714,33223.350253807104
1421.3286713286714,33147.20812182741
1421.3286713286714,33071.06598984772
1421.3286713286714,32994.92385786802
1421.3286713286714,32918.78172588833
1421.3286713286714,32842.63959390863
1421.3286713286714,32766.497461928935
1421.3286713286714,32690.355329949238
1421.3286713286714,32614.213197969544
1421.3286713286714,32538.071065989847
1421.3286713286714,32461.928934010153
1421.3286713286714,32385.786802030456
1421.3286713286714,32309.644670050762
1421.3286713286714,32233.502538071065
1421.3286713286714,32157.36040609137
1421.3286713286714,32081.218274111674
1421.3286713286714,32005.07614213198
1421.3286713286714,31928.934010152283
1421.3286713286714,31852.79187817259
1421.3286713286714,31776.649746192892
1421.3286713286714,31700.5076142132
1421.3286713286714,31624.3654822335
1421.3286713286714,31548.223350253807
1421.3286713286714,31472.08121827411
1421.3286713286714,31395.939086294416
1421.3286713286714,31319.79695431472
1421.3286713286714,31243.654822335026
1421.3286713286714,31167.51269035533
1426.5734265734266,32766.497461928935
1426.5734265734266,32690.355329949238
1426.5734265734266,32614.213197969544
1426.5734265734266,32538.071065989847
1426.5734265734266,32461.928934010153
1426.5734265734266,32385.786802030456
1426.5734265734266,32309.644670050762
1426.5734265734266,32233.502538071065
1426.5734265734266,32157.36040609137
1426.5734265734266,32081.218274111674
1426.5734265734266,32005.07614213198
1426.5734265734266,31928.934010152283
1426.5734265734266,31852.79187817259
1426.5734265734266,31776.649746192892
1426.5734265734266,31700.5076142132
1426.5734265734266,31624.3654822335
1426.5734265734266,31548.223350253807
1426.5734265734266,31472.08121827411
1426.5734265734266,31395.939086294416
1426.5734265734266,31319.79695431472
1426.5734265734266,31243.654822335026
1426.5734265734266,31167.51269035533
1426.5734265734266,31091.370558375635
1431.8181818181818,32081.218274111674
1431.8181818181818,32005.07614213198
1431.8181818181818,31928.934010152283
1431.8181818181818,31852.79187817259
1431.8181818181818,31776.649746192892
1431.8181818181818,31700.5076142132
1431.8181818181818,31624.3654822335
1431.8181818181818,31548.223350253807
1431.8181818181818,31472.08121827411
1431.8181818181818,31395.939086294416
1431.8181818181818,31319.79695431472
1431.8181818181818,31243.654822335026
1431.8181818181818,31167.51269035533
1431.8181818181818,31091.370558375635
1437.062937062937,31548.223350253807
1437.062937062937,31472.08121827411
1437.062937062937,31395.939086294416
1437.062937062937,31319.79695431472
1437.062937062937,31243.654822335026
1437.062937062937,31167.51269035533
1437.062937062937,31091.370558375635
1442.3076923076924,31700.5076142132
1442.3076923076924,31624.3654822335
1442.3076923076924,31548.223350253807
1442.3076923076924,31472.08121827411
1442.3076923076924,31395.939086294416
1442.3076923076924,31319.79695431472
1442.3076923076924,31243.654822335026
1442.3076923076924,31167.51269035533
1442.3076923076924,31091.370558375635
1447.5524475524476,31852.79187817259
1447.5524475524476,31776.649746192892
1447.5524475524476,31700.5076142132
1447.5524475524476,31624.3654822335
1447.5524475524476,31548.223350253807
1447.5524475524476,31472.08121827411
1447.5524475524476,31395.939086294416
1447.5524475524476,31319.79695431472
1447.5524475524476,31243.654822335026
1447.5524475524476,31167.51269035533
1452.7972027972028,32233.502538071065
1452.7972027972028,32157.36040609137
1452.7972027972028,32081.218274111674
1452.7972027972028,32005.07614213198
1452.7972027972028,31928.934010152283
1452.7972027972028,31852.79187817259
1452.7972027972028,31776.649746192892
1452.7972027972028,31700.5076142132
1452.7972027972028,31624.3654822335
1452.7972027972028,31548.223350253807
1452.7972027972028,31472.08121827411
1452.7972027972028,31395.939086294416
1452.7972027972028,31319.79695431472
1458.041958041958,32766.497461928935
1458.041958041958,32690.355329949238
1458.041958041958,32614.213197969544
1458.041958041958,32538.071065989847
1458.041958041958,32461.928934010153
1458.041958041958,32385.786802030456
1458.041958041958,32309.644670050762
1458.041958041958,32233.502538071065
1458.041958041958,32157.36040609137
1458.041958041958,32081.218274111674
1458.041958041958,32005.07614213198
1458.041958041958,31928.934010152283
1458.041958041958,31852.79187817259
1458.041958041958,31776.649746192892
1458.041958041958,31700.5076142132
1458.041958041958,31624.3654822335
1458.041958041958,31548.223350253807
1458.041958041958,31472.08121827411
1463.2867132867134,33147.20812182741
1463.2867132867134,33071.06598984772
1463.2867132867134,32994.92385786802
1463.2867132867134,32918.78172588833
1463.2867132867134,32842.63959390863
1463.2867132867134,32766.497461928935
1463.2867132867134,32690.355329949238
1463.2867132867134,32614.213197969544
1463.2867132867134,32538.071065989847
1463.2867132867134,32461.928934010153
1463.2867132867134,32385.786802030456
1463.2867132867134,32309.644670050762
1463.2867132867134,32233.502538071065
1463.2867132867134,32157.36040609137
1463.2867132867134,32081.218274111674
1463.2867132867134,32005.07614213198
1463.2867132867134,31928.934010152283
1463.2867132867134,31852.79187817259
1463.2867132867134,31776.649746192892
1463.2867132867134,31700.5076142132
1463.2867132867134,31624.3654822335
1468.5314685314686,33604.06091370559
1468.5314685314686,33527.91878172589
1468.5314685314686,33451.77664974619
1468.5314685314686,33375.6345177665
1468.5314685314686,33299.4923857868
1468.5314685314686,33223.350253807104
1468.5314685314686,33147.20812182741
1468.5314685314686,33071.06598984772
1468.5314685314686,32994.92385786802
1468.5314685314686,32918.78172588833
1468.5314685314686,32842.63959390863
1468.5314685314686,32766.497461928935
1468.5314685314686,32690.355329949238
1468.5314685314686,32614.213197969544
1468.5314685314686,32538.071065989847
1468.5314685314686,32461.928934010153
1468.5314685314686,32385.786802030456
1468.5314685314686,32309.644670050762
1468.5314685314686,32233.502538071065
1468.5314685314686,32157.36040609137
1468.5314685314686,32081.218274111674
1468.5314685314686,32005.07614213198
1468.5314685314686,31928.934010152283
1468.5314685314686,31852.79187817259
1473.7762237762238,33984.77157360406
1473.7762237762238,33908.62944162436
1473.7762237762238,33832.48730964467
1473.7762237762238,33756.345177664974
1473.7762237762238,33680.20304568528
1473.7762237762238,33604.06091370559
1473.7762237762238,33527.91878172589
1473.7762237762238,33451.77664974619
1473.7762237762238,33375.6345177665
1473.7762237762238,33299.4923857868
1473.7762237762238,33223.350253807104
1473.7762237762238,33147.20812182741
1473.7762237762238,33071.06598984772
1473.7762237762238,32994.92385786802
1473.7762237762238,32918.78172588833
1473.7762237762238,32842.63959390863
1473.7762237762238,32766.497461928935
1473.7762237762238,32690.355329949238
1473.7762237762238,32614.213197969544
1473.7762237762238,32538.071065989847
1473.7762237762238,32461.928934010153
1473.7762237762238,32385.786802030456
1473.7762237762238,32309.644670050762
1473.7762237762238,32233.502538071065
1473.7762237762238,32157.36040609137
1473.7762237762238,32081.218274111674
1479.020979020979,34441.62436548223
1479.020979020979,34365.48223350254
1479.020979020979,34289.340101522845
1479.020979020979,34213.19796954315
1479.020979020979,34137.05583756345
1479.020979020979,34060.91370558376
1479.020979020979,33984.77157360406
1479.020979020979,33908.62944162436
1479.020979020979,33832.48730964467
1479.020979020979,33756.345177664974
1479.020979020979,33680.20304568528
1479.020979020979,33604.06091370559
1479.020979020979,33527.91878172589
1479.020979020979,33451.77664974619
1479.020979020979,33375.6345177665
1479.020979020979,33299.4923857868
1479.020979020979,33223.350253807104
1479.020979020979,33147.20812182741
1479.020979020979,33071.06598984772
1479.020979020979,32994.92385786802
1479.020979020979,32918.78172588833
1479.020979020979,32842.63959390863
1479.020979020979,32766.497461928935
1479.020979020979,32690.355329949238
1484.2657342657342,34746.192893401014
1484.2657342657342,34670.05076142132
1484.2657342657342,34593.90862944162
1484.2657342657342,34517.766497461926
1484.2657342657342,34441.62436548223
1484.2657342657342,34365.48223350254
1484.2657342657342,34289.340101522845
1484.2657342657342,34213.19796954315
1484.2657342657342,34137.05583756345
1484.2657342657342,34060.91370558376
1484.2657342657342,33984.77157360406
1484.2657342657342,33908.62944162436
1484.2657342657342,33832.48730964467
1484.2657342657342,33756.345177664974
1484.2657342657342,33680.20304568528
1484.2657342657342,33604.06091370559
1484.2657342657342,33527.91878172589
1484.2657342657342,33451.77664974619
1484.2657342657342,33375.6345177665
1484.2657342657342,33299.4923857868
1484.2657342657342,33223.350253807104
1484.2657342657342,33147.20812182741
1484.2657342657342,33071.06598984772
1489.5104895104896,35203.04568527918
1489.5104895104896,35126.90355329949
1489.5104895104896,35050.761421319796
1489.5104895104896,34974.6192893401
1489.5104895104896,34898.47715736041
1489.5104895104896,34822.335025380715
1489.5104895104896,34746.192893401014
1489.5104895104896,34670.05076142132
1489.5104895104896,34593.90862944162
1489.5104895104896,34517.766497461926
1489.5104895104896,34441.62436548223
1489.5104895104896,34365.48223350254
1489.5104895104896,34289.340101522845
1489.5104895104896,34213.19796954315
1489.5104895104896,34137.05583756345
1489.5104895104896,34060.91370558376
1489.5104895104896,33984.77157360406
1489.5104895104896,33908.62944162436
1489.5104895104896,33832.48730964467
1489.5104895104896,33756.345177664974
1489.5104895104896,33680.20304568528
1489.5104895104896,33604.06091370559
1489.5104895104896,33527.91878172589
1494.7552447552448,35583.756345177666
1494.7552447552448,35507.61421319797
1494.7552447552448,35431.47208121828
1494.7552447552448,35355.32994923858
1494.7552447552448,35279.187817258884
1494.7552447552448,35203.04568527918
1494.7552447552448,35126.90355329949
1494.7552447552448,35050.761421319796
1494.7552447552448,34974.6192893401
1494.7552447552448,34898.47715736041
1494.7552447552448,34822.335025380715
1494.7552447552448,34746.192893401014
1494.7552447552448,34670.05076142132
1494.7552447552448,34593.90862944162
1494.7552447552448,34517.766497461926
1494.7552447552448,34441.62436548223
1494.7552447552448,34365.48223350254
1494.7552447552448,34289.340101522845
1494.7552447552448,34213.19796954315
1494.7552447552448,34137.05583756345
1494.7552447552448,34060.91370558376
1494.7552447552448,33984.77157360406
1494.7552447552448,33908.62944162436
1500.0,36040.60913705584
1500.0,35964.46700507614
1500.0,35888.32487309645
1500.0,35812.18274111675
1500.0,35736.04060913705
1500.0,35659.89847715736
1500.0,35583.756345177666
1500.0,35507.61421319797
1500.0,35431.47208121828
1500.0,35355.32994923858
1500.0,35279.187817258884
1500.0,35203.04568527918
1500.0,35126.90355329949
1500.0,35050.761421319796
1500.0,34974.6192893401
1500.0,34898.47715736041
1500.0,34822.335025380715
1500.0,34746.192893401014
1500.0,34670.05076142132
1500.0,34593.90862944162
1500.0,34517.766497461926
1500.0,34441.62436548223
1500.0,34365.48223350254
1505.2447552447552,36878.17258883249
1505.2447552447552,36802.03045685279
1505.2447552447552,36725.8883248731
1505.2447552447552,36649.746192893406
1505.2447552447552,36573.604060913705
1505.2447552447552,36497.46192893401
1505.2447552447552,36421.31979695431
1505.2447552447552,36345.17766497462
1505.2447552447552,36269.03553299492
1505.2447552447552,36192.89340101523
1505.2447552447552,36116.751269035536
1505.2447552447552,36040.60913705584
1505.2447552447552,35964.46700507614
1505.2447552447552,35888.32487309645
1505.2447552447552,35812.18274111675
1505.2447552447552,35736.04060913705
1505.2447552447552,35659.89847715736
1505.2447552447552,35583.756345177666
1505.2447552447552,35507.61421319797
1505.2447552447552,35431.47208121828
1505.2447552447552,35355.32994923858
1505.2447552447552,35279.187817258884
1505.2447552447552,35203.04568527918
1505.2447552447552,35126.90355329949
1505.2447552447552,35050.761421319796
1505.2447552447552,34974.6192893401
1505.2447552447552,34898.47715736041
1505.2447552447552,34822.335025380715
1505.2447552447552,34746.192893401014
1505.2447552447552,34670.05076142132
1510.4895104895104,37639.59390862944
1510.4895104895104,37563.451776649745
1510.4895104895104,37487.30964467005
1510.4895104895104,37411.16751269036
1510.4895104895104,37335.025380710664
1510.4895104895104,37258.88324873096
1510.4895104895104,37182.74111675127
1510.4895104895104,37106.59898477157
1510.4895104895104,37030.456852791875
1510.4895104895104,36954.31472081218
1510.4895104895104,36878.17258883249
1510.4895104895104,36802.03045685279
1510.4895104895104,36725.8883248731
1510.4895104895104,36649.746192893406
1510.4895104895104,36573.604060913705
1510.4895104895104,36497.46192893401
1510.4895104895104,36421.31979695431
1510.4895104895104,36345.17766497462
1510.4895104895104,36269.03553299492
1510.4895104895104,36192.89340101523
1510.4895104895104,36116.751269035536
1510.4895104895104,36040.60913705584
1510.4895104895104,35964.46700507614
1510.4895104895104,35888.32487309645
1510.4895104895104,35812.18274111675
1510.4895104895104,35736.04060913705
1510.4895104895104,35659.89847715736
1510.4895104895104,35583.756345177666
1510.4895104895104,35507.61421319797
1510.4895104895104,35431.47208121828
1510.4895104895104,35355.32994923858
1510.4895104895104,35279.187817258884
1510.4895104895104,35203.04568527918
1510.4895104895104,35126.90355329949
1515.7342657342658,38629.441624365485
1515.7342657342658,38553.29949238579
1515.7342657342658,38477.15736040609
1515.7342657342658,38401.0152284264
1515.7342657342658,38324.873096446696
1515.7342657342658,38248.730964467
1515.7342657342658,38172.58883248731
1515.7342657342658,38096.446700507615
1515.7342657342658,38020.30456852792
1515.7342657342658,37944.16243654823
1515.7342657342658,37868.02030456853
1515.7342657342658,37791.87817258883
1515.7342657342658,37715.73604060913
1515.7342657342658,37639.59390862944
1515.7342657342658,37563.451776649745
1515.7342657342658,37487.30964467005
1515.7342657342658,37411.16751269036
1515.7342657342658,37335.025380710664
1515.7342657342658,37258.88324873096
1515.7342657342658,37182.74111675127
1515.7342657342658,37106.59898477157
1515.7342657342658,37030.456852791875
1515.7342657342658,36954.31472081218
1515.7342657342658,36878.17258883249
1515.7342657342658,36802.03045685279
1515.7342657342658,36725.8883248731
1515.7342657342658,36649.746192893406
1515.7342657342658,36573.604060913705
1515.7342657342658,36497.46192893401
1515.7342657342658,36421.31979695431
1515.7342657342658,36345.17766497462
1515.7342657342658,36269.03553299492
1515.7342657342658,36192.89340101523
1515.7342657342658,36116.751269035536
1515.7342657342658,36040.60913705584
1515.7342657342658,35964.46700507614
1515.7342657342658,35888.32487309645
1515.7342657342658,35812.18274111675
1515.7342657342658,35736.04060913705
1515.7342657342658,35659.89847715736
1515.7342657342658,35583.756345177666
1515.7342657342658,35507.61421319797
1520.979020979021,39619.289340101524
1520.979020979021,39543.14720812182
1520.979020979021,39467.00507614213
1520.979020979021,39390.862944162436
1520.979020979021,39314.72081218274
1520.979020979021,39238.57868020305
1520.979020979021,39162.436548223355
1520.979020979021,39086.294416243654
1520.979020979021,39010.15228426396
1520.979020979021,38934.01015228426
1520.979020979021,38857.868020304566
1520.979020979021,38781.72588832487
1520.979020979021,38705.58375634518
1520.979020979021,38629.441624365485
1520.979020979021,38553.29949238579
1520.979020979021,38477.15736040609
1520.979020979021,38401.0152284264
1520.979020979021,38324.873096446696
1520.979020979021,38248.730964467
1520.979020979021,38172.58883248731
1520.979020979021,38096.446700507615
1520.979020979021,38020.30456852792
1520.979020979021,37944.16243654823
1520.979020979021,37868.02030456853
1520.979020979021,37791.87817258883
1520.979020979021,37715.73604060913
1520.979020979021,37639.59390862944
1520.979020979021,37563.451776649745
1520.979020979021,37487.30964467005
1520.979020979021,37411.16751269036
1520.979020979021,37335.025380710664
1520.979020979021,37258.88324873096
1520.979020979021,37182.74111675127
1520.979020979021,37106.59898477157
1520.979020979021,37030.456852791875
1520.979020979021,36954.31472081218
1520.979020979021,36878.17258883249
1520.979020979021,36802.03045685279
1520.979020979021,36725.8883248731
1520.979020979021,36649.746192893406
1520.979020979021,36573.604060913705
1520.979020979021,36497.46192893401
1520.979020979021,36421.31979695431
1520.979020979021,36345.17766497462
1520.979020979021,36269.03553299492
1520.979020979021,36192.89340101523
1520.979020979021,36116.751269035536
1520.979020979021,36040.60913705584
1520.979020979021,35964.46700507614
1526.2237762237762,40685.27918781726
1526.2237762237762,40609.137055837564
1526.2237762237762,40532.99492385787
1526.2237762237762,40456.85279187818
1526.2237762237762,40380.710659898476
1526.2237762237762,40304.56852791878
1526.2237762237762,40228.42639593908
1526.2237762237762,40152.28426395939
1526.2237762237762,40076.142131979694
1526.2237762237762,40000.0
1526.2237762237762,39923.857868020306
1526.2237762237762,39847.71573604061
1526.2237762237762,39771.57360406092
1526.2237762237762,39695.43147208122
1526.2237762237762,39619.289340101524
1526.2237762237762,39543.14720812182
1526.2237762237762,39467.00507614213
1526.2237762237762,39390.862944162436
1526.2237762237762,39314.72081218274
1526.2237762237762,39238.57868020305
1526.2237762237762,39162.436548223355
1526.2237762237762,39086.294416243654
1526.2237762237762,39010.15228426396
1526.2237762237762,38934.01015228426
1526.2237762237762,38857.868020304566
1526.2237762237762,38781.72588832487
1526.2237762237762,38705.58375634518
1526.2237762237762,38629.441624365485
1526.2237762237762,38553.29949238579
1526.2237762237762,38477.15736040609
1526.2237762237762,38401.0152284264
1526.2237762237762,38324.873096446696
1526.2237762237762,38248.730964467
1526.2237762237762,38172.58883248731
1526.2237762237762,38096.446700507615
1526.2237762237762,38020.30456852792
1526.2237762237762,37944.16243654823
1526.2237762237762,37868.02030456853
1526.2237762237762,37791.87817258883
1526.2237762237762,37715.73604060913
1526.2237762237762,37639.59390862944
1526.2237762237762,37563.451776649745
1526.2237762237762,37487.30964467005
1526.2237762237762,37411.16751269036
1526.2237762237762,37335.025380710664
1526.2237762237762,37258.88324873096
1526.2237762237762,37182.74111675127
1526.2237762237762,37106.59898477157
1526.2237762237762,37030.456852791875
1526.2237762237762,36954.31472081218
1526.2237762237762,36878.17258883249
1526.2237762237762,36802.03045685279
1526.2237762237762,36725.8883248731
1531.4685314685314,41979.69543147208
1531.4685314685314,41903.553299492385
1531.4685314685314,41827.41116751269
1531.4685314685314,41751.269035533
1531.4685314685314,41675.126903553304
1531.4685314685314,41598.9847715736
1531.4685314685314,41522.84263959391
1531.4685314685314,41446.70050761421
1531.4685314685314,41370.558375634515
1531.4685314685314,41294.41624365482
1531.4685314685314,41218.27411167513
1531.4685314685314,41142.131979695434
1531.4685314685314,41065.98984771574
1531.4685314685314,40989.84771573604
1531.4685314685314,40913.705583756346
1531.4685314685314,40837.563451776645
1531.4685314685314,40761.42131979695
1531.4685314685314,40685.27918781726
1531.4685314685314,40609.137055837564
1531.4685314685314,40532.99492385787
1531.4685314685314,40456.85279187818
1531.4685314685314,40380.710659898476
1531.4685314685314,40304.56852791878
1531.4685314685314,40228.42639593908
1531.4685314685314,40152.28426395939
1531.4685314685314,40076.142131979694
1531.4685314685314,40000.0
1531.4685314685314,39923.857868020306
1531.4685314685314,39847.71573604061
1531.4685314685314,39771.57360406092
1531.4685314685314,39695.43147208122
1531.4685314685314,39619.289340101524
1531.4685314685314,39543.14720812182
1531.4685314685314,39467.00507614213
1531.4685314685314,39390.862944162436
1531.4685314685314,39314.72081218274
1531.4685314685314,39238.57868020305
1531.4685314685314,39162.436548223355
1531.4685314685314,39086.294416243654
1531.4685314685314,39010.15228426396
1531.4685314685314,38934.01015228426
1531.4685314685314,38857.868020304566
1531.4685314685314,38781.72588832487
1531.4685314685314,38705.58375634518
1531.4685314685314,38629.441624365485
1531.4685314685314,38553.29949238579
1531.4685314685314,38477.15736040609
1531.4685314685314,38401.0152284264
1531.4685314685314,38324.873096446696
1531.4685314685314,38248.730964467
1531.4685314685314,38172.58883248731
1531.4685314685314,38096.446700507615
1531.4685314685314,38020.30456852792
1531.4685314685314,37944.16243654823
1531.4685314685314,37868.02030456853
1531.4685314685314,37791.87817258883
1531.4685314685314,37715.73604060913
1531.4685314685314,37639.59390862944
1531.4685314685314,37563.451776649745
1531.4685314685314,37487.30964467005
1536.7132867132866,43350.2538071066
1536.7132867132866,43274.1116751269
1536.7132867132866,43197.96954314721
1536.7132867132866,43121.82741116751
1536.7132867132866,43045.68527918782
1536.7132867132866,42969.543147208125
1536.7132867132866,42893.401015228425
1536.7132867132866,42817.25888324873
1536.7132867132866,42741.11675126904
1536.7132867132866,42664.974619289336
1536.7132867132866,42588.83248730964
1536.7132867132866,42512.69035532995
1536.7132867132866,42436.548223350255
1536.7132867132866,42360.40609137056
1536.7132867132866,42284.26395939087
1536.7132867132866,42208.12182741117
1536.7132867132866,42131.97969543147
1536.7132867132866,42055.83756345177
1536.7132867132866,41979.69543147208
1536.7132867132866,41903.553299492385
1536.7132867132866,41827.41116751269
1536.7132867132866,41751.269035533
1536.7132867132866,41675.126903553304
1536.7132867132866,41598.9847715736
1536.7132867132866,41522.84263959391
1536.7132867132866,41446.70050761421
1536.7132867132866,41370.558375634515
1536.7132867132866,41294.41624365482
1536.7132867132866,41218.27411167513
1536.7132867132866,41142.131979695434
1536.7132867132866,41065.98984771574
1536.7132867132866,40989.84771573604
1536.7132867132866,40913.705583756346
1536.7132867132866,40837.563451776645
1536.7132867132866,40761.42131979695
1536.7132867132866,40685.27918781726
1536.7132867132866,40609.137055837564
1536.7132867132866,40532.99492385787
1536.7132867132866,40456.85279187818
1536.7132867132866,40380.710659898476
1536.7132867132866,40304.56852791878
1536.7132867132866,40228.42639593908
1536.7132867132866,40152.28426395939
1536.7132867132866,40076.142131979694
1536.7132867132866,40000.0
1536.7132867132866,39923.857868020306
1536.7132867132866,39847.71573604061
1536.7132867132866,39771.57360406092
1536.7132867132866,39695.43147208122
1536.7132867132866,39619.289340101524
1536.7132867132866,39543.14720812182
1536.7132867132866,39467.00507614213
1536.7132867132866,39390.862944162436
1536.7132867132866,39314.72081218274
1536.7132867132866,39238.57868020305
1536.7132867132866,39162.436548223355
1536.7132867132866,39086.294416243654
1536.7132867132866,39010.15228426396
1536.7132867132866,38934.01015228426
1536.7132867132866,38857.868020304566
1536.7132867132866,38781.72588832487
1536.7132867132866,38705.58375634518
1536.7132867132866,38629.441624365485
1536.7132867132866,38553.29949238579
1536.7132867132866,38477.15736040609
1536.7132867132866,38401.0152284264
1541.958041958042,44644.67005076142
1541.958041958042,44568.52791878173
1541.958041958042,44492.38578680203
1541.958041958042,44416.243654822334
1541.958041958042,44340.10152284264
1541.958041958042,44263.95939086295
1541.958041958042,44187.817258883246
1541.958041958042,44111.67512690355
1541.958041958042,44035.53299492386
1541.958041958042,43959.390862944165
1541.958041958042,43883.248730964464
1541.958041958042,43807.10659898477
1541.958041958042,43730.96446700508
1541.958041958042,43654.82233502538
1541.958041958042,43578.68020304568
1541.958041958042,43502.53807106599
1541.958041958042,43426.395939086295
1541.958041958042,43350.2538071066
1541.958041958042,43274.1116751269
1541.958041958042,43197.96954314721
1541.958041958042,43121.82741116751
1541.958041958042,43045.68527918782
1541.958041958042,42969.543147208125
1541.958041958042,42893.401015228425
1541.958041958042,42817.25888324873
1541.958041958042,42741.11675126904
1541.958041958042,42664.974619289336
1541.958041958042,42588.83248730964
1541.958041958042,42512.69035532995
1541.958041958042,42436.548223350255
1541.958041958042,42360.40609137056
1541.958041958042,42284.26395939087
1541.958041958042,42208.12182741117
1541.958041958042,42131.97969543147
1541.958041958042,42055.83756345177
1541.958041958042,41979.69543147208
1541.958041958042,41903.553299492385
1541.958041958042,41827.41116751269
1541.958041958042,41751.269035533
1541.958041958042,41675.126903553304
1541.958041958042,41598.9847715736
1541.958041958042,41522.84263959391
1541.958041958042,41446.70050761421
1541.958041958042,41370.558375634515
1541.958041958042,41294.41624365482
1541.958041958042,41218.27411167513
1541.958041958042,41142.131979695434
1541.958041958042,41065.98984771574
1541.958041958042,40989.84771573604
1541.958041958042,40913.705583756346
1541.958041958042,40837.563451776645
1541.958041958042,40761.42131979695
1541.958041958042,40685.27918781726
1541.958041958042,40609.137055837564
1541.958041958042,40532.99492385787
1541.958041958042,40456.85279187818
1541.958041958042,40380.710659898476
1541.958041958042,40304.56852791878
1541.958041958042,40228.42639593908
1541.958041958042,40152.28426395939
1541.958041958042,40076.142131979694
1541.958041958042,40000.0
1541.958041958042,39923.857868020306
1541.958041958042,39847.71573604061
1541.958041958042,39771.57360406092
1541.958041958042,39695.43147208122
1541.958041958042,39619.289340101524
1541.958041958042,39543.14720812182
1541.958041958042,39467.00507614213
1547.2027972027972,46015.22842639594
1547.2027972027972,45939.08629441624
1547.2027972027972,45862.94416243655
1547.2027972027972,45786.802030456856
1547.2027972027972,45710.659898477155
1547.2027972027972,45634.51776649746
1547.2027972027972,45558.37563451777
1547.2027972027972,45482.233502538074
1547.2027972027972,45406.09137055837
1547.2027972027972,45329.94923857868
1547.2027972027972,45253.807106598986
1547.2027972027972,45177.66497461929
1547.2027972027972,45101.52284263959
1547.2027972027972,45025.3807106599
1547.2027972027972,44949.238578680204
1547.2027972027972,44873.09644670051
1547.2027972027972,44796.95431472081
1547.2027972027972,44720.812182741116
1547.2027972027972,44644.67005076142
1547.2027972027972,44568.52791878173
1547.2027972027972,44492.38578680203
1547.2027972027972,44416.243654822334
1547.2027972027972,44340.10152284264
1547.2027972027972,44263.95939086295
1547.2027972027972,44187.817258883246
1547.2027972027972,44111.67512690355
1547.2027972027972,44035.53299492386
1547.2027972027972,43959.390862944165
1547.2027972027972,43883.248730964464
1547.2027972027972,43807.10659898477
1547.2027972027972,43730.96446700508
1547.2027972027972,43654.82233502538
1547.2027972027972,43578.68020304568
1547.2027972027972,43502.53807106599
1547.2027972027972,43426.395939086295
1547.2027972027972,43350.2538071066
1547.2027972027972,43274.1116751269
1547.2027972027972,43197.96954314721
1547.2027972027972,43121.82741116751
1547.2027972027972,43045.68527918782
1547.2027972027972,42969.543147208125
1547.2027972027972,42893.401015228425
1547.2027972027972,42817.25888324873
1547.2027972027972,42741.11675126904
1547.2027972027972,42664.974619289336
1547.2027972027972,42588.83248730964
1547.2027972027972,42512.69035532995
1547.2027972027972,42436.548223350255
1547.2027972027972,42360.40609137056
1547.2027972027972,42284.26395939087
1547.2027972027972,42208.12182741117
1547.2027972027972,42131.97969543147
1547.2027972027972,42055.83756345177
1547.2027972027972,41979.69543147208
1547.2027972027972,41903.553299492385
1547.2027972027972,41827.41116751269
1547.2027972027972,41751.269035533
1547.2027972027972,41675.126903553304
1547.2027972027972,41598.9847715736
1547.2027972027972,41522.84263959391
1547.2027972027972,41446.70050761421
1547.2027972027972,41370.558375634515
1547.2027972027972,41294.41624365482
1547.2027972027972,41218.27411167513
1547.2027972027972,41142.131979695434
1547.2027972027972,41065.98984771574
1547.2027972027972,40989.84771573604
1547.2027972027972,40913.705583756346
1547.2027972027972,40837.563451776645
1547.2027972027972,40761.42131979695
1547.2027972027972,40685.27918781726
1547.2027972027972,40609.137055837564
1547.2027972027972,40532.99492385787
1547.2027972027972,40456.85279187818
1552.4475524475524,47766.497461928935
1552.4475524475524,47690.35532994924
1552.4475524475524,47614.21319796954
1552.4475524475524,47538.07106598985
1552.4475524475524,47461.92893401015
1552.4475524475524,47385.78680203046
1552.4475524475524,47309.64467005076
1552.4475524475524,47233.502538071065
1552.4475524475524,47157.36040609137
1552.4475524475524,47081.21827411168
1552.4475524475524,47005.07614213198
1552.4475524475524,46928.93401015228
1552.4475524475524,46852.79187817259
1552.4475524475524,46776.649746192896
1552.4475524475524,46700.507614213195
1552.4475524475524,46624.3654822335
1552.4475524475524,46548.22335025381
1552.4475524475524,46472.081218274114
1552.4475524475524,46395.93908629441
1552.4475524475524,46319.79695431472
1552.4475524475524,46243.654822335026
1552.4475524475524,46167.51269035533
1552.4475524475524,46091.37055837563
1552.4475524475524,46015.22842639594
1552.4475524475524,45939.08629441624
1552.4475524475524,45862.94416243655
1552.4475524475524,45786.802030456856
1552.4475524475524,45710.659898477155
1552.4475524475524,45634.51776649746
1552.4475524475524,45558.37563451777
1552.4475524475524,45482.233502538074
1552.4475524475524,45406.09137055837
1552.4475524475524,45329.94923857868
1552.4475524475524,45253.807106598986
1552.4475524475524,45177.66497461929
1552.4475524475524,45101.52284263959
1552.4475524475524,45025.3807106599
1552.4475524475524,44949.238578680204
1552.4475524475524,44873.09644670051
1552.4475524475524,44796.95431472081
1552.4475524475524,44720.812182741116
1552.4475524475524,44644.67005076142
1552.4475524475524,44568.52791878173
1552.4475524475524,44492.38578680203
1552.4475524475524,44416.243654822334
1552.4475524475524,44340.10152284264
1552.4475524475524,44263.95939086295
1552.4475524475524,44187.817258883246
1552.4475524475524,44111.67512690355
1552.4475524475524,44035.53299492386
1552.4475524475524,43959.390862944165
1552.4475524475524,43883.248730964464
1552.4475524475524,43807.10659898477
1552.4475524475524,43730.96446700508
1552.4475524475524,43654.82233502538
1552.4475524475524,43578.68020304568
1552.4475524475524,43502.53807106599
1552.4475524475524,43426.395939086295
1552.4475524475524,43350.2538071066
1552.4475524475524,43274.1116751269
1552.4475524475524,43197.96954314721
1552.4475524475524,43121.82741116751
1552.4475524475524,43045.68527918782
1552.4475524475524,42969.543147208125
1552.4475524475524,42893.401015228425
1552.4475524475524,42817.25888324873
1552.4475524475524,42741.11675126904
1552.4475524475524,42664.974619289336
1552.4475524475524,42588.83248730964
1552.4475524475524,42512.69035532995
1552.4475524475524,42436.548223350255
1552.4475524475524,42360.40609137056
1552.4475524475524,42284.26395939087
1552.4475524475524,42208.12182741117
1552.4475524475524,42131.97969543147
1552.4475524475524,42055.83756345177
1552.4475524475524,41979.69543147208
1552.4475524475524,41903.553299492385
1552.4475524475524,41827.41116751269
1552.4475524475524,41751.269035533
1552.4475524475524,41675.126903553304
1557.6923076923076,49517.766497461926
1557.6923076923076,49441.62436548223
1557.6923076923076,49365.48223350254
1557.6923076923076,49289.340101522845
1557.6923076923076,49213.197969543144
1557.6923076923076,49137.05583756345
1557.6923076923076,49060.91370558376
1557.6923076923076,48984.77157360406
1557.6923076923076,48908.62944162437
1557.6923076923076,48832.48730964467
1557.6923076923076,48756.345177664974
1557.6923076923076,48680.20304568528
1557.6923076923076,48604.06091370559
1557.6923076923076,48527.918781725886
1557.6923076923076,48451.77664974619
1557.6923076923076,48375.6345177665
1557.6923076923076,48299.492385786805
1557.6923076923076,48223.350253807104
1557.6923076923076,48147.20812182741
1557.6923076923076,48071.06598984772
1557.6923076923076,47994.92385786802
1557.6923076923076,47918.78172588832
1557.6923076923076,47842.63959390863
1557.6923076923076,47766.497461928935
1557.6923076923076,47690.35532994924
1557.6923076923076,47614.21319796954
1557.6923076923076,47538.07106598985
1557.6923076923076,47461.92893401015
1557.6923076923076,47385.78680203046
1557.6923076923076,47309.64467005076
1557.6923076923076,47233.502538071065
1557.6923076923076,47157.36040609137
1557.6923076923076,47081.21827411168
1557.6923076923076,47005.07614213198
1557.6923076923076,46928.93401015228
1557.6923076923076,46852.79187817259
1557.6923076923076,46776.649746192896
1557.6923076923076,46700.507614213195
1557.6923076923076,46624.3654822335
1557.6923076923076,46548.22335025381
1557.6923076923076,46472.081218274114
1557.6923076923076,46395.93908629441
1557.6923076923076,46319.79695431472
1557.6923076923076,46243.654822335026
1557.6923076923076,46167.51269035533
1557.6923076923076,46091.37055837563
1557.6923076923076,46015.22842639594
1557.6923076923076,45939.08629441624
1557.6923076923076,45862.94416243655
1557.6923076923076,45786.802030456856
1557.6923076923076,45710.659898477155
1557.6923076923076,45634.51776649746
1557.6923076923076,45558.37563451777
1557.6923076923076,45482.233502538074
1557.6923076923076,45406.09137055837
1557.6923076923076,45329.94923857868
1557.6923076923076,45253.807106598986
1557.6923076923076,45177.66497461929
1557.6923076923076,45101.52284263959
1557.6923076923076,45025.3807106599
1557.6923076923076,44949.238578680204
1557.6923076923076,44873.09644670051
1557.6923076923076,44796.95431472081
1557.6923076923076,44720.812182741116
1557.6923076923076,44644.67005076142
1557.6923076923076,44568.52791878173
1557.6923076923076,44492.38578680203
1557.6923076923076,44416.243654822334
1557.6923076923076,44340.10152284264
1557.6923076923076,44263.95939086295
1557.6923076923076,44187.817258883246
1557.6923076923076,44111.67512690355
1557.6923076923076,44035.53299492386
1557.6923076923076,43959.390862944165
1557.6923076923076,43883.248730964464
1557.6923076923076,43807.10659898477
1557.6923076923076,43730.96446700508
1557.6923076923076,43654.82233502538
1557.6923076923076,43578.68020304568
1557.6923076923076,43502.53807106599
1557.6923076923076,43426.395939086295
1557.6923076923076,43350.2538071066
1557.6923076923076,43274.1116751269
1557.6923076923076,43197.96954314721
1557.6923076923076,43121.82741116751
1557.6923076923076,43045.68527918782
1562.937062937063,51269.03553299492
1562.937062937063,51192.89340101523
1562.937062937063,51116.751269035536
1562.937062937063,51040.609137055835
1562.937062937063,50964.46700507614
1562.937062937063,50888.32487309645
1562.937062937063,50812.182741116754
1562.937062937063,50736.04060913705
1562.937062937063,50659.89847715736
1562.937062937063,50583.756345177666
1562.937062937063,50507.61421319797
1562.937062937063,50431.47208121827
1562.937062937063,50355.32994923858
1562.937062937063,50279.187817258884
1562.937062937063,50203.04568527919
1562.937062937063,50126.90355329949
1562.937062937063,50050.761421319796
1562.937062937063,49974.6192893401
1562.937062937063,49898.47715736041
1562.937062937063,49822.33502538071
1562.937062937063,49746.192893401014
1562.937062937063,49670.05076142132
1562.937062937063,49593.90862944163
1562.937062937063,49517.766497461926
1562.937062937063,49441.62436548223
1562.937062937063,49365.48223350254
1562.937062937063,49289.340101522845
1562.937062937063,49213.197969543144
1562.937062937063,49137.05583756345
1562.937062937063,49060.91370558376
1562.937062937063,48984.77157360406
1562.937062937063,48908.62944162437
1562.937062937063,48832.48730964467
1562.937062937063,48756.345177664974
1562.937062937063,48680.20304568528
1562.937062937063,48604.06091370559
1562.937062937063,48527.918781725886
1562.937062937063,48451.77664974619
1562.937062937063,48375.6345177665
1562.937062937063,48299.492385786805
1562.937062937063,48223.350253807104
1562.937062937063,48147.20812182741
1562.937062937063,48071.06598984772
1562.937062937063,47994.92385786802
1562.937062937063,47918.78172588832
1562.937062937063,47842.63959390863
1562.937062937063,47766.497461928935
1562.937062937063,47690.35532994924
1562.937062937063,47614.21319796954
1562.937062937063,47538.07106598985
1562.937062937063,47461.92893401015
1562.937062937063,47385.78680203046
1562.937062937063,47309.64467005076
1562.937062937063,47233.502538071065
1562.937062937063,47157.36040609137
1562.937062937063,47081.21827411168
1562.937062937063,47005.07614213198
1562.937062937063,46928.93401015228
1562.937062937063,46852.79187817259
1562.937062937063,46776.649746192896
1562.937062937063,46700.507614213195
1562.937062937063,46624.3654822335
1562.937062937063,46548.22335025381
1562.937062937063,46472.081218274114
1562.937062937063,46395.93908629441
1562.937062937063,46319.79695431472
1562.937062937063,46243.654822335026
1562.937062937063,46167.51269035533
1562.937062937063,46091.37055837563
1562.937062937063,46015.22842639594
1562.937062937063,45939.08629441624
1562.937062937063,45862.94416243655
1562.937062937063,45786.802030456856
1562.937062937063,45710.659898477155
1562.937062937063,45634.51776649746
1562.937062937063,45558.37563451777
1562.937062937063,45482.233502538074
1562.937062937063,45406.09137055837
1562.937062937063,45329.94923857868
1562.937062937063,45253.807106598986
1562.937062937063,45177.66497461929
1562.937062937063,45101.52284263959
1562.937062937063,45025.3807106599
1562.937062937063,44949.238578680204
1562.937062937063,44873.09644670051
1562.937062937063,44796.95431472081
1562.937062937063,44720.812182741116
1562.937062937063,44644.67005076142
1562.937062937063,44568.52791878173
1562.937062937063,44492.38578680203
1562.937062937063,44416.243654822334
1562.937062937063,44340.10152284264
1568.1818181818182,53248.730964467
1568.1818181818182,53172.58883248731
1568.1818181818182,53096.446700507615
1568.1818181818182,53020.30456852792
1568.1818181818182,52944.16243654822
1568.1818181818182,52868.02030456853
1568.1818181818182,52791.87817258883
1568.1818181818182,52715.73604060914
1568.1818181818182,52639.59390862944
1568.1818181818182,52563.451776649745
1568.1818181818182,52487.30964467005
1568.1818181818182,52411.16751269036
1568.1818181818182,52335.02538071066
1568.1818181818182,52258.88324873096
1568.1818181818182,52182.74111675127
1568.1818181818182,52106.598984771575
1568.1818181818182,52030.456852791875
1568.1818181818182,51954.31472081218
1568.1818181818182,51878.17258883249
1568.1818181818182,51802.03045685279
1568.1818181818182,51725.8883248731
1568.1818181818182,51649.7461928934
1568.1818181818182,51573.604060913705
1568.1818181818182,51497.46192893401
1568.1818181818182,51421.31979695432
1568.1818181818182,51345.17766497462
1568.1818181818182,51269.03553299492
1568.1818181818182,51192.89340101523
1568.1818181818182,51116.751269035536
1568.1818181818182,51040.609137055835
1568.1818181818182,50964.46700507614
1568.1818181818182,50888.32487309645
1568.1818181818182,50812.182741116754
1568.1818181818182,50736.04060913705
1568.1818181818182,50659.89847715736
1568.1818181818182,50583.756345177666
1568.1818181818182,50507.61421319797
1568.1818181818182,50431.47208121827
1568.1818181818182,50355.32994923858
1568.1818181818182,50279.187817258884
1568.1818181818182,50203.04568527919
1568.1818181818182,50126.90355329949
1568.1818181818182,50050.761421319796
1568.1818181818182,49974.6192893401
1568.1818181818182,49898.47715736041
1568.1818181818182,49822.33502538071
1568.1818181818182,49746.192893401014
1568.1818181818182,49670.05076142132
1568.1818181818182,49593.90862944163
1568.1818181818182,49517.766497461926
1568.1818181818182,49441.62436548223
1568.1818181818182,49365.48223350254
1568.1818181818182,49289.340101522845
1568.1818181818182,49213.197969543144
1568.1818181818182,49137.05583756345
1568.1818181818182,49060.91370558376
1568.1818181818182,48984.77157360406
1568.1818181818182,48908.62944162437
1568.1818181818182,48832.48730964467
1568.1818181818182,48756.345177664974
1568.1818181818182,48680.20304568528
1568.1818181818182,48604.06091370559
1568.1818181818182,48527.918781725886
1568.1818181818182,48451.77664974619
1568.1818181818182,48375.6345177665
1568.1818181818182,48299.492385786805
1568.1818181818182,48223.350253807104
1568.1818181818182,48147.20812182741
1568.1818181818182,48071.06598984772
1568.1818181818182,47994.92385786802
1568.1818181818182,47918.78172588832
1568.1818181818182,47842.63959390863
1568.1818181818182,47766.497461928935
1568.1818181818182,47690.35532994924
1568.1818181818182,47614.21319796954
1568.1818181818182,47538.07106598985
1568.1818181818182,47461.92893401015
1568.1818181818182,47385.78680203046
1568.1818181818182,47309.64467005076
1568.1818181818182,47233.502538071065
1568.1818181818182,47157.36040609137
1568.1818181818182,47081.21827411168
1568.1818181818182,47005.07614213198
1568.1818181818182,46928.93401015228
1568.1818181818182,46852.79187817259
1568.1818181818182,46776.649746192896
1568.1818181818182,46700.507614213195
1568.1818181818182,46624.3654822335
1568.1818181818182,46548.22335025381
1568.1818181818182,46472.081218274114
1568.1818181818182,46395.93908629441
1568.1818181818182,46319.79695431472
1568.1818181818182,46243.654822335026
1568.1818181818182,46167.51269035533
1568.1818181818182,46091.37055837563
1568.1818181818182,46015.22842639594
1568.1818181818182,45939.08629441624
1568.1818181818182,45862.94416243655
1568.1818181818182,45786.802030456856
1568.1818181818182,45710.659898477155
1568.1818181818182,45634.51776649746
1573.4265734265734,54847.71573604061
1573.4265734265734,54771.57360406091
1573.4265734265734,54695.43147208122
1573.4265734265734,54619.289340101524
1573.4265734265734,54543.14720812183
1573.4265734265734,54467.00507614213
1573.4265734265734,54390.862944162436
1573.4265734265734,54314.72081218274
1573.4265734265734,54238.57868020305
1573.4265734265734,54162.43654822335
1573.4265734265734,54086.294416243654
1573.4265734265734,54010.15228426396
1573.4265734265734,53934.01015228427
1573.4265734265734,53857.868020304566
1573.4265734265734,53781.72588832487
1573.4265734265734,53705.58375634518
1573.4265734265734,53629.441624365485
1573.4265734265734,53553.299492385784
1573.4265734265734,53477.15736040609
1573.4265734265734,53401.0152284264
1573.4265734265734,53324.8730964467
1573.4265734265734,53248.730964467
1573.4265734265734,53172.58883248731
1573.4265734265734,53096.446700507615
1573.4265734265734,53020.30456852792
1573.4265734265734,52944.16243654822
1573.4265734265734,52868.02030456853
1573.4265734265734,52791.87817258883
1573.4265734265734,52715.73604060914
1573.4265734265734,52639.59390862944
1573.4265734265734,52563.451776649745
1573.4265734265734,52487.30964467005
1573.4265734265734,52411.16751269036
1573.4265734265734,52335.02538071066
1573.4265734265734,52258.88324873096
1573.4265734265734,52182.74111675127
1573.4265734265734,52106.598984771575
1573.4265734265734,52030.456852791875
1573.4265734265734,51954.31472081218
1573.4265734265734,51878.17258883249
1573.4265734265734,51802.03045685279
1573.4265734265734,51725.8883248731
1573.4265734265734,51649.7461928934
1573.4265734265734,51573.604060913705
1573.4265734265734,51497.46192893401
1573.4265734265734,51421.31979695432
1573.4265734265734,51345.17766497462
1573.4265734265734,51269.03553299492
1573.4265734265734,51192.89340101523
1573.4265734265734,51116.751269035536
1573.4265734265734,51040.609137055835
1573.4265734265734,50964.46700507614
1573.4265734265734,50888.32487309645
1573.4265734265734,50812.182741116754
1573.4265734265734,50736.04060913705
1573.4265734265734,50659.89847715736
1573.4265734265734,50583.756345177666
1573.4265734265734,50507.61421319797
1573.4265734265734,50431.47208121827
1573.4265734265734,50355.32994923858
1573.4265734265734,50279.187817258884
1573.4265734265734,50203.04568527919
1573.4265734265734,50126.90355329949
1573.4265734265734,50050.761421319796
1573.4265734265734,49974.6192893401
1573.4265734265734,49898.47715736041
1573.4265734265734,49822.33502538071
1573.4265734265734,49746.192893401014
1573.4265734265734,49670.05076142132
1573.4265734265734,49593.90862944163
1573.4265734265734,49517.766497461926
1573.4265734265734,49441.62436548223
1573.4265734265734,49365.48223350254
1573.4265734265734,49289.340101522845
1573.4265734265734,49213.197969543144
1573.4265734265734,49137.05583756345
1573.4265734265734,49060.91370558376
1573.4265734265734,48984.77157360406
1573.4265734265734,48908.62944162437
1573.4265734265734,48832.48730964467
1573.4265734265734,48756.345177664974
1573.4265734265734,48680.20304568528
1573.4265734265734,48604.06091370559
1573.4265734265734,48527.918781725886
1573.4265734265734,48451.77664974619
1573.4265734265734,48375.6345177665
1573.4265734265734,48299.492385786805
1573.4265734265734,48223.350253807104
1573.4265734265734,48147.20812182741
1573.4265734265734,48071.06598984772
1573.4265734265734,47994.92385786802
1573.4265734265734,47918.78172588832
1573.4265734265734,47842.63959390863
1573.4265734265734,47766.497461928935
1573.4265734265734,47690.35532994924
1573.4265734265734,47614.21319796954
1573.4265734265734,47538.07106598985
1573.4265734265734,47461.92893401015
1573.4265734265734,47385.78680203046
1573.4265734265734,47309.64467005076
1578.6713286713286,56218.27411167513
1578.6713286713286,56142.131979695434
1578.6713286713286,56065.98984771573
1578.6713286713286,55989.84771573604
1578.6713286713286,55913.705583756346
1578.6713286713286,55837.56345177665
1578.6713286713286,55761.42131979695
1578.6713286713286,55685.27918781726
1578.6713286713286,55609.137055837564
1578.6713286713286,55532.99492385787
1578.6713286713286,55456.85279187817
1578.6713286713286,55380.710659898476
1578.6713286713286,55304.56852791878
1578.6713286713286,55228.42639593909
1578.6713286713286,55152.28426395939
1578.6713286713286,55076.142131979694
1578.6713286713286,55000.0
1578.6713286713286,54923.857868020306
1578.6713286713286,54847.71573604061
1578.6713286713286,54771.57360406091
1578.6713286713286,54695.43147208122
1578.6713286713286,54619.289340101524
1578.6713286713286,54543.14720812183
1578.6713286713286,54467.00507614213
1578.6713286713286,54390.862944162436
1578.6713286713286,54314.72081218274
1578.6713286713286,54238.57868020305
1578.6713286713286,54162.43654822335
1578.6713286713286,54086.294416243654
1578.6713286713286,54010.15228426396
1578.6713286713286,53934.01015228427
1578.6713286713286,53857.868020304566
1578.6713286713286,53781.72588832487
1578.6713286713286,53705.58375634518
1578.6713286713286,53629.441624365485
1578.6713286713286,53553.299492385784
1578.6713286713286,53477.15736040609
1578.6713286713286,53401.0152284264
1578.6713286713286,53324.8730964467
1578.6713286713286,53248.730964467
1578.6713286713286,53172.58883248731
1578.6713286713286,53096.446700507615
1578.6713286713286,53020.30456852792
1578.6713286713286,52944.16243654822
1578.6713286713286,52868.02030456853
1578.6713286713286,52791.87817258883
1578.6713286713286,52715.73604060914
1578.6713286713286,52639.59390862944
1578.6713286713286,52563.451776649745
1578.6713286713286,52487.30964467005
1578.6713286713286,52411.16751269036
1578.6713286713286,52335.02538071066
1578.6713286713286,52258.88324873096
1578.6713286713286,52182.74111675127
1578.6713286713286,52106.598984771575
1578.6713286713286,52030.456852791875
1578.6713286713286,51954.31472081218
1578.6713286713286,51878.17258883249
1578.6713286713286,51802.03045685279
1578.6713286713286,51725.8883248731
1578.6713286713286,51649.7461928934
1578.6713286713286,51573.604060913705
1578.6713286713286,51497.46192893401
1578.6713286713286,51421.31979695432
1578.6713286713286,51345.17766497462
1578.6713286713286,51269.03553299492
1578.6713286713286,51192.89340101523
1578.6713286713286,51116.751269035536
1578.6713286713286,51040.609137055835
1578.6713286713286,50964.46700507614
1578.6713286713286,50888.32487309645
1578.6713286713286,50812.182741116754
1578.6713286713286,50736.04060913705
1578.6713286713286,50659.89847715736
1578.6713286713286,50583.756345177666
1578.6713286713286,50507.61421319797
1578.6713286713286,50431.47208121827
1578.6713286713286,50355.32994923858
1578.6713286713286,50279.187817258884
1578.6713286713286,50203.04568527919
1578.6713286713286,50126.90355329949
1578.6713286713286,50050.761421319796
1578.6713286713286,49974.6192893401
1578.6713286713286,49898.47715736041
1578.6713286713286,49822.33502538071
1578.6713286713286,49746.192893401014
1578.6713286713286,49670.05076142132
1578.6713286713286,49593.90862944163
1578.6713286713286,49517.766497461926
1578.6713286713286,49441.62436548223
1578.6713286713286,49365.48223350254
1578.6713286713286,49289.340101522845
1578.6713286713286,49213.197969543144
1578.6713286713286,49137.05583756345
1578.6713286713286,49060.91370558376
1583.9160839160838,57055.83756345178
1583.9160839160838,56979.69543147208
1583.9160839160838,56903.553299492385
1583.9160839160838,56827.41116751269
1583.9160839160838,56751.269035533
1583.9160839160838,56675.1269035533
1583.9160839160838,56598.9847715736
1583.9160839160838,56522.84263959391
1583.9160839160838,56446.700507614216
1583.9160839160838,56370.558375634515
1583.9160839160838,56294.41624365482
1583.9160839160838,56218.27411167513
1583.9160839160838,56142.131979695434
1583.9160839160838,56065.98984771573
1583.9160839160838,55989.84771573604
1583.9160839160838,55913.705583756346
1583.9160839160838,55837.56345177665
1583.9160839160838,55761.42131979695
1583.9160839160838,55685.27918781726
1583.9160839160838,55609.137055837564
1583.9160839160838,55532.99492385787
1583.9160839160838,55456.85279187817
1583.9160839160838,55380.710659898476
1583.9160839160838,55304.56852791878
1583.9160839160838,55228.42639593909
1583.9160839160838,55152.28426395939
1583.9160839160838,55076.142131979694
1583.9160839160838,55000.0
1583.9160839160838,54923.857868020306
1583.9160839160838,54847.71573604061
1583.9160839160838,54771.57360406091
1583.9160839160838,54695.43147208122
1583.9160839160838,54619.289340101524
1583.9160839160838,54543.14720812183
1583.9160839160838,54467.00507614213
1583.9160839160838,54390.862944162436
1583.9160839160838,54314.72081218274
1583.9160839160838,54238.57868020305
1583.9160839160838,54162.43654822335
1583.9160839160838,54086.294416243654
1583.9160839160838,54010.15228426396
1583.9160839160838,53934.01015228427
1583.9160839160838,53857.868020304566
1583.9160839160838,53781.72588832487
1583.9160839160838,53705.58375634518
1583.9160839160838,53629.441624365485
1583.9160839160838,53553.299492385784
1583.9160839160838,53477.15736040609
1583.9160839160838,53401.0152284264
1583.9160839160838,53324.8730964467
1583.9160839160838,53248.730964467
1583.9160839160838,53172.58883248731
1583.9160839160838,53096.446700507615
1583.9160839160838,53020.30456852792
1583.9160839160838,52944.16243654822
1583.9160839160838,52868.02030456853
1583.9160839160838,52791.87817258883
1583.9160839160838,52715.73604060914
1583.9160839160838,52639.59390862944
1583.9160839160838,52563.451776649745
1583.9160839160838,52487.30964467005
1583.9160839160838,52411.16751269036
1583.9160839160838,52335.02538071066
1583.9160839160838,52258.88324873096
1583.9160839160838,52182.74111675127
1583.9160839160838,52106.598984771575
1583.9160839160838,52030.456852791875
1583.9160839160838,51954.31472081218
1583.9160839160838,51878.17258883249
1583.9160839160838,51802.03045685279
1583.9160839160838,51725.8883248731
1583.9160839160838,51649.7461928934
1583.9160839160838,51573.604060913705
1583.9160839160838,51497.46192893401
1583.9160839160838,51421.31979695432
1583.9160839160838,51345.17766497462
1583.9160839160838,51269.03553299492
1583.9160839160838,51192.89340101523
1583.9160839160838,51116.751269035536
1583.9160839160838,51040.609137055835
1583.9160839160838,50964.46700507614
1583.9160839160838,50888.32487309645
1583.9160839160838,50812.182741116754
1589.1608391608393,57208.12182741117
1589.1608391608393,57131.97969543147
1589.1608391608393,57055.83756345178
1589.1608391608393,56979.69543147208
1589.1608391608393,56903.553299492385
1589.1608391608393,56827.41116751269
1589.1608391608393,56751.269035533
1589.1608391608393,56675.1269035533
1589.1608391608393,56598.9847715736
1589.1608391608393,56522.84263959391
1589.1608391608393,56446.700507614216
1589.1608391608393,56370.558375634515
1589.1608391608393,56294.41624365482
1589.1608391608393,56218.27411167513
1589.1608391608393,56142.131979695434
1589.1608391608393,56065.98984771573
1589.1608391608393,55989.84771573604
1589.1608391608393,55913.705583756346
1589.1608391608393,55837.56345177665
1589.1608391608393,55761.42131979695
1589.1608391608393,55685.27918781726
1589.1608391608393,55609.137055837564
1589.1608391608393,55532.99492385787
1589.1608391608393,55456.85279187817
1589.1608391608393,55380.710659898476
1589.1608391608393,55304.56852791878
1589.1608391608393,55228.42639593909
1589.1608391608393,55152.28426395939
1589.1608391608393,55076.142131979694
1589.1608391608393,55000.0
1589.1608391608393,54923.857868020306
1589.1608391608393,54847.71573604061
1589.1608391608393,54771.57360406091
1589.1608391608393,54695.43147208122
1589.1608391608393,54619.289340101524
1589.1608391608393,54543.14720812183
1589.1608391608393,54467.00507614213
1589.1608391608393,54390.862944162436
1589.1608391608393,54314.72081218274
1589.1608391608393,54238.57868020305
1589.1608391608393,54162.43654822335
1589.1608391608393,54086.294416243654
1589.1608391608393,54010.15228426396
1589.1608391608393,53934.01015228427
1589.1608391608393,53857.868020304566
1589.1608391608393,53781.72588832487
1589.1608391608393,53705.58375634518
1589.1608391608393,53629.441624365485
1589.1608391608393,53553.299492385784
1589.1608391608393,53477.15736040609
1589.1608391608393,53401.0152284264
1589.1608391608393,53324.8730964467
1589.1608391608393,53248.730964467
1589.1608391608393,53172.58883248731
1589.1608391608393,53096.446700507615
1589.1608391608393,53020.30456852792
1589.1608391608393,52944.16243654822
1589.1608391608393,52868.02030456853
1589.1608391608393,52791.87817258883
1594.4055944055945,57284.26395939086
1594.4055944055945,57208.12182741117
1594.4055944055945,57131.97969543147
1594.4055944055945,57055.83756345178
1594.4055944055945,56979.69543147208
1594.4055944055945,56903.553299492385
1594.4055944055945,56827.41116751269
1594.4055944055945,56751.269035533
1594.4055944055945,56675.1269035533
1594.4055944055945,56598.9847715736
1594.4055944055945,56522.84263959391
1594.4055944055945,56446.700507614216
1594.4055944055945,56370.558375634515
1594.4055944055945,56294.41624365482
1594.4055944055945,56218.27411167513
1594.4055944055945,56142.131979695434
1594.4055944055945,56065.98984771573
1594.4055944055945,55989.84771573604
1594.4055944055945,55913.705583756346
1594.4055944055945,55837.56345177665
1594.4055944055945,55761.42131979695
1594.4055944055945,55685.27918781726
1594.4055944055945,55609.137055837564
1594.4055944055945,55532.99492385787
1594.4055944055945,55456.85279187817
1594.4055944055945,55380.710659898476
1594.4055944055945,55304.56852791878
1594.4055944055945,55228.42639593909
1594.4055944055945,55152.28426395939
1594.4055944055945,55076.142131979694
1594.4055944055945,55000.0
1594.4055944055945,54923.857868020306
1594.4055944055945,54847.71573604061
1594.4055944055945,54771.57360406091
1594.4055944055945,54695.43147208122
1594.4055944055945,54619.289340101524
1594.4055944055945,54543.14720812183
1594.4055944055945,54467.00507614213
1594.4055944055945,54390.862944162436
1594.4055944055945,54314.72081218274
1594.4055944055945,54238.57868020305
1594.4055944055945,54162.43654822335
1594.4055944055945,54086.294416243654
1599.6503496503497,57284.26395939086
1599.6503496503497,57208.12182741117
1599.6503496503497,57131.97969543147
1599.6503496503497,57055.83756345178
1599.6503496503497,56979.69543147208
1599.6503496503497,56903.553299492385
1599.6503496503497,56827.41116751269
1599.6503496503497,56751.269035533
1599.6503496503497,56675.1269035533
1599.6503496503497,56598.9847715736
1599.6503496503497,56522.84263959391
1599.6503496503497,56446.700507614216
1599.6503496503497,56370.558375634515
1599.6503496503497,56294.41624365482
1599.6503496503497,56218.27411167513
1599.6503496503497,56142.131979695434
1599.6503496503497,56065.98984771573
1599.6503496503497,55989.84771573604
1599.6503496503497,55913.705583756346
1599.6503496503497,55837.56345177665
1599.6503496503497,55761.42131979695
1599.6503496503497,55685.27918781726
1599.6503496503497,55609.137055837564
1599.6503496503497,55532.99492385787
1599.6503496503497,55456.85279187817
1599.6503496503497,55380.710659898476
1599.6503496503497,55304.56852791878
1599.6503496503497,55228.42639593909
1599.6503496503497,55152.28426395939
1599.6503496503497,55076.142131979694
1599.6503496503497,55000.0
1599.6503496503497,54923.857868020306
1599.6503496503497,54847.71573604061
1599.6503496503497,54771.57360406091
1599.6503496503497,54695.43147208122
1599.6503496503497,54619.289340101524
1599.6503496503497,54543.14720812183
1599.6503496503497,54467.00507614213
1599.6503496503497,54390.862944162436
1599.6503496503497,54314.72081218274
1599.6503496503497,54238.57868020305
1599.6503496503497,54162.43654822335
1599.6503496503497,54086.294416243654
1599.6503496503497,54010.15228426396
1599.6503496503497,53934.01015228427
1599.6503496503497,53857.868020304566
1599.6503496503497,53781.72588832487
1599.6503496503497,53705.58375634518
1599.6503496503497,53629.441624365485
1599.6503496503497,53553.299492385784
1599.6503496503497,53477.15736040609
1599.6503496503497,53401.0152284264
1599.6503496503497,53324.8730964467
1599.6503496503497,53248.730964467
1599.6503496503497,53172.58883248731
1599.6503496503497,53096.446700507615
1599.6503496503497,53020.30456852792
1599.6503496503497,52944.16243654822
1599.6503496503497,52868.02030456853
1599.6503496503497,52791.87817258883
1599.6503496503497,52715.73604060914
1599.6503496503497,52639.59390862944
1599.6503496503497,52563.451776649745
1599.6503496503497,52487.30964467005
1599.6503496503497,52411.16751269036
1599.6503496503497,52335.02538071066
1599.6503496503497,52258.88324873096
1599.6503496503497,52182.74111675127
1599.6503496503497,52106.598984771575
1599.6503496503497,52030.456852791875
1599.6503496503497,51954.31472081218
1599.6503496503497,51878.17258883249
1599.6503496503497,51802.03045685279
1599.6503496503497,51725.8883248731
1599.6503496503497,51649.7461928934
1599.6503496503497,51573.604060913705
1599.6503496503497,51497.46192893401
1604.8951048951049,57208.12182741117
1604.8951048951049,57131.97969543147
1604.8951048951049,57055.83756345178
1604.8951048951049,56979.69543147208
1604.8951048951049,56903.553299492385
1604.8951048951049,56827.41116751269
1604.8951048951049,56751.269035533
1604.8951048951049,56675.1269035533
1604.8951048951049,56598.9847715736
1604.8951048951049,56522.84263959391
1604.8951048951049,56446.700507614216
1604.8951048951049,56370.558375634515
1604.8951048951049,56294.41624365482
1604.8951048951049,56218.27411167513
1604.8951048951049,56142.131979695434
1604.8951048951049,56065.98984771573
1604.8951048951049,55989.84771573604
1604.8951048951049,55913.705583756346
1604.8951048951049,55837.56345177665
1604.8951048951049,55761.42131979695
1604.8951048951049,55685.27918781726
1604.8951048951049,55609.137055837564
1604.8951048951049,55532.99492385787
1604.8951048951049,55456.85279187817
1604.8951048951049,55380.710659898476
1604.8951048951049,55304.56852791878
1604.8951048951049,55228.42639593909
1604.8951048951049,55152.28426395939
1604.8951048951049,55076.142131979694
1604.8951048951049,55000.0
1604.8951048951049,54923.857868020306
1604.8951048951049,54847.71573604061
1604.8951048951049,54771.57360406091
1604.8951048951049,54695.43147208122
1604.8951048951049,54619.289340101524
1604.8951048951049,54543.14720812183
1604.8951048951049,54467.00507614213
1604.8951048951049,54390.862944162436
1604.8951048951049,54314.72081218274
1604.8951048951049,54238.57868020305
1604.8951048951049,54162.43654822335
1604.8951048951049,54086.294416243654
1604.8951048951049,54010.15228426396
1604.8951048951049,53934.01015228427
1604.8951048951049,53857.868020304566
1604.8951048951049,53781.72588832487
1604.8951048951049,53705.58375634518
1604.8951048951049,53629.441624365485
1604.8951048951049,53553.299492385784
1604.8951048951049,53477.15736040609
1604.8951048951049,53401.0152284264
1604.8951048951049,53324.8730964467
1604.8951048951049,53248.730964467
1604.8951048951049,53172.58883248731
1604.8951048951049,53096.446700507615
1604.8951048951049,53020.30456852792
1604.8951048951049,52944.16243654822
1604.8951048951049,52868.02030456853
1604.8951048951049,52791.87817258883
1604.8951048951049,52715.73604060914
1604.8951048951049,52639.59390862944
1604.8951048951049,52563.451776649745
1604.8951048951049,52487.30964467005
1604.8951048951049,52411.16751269036
1604.8951048951049,52335.02538071066
1604.8951048951049,52258.88324873096
1604.8951048951049,52182.74111675127
1604.8951048951049,52106.598984771575
1604.8951048951049,52030.456852791875
1604.8951048951049,51954.31472081218
1604.8951048951049,51878.17258883249
1604.8951048951049,51802.03045685279
1604.8951048951049,51725.8883248731
1604.8951048951049,51649.7461928934
1604.8951048951049,51573.604060913705
1604.8951048951049,51497.46192893401
1604.8951048951049,51421.31979695432
1604.8951048951049,51345.17766497462
1604.8951048951049,51269.03553299492
1604.8951048951049,51192.89340101523
1604.8951048951049,51116.751269035536
1604.8951048951049,51040.609137055835
1604.8951048951049,50964.46700507614
1604.8951048951049,50888.32487309645
1604.8951048951049,50812.182741116754
1604.8951048951049,50736.04060913705
1604.8951048951049,50659.89847715736
1604.8951048951049,50583.756345177666
1604.8951048951049,50507.61421319797
1604.8951048951049,50431.47208121827
1604.8951048951049,50355.32994923858
1604.8951048951049,50279.187817258884
1604.8951048951049,50203.04568527919
1604.8951048951049,50126.90355329949
1604.8951048951049,50050.761421319796
1604.8951048951049,49974.6192893401
1604.8951048951049,49898.47715736041
1604.8951048951049,49822.33502538071
1604.8951048951049,49746.192893401014
1604.8951048951049,49670.05076142132
1604.8951048951049,49593.90862944163
1604.8951048951049,49517.766497461926
1604.8951048951049,49441.62436548223
1604.8951048951049,49365.48223350254
1604.8951048951049,49289.340101522845
1604.8951048951049,49213.197969543144
1604.8951048951049,49137.05583756345
1604.8951048951049,49060.91370558376
1604.8951048951049,48984.77157360406
1604.8951048951049,48908.62944162437
1604.8951048951049,48832.48730964467
1604.8951048951049,48756.345177664974
1604.8951048951049,48680.20304568528
1604.8951048951049,48604.06091370559
1604.8951048951049,48527.918781725886
1604.8951048951049,48451.77664974619
1604.8951048951049,48375.6345177665
1610.13986013986,56827.41116751269
1610.13986013986,56751.269035533
1610.13986013986,56675.1269035533
1610.13986013986,56598.9847715736
1610.13986013986,56522.84263959391
1610.13986013986,56446.700507614216
1610.13986013986,56370.558375634515
1610.13986013986,56294.41624365482
1610.13986013986,56218.27411167513
1610.13986013986,56142.131979695434
1610.13986013986,56065.98984771573
1610.13986013986,55989.84771573604
1610.13986013986,55913.705583756346
1610.13986013986,55837.56345177665
1610.13986013986,55761.42131979695
1610.13986013986,55685.27918781726
1610.13986013986,55609.137055837564
1610.13986013986,55532.99492385787
1610.13986013986,55456.85279187817
1610.13986013986,55380.710659898476
1610.13986013986,55304.56852791878
1610.13986013986,55228.42639593909
1610.13986013986,55152.28426395939
1610.13986013986,55076.142131979694
1610.13986013986,55000.0
1610.13986013986,54923.857868020306
1610.13986013986,54847.71573604061
1610.13986013986,54771.57360406091
1610.13986013986,54695.43147208122
1610.13986013986,54619.289340101524
1610.13986013986,54543.14720812183
1610.13986013986,54467.00507614213
1610.13986013986,54390.862944162436
1610.13986013986,54314.72081218274
1610.13986013986,54238.57868020305
1610.13986013986,54162.43654822335
1610.13986013986,54086.294416243654
1610.13986013986,54010.15228426396
1610.13986013986,53934.01015228427
1610.13986013986,53857.868020304566
1610.13986013986,53781.72588832487
1610.13986013986,53705.58375634518
1610.13986013986,53629.441624365485
1610.13986013986,53553.299492385784
1610.13986013986,53477.15736040609
1610.13986013986,53401.0152284264
1610.13986013986,53324.8730964467
1610.13986013986,53248.730964467
1610.13986013986,53172.58883248731
1610.13986013986,53096.446700507615
1610.13986013986,53020.30456852792
1610.13986013986,52944.16243654822
1610.13986013986,52868.02030456853
1610.13986013986,52791.87817258883
1610.13986013986,52715.73604060914
1610.13986013986,52639.59390862944
1610.13986013986,52563.451776649745
1610.13986013986,52487.30964467005
1610.13986013986,52411.16751269036
1610.13986013986,52335.02538071066
1610.13986013986,52258.88324873096
1610.13986013986,52182.74111675127
1610.13986013986,52106.598984771575
1610.13986013986,52030.456852791875
1610.13986013986,51954.31472081218
1610.13986013986,51878.17258883249
1610.13986013986,51802.03045685279
1610.13986013986,51725.8883248731
1610.13986013986,51649.7461928934
1610.13986013986,51573.604060913705
1610.13986013986,51497.46192893401
1610.13986013986,51421.31979695432
1610.13986013986,51345.17766497462
1610.13986013986,51269.03553299492
1610.13986013986,51192.89340101523
1610.13986013986,51116.751269035536
1610.13986013986,51040.609137055835
1610.13986013986,50964.46700507614
1610.13986013986,50888.32487309645
1610.13986013986,50812.182741116754
1610.13986013986,50736.04060913705
1610.13986013986,50659.89847715736
1610.13986013986,50583.756345177666
1610.13986013986,50507.61421319797
1610.13986013986,50431.47208121827
1610.13986013986,50355.32994923858
1610.13986013986,50279.187817258884
1610.13986013986,50203.04568527919
1610.13986013986,50126.90355329949
1610.13986013986,50050.761421319796
1610.13986013986,49974.6192893401
1610.13986013986,49898.47715736041
1610.13986013986,49822.33502538071
1610.13986013986,49746.192893401014
1610.13986013986,49670.05076142132
1610.13986013986,49593.90862944163
1610.13986013986,49517.766497461926
1610.13986013986,49441.62436548223
1610.13986013986,49365.48223350254
1610.13986013986,49289.340101522845
1610.13986013986,49213.197969543144
1610.13986013986,49137.05583756345
1610.13986013986,49060.91370558376
1610.13986013986,48984.77157360406
1610.13986013986,48908.62944162437
1610.13986013986,48832.48730964467
1610.13986013986,48756.345177664974
1610.13986013986,48680.20304568528
1610.13986013986,48604.06091370559
1610.13986013986,48527.918781725886
1610.13986013986,48451.77664974619
1610.13986013986,48375.6345177665
1610.13986013986,48299.492385786805
1610.13986013986,48223.350253807104
1610.13986013986,48147.20812182741
1610.13986013986,48071.06598984772
1610.13986013986,47994.92385786802
1610.13986013986,47918.78172588832
1610.13986013986,47842.63959390863
1610.13986013986,47766.497461928935
1610.13986013986,47690.35532994924
1610.13986013986,47614.21319796954
1610.13986013986,47538.07106598985
1610.13986013986,47461.92893401015
1610.13986013986,47385.78680203046
1610.13986013986,47309.64467005076
1610.13986013986,47233.502538071065
1610.13986013986,47157.36040609137
1610.13986013986,47081.21827411168
1610.13986013986,47005.07614213198
1610.13986013986,46928.93401015228
1610.13986013986,46852.79187817259
1610.13986013986,46776.649746192896
1610.13986013986,46700.507614213195
1610.13986013986,46624.3654822335
1610.13986013986,46548.22335025381
1610.13986013986,46472.081218274114
1610.13986013986,46395.93908629441
1610.13986013986,46319.79695431472
1610.13986013986,46243.654822335026
1610.13986013986,46167.51269035533
1610.13986013986,46091.37055837563
1610.13986013986,46015.22842639594
1610.13986013986,45939.08629441624
1610.13986013986,45862.94416243655
1610.13986013986,45786.802030456856
1610.13986013986,45710.659898477155
1610.13986013986,45634.51776649746
1610.13986013986,45558.37563451777
1615.3846153846155,55152.28426395939
1615.3846153846155,55076.142131979694
1615.3846153846155,55000.0
1615.3846153846155,54923.857868020306
1615.3846153846155,54847.71573604061
1615.3846153846155,54771.57360406091
1615.3846153846155,54695.43147208122
1615.3846153846155,54619.289340101524
1615.3846153846155,54543.14720812183
1615.3846153846155,54467.00507614213
1615.3846153846155,54390.862944162436
1615.3846153846155,54314.72081218274
1615.3846153846155,54238.57868020305
1615.3846153846155,54162.43654822335
1615.3846153846155,54086.294416243654
1615.3846153846155,54010.15228426396
1615.3846153846155,53934.01015228427
1615.3846153846155,53857.868020304566
1615.3846153846155,53781.72588832487
1615.3846153846155,53705.58375634518
1615.3846153846155,53629.441624365485
1615.3846153846155,53553.299492385784
1615.3846153846155,53477.15736040609
1615.3846153846155,53401.0152284264
1615.3846153846155,53324.8730964467
1615.3846153846155,53248.730964467
1615.3846153846155,53172.58883248731
1615.3846153846155,53096.446700507615
1615.3846153846155,53020.30456852792
1615.3846153846155,52944.16243654822
1615.3846153846155,52868.02030456853
1615.3846153846155,52791.87817258883
1615.3846153846155,52715.73604060914
1615.3846153846155,52639.59390862944
1615.3846153846155,52563.451776649745
1615.3846153846155,52487.30964467005
1615.3846153846155,52411.16751269036
1615.3846153846155,52335.02538071066
1615.3846153846155,52258.88324873096
1615.3846153846155,52182.74111675127
1615.3846153846155,52106.598984771575
1615.3846153846155,52030.456852791875
1615.3846153846155,51954.31472081218
1615.3846153846155,51878.17258883249
1615.3846153846155,51802.03045685279
1615.3846153846155,51725.8883248731
1615.3846153846155,51649.7461928934
1615.3846153846155,51573.604060913705
1615.3846153846155,51497.46192893401
1615.3846153846155,51421.31979695432
1615.3846153846155,51345.17766497462
1615.3846153846155,51269.03553299492
1615.3846153846155,51192.89340101523
1615.3846153846155,51116.751269035536
1615.3846153846155,51040.609137055835
1615.3846153846155,50964.46700507614
1615.3846153846155,50888.32487309645
1615.3846153846155,50812.182741116754
1615.3846153846155,50736.04060913705
1615.3846153846155,50659.89847715736
1615.3846153846155,50583.756345177666
1615.3846153846155,50507.61421319797
1615.3846153846155,50431.47208121827
1615.3846153846155,50355.32994923858
1615.3846153846155,50279.187817258884
1615.3846153846155,50203.04568527919
1615.3846153846155,50126.90355329949
1615.3846153846155,50050.761421319796
1615.3846153846155,49974.6192893401
1615.3846153846155,49898.47715736041
1615.3846153846155,49822.33502538071
1615.3846153846155,49746.192893401014
1615.3846153846155,49670.05076142132
1615.3846153846155,49593.90862944163
1615.3846153846155,49517.766497461926
1615.3846153846155,49441.62436548223
1615.3846153846155,49365.48223350254
1615.3846153846155,49289.340101522845
1615.3846153846155,49213.197969543144
1615.3846153846155,49137.05583756345
1615.3846153846155,49060.91370558376
1615.3846153846155,48984.77157360406
1615.3846153846155,48908.62944162437
1615.3846153846155,48832.48730964467
1615.3846153846155,48756.345177664974
1615.3846153846155,48680.20304568528
1615.3846153846155,48604.06091370559
1615.3846153846155,48527.918781725886
1615.3846153846155,48451.77664974619
1615.3846153846155,48375.6345177665
1615.3846153846155,48299.492385786805
1615.3846153846155,48223.350253807104
1615.3846153846155,48147.20812182741
1615.3846153846155,48071.06598984772
1615.3846153846155,47994.92385786802
1615.3846153846155,47918.78172588832
1615.3846153846155,47842.63959390863
1615.3846153846155,47766.497461928935
1615.3846153846155,47690.35532994924
1615.3846153846155,47614.21319796954
1615.3846153846155,47538.07106598985
1615.3846153846155,47461.92893401015
1615.3846153846155,47385.78680203046
1615.3846153846155,47309.64467005076
1615.3846153846155,47233.502538071065
1615.3846153846155,47157.36040609137
1615.3846153846155,47081.21827411168
1615.3846153846155,47005.07614213198
1615.3846153846155,46928.93401015228
1615.3846153846155,46852.79187817259
1615.3846153846155,46776.649746192896
1615.3846153846155,46700.507614213195
1615.3846153846155,46624.3654822335
1615.3846153846155,46548.22335025381
1615.3846153846155,46472.081218274114
1615.3846153846155,46395.93908629441
1615.3846153846155,46319.79695431472
1615.3846153846155,46243.654822335026
1615.3846153846155,46167.51269035533
1615.3846153846155,46091.37055837563
1615.3846153846155,46015.22842639594
1615.3846153846155,45939.08629441624
1615.3846153846155,45862.94416243655
1615.3846153846155,45786.802030456856
1615.3846153846155,45710.659898477155
1615.3846153846155,45634.51776649746
1615.3846153846155,45558.37563451777
1615.3846153846155,45482.233502538074
1615.3846153846155,45406.09137055837
1615.3846153846155,45329.94923857868
1615.3846153846155,45253.807106598986
1615.3846153846155,45177.66497461929
1615.3846153846155,45101.52284263959
1615.3846153846155,45025.3807106599
1615.3846153846155,44949.238578680204
1615.3846153846155,44873.09644670051
1615.3846153846155,44796.95431472081
1615.3846153846155,44720.812182741116
1615.3846153846155,44644.67005076142
1615.3846153846155,44568.52791878173
1615.3846153846155,44492.38578680203
1615.3846153846155,44416.243654822334
1615.3846153846155,44340.10152284264
1615.3846153846155,44263.95939086295
1615.3846153846155,44187.817258883246
1615.3846153846155,44111.67512690355
1615.3846153846155,44035.53299492386
1615.3846153846155,43959.390862944165
1615.3846153846155,43883.248730964464
1615.3846153846155,43807.10659898477
1615.3846153846155,43730.96446700508
1615.3846153846155,43654.82233502538
1615.3846153846155,43578.68020304568
1615.3846153846155,43502.53807106599
1620.6293706293707,52258.88324873096
1620.6293706293707,52182.74111675127
1620.6293706293707,52106.598984771575
1620.6293706293707,52030.456852791875
1620.6293706293707,51954.31472081218
1620.6293706293707,51878.17258883249
1620.6293706293707,51802.03045685279
1620.6293706293707,51725.8883248731
1620.6293706293707,51649.7461928934
1620.6293706293707,51573.604060913705
1620.6293706293707,51497.46192893401
1620.6293706293707,51421.31979695432
1620.6293706293707,51345.17766497462
1620.6293706293707,51269.03553299492
1620.6293706293707,51192.89340101523
1620.6293706293707,51116.751269035536
1620.6293706293707,51040.609137055835
1620.6293706293707,50964.46700507614
1620.6293706293707,50888.32487309645
1620.6293706293707,50812.182741116754
1620.6293706293707,50736.04060913705
1620.6293706293707,50659.89847715736
1620.6293706293707,50583.756345177666
1620.6293706293707,50507.61421319797
1620.6293706293707,50431.47208121827
1620.6293706293707,50355.32994923858
1620.6293706293707,50279.187817258884
1620.6293706293707,50203.04568527919
1620.6293706293707,50126.90355329949
1620.6293706293707,50050.761421319796
1620.6293706293707,49974.6192893401
1620.6293706293707,49898.47715736041
1620.6293706293707,49822.33502538071
1620.6293706293707,49746.192893401014
1620.6293706293707,49670.05076142132
1620.6293706293707,49593.90862944163
1620.6293706293707,49517.766497461926
1620.6293706293707,49441.62436548223
1620.6293706293707,49365.48223350254
1620.6293706293707,49289.340101522845
1620.6293706293707,49213.197969543144
1620.6293706293707,49137.05583756345
1620.6293706293707,49060.91370558376
1620.6293706293707,48984.77157360406
1620.6293706293707,48908.62944162437
1620.6293706293707,48832.48730964467
1620.6293706293707,48756.345177664974
1620.6293706293707,48680.20304568528
1620.6293706293707,48604.06091370559
1620.6293706293707,48527.918781725886
1620.6293706293707,48451.77664974619
1620.6293706293707,48375.6345177665
1620.6293706293707,48299.492385786805
1620.6293706293707,48223.350253807104
1620.6293706293707,48147.20812182741
1620.6293706293707,48071.06598984772
1620.6293706293707,47994.92385786802
1620.6293706293707,47918.78172588832
1620.6293706293707,47842.63959390863
1620.6293706293707,47766.497461928935
1620.6293706293707,47690.35532994924
1620.6293706293707,47614.21319796954
1620.6293706293707,47538.07106598985
1620.6293706293707,47461.92893401015
1620.6293706293707,47385.78680203046
1620.6293706293707,47309.64467005076
1620.6293706293707,47233.502538071065
1620.6293706293707,47157.36040609137
1620.6293706293707,47081.21827411168
1620.6293706293707,47005.07614213198
1620.6293706293707,46928.93401015228
1620.6293706293707,46852.79187817259
1620.6293706293707,46776.649746192896
1620.6293706293707,46700.507614213195
1620.6293706293707,46624.3654822335
1620.6293706293707,46548.22335025381
1620.6293706293707,46472.081218274114
1620.6293706293707,46395.93908629441
1620.6293706293707,46319.79695431472
1620.6293706293707,46243.654822335026
1620.6293706293707,46167.51269035533
1620.6293706293707,46091.37055837563
1620.6293706293707,46015.22842639594
1620.6293706293707,45939.08629441624
1620.6293706293707,45862.94416243655
1620.6293706293707,45786.802030456856
1620.6293706293707,45710.659898477155
1620.6293706293707,45634.51776649746
1620.6293706293707,45558.37563451777
1620.6293706293707,45482.233502538074
1620.6293706293707,45406.09137055837
1620.6293706293707,45329.94923857868
1620.6293706293707,45253.807106598986
1620.6293706293707,45177.66497461929
1620.6293706293707,45101.52284263959
1620.6293706293707,45025.3807106599
1620.6293706293707,44949.238578680204
1620.6293706293707,44873.09644670051
1620.6293706293707,44796.95431472081
1620.6293706293707,44720.812182741116
1620.6293706293707,44644.67005076142
1620.6293706293707,44568.52791878173
1620.6293706293707,44492.38578680203
1620.6293706293707,44416.243654822334
1620.6293706293707,44340.10152284264
1620.6293706293707,44263.95939086295
1620.6293706293707,44187.817258883246
1620.6293706293707,44111.67512690355
1620.6293706293707,44035.53299492386
1620.6293706293707,43959.390862944165
1620.6293706293707,43883.248730964464
1620.6293706293707,43807.10659898477
1620.6293706293707,43730.96446700508
1620.6293706293707,43654.82233502538
1620.6293706293707,43578.68020304568
1620.6293706293707,43502.53807106599
1620.6293706293707,43426.395939086295
1620.6293706293707,43350.2538071066
1620.6293706293707,43274.1116751269
1620.6293706293707,43197.96954314721
1620.6293706293707,43121.82741116751
1620.6293706293707,43045.68527918782
1620.6293706293707,42969.543147208125
1620.6293706293707,42893.401015228425
1620.6293706293707,42817.25888324873
1620.6293706293707,42741.11675126904
1620.6293706293707,42664.974619289336
1620.6293706293707,42588.83248730964
1620.6293706293707,42512.69035532995
1620.6293706293707,42436.548223350255
1620.6293706293707,42360.40609137056
1620.6293706293707,42284.26395939087
1620.6293706293707,42208.12182741117
1620.6293706293707,42131.97969543147
1625.8741258741259,49137.05583756345
1625.8741258741259,49060.91370558376
1625.8741258741259,48984.77157360406
1625.8741258741259,48908.62944162437
1625.8741258741259,48832.48730964467
1625.8741258741259,48756.345177664974
1625.8741258741259,48680.20304568528
1625.8741258741259,48604.06091370559
1625.8741258741259,48527.918781725886
1625.8741258741259,48451.77664974619
1625.8741258741259,48375.6345177665
1625.8741258741259,48299.492385786805
1625.8741258741259,48223.350253807104
1625.8741258741259,48147.20812182741
1625.8741258741259,48071.06598984772
1625.8741258741259,47994.92385786802
1625.8741258741259,47918.78172588832
1625.8741258741259,47842.63959390863
1625.8741258741259,47766.497461928935
1625.8741258741259,47690.35532994924
1625.8741258741259,47614.21319796954
1625.8741258741259,47538.07106598985
1625.8741258741259,47461.92893401015
1625.8741258741259,47385.78680203046
1625.8741258741259,47309.64467005076
1625.8741258741259,47233.502538071065
1625.8741258741259,47157.36040609137
1625.8741258741259,47081.21827411168
1625.8741258741259,47005.07614213198
1625.8741258741259,46928.93401015228
1625.8741258741259,46852.79187817259
1625.8741258741259,46776.649746192896
1625.8741258741259,46700.507614213195
1625.8741258741259,46624.3654822335
1625.8741258741259,46548.22335025381
1625.8741258741259,46472.081218274114
1625.8741258741259,46395.93908629441
1625.8741258741259,46319.79695431472
1625.8741258741259,46243.654822335026
1625.8741258741259,46167.51269035533
1625.8741258741259,46091.37055837563
1625.8741258741259,46015.22842639594
1625.8741258741259,45939.08629441624
1625.8741258741259,45862.94416243655
1625.8741258741259,45786.802030456856
1625.8741258741259,45710.659898477155
1625.8741258741259,45634.51776649746
1625.8741258741259,45558.37563451777
1625.8741258741259,45482.233502538074
1625.8741258741259,45406.09137055837
1625.8741258741259,45329.94923857868
1625.8741258741259,45253.807106598986
1625.8741258741259,45177.66497461929
1625.8741258741259,45101.52284263959
1625.8741258741259,45025.3807106599
1625.8741258741259,44949.238578680204
1625.8741258741259,44873.09644670051
1625.8741258741259,44796.95431472081
1625.8741258741259,44720.812182741116
1625.8741258741259,44644.67005076142
1625.8741258741259,44568.52791878173
1625.8741258741259,44492.38578680203
1625.8741258741259,44416.243654822334
1625.8741258741259,44340.10152284264
1625.8741258741259,44263.95939086295
1625.8741258741259,44187.817258883246
1625.8741258741259,44111.67512690355
1625.8741258741259,44035.53299492386
1625.8741258741259,43959.390862944165
1625.8741258741259,43883.248730964464
1625.8741258741259,43807.10659898477
1625.8741258741259,43730.96446700508
1625.8741258741259,43654.82233502538
1625.8741258741259,43578.68020304568
1625.8741258741259,43502.53807106599
1625.8741258741259,43426.395939086295
1625.8741258741259,43350.2538071066
1625.8741258741259,43274.1116751269
1625.8741258741259,43197.96954314721
1625.8741258741259,43121.82741116751
1625.8741258741259,43045.68527918782
1625.8741258741259,42969.543147208125
1625.8741258741259,42893.401015228425
1625.8741258741259,42817.25888324873
1625.8741258741259,42741.11675126904
1625.8741258741259,42664.974619289336
1625.8741258741259,42588.83248730964
1625.8741258741259,42512.69035532995
1625.8741258741259,42436.548223350255
1625.8741258741259,42360.40609137056
1625.8741258741259,42284.26395939087
1625.8741258741259,42208.12182741117
1625.8741258741259,42131.97969543147
1625.8741258741259,42055.83756345177
1625.8741258741259,41979.69543147208
1625.8741258741259,41903.553299492385
1625.8741258741259,41827.41116751269
1625.8741258741259,41751.269035533
1625.8741258741259,41675.126903553304
1625.8741258741259,41598.9847715736
1625.8741258741259,41522.84263959391
1625.8741258741259,41446.70050761421
1631.118881118881,46091.37055837563
1631.118881118881,46015.22842639594
1631.118881118881,45939.08629441624
1631.118881118881,45862.94416243655
1631.118881118881,45786.802030456856
1631.118881118881,45710.659898477155
1631.118881118881,45634.51776649746
1631.118881118881,45558.37563451777
1631.118881118881,45482.233502538074
1631.118881118881,45406.09137055837
1631.118881118881,45329.94923857868
1631.118881118881,45253.807106598986
1631.118881118881,45177.66497461929
1631.118881118881,45101.52284263959
1631.118881118881,45025.3807106599
1631.118881118881,44949.238578680204
1631.118881118881,44873.09644670051
1631.118881118881,44796.95431472081
1631.118881118881,44720.812182741116
1631.118881118881,44644.67005076142
1631.118881118881,44568.52791878173
1631.118881118881,44492.38578680203
1631.118881118881,44416.243654822334
1631.118881118881,44340.10152284264
1631.118881118881,44263.95939086295
1631.118881118881,44187.817258883246
1631.118881118881,44111.67512690355
1631.118881118881,44035.53299492386
1631.118881118881,43959.390862944165
1631.118881118881,43883.248730964464
1631.118881118881,43807.10659898477
1631.118881118881,43730.96446700508
1631.118881118881,43654.82233502538
1631.118881118881,43578.68020304568
1631.118881118881,43502.53807106599
1631.118881118881,43426.395939086295
1631.118881118881,43350.2538071066
1631.118881118881,43274.1116751269
1631.118881118881,43197.96954314721
1631.118881118881,43121.82741116751
1631.118881118881,43045.68527918782
1631.118881118881,42969.543147208125
1631.118881118881,42893.401015228425
1631.118881118881,42817.25888324873
1631.118881118881,42741.11675126904
1631.118881118881,42664.974619289336
1631.118881118881,42588.83248730964
1631.118881118881,42512.69035532995
1631.118881118881,42436.548223350255
1631.118881118881,42360.40609137056
1631.118881118881,42284.26395939087
1631.118881118881,42208.12182741117
1631.118881118881,42131.97969543147
1631.118881118881,42055.83756345177
1631.118881118881,41979.69543147208
1631.118881118881,41903.553299492385
1631.118881118881,41827.41116751269
1631.118881118881,41751.269035533
1631.118881118881,41675.126903553304
1631.118881118881,41598.9847715736
1631.118881118881,41522.84263959391
1631.118881118881,41446.70050761421
1631.118881118881,41370.558375634515
1636.3636363636363,43883.248730964464
1636.3636363636363,43807.10659898477
1636.3636363636363,43730.96446700508
1636.3636363636363,43654.82233502538
1636.3636363636363,43578.68020304568
1636.3636363636363,43502.53807106599
1636.3636363636363,43426.395939086295
1636.3636363636363,43350.2538071066
1636.3636363636363,43274.1116751269
1636.3636363636363,43197.96954314721
1636.3636363636363,43121.82741116751
1636.3636363636363,43045.68527918782
1636.3636363636363,42969.543147208125
1636.3636363636363,42893.401015228425
1636.3636363636363,42817.25888324873
1636.3636363636363,42741.11675126904
1636.3636363636363,42664.974619289336
1636.3636363636363,42588.83248730964
1636.3636363636363,42512.69035532995
1636.3636363636363,42436.548223350255
1636.3636363636363,42360.40609137056
1636.3636363636363,42284.26395939087
1636.3636363636363,42208.12182741117
1636.3636363636363,42131.97969543147
1636.3636363636363,42055.83756345177
1636.3636363636363,41979.69543147208
1636.3636363636363,41903.553299492385
1636.3636363636363,41827.41116751269
1636.3636363636363,41751.269035533
1636.3636363636363,41675.126903553304
1636.3636363636363,41598.9847715736
1636.3636363636363,41522.84263959391
1636.3636363636363,41446.70050761421
1636.3636363636363,41370.558375634515
1641.6083916083917,42360.40609137056
1641.6083916083917,42284.26395939087
1641.6083916083917,42208.12182741117
1641.6083916083917,42131.97969543147
1641.6083916083917,42055.83756345177
1641.6083916083917,41979.69543147208
1641.6083916083917,41903.553299492385
1641.6083916083917,41827.41116751269
1641.6083916083917,41751.269035533
1641.6083916083917,41675.126903553304
1641.6083916083917,41598.9847715736
1641.6083916083917,41522.84263959391
1641.6083916083917,41446.70050761421
1641.6083916083917,41370.558375634515
1641.6083916083917,41294.41624365482
1641.6083916083917,41218.27411167513
1641.6083916083917,41142.131979695434
1641.6083916083917,41065.98984771574
1646.8531468531469,41903.553299492385
1646.8531468531469,41827.41116751269
1646.8531468531469,41751.269035533
1646.8531468531469,41675.126903553304
1646.8531468531469,41598.9847715736
1646.8531468531469,41522.84263959391
1646.8531468531469,41446.70050761421
1646.8531468531469,41370.558375634515
1646.8531468531469,41294.41624365482
1646.8531468531469,41218.27411167513
1646.8531468531469,41142.131979695434
1646.8531468531469,41065.98984771574
1646.8531468531469,40989.84771573604
1646.8531468531469,40913.705583756346
1646.8531468531469,40837.563451776645
1646.8531468531469,40761.42131979695
1646.8531468531469,40685.27918781726
1646.8531468531469,40609.137055837564
1646.8531468531469,40532.99492385787
1646.8531468531469,40456.85279187818
1646.8531468531469,40380.710659898476
1646.8531468531469,40304.56852791878
1646.8531468531469,40228.42639593908
1646.8531468531469,40152.28426395939
1646.8531468531469,40076.142131979694
1646.8531468531469,40000.0
1646.8531468531469,39923.857868020306
1652.097902097902,41903.553299492385
1652.097902097902,41827.41116751269
1652.097902097902,41751.269035533
1652.097902097902,41675.126903553304
1652.097902097902,41598.9847715736
1652.097902097902,41522.84263959391
1652.097902097902,41446.70050761421
1652.097902097902,41370.558375634515
1652.097902097902,41294.41624365482
1652.097902097902,41218.27411167513
1652.097902097902,41142.131979695434
1652.097902097902,41065.98984771574
1652.097902097902,40989.84771573604
1652.097902097902,40913.705583756346
1652.097902097902,40837.563451776645
1652.097902097902,40761.42131979695
1652.097902097902,40685.27918781726
1652.097902097902,40609.137055837564
1652.097902097902,40532.99492385787
1652.097902097902,40456.85279187818
1652.097902097902,40380.710659898476
1652.097902097902,40304.56852791878
1652.097902097902,40228.42639593908
1652.097902097902,40152.28426395939
1652.097902097902,40076.142131979694
1652.097902097902,40000.0
1652.097902097902,39923.857868020306
1652.097902097902,39847.71573604061
1652.097902097902,39771.57360406092
1652.097902097902,39695.43147208122
1652.097902097902,39619.289340101524
1652.097902097902,39543.14720812182
1652.097902097902,39467.00507614213
1652.097902097902,39390.862944162436
1652.097902097902,39314.72081218274
1652.097902097902,39238.57868020305
1652.097902097902,39162.436548223355
1652.097902097902,39086.294416243654
1652.097902097902,39010.15228426396
1652.097902097902,38934.01015228426
1652.097902097902,38857.868020304566
1652.097902097902,38781.72588832487
1652.097902097902,38705.58375634518
1652.097902097902,38629.441624365485
1652.097902097902,38553.29949238579
1652.097902097902,38477.15736040609
1652.097902097902,38401.0152284264
1652.097902097902,38324.873096446696
1652.097902097902,38248.730964467
1652.097902097902,38172.58883248731
1652.097902097902,38096.446700507615
1657.3426573426573,41827.41116751269
1657.3426573426573,41751.269035533
1657.3426573426573,41675.126903553304
1657.3426573426573,41598.9847715736
1657.3426573426573,41522.84263959391
1657.3426573426573,41446.70050761421
1657.3426573426573,41370.558375634515
1657.3426573426573,41294.41624365482
1657.3426573426573,41218.27411167513
1657.3426573426573,41142.131979695434
1657.3426573426573,41065.98984771574
1657.3426573426573,40989.84771573604
1657.3426573426573,40913.705583756346
1657.3426573426573,40837.563451776645
1657.3426573426573,40761.42131979695
1657.3426573426573,40685.27918781726
1657.3426573426573,40609.137055837564
1657.3426573426573,40532.99492385787
1657.3426573426573,40456.85279187818
1657.3426573426573,40380.710659898476
1657.3426573426573,40304.56852791878
1657.3426573426573,40228.42639593908
1657.3426573426573,40152.28426395939
1657.3426573426573,40076.142131979694
1657.3426573426573,40000.0
1657.3426573426573,39923.857868020306
1657.3426573426573,39847.71573604061
1657.3426573426573,39771.57360406092
1657.3426573426573,39695.43147208122
1657.3426573426573,39619.289340101524
1657.3426573426573,39543.14720812182
1657.3426573426573,39467.00507614213
1657.3426573426573,39390.862944162436
1657.3426573426573,39314.72081218274
1657.3426573426573,39238.57868020305
1657.3426573426573,39162.436548223355
1657.3426573426573,39086.294416243654
1657.3426573426573,39010.15228426396
1657.3426573426573,38934.01015228426
1657.3426573426573,38857.868020304566
1657.3426573426573,38781.72588832487
1657.3426573426573,38705.58375634518
1657.3426573426573,38629.441624365485
1657.3426573426573,38553.29949238579
1657.3426573426573,38477.15736040609
1657.3426573426573,38401.0152284264
1657.3426573426573,38324.873096446696
1657.3426573426573,38248.730964467
1657.3426573426573,38172.58883248731
1657.3426573426573,38096.446700507615
1657.3426573426573,38020.30456852792
1657.3426573426573,37944.16243654823
1657.3426573426573,37868.02030456853
1657.3426573426573,37791.87817258883
1657.3426573426573,37715.73604060913
1657.3426573426573,37639.59390862944
1657.3426573426573,37563.451776649745
1657.3426573426573,37487.30964467005
1657.3426573426573,37411.16751269036
1657.3426573426573,37335.025380710664
1657.3426573426573,37258.88324873096
1657.3426573426573,37182.74111675127
1657.3426573426573,37106.59898477157
1657.3426573426573,37030.456852791875
1657.3426573426573,36954.31472081218
1657.3426573426573,36878.17258883249
1657.3426573426573,36802.03045685279
1657.3426573426573,36725.8883248731
1657.3426573426573,36649.746192893406
1657.3426573426573,36573.604060913705
1657.3426573426573,36497.46192893401
1657.3426573426573,36421.31979695431
1657.3426573426573,36345.17766497462
1657.3426573426573,36269.03553299492
1657.3426573426573,36192.89340101523
1657.3426573426573,36116.751269035536
1657.3426573426573,36040.60913705584
1662.5874125874127,41294.41624365482
1662.5874125874127,41218.27411167513
1662.5874125874127,41142.131979695434
1662.5874125874127,41065.98984771574
1662.5874125874127,40989.84771573604
1662.5874125874127,40913.705583756346
1662.5874125874127,40837.563451776645
1662.5874125874127,40761.42131979695
1662.5874125874127,40685.27918781726
1662.5874125874127,40609.137055837564
1662.5874125874127,40532.99492385787
1662.5874125874127,40456.85279187818
1662.5874125874127,40380.710659898476
1662.5874125874127,40304.56852791878
1662.5874125874127,40228.42639593908
1662.5874125874127,40152.28426395939
1662.5874125874127,40076.142131979694
1662.5874125874127,40000.0
1662.5874125874127,39923.857868020306
1662.5874125874127,39847.71573604061
1662.5874125874127,39771.57360406092
1662.5874125874127,39695.43147208122
1662.5874125874127,39619.289340101524
1662.5874125874127,39543.14720812182
1662.5874125874127,39467.00507614213
1662.5874125874127,39390.862944162436
1662.5874125874127,39314.72081218274
1662.5874125874127,39238.57868020305
1662.5874125874127,39162.436548223355
1662.5874125874127,39086.294416243654
1662.5874125874127,39010.15228426396
1662.5874125874127,38934.01015228426
1662.5874125874127,38857.868020304566
1662.5874125874127,38781.72588832487
1662.5874125874127,38705.58375634518
1662.5874125874127,38629.441624365485
1662.5874125874127,38553.29949238579
1662.5874125874127,38477.15736040609
1662.5874125874127,38401.0152284264
1662.5874125874127,38324.873096446696
1662.5874125874127,38248.730964467
1662.5874125874127,38172.58883248731
1662.5874125874127,38096.446700507615
1662.5874125874127,38020.30456852792
1662.5874125874127,37944.16243654823
1662.5874125874127,37868.02030456853
1662.5874125874127,37791.87817258883
1662.5874125874127,37715.73604060913
1662.5874125874127,37639.59390862944
1662.5874125874127,37563.451776649745
1662.5874125874127,37487.30964467005
1662.5874125874127,37411.16751269036
1662.5874125874127,37335.025380710664
1662.5874125874127,37258.88324873096
1662.5874125874127,37182.74111675127
1662.5874125874127,37106.59898477157
1662.5874125874127,37030.456852791875
1662.5874125874127,36954.31472081218
1662.5874125874127,36878.17258883249
1662.5874125874127,36802.03045685279
1662.5874125874127,36725.8883248731
1662.5874125874127,36649.746192893406
1662.5874125874127,36573.604060913705
1662.5874125874127,36497.46192893401
1662.5874125874127,36421.31979695431
1662.5874125874127,36345.17766497462
1662.5874125874127,36269.03553299492
1662.5874125874127,36192.89340101523
1662.5874125874127,36116.751269035536
1662.5874125874127,36040.60913705584
1662.5874125874127,35964.46700507614
1662.5874125874127,35888.32487309645
1662.5874125874127,35812.18274111675
1662.5874125874127,35736.04060913705
1662.5874125874127,35659.89847715736
1662.5874125874127,35583.756345177666
1662.5874125874127,35507.61421319797
1662.5874125874127,35431.47208121828
1662.5874125874127,35355.32994923858
1662.5874125874127,35279.187817258884
1662.5874125874127,35203.04568527918
1662.5874125874127,35126.90355329949
1662.5874125874127,35050.761421319796
1662.5874125874127,34974.6192893401
1662.5874125874127,34898.47715736041
1662.5874125874127,34822.335025380715
1662.5874125874127,34746.192893401014
1662.5874125874127,34670.05076142132
1662.5874125874127,34593.90862944162
1662.5874125874127,34517.766497461926
1662.5874125874127,34441.62436548223
1662.5874125874127,34365.48223350254
1662.5874125874127,34289.340101522845
1667.832167832168,40152.28426395939
1667.832167832168,40076.142131979694
1667.832167832168,40000.0
1667.832167832168,39923.857868020306
1667.832167832168,39847.71573604061
1667.832167832168,39771.57360406092
1667.832167832168,39695.43147208122
1667.832167832168,39619.289340101524
1667.832167832168,39543.14720812182
1667.832167832168,39467.00507614213
1667.832167832168,39390.862944162436
1667.832167832168,39314.72081218274
1667.832167832168,39238.57868020305
1667.832167832168,39162.436548223355
1667.832167832168,39086.294416243654
1667.832167832168,39010.15228426396
1667.832167832168,38934.01015228426
1667.832167832168,38857.868020304566
1667.832167832168,38781.72588832487
1667.832167832168,38705.58375634518
1667.832167832168,38629.441624365485
1667.832167832168,38553.29949238579
1667.832167832168,38477.15736040609
1667.832167832168,38401.0152284264
1667.832167832168,38324.873096446696
1667.832167832168,38248.730964467
1667.832167832168,38172.58883248731
1667.832167832168,38096.446700507615
1667.832167832168,38020.30456852792
1667.832167832168,37944.16243654823
1667.832167832168,37868.02030456853
1667.832167832168,37791.87817258883
1667.832167832168,37715.73604060913
1667.832167832168,37639.59390862944
1667.832167832168,37563.451776649745
1667.832167832168,37487.30964467005
1667.832167832168,37411.16751269036
1667.832167832168,37335.025380710664
1667.832167832168,37258.88324873096
1667.832167832168,37182.74111675127
1667.832167832168,37106.59898477157
1667.832167832168,37030.456852791875
1667.832167832168,36954.31472081218
1667.832167832168,36878.17258883249
1667.832167832168,36802.03045685279
1667.832167832168,36725.8883248731
1667.832167832168,36649.746192893406
1667.832167832168,36573.604060913705
1667.832167832168,36497.46192893401
1667.832167832168,36421.31979695431
1667.832167832168,36345.17766497462
1667.832167832168,36269.03553299492
1667.832167832168,36192.89340101523
1667.832167832168,36116.751269035536
1667.832167832168,36040.60913705584
1667.832167832168,35964.46700507614
1667.832167832168,35888.32487309645
1667.832167832168,35812.18274111675
1667.832167832168,35736.04060913705
1667.832167832168,35659.89847715736
1667.832167832168,35583.756345177666
1667.832167832168,35507.61421319797
1667.832167832168,35431.47208121828
1667.832167832168,35355.32994923858
1667.832167832168,35279.187817258884
1667.832167832168,35203.04568527918
1667.832167832168,35126.90355329949
1667.832167832168,35050.761421319796
1667.832167832168,34974.6192893401
1667.832167832168,34898.47715736041
1667.832167832168,34822.335025380715
1667.832167832168,34746.192893401014
1667.832167832168,34670.05076142132
1667.832167832168,34593.90862944162
1667.832167832168,34517.766497461926
1667.832167832168,34441.62436548223
1667.832167832168,34365.48223350254
1667.832167832168,34289.340101522845
1667.832167832168,34213.19796954315
1667.832167832168,34137.05583756345
1667.832167832168,34060.91370558376
1667.832167832168,33984.77157360406
1667.832167832168,33908.62944162436
1667.832167832168,33832.48730964467
1667.832167832168,33756.345177664974
1667.832167832168,33680.20304568528
1667.832167832168,33604.06091370559
1667.832167832168,33527.91878172589
1667.832167832168,33451.77664974619
1667.832167832168,33375.6345177665
1667.832167832168,33299.4923857868
1667.832167832168,33223.350253807104
1667.832167832168,33147.20812182741
1673.076923076923,38629.441624365485
1673.076923076923,38553.29949238579
1673.076923076923,38477.15736040609
1673.076923076923,38401.0152284264
1673.076923076923,38324.873096446696
1673.076923076923,38248.730964467
1673.076923076923,38172.58883248731
1673.076923076923,38096.446700507615
1673.076923076923,38020.30456852792
1673.076923076923,37944.16243654823
1673.076923076923,37868.02030456853
1673.076923076923,37791.87817258883
1673.076923076923,37715.73604060913
1673.076923076923,37639.59390862944
1673.076923076923,37563.451776649745
1673.076923076923,37487.30964467005
1673.076923076923,37411.16751269036
1673.076923076923,37335.025380710664
1673.076923076923,37258.88324873096
1673.076923076923,37182.74111675127
1673.076923076923,37106.59898477157
1673.076923076923,37030.456852791875
1673.076923076923,36954.31472081218
1673.076923076923,36878.17258883249
1673.076923076923,36802.03045685279
1673.076923076923,36725.8883248731
1673.076923076923,36649.746192893406
1673.076923076923,36573.604060913705
1673.076923076923,36497.46192893401
1673.076923076923,36421.31979695431
1673.076923076923,36345.17766497462
1673.076923076923,36269.03553299492
1673.076923076923,36192.89340101523
1673.076923076923,36116.751269035536
1673.076923076923,36040.60913705584
1673.076923076923,35964.46700507614
1673.076923076923,35888.32487309645
1673.076923076923,35812.18274111675
1673.076923076923,35736.04060913705
1673.076923076923,35659.89847715736
1673.076923076923,35583.756345177666
1673.076923076923,35507.61421319797
1673.076923076923,35431.47208121828
1673.076923076923,35355.32994923858
1673.076923076923,35279.187817258884
1673.076923076923,35203.04568527918
1673.076923076923,35126.90355329949
1673.076923076923,35050.761421319796
1673.076923076923,34974.6192893401
1673.076923076923,34898.47715736041
1673.076923076923,34822.335025380715
1673.076923076923,34746.192893401014
1673.076923076923,34670.05076142132
1673.076923076923,34593.90862944162
1673.076923076923,34517.766497461926
1673.076923076923,34441.62436548223
1673.076923076923,34365.48223350254
1673.076923076923,34289.340101522845
1673.076923076923,34213.19796954315
1673.076923076923,34137.05583756345
1673.076923076923,34060.91370558376
1673.076923076923,33984.77157360406
1673.076923076923,33908.62944162436
1673.076923076923,33832.48730964467
1673.076923076923,33756.345177664974
1673.076923076923,33680.20304568528
1673.076923076923,33604.06091370559
1673.076923076923,33527.91878172589
1673.076923076923,33451.77664974619
1673.076923076923,33375.6345177665
1673.076923076923,33299.4923857868
1673.076923076923,33223.350253807104
1673.076923076923,33147.20812182741
1673.076923076923,33071.06598984772
1673.076923076923,32994.92385786802
1673.076923076923,32918.78172588833
1673.076923076923,32842.63959390863
1673.076923076923,32766.497461928935
1673.076923076923,32690.355329949238
1673.076923076923,32614.213197969544
1673.076923076923,32538.071065989847
1673.076923076923,32461.928934010153
1673.076923076923,32385.786802030456
1673.076923076923,32309.644670050762
1678.3216783216783,36573.604060913705
1678.3216783216783,36497.46192893401
1678.3216783216783,36421.31979695431
1678.3216783216783,36345.17766497462
1678.3216783216783,36269.03553299492
1678.3216783216783,36192.89340101523
1678.3216783216783,36116.751269035536
1678.3216783216783,36040.60913705584
1678.3216783216783,35964.46700507614
1678.3216783216783,35888.32487309645
1678.3216783216783,35812.18274111675
1678.3216783216783,35736.04060913705
1678.3216783216783,35659.89847715736
1678.3216783216783,35583.756345177666
1678.3216783216783,35507.61421319797
1678.3216783216783,35431.47208121828
1678.3216783216783,35355.32994923858
1678.3216783216783,35279.187817258884
1678.3216783216783,35203.04568527918
1678.3216783216783,35126.90355329949
1678.3216783216783,35050.761421319796
1678.3216783216783,34974.6192893401
1678.3216783216783,34898.47715736041
1678.3216783216783,34822.335025380715
1678.3216783216783,34746.192893401014
1678.3216783216783,34670.05076142132
1678.3216783216783,34593.90862944162
1678.3216783216783,34517.766497461926
1678.3216783216783,34441.62436548223
1678.3216783216783,34365.48223350254
1678.3216783216783,34289.340101522845
1678.3216783216783,34213.19796954315
1678.3216783216783,34137.05583756345
1678.3216783216783,34060.91370558376
1678.3216783216783,33984.77157360406
1678.3216783216783,33908.62944162436
1678.3216783216783,33832.48730964467
1678.3216783216783,33756.345177664974
1678.3216783216783,33680.20304568528
1678.3216783216783,33604.06091370559
1678.3216783216783,33527.91878172589
1678.3216783216783,33451.77664974619
1678.3216783216783,33375.6345177665
1678.3216783216783,33299.4923857868
1678.3216783216783,33223.350253807104
1678.3216783216783,33147.20812182741
1678.3216783216783,33071.06598984772
1678.3216783216783,32994.92385786802
1678.3216783216783,32918.78172588833
1678.3216783216783,32842.63959390863
1678.3216783216783,32766.497461928935
1678.3216783216783,32690.355329949238
1678.3216783216783,32614.213197969544
1678.3216783216783,32538.071065989847
1678.3216783216783,32461.928934010153
1678.3216783216783,32385.786802030456
1678.3216783216783,32309.644670050762
1678.3216783216783,32233.502538071065
1678.3216783216783,32157.36040609137
1678.3216783216783,32081.218274111674
1678.3216783216783,32005.07614213198
1678.3216783216783,31928.934010152283
1678.3216783216783,31852.79187817259
1683.5664335664335,34593.90862944162
1683.5664335664335,34517.766497461926
1683.5664335664335,34441.62436548223
1683.5664335664335,34365.48223350254
1683.5664335664335,34289.340101522845
1683.5664335664335,34213.19796954315
1683.5664335664335,34137.05583756345
1683.5664335664335,34060.91370558376
1683.5664335664335,33984.77157360406
1683.5664335664335,33908.62944162436
1683.5664335664335,33832.48730964467
1683.5664335664335,33756.345177664974
1683.5664335664335,33680.20304568528
1683.5664335664335,33604.06091370559
1683.5664335664335,33527.91878172589
1683.5664335664335,33451.77664974619
1683.5664335664335,33375.6345177665
1683.5664335664335,33299.4923857868
1683.5664335664335,33223.350253807104
1683.5664335664335,33147.20812182741
1683.5664335664335,33071.06598984772
1683.5664335664335,32994.92385786802
1683.5664335664335,32918.78172588833
1683.5664335664335,32842.63959390863
1683.5664335664335,32766.497461928935
1683.5664335664335,32690.355329949238
1683.5664335664335,32614.213197969544
1683.5664335664335,32538.071065989847
1683.5664335664335,32461.928934010153
1683.5664335664335,32385.786802030456
1683.5664335664335,32309.644670050762
1683.5664335664335,32233.502538071065
1683.5664335664335,32157.36040609137
1683.5664335664335,32081.218274111674
1683.5664335664335,32005.07614213198
1683.5664335664335,31928.934010152283
1683.5664335664335,31852.79187817259
1683.5664335664335,31776.649746192892
1683.5664335664335,31700.5076142132
1683.5664335664335,31624.3654822335
1683.5664335664335,31548.223350253807
1683.5664335664335,31472.08121827411
1688.811188811189,33299.4923857868
1688.811188811189,33223.350253807104
1688.811188811189,33147.20812182741
1688.811188811189,33071.06598984772
1688.811188811189,32994.92385786802
1688.811188811189,32918.78172588833
1688.811188811189,32842.63959390863
1688.811188811189,32766.497461928935
1688.811188811189,32690.355329949238
1688.811188811189,32614.213197969544
1688.811188811189,32538.071065989847
1688.811188811189,32461.928934010153
1688.811188811189,32385.786802030456
1688.811188811189,32309.644670050762
1688.811188811189,32233.502538071065
1688.811188811189,32157.36040609137
1688.811188811189,32081.218274111674
1688.811188811189,32005.07614213198
1688.811188811189,31928.934010152283
1688.811188811189,31852.79187817259
1688.811188811189,31776.649746192892
1688.811188811189,31700.5076142132
1688.811188811189,31624.3654822335
1688.811188811189,31548.223350253807
1688.811188811189,31472.08121827411
1688.811188811189,31395.939086294416
1688.811188811189,31319.79695431472
1694.055944055944,32461.928934010153
1694.055944055944,32385.786802030456
1694.055944055944,32309.644670050762
1694.055944055944,32233.502538071065
1694.055944055944,32157.36040609137
1694.055944055944,32081.218274111674
1694.055944055944,32005.07614213198
1694.055944055944,31928.934010152283
1694.055944055944,31852.79187817259
1694.055944055944,31776.649746192892
1694.055944055944,31700.5076142132
1694.055944055944,31624.3654822335
1694.055944055944,31548.223350253807
1694.055944055944,31472.08121827411
1694.055944055944,31395.939086294416
1694.055944055944,31319.79695431472
1694.055944055944,31243.654822335026
1694.055944055944,31167.51269035533
1694.055944055944,31091.370558375635
1699.3006993006993,31928.934010152283
1699.3006993006993,31852.79187817259
1699.3006993006993,31776.649746192892
1699.3006993006993,31700.5076142132
1699.3006993006993,31624.3654822335
1699.3006993006993,31548.223350253807
1699.3006993006993,31472.08121827411
1699.3006993006993,31395.939086294416
1699.3006993006993,31319.79695431472
1699.3006993006993,31243.654822335026
1699.3006993006993,31167.51269035533
1699.3006993006993,31091.370558375635
1704.5454545454545,31548.223350253807
1704.5454545454545,31472.08121827411
1704.5454545454545,31395.939086294416
1704.5454545454545,31319.79695431472
1704.5454545454545,31243.654822335026
1704.5454545454545,31167.51269035533
1704.5454545454545,31091.370558375635
1704.5454545454545,31015.228426395937
1704.5454545454545,30939.086294416244
1704.5454545454545,30862.94416243655
1709.7902097902097,31395.939086294416
1709.7902097902097,31319.79695431472
1709.7902097902097,31243.654822335026
1709.7902097902097,31167.51269035533
1709.7902097902097,31091.370558375635
1709.7902097902097,31015.228426395937
1709.7902097902097,30939.086294416244
1709.7902097902097,30862.94416243655
1709.7902097902097,30786.802030456853
1715.0349650349651,31319.79695431472
1715.0349650349651,31243.654822335026
1715.0349650349651,31167.51269035533
1715.0349650349651,31091.370558375635
1715.0349650349651,31015.228426395937
1715.0349650349651,30939.086294416244
1715.0349650349651,30862.94416243655
1715.0349650349651,30786.802030456853
1715.0349650349651,30710.65989847716
1720.2797202797203,31167.51269035533
1720.2797202797203,31091.370558375635
1720.2797202797203,31015.228426395937
1720.2797202797203,30939.086294416244
1720.2797202797203,30862.94416243655
1720.2797202797203,30786.802030456853
1720.2797202797203,30710.65989847716
1725.5244755244755,31015.228426395937
1725.5244755244755,30939.086294416244
1725.5244755244755,30862.94416243655
1725.5244755244755,30786.802030456853
1725.5244755244755,30710.65989847716
1725.5244755244755,30634.51776649746
1730.7692307692307,30939.086294416244
1730.7692307692307,30862.94416243655
1730.7692307692307,30786.802030456853
1730.7692307692307,30710.65989847716
1730.7692307692307,30634.51776649746
1730.7692307692307,30558.375634517768
1736.013986013986,30862.94416243655
1736.013986013986,30786.802030456853
1736.013986013986,30710.65989847716
1736.013986013986,30634.51776649746
1736.013986013986,30558.375634517768
1736.013986013986,30482.23350253807
1741.2587412587413,30786.802030456853
1741.2587412587413,30710.65989847716
1741.2587412587413,30634.51776649746
1741.2587412587413,30558.375634517768
1741.2587412587413,30482.23350253807
1741.2587412587413,30406.091370558377
1746.5034965034965,30786.802030456853
1746.5034965034965,30710.65989847716
1746.5034965034965,30634.51776649746
1746.5034965034965,30558.375634517768
1746.5034965034965,30482.23350253807
1746.5034965034965,30406.091370558377
1751.7482517482517,30786.802030456853
1751.7482517482517,30710.65989847716
1751.7482517482517,30634.51776649746
1751.7482517482517,30558.375634517768
1751.7482517482517,30482.23350253807
1751.7482517482517,30406.091370558377
1756.993006993007,30786.802030456853
1756.993006993007,30710.65989847716
1756.993006993007,30634.51776649746
1756.993006993007,30558.375634517768
1756.993006993007,30482.23350253807
1756.993006993007,30406.091370558377
1756.993006993007,30329.94923857868
1762.2377622377621,30710.65989847716
1762.2377622377621,30634.51776649746
1762.2377622377621,30558.375634517768
1762.2377622377621,30482.23350253807
1762.2377622377621,30406.091370558377
1762.2377622377621,30329.94923857868
1767.4825174825176,30710.65989847716
1767.4825174825176,30634.51776649746
1767.4825174825176,30558.375634517768
1767.4825174825176,30482.23350253807
1767.4825174825176,30406.091370558377
1767.4825174825176,30329.94923857868
1772.7272727272727,30634.51776649746
1772.7272727272727,30558.375634517768
1772.7272727272727,30482.23350253807
1772.7272727272727,30406.091370558377
1772.7272727272727,30329.94923857868
1777.972027972028,30634.51776649746
1777.972027972028,30558.375634517768
1777.972027972028,30482.23350253807
1777.972027972028,30406.091370558377
1777.972027972028,30329.94923857868
1777.972027972028,30253.807106598986
1783.2167832167831,30634.51776649746
1783.2167832167831,30558.375634517768
1783.2167832167831,30482.23350253807
1783.2167832167831,30406.091370558377
1783.2167832167831,30329.94923857868
1783.2167832167831,30253.807106598986
1788.4615384615386,30634.51776649746
1788.4615384615386,30558.375634517768
1788.4615384615386,30482.23350253807
1788.4615384615386,30406.091370558377
1788.4615384615386,30329.94923857868
1788.4615384615386,30253.807106598986
1793.7062937062938,30634.51776649746
1793.7062937062938,30558.375634517768
1793.7062937062938,30482.23350253807
1793.7062937062938,30406.091370558377
1793.7062937062938,30329.94923857868
1793.7062937062938,30253.807106598986
1798.951048951049,30558.375634517768
1798.951048951049,30482.23350253807
1798.951048951049,30406.091370558377
1798.951048951049,30329.94923857868
1798.951048951049,30253.807106598986
1804.1958041958042,30482.23350253807
1804.1958041958042,30406.091370558377
1804.1958041958042,30329.94923857868
1804.1958041958042,30253.807106598986
1809.4405594405594,30558.375634517768
1809.4405594405594,30482.23350253807
1809.4405594405594,30406.091370558377
1809.4405594405594,30329.94923857868
1809.4405594405594,30253.807106598986
1814.6853146853148,30634.51776649746
1814.6853146853148,30558.375634517768
1814.6853146853148,30482.23350253807
1814.6853146853148,30406.091370558377
1814.6853146853148,30329.94923857868
1814.6853146853148,30253.807106598986
1819.93006993007,30710.65989847716
1819.93006993007,30634.51776649746
1819.93006993007,30558.375634517768
1819.93006993007,30482.23350253807
1819.93006993007,30406.091370558377
1819.93006993007,30329.94923857868
1819.93006993007,30253.807106598986
1825.1748251748252,30862.94416243655
1825.1748251748252,30786.802030456853
1825.1748251748252,30710.65989847716
1825.1748251748252,30634.51776649746
1825.1748251748252,30558.375634517768
1825.1748251748252,30482.23350253807
1825.1748251748252,30406.091370558377
1825.1748251748252,30329.94923857868
1830.4195804195804,30939.086294416244
1830.4195804195804,30862.94416243655
1830.4195804195804,30786.802030456853
1830.4195804195804,30710.65989847716
1830.4195804195804,30634.51776649746
1830.4195804195804,30558.375634517768
1830.4195804195804,30482.23350253807
1830.4195804195804,30406.091370558377
1835.6643356643356,31167.51269035533
1835.6643356643356,31091.370558375635
1835.6643356643356,31015.228426395937
1835.6643356643356,30939.086294416244
1835.6643356643356,30862.94416243655
1835.6643356643356,30786.802030456853
1835.6643356643356,30710.65989847716
1835.6643356643356,30634.51776649746
1835.6643356643356,30558.375634517768
1840.909090909091,31167.51269035533
1840.909090909091,31091.370558375635
1840.909090909091,31015.228426395937
1840.909090909091,30939.086294416244
1840.909090909091,30862.94416243655
1840.909090909091,30786.802030456853
1840.909090909091,30710.65989847716
1840.909090909091,30634.51776649746
1846.1538461538462,31243.654822335026
1846.1538461538462,31167.51269035533
1846.1538461538462,31091.370558375635
1846.1538461538462,31015.228426395937
1846.1538461538462,30939.086294416244
1846.1538461538462,30862.94416243655
1846.1538461538462,30786.802030456853
1851.3986013986014,31243.654822335026
1851.3986013986014,31167.51269035533
1851.3986013986014,31091.370558375635
1851.3986013986014,31015.228426395937
1851.3986013986014,30939.086294416244
1851.3986013986014,30862.94416243655
1851.3986013986014,30786.802030456853
1856.6433566433566,31548.223350253807
1856.6433566433566,31472.08121827411
1856.6433566433566,31395.939086294416
1856.6433566433566,31319.79695431472
1856.6433566433566,31243.654822335026
1856.6433566433566,31167.51269035533
1856.6433566433566,31091.370558375635
1856.6433566433566,31015.228426395937
1856.6433566433566,30939.086294416244
1856.6433566433566,30862.94416243655
1861.8881118881118,31700.5076142132
1861.8881118881118,31624.3654822335
1861.8881118881118,31548.223350253807
1861.8881118881118,31472.08121827411
1861.8881118881118,31395.939086294416
1861.8881118881118,31319.79695431472
1861.8881118881118,31243.654822335026
1861.8881118881118,31167.51269035533
1861.8881118881118,31091.370558375635
1861.8881118881118,31015.228426395937
1861.8881118881118,30939.086294416244
1867.1328671328672,31852.79187817259
1867.1328671328672,31776.649746192892
1867.1328671328672,31700.5076142132
1867.1328671328672,31624.3654822335
1867.1328671328672,31548.223350253807
1867.1328671328672,31472.08121827411
1867.1328671328672,31395.939086294416
1867.1328671328672,31319.79695431472
1867.1328671328672,31243.654822335026
1867.1328671328672,31167.51269035533
1867.1328671328672,31091.370558375635
1872.3776223776224,32005.07614213198
1872.3776223776224,31928.934010152283
1872.3776223776224,31852.79187817259
1872.3776223776224,31776.649746192892
1872.3776223776224,31700.5076142132
1872.3776223776224,31624.3654822335
1872.3776223776224,31548.223350253807
1872.3776223776224,31472.08121827411
1872.3776223776224,31395.939086294416
1872.3776223776224,31319.79695431472
1872.3776223776224,31243.654822335026
1877.6223776223776,32081.218274111674
1877.6223776223776,32005.07614213198
1877.6223776223776,31928.934010152283
1877.6223776223776,31852.79187817259
1877.6223776223776,31776.649746192892
1877.6223776223776,31700.5076142132
1877.6223776223776,31624.3654822335
1877.6223776223776,31548.223350253807
1882.8671328671328,32309.644670050762
1882.8671328671328,32233.502538071065
1882.8671328671328,32157.36040609137
1882.8671328671328,32081.218274111674
1882.8671328671328,32005.07614213198
1882.8671328671328,31928.934010152283
1882.8671328671328,31852.79187817259
1882.8671328671328,31776.649746192892
1882.8671328671328,31700.5076142132
1882.8671328671328,31624.3654822335
1888.1118881118882,32309.644670050762
1888.1118881118882,32233.502538071065
1888.1118881118882,32157.36040609137
1888.1118881118882,32081.218274111674
1888.1118881118882,32005.07614213198
1888.1118881118882,31928.934010152283
1888.1118881118882,31852.79187817259
1888.1118881118882,31776.649746192892
1893.3566433566434,32385.786802030456
1893.3566433566434,32309.644670050762
1893.3566433566434,32233.502538071065
1893.3566433566434,32157.36040609137
1893.3566433566434,32081.218274111674
1893.3566433566434,32005.07614213198
1893.3566433566434,31928.934010152283
1893.3566433566434,31852.79187817259
1898.6013986013986,32538.071065989847
1898.6013986013986,32461.928934010153
1898.6013986013986,32385.786802030456
1898.6013986013986,32309.644670050762
1898.6013986013986,32233.502538071065
1898.6013986013986,32157.36040609137
1898.6013986013986,32081.218274111674
1898.6013986013986,32005.07614213198
1903.8461538461538,32614.213197969544
1903.8461538461538,32538.071065989847
1903.8461538461538,32461.928934010153
1903.8461538461538,32385.786802030456
1903.8461538461538,32309.644670050762
1903.8461538461538,32233.502538071065
1903.8461538461538,32157.36040609137
1903.8461538461538,32081.218274111674
1909.090909090909,32690.355329949238
1909.090909090909,32614.213197969544
1909.090909090909,32538.071065989847
1909.090909090909,32461.928934010153
1909.090909090909,32385.786802030456
1909.090909090909,32309.644670050762
1909.090909090909,32233.502538071065
1909.090909090909,32157.36040609137
1909.090909090909,32081.218274111674
1914.3356643356644,32842.63959390863
1914.3356643356644,32766.497461928935
1914.3356643356644,32690.355329949238
1914.3356643356644,32614.213197969544
1914.3356643356644,32538.071065989847
1914.3356643356644,32461.928934010153
1914.3356643356644,32385.786802030456
1914.3356643356644,32309.644670050762
1914.3356643356644,32233.502538071065
1919.5804195804196,32994.92385786802
1919.5804195804196,32918.78172588833
1919.5804195804196,32842.63959390863
1919.5804195804196,32766.497461928935
1919.5804195804196,32690.355329949238
1919.5804195804196,32614.213197969544
1919.5804195804196,32538.071065989847
1919.5804195804196,32461.928934010153
1919.5804195804196,32385.786802030456
1924.8251748251748,33147.20812182741
1924.8251748251748,33071.06598984772
1924.8251748251748,32994.92385786802
1924.8251748251748,32918.78172588833
1924.8251748251748,32842.63959390863
1924.8251748251748,32766.497461928935
1924.8251748251748,32690.355329949238
1924.8251748251748,32614.213197969544
1924.8251748251748,32538.071065989847
1924.8251748251748,32461.928934010153
1930.06993006993,33223.350253807104
1930.06993006993,33147.20812182741
1930.06993006993,33071.06598984772
1930.06993006993,32994.92385786802
1930.06993006993,32918.78172588833
1930.06993006993,32842.63959390863
1930.06993006993,32766.497461928935
1930.06993006993,32690.355329949238
1930.06993006993,32614.213197969544
1935.3146853146852,33299.4923857868
1935.3146853146852,33223.350253807104
1935.3146853146852,33147.20812182741
1935.3146853146852,33071.06598984772
1935.3146853146852,32994.92385786802
1935.3146853146852,32918.78172588833
1935.3146853146852,32842.63959390863
1935.3146853146852,32766.497461928935
1940.5594405594406,33451.77664974619
1940.5594405594406,33375.6345177665
1940.5594405594406,33299.4923857868
1940.5594405594406,33223.350253807104
1940.5594405594406,33147.20812182741
1940.5594405594406,33071.06598984772
1940.5594405594406,32994.92385786802
1940.5594405594406,32918.78172588833
1945.8041958041958,33527.91878172589
1945.8041958041958,33451.77664974619
1945.8041958041958,33375.6345177665
1945.8041958041958,33299.4923857868
1945.8041958041958,33223.350253807104
1945.8041958041958,33147.20812182741
1945.8041958041958,33071.06598984772
1945.8041958041958,32994.92385786802
1951.048951048951,33527.91878172589
1951.048951048951,33451.77664974619
1951.048951048951,33375.6345177665
1951.048951048951,33299.4923857868
1951.048951048951,33223.350253807104
1951.048951048951,33147.20812182741
1951.048951048951,33071.06598984772
1956.2937062937062,33527.91878172589
1956.2937062937062,33451.77664974619
1956.2937062937062,33375.6345177665
1956.2937062937062,33299.4923857868
1956.2937062937062,33223.350253807104
1956.2937062937062,33147.20812182741
1961.5384615384614,33451.77664974619
1961.5384615384614,33375.6345177665
1961.5384615384614,33299.4923857868
1961.5384615384614,33223.350253807104
1961.5384615384614,33147.20812182741
1961.5384615384614,33071.06598984772
1966.7832167832169,33451.77664974619
1966.7832167832169,33375.6345177665
1966.7832167832169,33299.4923857868
1966.7832167832169,33223.350253807104
1966.7832167832169,33147.20812182741
1966.7832167832169,33071.06598984772
1972.027972027972,33527.91878172589
1972.027972027972,33451.77664974619
1972.027972027972,33375.6345177665
1972.027972027972,33299.4923857868
1972.027972027972,33223.350253807104
1972.027972027972,33147.20812182741
1972.027972027972,33071.06598984772
1977.2727272727273,33756.345177664974
1977.2727272727273,33680.20304568528
1977.2727272727273,33604.06091370559
1977.2727272727273,33527.91878172589
1977.2727272727273,33451.77664974619
1977.2727272727273,33375.6345177665
1977.2727272727273,33299.4923857868
1977.2727272727273,33223.350253807104
1977.2727272727273,33147.20812182741
1977.2727272727273,33071.06598984772
1982.5174825174824,33756.345177664974
1982.5174825174824,33680.20304568528
1982.5174825174824,33604.06091370559
1982.5174825174824,33527.91878172589
1982.5174825174824,33451.77664974619
1982.5174825174824,33375.6345177665
1982.5174825174824,33299.4923857868
1982.5174825174824,33223.350253807104
1987.7622377622379,33832.48730964467
1987.7622377622379,33756.345177664974
1987.7622377622379,33680.20304568528
1987.7622377622379,33604.06091370559
1987.7622377622379,33527.91878172589
1987.7622377622379,33451.77664974619
1987.7622377622379,33375.6345177665
1987.7622377622379,33299.4923857868
1993.006993006993,33984.77157360406
1993.006993006993,33908.62944162436
1993.006993006993,33832.48730964467
1993.006993006993,33756.345177664974
1993.006993006993,33680.20304568528
1993.006993006993,33604.06091370559
1993.006993006993,33527.91878172589
1993.006993006993,33451.77664974619
1993.006993006993,33375.6345177665
1998.2517482517483,34213.19796954315
1998.2517482517483,34137.05583756345
1998.2517482517483,34060.91370558376
1998.2517482517483,33984.77157360406
1998.2517482517483,33908.62944162436
1998.2517482517483,33832.48730964467
1998.2517482517483,33756.345177664974
1998.2517482517483,33680.20304568528
1998.2517482517483,33604.06091370559
2003.4965034965035,34289.340101522845
2003.4965034965035,34213.19796954315
2003.4965034965035,34137.05583756345
2003.4965034965035,34060.91370558376
2003.4965034965035,33984.77157360406
2003.4965034965035,33908.62944162436
2003.4965034965035,33832.48730964467
2003.4965034965035,33756.345177664974
2003.4965034965035,33680.20304568528
2008.7412587412587,34289.340101522845
2008.7412587412587,34213.19796954315
2008.7412587412587,34137.05583756345
2008.7412587412587,34060.91370558376
2008.7412587412587,33984.77157360406
2008.7412587412587,33908.62944162436
2008.7412587412587,33832.48730964467
2008.7412587412587,33756.345177664974
2013.986013986014,34289.340101522845
2013.986013986014,34213.19796954315
2013.986013986014,34137.05583756345
2013.986013986014,34060.91370558376
2013.986013986014,33984.77157360406
2013.986013986014,33908.62944162436
2013.986013986014,33832.48730964467
2019.2307692307693,34289.340101522845
2019.2307692307693,34213.19796954315
2019.2307692307693,34137.05583756345
2019.2307692307693,34060.91370558376
2019.2307692307693,33984.77157360406
2019.2307692307693,33908.62944162436
2019.2307692307693,33832.48730964467
2024.4755244755245,34441.62436548223
2024.4755244755245,34365.48223350254
2024.4755244755245,34289.340101522845
2024.4755244755245,34213.19796954315
2024.4755244755245,34137.05583756345
2024.4755244755245,34060.91370558376
2024.4755244755245,33984.77157360406
2024.4755244755245,33908.62944162436
2029.7202797202797,34746.192893401014
2029.7202797202797,34670.05076142132
2029.7202797202797,34593.90862944162
2029.7202797202797,34517.766497461926
2029.7202797202797,34441.62436548223
2029.7202797202797,34365.48223350254
2029.7202797202797,34289.340101522845
2029.7202797202797,34213.19796954315
2029.7202797202797,34137.05583756345
2029.7202797202797,34060.91370558376
2029.7202797202797,33984.77157360406
2034.9650349650349,35050.761421319796
2034.9650349650349,34974.6192893401
2034.9650349650349,34898.47715736041
2034.9650349650349,34822.335025380715
2034.9650349650349,34746.192893401014
2034.9650349650349,34670.05076142132
2034.9650349650349,34593.90862944162
2034.9650349650349,34517.766497461926
2034.9650349650349,34441.62436548223
2034.9650349650349,34365.48223350254
2034.9650349650349,34289.340101522845
2034.9650349650349,34213.19796954315
2034.9650349650349,34137.05583756345
2034.9650349650349,34060.91370558376
2040.2097902097903,35279.187817258884
2040.2097902097903,35203.04568527918
2040.2097902097903,35126.90355329949
2040.2097902097903,35050.761421319796
2040.2097902097903,34974.6192893401
2040.2097902097903,34898.47715736041
2040.2097902097903,34822.335025380715
2040.2097902097903,34746.192893401014
2040.2097902097903,34670.05076142132
2040.2097902097903,34593.90862944162
2040.2097902097903,34517.766497461926
2040.2097902097903,34441.62436548223
2040.2097902097903,34365.48223350254
2040.2097902097903,34289.340101522845
2040.2097902097903,34213.19796954315
2045.4545454545455,35355.32994923858
2045.4545454545455,35279.187817258884
2045.4545454545455,35203.04568527918
2045.4545454545455,35126.90355329949
2045.4545454545455,35050.761421319796
2045.4545454545455,34974.6192893401
2045.4545454545455,34898.47715736041
2045.4545454545455,34822.335025380715
2045.4545454545455,34746.192893401014
2045.4545454545455,34670.05076142132
2045.4545454545455,34593.90862944162
2045.4545454545455,34517.766497461926
2045.4545454545455,34441.62436548223
2045.4545454545455,34365.48223350254
2050.6993006993007,35507.61421319797
2050.6993006993007,35431.47208121828
2050.6993006993007,35355.32994923858
2050.6993006993007,35279.187817258884
2050.6993006993007,35203.04568527918
2050.6993006993007,35126.90355329949
2050.6993006993007,35050.761421319796
2050.6993006993007,34974.6192893401
2050.6993006993007,34898.47715736041
2050.6993006993007,34822.335025380715
2050.6993006993007,34746.192893401014
2050.6993006993007,34670.05076142132
2055.944055944056,35659.89847715736
2055.944055944056,35583.756345177666
2055.944055944056,35507.61421319797
2055.944055944056,35431.47208121828
2055.944055944056,35355.32994923858
2055.944055944056,35279.187817258884
2055.944055944056,35203.04568527918
2055.944055944056,35126.90355329949
2055.944055944056,35050.761421319796
2055.944055944056,34974.6192893401
2061.188811188811,35736.04060913705
2061.188811188811,35659.89847715736
2061.188811188811,35583.756345177666
2061.188811188811,35507.61421319797
2061.188811188811,35431.47208121828
2061.188811188811,35355.32994923858
2061.188811188811,35279.187817258884
2061.188811188811,35203.04568527918
2061.188811188811,35126.90355329949
2066.4335664335663,35812.18274111675
2066.4335664335663,35736.04060913705
2066.4335664335663,35659.89847715736
2066.4335664335663,35583.756345177666
2066.4335664335663,35507.61421319797
2066.4335664335663,35431.47208121828
2066.4335664335663,35355.32994923858
2066.4335664335663,35279.187817258884
2066.4335664335663,35203.04568527918
2071.6783216783215,35888.32487309645
2071.6783216783215,35812.18274111675
2071.6783216783215,35736.04060913705
2071.6783216783215,35659.89847715736
2071.6783216783215,35583.756345177666
2071.6783216783215,35507.61421319797
2071.6783216783215,35431.47208121828
2071.6783216783215,35355.32994923858
2076.923076923077,35964.46700507614
2076.923076923077,35888.32487309645
2076.923076923077,35812.18274111675
2076.923076923077,35736.04060913705
2076.923076923077,35659.89847715736
2076.923076923077,35583.756345177666
2076.923076923077,35507.61421319797
2076.923076923077,35431.47208121828
2082.1678321678323,35964.46700507614
2082.1678321678323,35888.32487309645
2082.1678321678323,35812.18274111675
2082.1678321678323,35736.04060913705
2082.1678321678323,35659.89847715736
2082.1678321678323,35583.756345177666
2087.4125874125875,36192.89340101523
2087.4125874125875,36116.751269035536
2087.4125874125875,36040.60913705584
2087.4125874125875,35964.46700507614
2087.4125874125875,35888.32487309645
2087.4125874125875,35812.18274111675
2087.4125874125875,35736.04060913705
2087.4125874125875,35659.89847715736
2092.6573426573427,36421.31979695431
2092.6573426573427,36345.17766497462
2092.6573426573427,36269.03553299492
2092.6573426573427,36192.89340101523
2092.6573426573427,36116.751269035536
2092.6573426573427,36040.60913705584
2092.6573426573427,35964.46700507614
2092.6573426573427,35888.32487309645
2092.6573426573427,35812.18274111675
2092.6573426573427,35736.04060913705
2092.6573426573427,35659.89847715736
2097.902097902098,36497.46192893401
2097.902097902098,36421.31979695431
2097.902097902098,36345.17766497462
2097.902097902098,36269.03553299492
2097.902097902098,36192.89340101523
2097.902097902098,36116.751269035536
2097.902097902098,36040.60913705584
2097.902097902098,35964.46700507614
2097.902097902098,35888.32487309645
2097.902097902098,35812.18274111675
2097.902097902098,35736.04060913705
2103.146853146853,36649.746192893406
2103.146853146853,36573.604060913705
2103.146853146853,36497.46192893401
2103.146853146853,36421.31979695431
2103.146853146853,36345.17766497462
2103.146853146853,36269.03553299492
2103.146853146853,36192.89340101523
2103.146853146853,36116.751269035536
2103.146853146853,36040.60913705584
2103.146853146853,35964.46700507614
2103.146853146853,35888.32487309645
2103.146853146853,35812.18274111675
2108.3916083916083,36878.17258883249
2108.3916083916083,36802.03045685279
2108.3916083916083,36725.8883248731
2108.3916083916083,36649.746192893406
2108.3916083916083,36573.604060913705
2108.3916083916083,36497.46192893401
2108.3916083916083,36421.31979695431
2108.3916083916083,36345.17766497462
2108.3916083916083,36269.03553299492
2108.3916083916083,36192.89340101523
2108.3916083916083,36116.751269035536
2113.6363636363635,37030.456852791875
2113.6363636363635,36954.31472081218
2113.6363636363635,36878.17258883249
2113.6363636363635,36802.03045685279
2113.6363636363635,36725.8883248731
2113.6363636363635,36649.746192893406
2113.6363636363635,36573.604060913705
2113.6363636363635,36497.46192893401
2113.6363636363635,36421.31979695431
2113.6363636363635,36345.17766497462
2118.8811188811187,37106.59898477157
2118.8811188811187,37030.456852791875
2118.8811188811187,36954.31472081218
2118.8811188811187,36878.17258883249
2118.8811188811187,36802.03045685279
2118.8811188811187,36725.8883248731
2118.8811188811187,36649.746192893406
2118.8811188811187,36573.604060913705
2118.8811188811187,36497.46192893401
2118.8811188811187,36421.31979695431
2124.125874125874,37106.59898477157
2124.125874125874,37030.456852791875
2124.125874125874,36954.31472081218
2124.125874125874,36878.17258883249
2124.125874125874,36802.03045685279
2124.125874125874,36725.8883248731
2124.125874125874,36649.746192893406
2124.125874125874,36573.604060913705
2129.3706293706296,37182.74111675127
2129.3706293706296,37106.59898477157
2129.3706293706296,37030.456852791875
2129.3706293706296,36954.31472081218
2129.3706293706296,36878.17258883249
2129.3706293706296,36802.03045685279
2134.6153846153848,37258.88324873096
2134.6153846153848,37182.74111675127
2134.6153846153848,37106.59898477157
2134.6153846153848,37030.456852791875
2134.6153846153848,36954.31472081218
2134.6153846153848,36878.17258883249
2134.6153846153848,36802.03045685279
2139.86013986014,37411.16751269036
2139.86013986014,37335.025380710664
2139.86013986014,37258.88324873096
2139.86013986014,37182.74111675127
2139.86013986014,37106.59898477157
2139.86013986014,37030.456852791875
2139.86013986014,36954.31472081218
2139.86013986014,36878.17258883249
2145.104895104895,37639.59390862944
2145.104895104895,37563.451776649745
2145.104895104895,37487.30964467005
2145.104895104895,37411.16751269036
2145.104895104895,37335.025380710664
2145.104895104895,37258.88324873096
2145.104895104895,37182.74111675127
2145.104895104895,37106.59898477157
2145.104895104895,37030.456852791875
2145.104895104895,36954.31472081218
2145.104895104895,36878.17258883249
2150.3496503496503,37868.02030456853
2150.3496503496503,37791.87817258883
2150.3496503496503,37715.73604060913
2150.3496503496503,37639.59390862944
2150.3496503496503,37563.451776649745
2150.3496503496503,37487.30964467005
2150.3496503496503,37411.16751269036
2150.3496503496503,37335.025380710664
2150.3496503496503,37258.88324873096
2150.3496503496503,37182.74111675127
2150.3496503496503,37106.59898477157
2150.3496503496503,37030.456852791875
2155.5944055944055,38248.730964467
2155.5944055944055,38172.58883248731
2155.5944055944055,38096.446700507615
2155.5944055944055,38020.30456852792
2155.5944055944055,37944.16243654823
2155.5944055944055,37868.02030456853
2155.5944055944055,37791.87817258883
2155.5944055944055,37715.73604060913
2155.5944055944055,37639.59390862944
2155.5944055944055,37563.451776649745
2155.5944055944055,37487.30964467005
2155.5944055944055,37411.16751269036
2155.5944055944055,37335.025380710664
2155.5944055944055,37258.88324873096
2155.5944055944055,37182.74111675127
2160.8391608391607,38477.15736040609
2160.8391608391607,38401.0152284264
2160.8391608391607,38324.873096446696
2160.8391608391607,38248.730964467
2160.8391608391607,38172.58883248731
2160.8391608391607,38096.446700507615
2160.8391608391607,38020.30456852792
2160.8391608391607,37944.16243654823
2160.8391608391607,37868.02030456853
2160.8391608391607,37791.87817258883
2160.8391608391607,37715.73604060913
2160.8391608391607,37639.59390862944
2160.8391608391607,37563.451776649745
2160.8391608391607,37487.30964467005
2160.8391608391607,37411.16751269036
2166.083916083916,38857.868020304566
2166.083916083916,38781.72588832487
2166.083916083916,38705.58375634518
2166.083916083916,38629.441624365485
2166.083916083916,38553.29949238579
2166.083916083916,38477.15736040609
2166.083916083916,38401.0152284264
2166.083916083916,38324.873096446696
2166.083916083916,38248.730964467
2166.083916083916,38172.58883248731
2166.083916083916,38096.446700507615
2166.083916083916,38020.30456852792
2166.083916083916,37944.16243654823
2166.083916083916,37868.02030456853
2166.083916083916,37791.87817258883
2166.083916083916,37715.73604060913
2166.083916083916,37639.59390862944
2166.083916083916,37563.451776649745
2171.328671328671,39010.15228426396
2171.328671328671,38934.01015228426
2171.328671328671,38857.868020304566
2171.328671328671,38781.72588832487
2171.328671328671,38705.58375634518
2171.328671328671,38629.441624365485
2171.328671328671,38553.29949238579
2171.328671328671,38477.15736040609
2171.328671328671,38401.0152284264
2171.328671328671,38324.873096446696
2171.328671328671,38248.730964467
2171.328671328671,38172.58883248731
2171.328671328671,38096.446700507615
2171.328671328671,38020.30456852792
2171.328671328671,37944.16243654823
2171.328671328671,37868.02030456853
2176.573426573427,39238.57868020305
2176.573426573427,39162.436548223355
2176.573426573427,39086.294416243654
2176.573426573427,39010.15228426396
2176.573426573427,38934.01015228426
2176.573426573427,38857.868020304566
2176.573426573427,38781.72588832487
2176.573426573427,38705.58375634518
2176.573426573427,38629.441624365485
2176.573426573427,38553.29949238579
2176.573426573427,38477.15736040609
2176.573426573427,38401.0152284264
2176.573426573427,38324.873096446696
2176.573426573427,38248.730964467
2176.573426573427,38172.58883248731
2176.573426573427,38096.446700507615
2181.818181818182,39390.862944162436
2181.818181818182,39314.72081218274
2181.818181818182,39238.57868020305
2181.818181818182,39162.436548223355
2181.818181818182,39086.294416243654
2181.818181818182,39010.15228426396
2181.818181818182,38934.01015228426
2181.818181818182,38857.868020304566
2181.818181818182,38781.72588832487
2181.818181818182,38705.58375634518
2181.818181818182,38629.441624365485
2181.818181818182,38553.29949238579
2181.818181818182,38477.15736040609
2181.818181818182,38401.0152284264
2187.062937062937,39771.57360406092
2187.062937062937,39695.43147208122
2187.062937062937,39619.289340101524
2187.062937062937,39543.14720812182
2187.062937062937,39467.00507614213
2187.062937062937,39390.862944162436
2187.062937062937,39314.72081218274
2187.062937062937,39238.57868020305
2187.062937062937,39162.436548223355
2187.062937062937,39086.294416243654
2187.062937062937,39010.15228426396
2187.062937062937,38934.01015228426
2187.062937062937,38857.868020304566
2187.062937062937,38781.72588832487
2192.3076923076924,40000.0
2192.3076923076924,39923.857868020306
2192.3076923076924,39847.71573604061
2192.3076923076924,39771.57360406092
2192.3076923076924,39695.43147208122
2192.3076923076924,39619.289340101524
2192.3076923076924,39543.14720812182
2192.3076923076924,39467.00507614213
2192.3076923076924,39390.862944162436
2192.3076923076924,39314.72081218274
2192.3076923076924,39238.57868020305
2192.3076923076924,39162.436548223355
2192.3076923076924,39086.294416243654
2192.3076923076924,39010.15228426396
2197.5524475524476,40304.56852791878
2197.5524475524476,40228.42639593908
2197.5524475524476,40152.28426395939
2197.5524475524476,40076.142131979694
2197.5524475524476,40000.0
2197.5524475524476,39923.857868020306
2197.5524475524476,39847.71573604061
2197.5524475524476,39771.57360406092
2197.5524475524476,39695.43147208122
2197.5524475524476,39619.289340101524
2197.5524475524476,39543.14720812182
2197.5524475524476,39467.00507614213
2197.5524475524476,39390.862944162436
2197.5524475524476,39314.72081218274
2197.5524475524476,39238.57868020305
2197.5524475524476,39162.436548223355
2202.7972027972028,40532.99492385787
2202.7972027972028,40456.85279187818
2202.7972027972028,40380.710659898476
2202.7972027972028,40304.56852791878
2202.7972027972028,40228.42639593908
2202.7972027972028,40152.28426395939
2202.7972027972028,40076.142131979694
2202.7972027972028,40000.0
2202.7972027972028,39923.857868020306
2202.7972027972028,39847.71573604061
2202.7972027972028,39771.57360406092
2202.7972027972028,39695.43147208122
2202.7972027972028,39619.289340101524
2202.7972027972028,39543.14720812182
2202.7972027972028,39467.00507614213
2202.7972027972028,39390.862944162436
2208.041958041958,40761.42131979695
2208.041958041958,40685.27918781726
2208.041958041958,40609.137055837564
2208.041958041958,40532.99492385787
2208.041958041958,40456.85279187818
2208.041958041958,40380.710659898476
2208.041958041958,40304.56852791878
2208.041958041958,40228.42639593908
2208.041958041958,40152.28426395939
2208.041958041958,40076.142131979694
2208.041958041958,40000.0
2208.041958041958,39923.857868020306
2208.041958041958,39847.71573604061
2208.041958041958,39771.57360406092
2208.041958041958,39695.43147208122
2213.286713286713,41065.98984771574
2213.286713286713,40989.84771573604
2213.286713286713,40913.705583756346
2213.286713286713,40837.563451776645
2213.286713286713,40761.42131979695
2213.286713286713,40685.27918781726
2213.286713286713,40609.137055837564
2213.286713286713,40532.99492385787
2213.286713286713,40456.85279187818
2213.286713286713,40380.710659898476
2213.286713286713,40304.56852791878
2213.286713286713,40228.42639593908
2213.286713286713,40152.28426395939
2213.286713286713,40076.142131979694
2213.286713286713,40000.0
2218.5314685314684,41446.70050761421
2218.5314685314684,41370.558375634515
2218.5314685314684,41294.41624365482
2218.5314685314684,41218.27411167513
2218.5314685314684,41142.131979695434
2218.5314685314684,41065.98984771574
2218.5314685314684,40989.84771573604
2218.5314685314684,40913.705583756346
2218.5314685314684,40837.563451776645
2218.5314685314684,40761.42131979695
2218.5314685314684,40685.27918781726
2218.5314685314684,40609.137055837564
2218.5314685314684,40532.99492385787
2218.5314685314684,40456.85279187818
2218.5314685314684,40380.710659898476
2218.5314685314684,40304.56852791878
2218.5314685314684,40228.42639593908
2223.7762237762236,41751.269035533
2223.7762237762236,41675.126903553304
2223.7762237762236,41598.9847715736
2223.7762237762236,41522.84263959391
2223.7762237762236,41446.70050761421
2223.7762237762236,41370.558375634515
2223.7762237762236,41294.41624365482
2223.7762237762236,41218.27411167513
2223.7762237762236,41142.131979695434
2223.7762237762236,41065.98984771574
2223.7762237762236,40989.84771573604
2223.7762237762236,40913.705583756346
2223.7762237762236,40837.563451776645
2223.7762237762236,40761.42131979695
2223.7762237762236,40685.27918781726
2223.7762237762236,40609.137055837564
2223.7762237762236,40532.99492385787
2223.7762237762236,40456.85279187818
2229.020979020979,42055.83756345177
2229.020979020979,41979.69543147208
2229.020979020979,41903.553299492385
2229.020979020979,41827.41116751269
2229.020979020979,41751.269035533
2229.020979020979,41675.126903553304
2229.020979020979,41598.9847715736
2229.020979020979,41522.84263959391
2229.020979020979,41446.70050761421
2229.020979020979,41370.558375634515
2229.020979020979,41294.41624365482
2229.020979020979,41218.27411167513
2229.020979020979,41142.131979695434
2229.020979020979,41065.98984771574
2229.020979020979,40989.84771573604
2229.020979020979,40913.705583756346
2229.020979020979,40837.563451776645
2229.020979020979,40761.42131979695
2229.020979020979,40685.27918781726
2234.2657342657344,42208.12182741117
2234.2657342657344,42131.97969543147
2234.2657342657344,42055.83756345177
2234.2657342657344,41979.69543147208
2234.2657342657344,41903.553299492385
2234.2657342657344,41827.41116751269
2234.2657342657344,41751.269035533
2234.2657342657344,41675.126903553304
2234.2657342657344,41598.9847715736
2234.2657342657344,41522.84263959391
2234.2657342657344,41446.70050761421
2234.2657342657344,41370.558375634515
2234.2657342657344,41294.41624365482
2234.2657342657344,41218.27411167513
2234.2657342657344,41142.131979695434
2234.2657342657344,41065.98984771574
2239.5104895104896,42512.69035532995
2239.5104895104896,42436.548223350255
2239.5104895104896,42360.40609137056
2239.5104895104896,42284.26395939087
2239.5104895104896,42208.12182741117
2239.5104895104896,42131.97969543147
2239.5104895104896,42055.83756345177
2239.5104895104896,41979.69543147208
2239.5104895104896,41903.553299492385
2239.5104895104896,41827.41116751269
2239.5104895104896,41751.269035533
2239.5104895104896,41675.126903553304
2239.5104895104896,41598.9847715736
2239.5104895104896,41522.84263959391
2239.5104895104896,41446.70050761421
2239.5104895104896,41370.558375634515
2244.755244755245,42588.83248730964
2244.755244755245,42512.69035532995
2244.755244755245,42436.548223350255
2244.755244755245,42360.40609137056
2244.755244755245,42284.26395939087
2244.755244755245,42208.12182741117
2244.755244755245,42131.97969543147
2244.755244755245,42055.83756345177
2244.755244755245,41979.69543147208
2244.755244755245,41903.553299492385
2244.755244755245,41827.41116751269
2244.755244755245,41751.269035533
2244.755244755245,41675.126903553304
2250.0,42817.25888324873
2250.0,42741.11675126904
2250.0,42664.974619289336
2250.0,42588.83248730964
2250.0,42512.69035532995
2250.0,42436.548223350255
2250.0,42360.40609137056
2250.0,42284.26395939087
2250.0,42208.12182741117
2250.0,42131.97969543147
2250.0,42055.83756345177
2250.0,41979.69543147208
2255.244755244755,43121.82741116751
2255.244755244755,43045.68527918782
2255.244755244755,42969.543147208125
2255.244755244755,42893.401015228425
2255.244755244755,42817.25888324873
2255.244755244755,42741.11675126904
2255.244755244755,42664.974619289336
2255.244755244755,42588.83248730964
2255.244755244755,42512.69035532995
2255.244755244755,42436.548223350255
2255.244755244755,42360.40609137056
2255.244755244755,42284.26395939087
2255.244755244755,42208.12182741117
2255.244755244755,42131.97969543147
2260.4895104895104,43350.2538071066
2260.4895104895104,43274.1116751269
2260.4895104895104,43197.96954314721
2260.4895104895104,43121.82741116751
2260.4895104895104,43045.68527918782
2260.4895104895104,42969.543147208125
2260.4895104895104,42893.401015228425
2260.4895104895104,42817.25888324873
2260.4895104895104,42741.11675126904
2260.4895104895104,42664.974619289336
2260.4895104895104,42588.83248730964
2260.4895104895104,42512.69035532995
2260.4895104895104,42436.548223350255
2265.7342657342656,43654.82233502538
2265.7342657342656,43578.68020304568
2265.7342657342656,43502.53807106599
2265.7342657342656,43426.395939086295
2265.7342657342656,43350.2538071066
2265.7342657342656,43274.1116751269
2265.7342657342656,43197.96954314721
2265.7342657342656,43121.82741116751
2265.7342657342656,43045.68527918782
2265.7342657342656,42969.543147208125
2265.7342657342656,42893.401015228425
2265.7342657342656,42817.25888324873
2265.7342657342656,42741.11675126904
2265.7342657342656,42664.974619289336
2265.7342657342656,42588.83248730964
2265.7342657342656,42512.69035532995
2270.979020979021,44035.53299492386
2270.979020979021,43959.390862944165
2270.979020979021,43883.248730964464
2270.979020979021,43807.10659898477
2270.979020979021,43730.96446700508
2270.979020979021,43654.82233502538
2270.979020979021,43578.68020304568
2270.979020979021,43502.53807106599
2270.979020979021,43426.395939086295
2270.979020979021,43350.2538071066
2270.979020979021,43274.1116751269
2270.979020979021,43197.96954314721
2270.979020979021,43121.82741116751
2270.979020979021,43045.68527918782
2270.979020979021,42969.543147208125
2270.979020979021,42893.401015228425
2270.979020979021,42817.25888324873
2270.979020979021,42741.11675126904
2276.2237762237764,44340.10152284264
2276.2237762237764,44263.95939086295
2276.2237762237764,44187.817258883246
2276.2237762237764,44111.67512690355
2276.2237762237764,44035.53299492386
2276.2237762237764,43959.390862944165
2276.2237762237764,43883.248730964464
2276.2237762237764,43807.10659898477
2276.2237762237764,43730.96446700508
2276.2237762237764,43654.82233502538
2276.2237762237764,43578.68020304568
2276.2237762237764,43502.53807106599
2276.2237762237764,43426.395939086295
2276.2237762237764,43350.2538071066
2276.2237762237764,43274.1116751269
2276.2237762237764,43197.96954314721
2276.2237762237764,43121.82741116751
2281.4685314685316,44416.243654822334
2281.4685314685316,44340.10152284264
2281.4685314685316,44263.95939086295
2281.4685314685316,44187.817258883246
2281.4685314685316,44111.67512690355
2281.4685314685316,44035.53299492386
2281.4685314685316,43959.390862944165
2281.4685314685316,43883.248730964464
2281.4685314685316,43807.10659898477
2281.4685314685316,43730.96446700508
2281.4685314685316,43654.82233502538
2281.4685314685316,43578.68020304568
2281.4685314685316,43502.53807106599
2281.4685314685316,43426.395939086295
2281.4685314685316,43350.2538071066
2281.4685314685316,43274.1116751269
2281.4685314685316,43197.96954314721
2281.4685314685316,43121.82741116751
2286.713286713287,44416.243654822334
2286.713286713287,44340.10152284264
2286.713286713287,44263.95939086295
2286.713286713287,44187.817258883246
2286.713286713287,44111.67512690355
2286.713286713287,44035.53299492386
2286.713286713287,43959.390862944165
2286.713286713287,43883.248730964464
2286.713286713287,43807.10659898477
2286.713286713287,43730.96446700508
2286.713286713287,43654.82233502538
2286.713286713287,43578.68020304568
2286.713286713287,43502.53807106599
2286.713286713287,43426.395939086295
2286.713286713287,43350.2538071066
2286.713286713287,43274.1116751269
2286.713286713287,43197.96954314721
2291.958041958042,44492.38578680203
2291.958041958042,44416.243654822334
2291.958041958042,44340.10152284264
2291.958041958042,44263.95939086295
2291.958041958042,44187.817258883246
2291.958041958042,44111.67512690355
2291.958041958042,44035.53299492386
2291.958041958042,43959.390862944165
2291.958041958042,43883.248730964464
2291.958041958042,43807.10659898477
2291.958041958042,43730.96446700508
2291.958041958042,43654.82233502538
2297.2027972027972,44644.67005076142
2297.2027972027972,44568.52791878173
2297.2027972027972,44492.38578680203
2297.2027972027972,44416.243654822334
2297.2027972027972,44340.10152284264
2297.2027972027972,44263.95939086295
2297.2027972027972,44187.817258883246
2297.2027972027972,44111.67512690355
2297.2027972027972,44035.53299492386
2297.2027972027972,43959.390862944165
2297.2027972027972,43883.248730964464
2297.2027972027972,43807.10659898477
2302.4475524475524,44796.95431472081
2302.4475524475524,44720.812182741116
2302.4475524475524,44644.67005076142
2302.4475524475524,44568.52791878173
2302.4475524475524,44492.38578680203
2302.4475524475524,44416.243654822334
2302.4475524475524,44340.10152284264
2302.4475524475524,44263.95939086295
2302.4475524475524,44187.817258883246
2302.4475524475524,44111.67512690355
2302.4475524475524,44035.53299492386
2302.4475524475524,43959.390862944165
2302.4475524475524,43883.248730964464
2307.6923076923076,45101.52284263959
2307.6923076923076,45025.3807106599
2307.6923076923076,44949.238578680204
2307.6923076923076,44873.09644670051
2307.6923076923076,44796.95431472081
2307.6923076923076,44720.812182741116
2307.6923076923076,44644.67005076142
2307.6923076923076,44568.52791878173
2307.6923076923076,44492.38578680203
2307.6923076923076,44416.243654822334
2307.6923076923076,44340.10152284264
2307.6923076923076,44263.95939086295
2307.6923076923076,44187.817258883246
2307.6923076923076,44111.67512690355
2307.6923076923076,44035.53299492386
2307.6923076923076,43959.390862944165
2312.937062937063,45406.09137055837
2312.937062937063,45329.94923857868
2312.937062937063,45253.807106598986
2312.937062937063,45177.66497461929
2312.937062937063,45101.52284263959
2312.937062937063,45025.3807106599
2312.937062937063,44949.238578680204
2312.937062937063,44873.09644670051
2312.937062937063,44796.95431472081
2312.937062937063,44720.812182741116
2312.937062937063,44644.67005076142
2312.937062937063,44568.52791878173
2312.937062937063,44492.38578680203
2318.181818181818,45939.08629441624
2318.181818181818,45862.94416243655
2318.181818181818,45786.802030456856
2318.181818181818,45710.659898477155
2318.181818181818,45634.51776649746
2318.181818181818,45558.37563451777
2318.181818181818,45482.233502538074
2318.181818181818,45406.09137055837
2318.181818181818,45329.94923857868
2318.181818181818,45253.807106598986
2318.181818181818,45177.66497461929
2318.181818181818,45101.52284263959
2318.181818181818,45025.3807106599
2318.181818181818,44949.238578680204
2318.181818181818,44873.09644670051
2318.181818181818,44796.95431472081
2318.181818181818,44720.812182741116
2318.181818181818,44644.67005076142
2318.181818181818,44568.52791878173
2323.426573426573,46091.37055837563
2323.426573426573,46015.22842639594
2323.426573426573,45939.08629441624
2323.426573426573,45862.94416243655
2323.426573426573,45786.802030456856
2323.426573426573,45710.659898477155
2323.426573426573,45634.51776649746
2323.426573426573,45558.37563451777
2323.426573426573,45482.233502538074
2323.426573426573,45406.09137055837
2323.426573426573,45329.94923857868
2323.426573426573,45253.807106598986
2323.426573426573,45177.66497461929
2323.426573426573,45101.52284263959
2323.426573426573,45025.3807106599
2323.426573426573,44949.238578680204
2323.426573426573,44873.09644670051
2323.426573426573,44796.95431472081
2323.426573426573,44720.812182741116
2328.671328671329,46624.3654822335
2328.671328671329,46548.22335025381
2328.671328671329,46472.081218274114
2328.671328671329,46395.93908629441
2328.671328671329,46319.79695431472
2328.671328671329,46243.654822335026
2328.671328671329,46167.51269035533
2328.671328671329,46091.37055837563
2328.671328671329,46015.22842639594
2328.671328671329,45939.08629441624
2328.671328671329,45862.94416243655
2328.671328671329,45786.802030456856
2328.671328671329,45710.659898477155
2328.671328671329,45634.51776649746
2328.671328671329,45558.37563451777
2328.671328671329,45482.233502538074
2328.671328671329,45406.09137055837
2328.671328671329,45329.94923857868
2328.671328671329,45253.807106598986
2328.671328671329,45177.66497461929
2328.671328671329,45101.52284263959
2328.671328671329,45025.3807106599
2333.916083916084,47005.07614213198
2333.916083916084,46928.93401015228
2333.916083916084,46852.79187817259
2333.916083916084,46776.649746192896
2333.916083916084,46700.507614213195
2333.916083916084,46624.3654822335
2333.916083916084,46548.22335025381
2333.916083916084,46472.081218274114
2333.916083916084,46395.93908629441
2333.916083916084,46319.79695431472
2333.916083916084,46243.654822335026
2333.916083916084,46167.51269035533
2333.916083916084,46091.37055837563
2333.916083916084,46015.22842639594
2333.916083916084,45939.08629441624
2333.916083916084,45862.94416243655
2333.916083916084,45786.802030456856
2333.916083916084,45710.659898477155
2333.916083916084,45634.51776649746
2333.916083916084,45558.37563451777
2333.916083916084,45482.233502538074
2333.916083916084,45406.09137055837
2333.916083916084,45329.94923857868
2339.1608391608393,47461.92893401015
2339.1608391608393,47385.78680203046
2339.1608391608393,47309.64467005076
2339.1608391608393,47233.502538071065
2339.1608391608393,47157.36040609137
2339.1608391608393,47081.21827411168
2339.1608391608393,47005.07614213198
2339.1608391608393,46928.93401015228
2339.1608391608393,46852.79187817259
2339.1608391608393,46776.649746192896
2339.1608391608393,46700.507614213195
2339.1608391608393,46624.3654822335
2339.1608391608393,46548.22335025381
2339.1608391608393,46472.081218274114
2339.1608391608393,46395.93908629441
2339.1608391608393,46319.79695431472
2339.1608391608393,46243.654822335026
2339.1608391608393,46167.51269035533
2339.1608391608393,46091.37055837563
2339.1608391608393,46015.22842639594
2339.1608391608393,45939.08629441624
2339.1608391608393,45862.94416243655
2339.1608391608393,45786.802030456856
2344.4055944055945,47766.497461928935
2344.4055944055945,47690.35532994924
2344.4055944055945,47614.21319796954
2344.4055944055945,47538.07106598985
2344.4055944055945,47461.92893401015
2344.4055944055945,47385.78680203046
2344.4055944055945,47309.64467005076
2344.4055944055945,47233.502538071065
2344.4055944055945,47157.36040609137
2344.4055944055945,47081.21827411168
2344.4055944055945,47005.07614213198
2344.4055944055945,46928.93401015228
2344.4055944055945,46852.79187817259
2344.4055944055945,46776.649746192896
2344.4055944055945,46700.507614213195
2344.4055944055945,46624.3654822335
2344.4055944055945,46548.22335025381
2344.4055944055945,46472.081218274114
2344.4055944055945,46395.93908629441
2344.4055944055945,46319.79695431472
2344.4055944055945,46243.654822335026
2344.4055944055945,46167.51269035533
2344.4055944055945,46091.37055837563
2344.4055944055945,46015.22842639594
2349.6503496503497,48071.06598984772
2349.6503496503497,47994.92385786802
2349.6503496503497,47918.78172588832
2349.6503496503497,47842.63959390863
2349.6503496503497,47766.497461928935
2349.6503496503497,47690.35532994924
2349.6503496503497,47614.21319796954
2349.6503496503497,47538.07106598985
2349.6503496503497,47461.92893401015
2349.6503496503497,47385.78680203046
2349.6503496503497,47309.64467005076
2349.6503496503497,47233.502538071065
2349.6503496503497,47157.36040609137
2349.6503496503497,47081.21827411168
2349.6503496503497,47005.07614213198
2349.6503496503497,46928.93401015228
2349.6503496503497,46852.79187817259
2349.6503496503497,46776.649746192896
2349.6503496503497,46700.507614213195
2349.6503496503497,46624.3654822335
2349.6503496503497,46548.22335025381
2354.895104895105,48299.492385786805
2354.895104895105,48223.350253807104
2354.895104895105,48147.20812182741
2354.895104895105,48071.06598984772
2354.895104895105,47994.92385786802
2354.895104895105,47918.78172588832
2354.895104895105,47842.63959390863
2354.895104895105,47766.497461928935
2354.895104895105,47690.35532994924
2354.895104895105,47614.21319796954
2354.895104895105,47538.07106598985
2354.895104895105,47461.92893401015
2354.895104895105,47385.78680203046
2354.895104895105,47309.64467005076
2354.895104895105,47233.502538071065
2354.895104895105,47157.36040609137
2354.895104895105,47081.21827411168
2354.895104895105,47005.07614213198
2354.895104895105,46928.93401015228
2360.13986013986,48375.6345177665
2360.13986013986,48299.492385786805
2360.13986013986,48223.350253807104
2360.13986013986,48147.20812182741
2360.13986013986,48071.06598984772
2360.13986013986,47994.92385786802
2360.13986013986,47918.78172588832
2360.13986013986,47842.63959390863
2360.13986013986,47766.497461928935
2360.13986013986,47690.35532994924
2360.13986013986,47614.21319796954
2360.13986013986,47538.07106598985
2360.13986013986,47461.92893401015
2360.13986013986,47385.78680203046
2365.3846153846152,48527.918781725886
2365.3846153846152,48451.77664974619
2365.3846153846152,48375.6345177665
2365.3846153846152,48299.492385786805
2365.3846153846152,48223.350253807104
2365.3846153846152,48147.20812182741
2365.3846153846152,48071.06598984772
2365.3846153846152,47994.92385786802
2365.3846153846152,47918.78172588832
2365.3846153846152,47842.63959390863
2365.3846153846152,47766.497461928935
2365.3846153846152,47690.35532994924
2370.6293706293704,48604.06091370559
2370.6293706293704,48527.918781725886
2370.6293706293704,48451.77664974619
2370.6293706293704,48375.6345177665
2370.6293706293704,48299.492385786805
2370.6293706293704,48223.350253807104
2370.6293706293704,48147.20812182741
2370.6293706293704,48071.06598984772
2370.6293706293704,47994.92385786802
2375.874125874126,49060.91370558376
2375.874125874126,48984.77157360406
2375.874125874126,48908.62944162437
2375.874125874126,48832.48730964467
2375.874125874126,48756.345177664974
2375.874125874126,48680.20304568528
2375.874125874126,48604.06091370559
2375.874125874126,48527.918781725886
2375.874125874126,48451.77664974619
2375.874125874126,48375.6345177665
2375.874125874126,48299.492385786805
2375.874125874126,48223.350253807104
2381.1188811188813,49365.48223350254
2381.1188811188813,49289.340101522845
2381.1188811188813,49213.197969543144
2381.1188811188813,49137.05583756345
2381.1188811188813,49060.91370558376
2381.1188811188813,48984.77157360406
2381.1188811188813,48908.62944162437
2381.1188811188813,48832.48730964467
2381.1188811188813,48756.345177664974
2381.1188811188813,48680.20304568528
2381.1188811188813,48604.06091370559
2381.1188811188813,48527.918781725886
2381.1188811188813,48451.77664974619
2381.1188811188813,48375.6345177665
2381.1188811188813,48299.492385786805
2381.1188811188813,48223.350253807104
2386.3636363636365,49746.192893401014
2386.3636363636365,49670.05076142132
2386.3636363636365,49593.90862944163
2386.3636363636365,49517.766497461926
2386.3636363636365,49441.62436548223
2386.3636363636365,49365.48223350254
2386.3636363636365,49289.340101522845
2386.3636363636365,49213.197969543144
2386.3636363636365,49137.05583756345
2386.3636363636365,49060.91370558376
2386.3636363636365,48984.77157360406
2386.3636363636365,48908.62944162437
2386.3636363636365,48832.48730964467
2386.3636363636365,48756.345177664974
2386.3636363636365,48680.20304568528
2386.3636363636365,48604.06091370559
2386.3636363636365,48527.918781725886
2386.3636363636365,48451.77664974619
2386.3636363636365,48375.6345177665
2386.3636363636365,48299.492385786805
2391.6083916083917,49898.47715736041
2391.6083916083917,49822.33502538071
2391.6083916083917,49746.192893401014
2391.6083916083917,49670.05076142132
2391.6083916083917,49593.90862944163
2391.6083916083917,49517.766497461926
2391.6083916083917,49441.62436548223
2391.6083916083917,49365.48223350254
2391.6083916083917,49289.340101522845
2391.6083916083917,49213.197969543144
2391.6083916083917,49137.05583756345
2391.6083916083917,49060.91370558376
2391.6083916083917,48984.77157360406
2391.6083916083917,48908.62944162437
2391.6083916083917,48832.48730964467
2391.6083916083917,48756.345177664974
2391.6083916083917,48680.20304568528
2391.6083916083917,48604.06091370559
2391.6083916083917,48527.918781725886
2396.853146853147,49974.6192893401
2396.853146853147,49898.47715736041
2396.853146853147,49822.33502538071
2396.853146853147,49746.192893401014
2396.853146853147,49670.05076142132
2396.853146853147,49593.90862944163
2396.853146853147,49517.766497461926
2396.853146853147,49441.62436548223
2396.853146853147,49365.48223350254
2396.853146853147,49289.340101522845
2396.853146853147,49213.197969543144
2396.853146853147,49137.05583756345
2396.853146853147,49060.91370558376
2402.097902097902,50203.04568527919
2402.097902097902,50126.90355329949
2402.097902097902,50050.761421319796
2402.097902097902,49974.6192893401
2402.097902097902,49898.47715736041
2402.097902097902,49822.33502538071
2402.097902097902,49746.192893401014
2402.097902097902,49670.05076142132
2402.097902097902,49593.90862944163
2402.097902097902,49517.766497461926
2402.097902097902,49441.62436548223
2402.097902097902,49365.48223350254
2402.097902097902,49289.340101522845
2407.3426573426573,50279.187817258884
2407.3426573426573,50203.04568527919
2407.3426573426573,50126.90355329949
2407.3426573426573,50050.761421319796
2407.3426573426573,49974.6192893401
2407.3426573426573,49898.47715736041
2407.3426573426573,49822.33502538071
2407.3426573426573,49746.192893401014
2407.3426573426573,49670.05076142132
2412.5874125874125,50279.187817258884
2412.5874125874125,50203.04568527919
2412.5874125874125,50126.90355329949
2412.5874125874125,50050.761421319796
2412.5874125874125,49974.6192893401
2412.5874125874125,49898.47715736041
2412.5874125874125,49822.33502538071
2417.8321678321677,50279.187817258884
2417.8321678321677,50203.04568527919
2417.8321678321677,50126.90355329949
2417.8321678321677,50050.761421319796
2417.8321678321677,49974.6192893401
2417.8321678321677,49898.47715736041
2423.076923076923,50355.32994923858
2423.076923076923,50279.187817258884
2423.076923076923,50203.04568527919
2423.076923076923,50126.90355329949
2423.076923076923,50050.761421319796
2423.076923076923,49974.6192893401
2423.076923076923,49898.47715736041
2428.3216783216785,50355.32994923858
2428.3216783216785,50279.187817258884
2428.3216783216785,50203.04568527919
2428.3216783216785,50126.90355329949
2428.3216783216785,50050.761421319796
2428.3216783216785,49974.6192893401
2428.3216783216785,49898.47715736041
2428.3216783216785,49822.33502538071
2433.5664335664337,50355.32994923858
2433.5664335664337,50279.187817258884
2433.5664335664337,50203.04568527919
2433.5664335664337,50126.90355329949
2433.5664335664337,50050.761421319796
2433.5664335664337,49974.6192893401
2433.5664335664337,49898.47715736041
2433.5664335664337,49822.33502538071
2438.811188811189,50279.187817258884
2438.811188811189,50203.04568527919
2438.811188811189,50126.90355329949
2438.811188811189,50050.761421319796
2438.811188811189,49974.6192893401
2438.811188811189,49898.47715736041
2438.811188811189,49822.33502538071
2438.811188811189,49746.192893401014
2444.055944055944,50507.61421319797
2444.055944055944,50431.47208121827
2444.055944055944,50355.32994923858
2444.055944055944,50279.187817258884
2444.055944055944,50203.04568527919
2444.055944055944,50126.90355329949
2444.055944055944,50050.761421319796
2444.055944055944,49974.6192893401
2444.055944055944,49898.47715736041
2444.055944055944,49822.33502538071
2444.055944055944,49746.192893401014
2444.055944055944,49670.05076142132
2449.3006993006993,50583.756345177666
2449.3006993006993,50507.61421319797
2449.3006993006993,50431.47208121827
2449.3006993006993,50355.32994923858
2449.3006993006993,50279.187817258884
2449.3006993006993,50203.04568527919
2449.3006993006993,50126.90355329949
2449.3006993006993,50050.761421319796
2449.3006993006993,49974.6192893401
2449.3006993006993,49898.47715736041
2449.3006993006993,49822.33502538071
2449.3006993006993,49746.192893401014
2449.3006993006993,49670.05076142132
2454.5454545454545,50888.32487309645
2454.5454545454545,50812.182741116754
2454.5454545454545,50736.04060913705
2454.5454545454545,50659.89847715736
2454.5454545454545,50583.756345177666
2454.5454545454545,50507.61421319797
2454.5454545454545,50431.47208121827
2454.5454545454545,50355.32994923858
2454.5454545454545,50279.187817258884
2454.5454545454545,50203.04568527919
2454.5454545454545,50126.90355329949
2454.5454545454545,50050.761421319796
2454.5454545454545,49974.6192893401
2454.5454545454545,49898.47715736041
2454.5454545454545,49822.33502538071
2454.5454545454545,49746.192893401014
2459.7902097902097,51269.03553299492
2459.7902097902097,51192.89340101523
2459.7902097902097,51116.751269035536
2459.7902097902097,51040.609137055835
2459.7902097902097,50964.46700507614
2459.7902097902097,50888.32487309645
2459.7902097902097,50812.182741116754
2459.7902097902097,50736.04060913705
2459.7902097902097,50659.89847715736
2459.7902097902097,50583.756345177666
2459.7902097902097,50507.61421319797
2459.7902097902097,50431.47208121827
2459.7902097902097,50355.32994923858
2459.7902097902097,50279.187817258884
2459.7902097902097,50203.04568527919
2459.7902097902097,50126.90355329949
2459.7902097902097,50050.761421319796
2459.7902097902097,49974.6192893401
2465.034965034965,51649.7461928934
2465.034965034965,51573.604060913705
2465.034965034965,51497.46192893401
2465.034965034965,51421.31979695432
2465.034965034965,51345.17766497462
2465.034965034965,51269.03553299492
2465.034965034965,51192.89340101523
2465.034965034965,51116.751269035536
2465.034965034965,51040.609137055835
2465.034965034965,50964.46700507614
2465.034965034965,50888.32487309645
2465.034965034965,50812.182741116754
2465.034965034965,50736.04060913705
2465.034965034965,50659.89847715736
2465.034965034965,50583.756345177666
2465.034965034965,50507.61421319797
2465.034965034965,50431.47208121827
2465.034965034965,50355.32994923858
2465.034965034965,50279.187817258884
2470.27972027972,51954.31472081218
2470.27972027972,51878.17258883249
2470.27972027972,51802.03045685279
2470.27972027972,51725.8883248731
2470.27972027972,51649.7461928934
2470.27972027972,51573.604060913705
2470.27972027972,51497.46192893401
2470.27972027972,51421.31979695432
2470.27972027972,51345.17766497462
2470.27972027972,51269.03553299492
2470.27972027972,51192.89340101523
2470.27972027972,51116.751269035536
2470.27972027972,51040.609137055835
2470.27972027972,50964.46700507614
2470.27972027972,50888.32487309645
2470.27972027972,50812.182741116754
2470.27972027972,50736.04060913705
2470.27972027972,50659.89847715736
2470.27972027972,50583.756345177666
2470.27972027972,50507.61421319797
2470.27972027972,50431.47208121827
2475.5244755244757,52411.16751269036
2475.5244755244757,52335.02538071066
2475.5244755244757,52258.88324873096
2475.5244755244757,52182.74111675127
2475.5244755244757,52106.598984771575
2475.5244755244757,52030.456852791875
2475.5244755244757,51954.31472081218
2475.5244755244757,51878.17258883249
2475.5244755244757,51802.03045685279
2475.5244755244757,51725.8883248731
2475.5244755244757,51649.7461928934
2475.5244755244757,51573.604060913705
2475.5244755244757,51497.46192893401
2475.5244755244757,51421.31979695432
2475.5244755244757,51345.17766497462
2475.5244755244757,51269.03553299492
2475.5244755244757,51192.89340101523
2475.5244755244757,51116.751269035536
2475.5244755244757,51040.609137055835
2475.5244755244757,50964.46700507614
2475.5244755244757,50888.32487309645
2480.769230769231,52639.59390862944
2480.769230769231,52563.451776649745
2480.769230769231,52487.30964467005
2480.769230769231,52411.16751269036
2480.769230769231,52335.02538071066
2480.769230769231,52258.88324873096
2480.769230769231,52182.74111675127
2480.769230769231,52106.598984771575
2480.769230769231,52030.456852791875
2480.769230769231,51954.31472081218
2480.769230769231,51878.17258883249
2480.769230769231,51802.03045685279
2480.769230769231,51725.8883248731
2480.769230769231,51649.7461928934
2480.769230769231,51573.604060913705
2480.769230769231,51497.46192893401
2480.769230769231,51421.31979695432
2480.769230769231,51345.17766497462
2480.769230769231,51269.03553299492
2480.769230769231,51192.89340101523
2486.013986013986,52944.16243654822
2486.013986013986,52868.02030456853
2486.013986013986,52791.87817258883
2486.013986013986,52715.73604060914
2486.013986013986,52639.59390862944
2486.013986013986,52563.451776649745
2486.013986013986,52487.30964467005
2486.013986013986,52411.16751269036
2486.013986013986,52335.02538071066
2486.013986013986,52258.88324873096
2486.013986013986,52182.74111675127
2486.013986013986,52106.598984771575
2486.013986013986,52030.456852791875
2486.013986013986,51954.31472081218
2486.013986013986,51878.17258883249
2486.013986013986,51802.03045685279
2486.013986013986,51725.8883248731
2486.013986013986,51649.7461928934
2486.013986013986,51573.604060913705
2491.2587412587413,53553.299492385784
2491.2587412587413,53477.15736040609
2491.2587412587413,53401.0152284264
2491.2587412587413,53324.8730964467
2491.2587412587413,53248.730964467
2491.2587412587413,53172.58883248731
2491.2587412587413,53096.446700507615
2491.2587412587413,53020.30456852792
2491.2587412587413,52944.16243654822
2491.2587412587413,52868.02030456853
2491.2587412587413,52791.87817258883
2491.2587412587413,52715.73604060914
2491.2587412587413,52639.59390862944
2491.2587412587413,52563.451776649745
2491.2587412587413,52487.30964467005
2491.2587412587413,52411.16751269036
2491.2587412587413,52335.02538071066
2491.2587412587413,52258.88324873096
2491.2587412587413,52182.74111675127
2491.2587412587413,52106.598984771575
2491.2587412587413,52030.456852791875
2491.2587412587413,51954.31472081218
2491.2587412587413,51878.17258883249
2496.5034965034965,54162.43654822335
2496.5034965034965,54086.294416243654
2496.5034965034965,54010.15228426396
2496.5034965034965,53934.01015228427
2496.5034965034965,53857.868020304566
2496.5034965034965,53781.72588832487
2496.5034965034965,53705.58375634518
2496.5034965034965,53629.441624365485
2496.5034965034965,53553.299492385784
2496.5034965034965,53477.15736040609
2496.5034965034965,53401.0152284264
2496.5034965034965,53324.8730964467
2496.5034965034965,53248.730964467
2496.5034965034965,53172.58883248731
2496.5034965034965,53096.446700507615
2496.5034965034965,53020.30456852792
2496.5034965034965,52944.16243654822
2496.5034965034965,52868.02030456853
2496.5034965034965,52791.87817258883
2496.5034965034965,52715.73604060914
2496.5034965034965,52639.59390862944
2496.5034965034965,52563.451776649745
2496.5034965034965,52487.30964467005
2496.5034965034965,52411.16751269036
2496.5034965034965,52335.02538071066
2501.7482517482517,54619.289340101524
2501.7482517482517,54543.14720812183
2501.7482517482517,54467.00507614213
2501.7482517482517,54390.862944162436
2501.7482517482517,54314.72081218274
2501.7482517482517,54238.57868020305
2501.7482517482517,54162.43654822335
2501.7482517482517,54086.294416243654
2501.7482517482517,54010.15228426396
2501.7482517482517,53934.01015228427
2501.7482517482517,53857.868020304566
2501.7482517482517,53781.72588832487
2501.7482517482517,53705.58375634518
2501.7482517482517,53629.441624365485
2501.7482517482517,53553.299492385784
2501.7482517482517,53477.15736040609
2501.7482517482517,53401.0152284264
2501.7482517482517,53324.8730964467
2501.7482517482517,53248.730964467
2501.7482517482517,53172.58883248731
2501.7482517482517,53096.446700507615
2501.7482517482517,53020.30456852792
2501.7482517482517,52944.16243654822
2501.7482517482517,52868.02030456853
2501.7482517482517,52791.87817258883
2501.7482517482517,52715.73604060914
2501.7482517482517,52639.59390862944
2501.7482517482517,52563.451776649745
2501.7482517482517,52487.30964467005
2506.993006993007,55152.28426395939
2506.993006993007,55076.142131979694
2506.993006993007,55000.0
2506.993006993007,54923.857868020306
2506.993006993007,54847.71573604061
2506.993006993007,54771.57360406091
2506.993006993007,54695.43147208122
2506.993006993007,54619.289340101524
2506.993006993007,54543.14720812183
2506.993006993007,54467.00507614213
2506.993006993007,54390.862944162436
2506.993006993007,54314.72081218274
2506.993006993007,54238.57868020305
2506.993006993007,54162.43654822335
2506.993006993007,54086.294416243654
2506.993006993007,54010.15228426396
2506.993006993007,53934.01015228427
2506.993006993007,53857.868020304566
2506.993006993007,53781.72588832487
2506.993006993007,53705.58375634518
2506.993006993007,53629.441624365485
2506.993006993007,53553.299492385784
2506.993006993007,53477.15736040609
2506.993006993007,53401.0152284264
2506.993006993007,53324.8730964467
2506.993006993007,53248.730964467
2506.993006993007,53172.58883248731
2506.993006993007,53096.446700507615
2506.993006993007,53020.30456852792
2506.993006993007,52944.16243654822
2506.993006993007,52868.02030456853
2512.237762237762,55380.710659898476
2512.237762237762,55304.56852791878
2512.237762237762,55228.42639593909
2512.237762237762,55152.28426395939
2512.237762237762,55076.142131979694
2512.237762237762,55000.0
2512.237762237762,54923.857868020306
2512.237762237762,54847.71573604061
2512.237762237762,54771.57360406091
2512.237762237762,54695.43147208122
2512.237762237762,54619.289340101524
2512.237762237762,54543.14720812183
2512.237762237762,54467.00507614213
2512.237762237762,54390.862944162436
2512.237762237762,54314.72081218274
2512.237762237762,54238.57868020305
2512.237762237762,54162.43654822335
2512.237762237762,54086.294416243654
2512.237762237762,54010.15228426396
2512.237762237762,53934.01015228427
2512.237762237762,53857.868020304566
2512.237762237762,53781.72588832487
2512.237762237762,53705.58375634518
2512.237762237762,53629.441624365485
2512.237762237762,53553.299492385784
2512.237762237762,53477.15736040609
2517.4825174825173,55837.56345177665
2517.4825174825173,55761.42131979695
2517.4825174825173,55685.27918781726
2517.4825174825173,55609.137055837564
2517.4825174825173,55532.99492385787
2517.4825174825173,55456.85279187817
2517.4825174825173,55380.710659898476
2517.4825174825173,55304.56852791878
2517.4825174825173,55228.42639593909
2517.4825174825173,55152.28426395939
2517.4825174825173,55076.142131979694
2517.4825174825173,55000.0
2517.4825174825173,54923.857868020306
2517.4825174825173,54847.71573604061
2517.4825174825173,54771.57360406091
2517.4825174825173,54695.43147208122
2517.4825174825173,54619.289340101524
2517.4825174825173,54543.14720812183
2517.4825174825173,54467.00507614213
2517.4825174825173,54390.862944162436
2517.4825174825173,54314.72081218274
2517.4825174825173,54238.57868020305
2517.4825174825173,54162.43654822335
2517.4825174825173,54086.294416243654
2522.7272727272725,55989.84771573604
2522.7272727272725,55913.705583756346
2522.7272727272725,55837.56345177665
2522.7272727272725,55761.42131979695
2522.7272727272725,55685.27918781726
2522.7272727272725,55609.137055837564
2522.7272727272725,55532.99492385787
2522.7272727272725,55456.85279187817
2522.7272727272725,55380.710659898476
2522.7272727272725,55304.56852791878
2522.7272727272725,55228.42639593909
2522.7272727272725,55152.28426395939
2522.7272727272725,55076.142131979694
2522.7272727272725,55000.0
2522.7272727272725,54923.857868020306
2522.7272727272725,54847.71573604061
2522.7272727272725,54771.57360406091
2522.7272727272725,54695.43147208122
2522.7272727272725,54619.289340101524
2522.7272727272725,54543.14720812183
2527.972027972028,55989.84771573604
2527.972027972028,55913.705583756346
2527.972027972028,55837.56345177665
2527.972027972028,55761.42131979695
2527.972027972028,55685.27918781726
2527.972027972028,55609.137055837564
2527.972027972028,55532.99492385787
2527.972027972028,55456.85279187817
2527.972027972028,55380.710659898476
2527.972027972028,55304.56852791878
2527.972027972028,55228.42639593909
2527.972027972028,55152.28426395939
2527.972027972028,55076.142131979694
2533.2167832167834,56218.27411167513
2533.2167832167834,56142.131979695434
2533.2167832167834,56065.98984771573
2533.2167832167834,55989.84771573604
2533.2167832167834,55913.705583756346
2533.2167832167834,55837.56345177665
2533.2167832167834,55761.42131979695
2533.2167832167834,55685.27918781726
2533.2167832167834,55609.137055837564
2533.2167832167834,55532.99492385787
2533.2167832167834,55456.85279187817
2533.2167832167834,55380.710659898476
2538.4615384615386,56294.41624365482
2538.4615384615386,56218.27411167513
2538.4615384615386,56142.131979695434
2538.4615384615386,56065.98984771573
2538.4615384615386,55989.84771573604
2538.4615384615386,55913.705583756346
2538.4615384615386,55837.56345177665
2538.4615384615386,55761.42131979695
2538.4615384615386,55685.27918781726
2538.4615384615386,55609.137055837564
2543.7062937062938,56370.558375634515
2543.7062937062938,56294.41624365482
2543.7062937062938,56218.27411167513
2543.7062937062938,56142.131979695434
2543.7062937062938,56065.98984771573
2543.7062937062938,55989.84771573604
2543.7062937062938,55913.705583756346
2543.7062937062938,55837.56345177665
2543.7062937062938,55761.42131979695
2543.7062937062938,55685.27918781726
2548.951048951049,56751.269035533
2548.951048951049,56675.1269035533
2548.951048951049,56598.9847715736
2548.951048951049,56522.84263959391
2548.951048951049,56446.700507614216
2548.951048951049,56370.558375634515
2548.951048951049,56294.41624365482
2548.951048951049,56218.27411167513
2548.951048951049,56142.131979695434
2548.951048951049,56065.98984771573
2548.951048951049,55989.84771573604
2548.951048951049,55913.705583756346
2554.195804195804,56903.553299492385
2554.195804195804,56827.41116751269
2554.195804195804,56751.269035533
2554.195804195804,56675.1269035533
2554.195804195804,56598.9847715736
2554.195804195804,56522.84263959391
2554.195804195804,56446.700507614216
2554.195804195804,56370.558375634515
2554.195804195804,56294.41624365482
2554.195804195804,56218.27411167513
2554.195804195804,56142.131979695434
2554.195804195804,56065.98984771573
2554.195804195804,55989.84771573604
2559.4405594405594,57131.97969543147
2559.4405594405594,57055.83756345178
2559.4405594405594,56979.69543147208
2559.4405594405594,56903.553299492385
2559.4405594405594,56827.41116751269
2559.4405594405594,56751.269035533
2559.4405594405594,56675.1269035533
2559.4405594405594,56598.9847715736
2559.4405594405594,56522.84263959391
2559.4405594405594,56446.700507614216
2559.4405594405594,56370.558375634515
2559.4405594405594,56294.41624365482
2559.4405594405594,56218.27411167513
2559.4405594405594,56142.131979695434
2559.4405594405594,56065.98984771573
2564.6853146853146,57208.12182741117
2564.6853146853146,57131.97969543147
2564.6853146853146,57055.83756345178
2564.6853146853146,56979.69543147208
2564.6853146853146,56903.553299492385
2564.6853146853146,56827.41116751269
2564.6853146853146,56751.269035533
2564.6853146853146,56675.1269035533
2564.6853146853146,56598.9847715736
2564.6853146853146,56522.84263959391
2564.6853146853146,56446.700507614216
2564.6853146853146,56370.558375634515
2564.6853146853146,56294.41624365482
2569.9300699300697,57284.26395939086
2569.9300699300697,57208.12182741117
2569.9300699300697,57131.97969543147
2569.9300699300697,57055.83756345178
2569.9300699300697,56979.69543147208
2569.9300699300697,56903.553299492385
2569.9300699300697,56827.41116751269
2569.9300699300697,56751.269035533
2569.9300699300697,56675.1269035533
2575.1748251748254,57284.26395939086
2575.1748251748254,57208.12182741117
2575.1748251748254,57131.97969543147
2575.1748251748254,57055.83756345178
2575.1748251748254,56979.69543147208
2575.1748251748254,56903.553299492385
2575.1748251748254,56827.41116751269
2580.4195804195806,57208.12182741117
2580.4195804195806,57131.97969543147
2580.4195804195806,57055.83756345178
2580.4195804195806,56979.69543147208
2580.4195804195806,56903.553299492385
2580.4195804195806,56827.41116751269
2585.664335664336,57208.12182741117
2585.664335664336,57131.97969543147
2585.664335664336,57055.83756345178
2585.664335664336,56979.69543147208
2585.664335664336,56903.553299492385
2585.664335664336,56827.41116751269
2585.664335664336,56751.269035533
2585.664335664336,56675.1269035533
2590.909090909091,57131.97969543147
2590.909090909091,57055.83756345178
2590.909090909091,56979.69543147208
2590.909090909091,56903.553299492385
2590.909090909091,56827.41116751269
2590.909090909091,56751.269035533
2590.909090909091,56675.1269035533
2590.909090909091,56598.9847715736
2596.153846153846,57055.83756345178
2596.153846153846,56979.69543147208
2596.153846153846,56903.553299492385
2596.153846153846,56827.41116751269
2596.153846153846,56751.269035533
2596.153846153846,56675.1269035533
2596.153846153846,56598.9847715736
2601.3986013986014,57131.97969543147
2601.3986013986014,57055.83756345178
2601.3986013986014,56979.69543147208
2601.3986013986014,56903.553299492385
2601.3986013986014,56827.41116751269
2601.3986013986014,56751.269035533
2601.3986013986014,56675.1269035533
2601.3986013986014,56598.9847715736
2606.6433566433566,57131.97969543147
2606.6433566433566,57055.83756345178
2606.6433566433566,56979.69543147208
2606.6433566433566,56903.553299492385
2606.6433566433566,56827.41116751269
2606.6433566433566,56751.269035533
2606.6433566433566,56675.1269035533
2611.888111888112,57360.40609137056
2611.888111888112,57284.26395939086
2611.888111888112,57208.12182741117
2611.888111888112,57131.97969543147
2611.888111888112,57055.83756345178
2611.888111888112,56979.69543147208
2611.888111888112,56903.553299492385
2611.888111888112,56827.41116751269
2611.888111888112,56751.269035533
2611.888111888112,56675.1269035533
2617.132867132867,57817.25888324873
2617.132867132867,57741.11675126904
2617.132867132867,57664.97461928934
2617.132867132867,57588.83248730964
2617.132867132867,57512.69035532995
2617.132867132867,57436.548223350255
2617.132867132867,57360.40609137056
2617.132867132867,57284.26395939086
2617.132867132867,57208.12182741117
2617.132867132867,57131.97969543147
2617.132867132867,57055.83756345178
2617.132867132867,56979.69543147208
2617.132867132867,56903.553299492385
2617.132867132867,56827.41116751269
2617.132867132867,56751.269035533
2622.377622377622,58274.1116751269
2622.377622377622,58197.96954314721
2622.377622377622,58121.82741116751
2622.377622377622,58045.68527918782
2622.377622377622,57969.543147208125
2622.377622377622,57893.401015228425
2622.377622377622,57817.25888324873
2622.377622377622,57741.11675126904
2622.377622377622,57664.97461928934
2622.377622377622,57588.83248730964
2622.377622377622,57512.69035532995
2622.377622377622,57436.548223350255
2622.377622377622,57360.40609137056
2622.377622377622,57284.26395939086
2622.377622377622,57208.12182741117
2622.377622377622,57131.97969543147
2622.377622377622,57055.83756345178
2622.377622377622,56979.69543147208
2622.377622377622,56903.553299492385
2622.377622377622,56827.41116751269
2627.622377622378,58426.395939086295
2627.622377622378,58350.2538071066
2627.622377622378,58274.1116751269
2627.622377622378,58197.96954314721
2627.622377622378,58121.82741116751
2627.622377622378,58045.68527918782
2627.622377622378,57969.543147208125
2627.622377622378,57893.401015228425
2627.622377622378,57817.25888324873
2627.622377622378,57741.11675126904
2627.622377622378,57664.97461928934
2627.622377622378,57588.83248730964
2627.622377622378,57512.69035532995
2627.622377622378,57436.548223350255
2627.622377622378,57360.40609137056
2627.622377622378,57284.26395939086
2627.622377622378,57208.12182741117
2627.622377622378,57131.97969543147
2627.622377622378,57055.83756345178
2627.622377622378,56979.69543147208
2632.867132867133,58578.68020304568
2632.867132867133,58502.53807106599
2632.867132867133,58426.395939086295
2632.867132867133,58350.2538071066
2632.867132867133,58274.1116751269
2632.867132867133,58197.96954314721
2632.867132867133,58121.82741116751
2632.867132867133,58045.68527918782
2632.867132867133,57969.543147208125
2632.867132867133,57893.401015228425
2632.867132867133,57817.25888324873
2632.867132867133,57741.11675126904
2632.867132867133,57664.97461928934
2632.867132867133,57588.83248730964
2632.867132867133,57512.69035532995
2632.867132867133,57436.548223350255
2632.867132867133,57360.40609137056
2632.867132867133,57284.26395939086
2638.111888111888,58654.82233502538
2638.111888111888,58578.68020304568
2638.111888111888,58502.53807106599
2638.111888111888,58426.395939086295
2638.111888111888,58350.2538071066
2638.111888111888,58274.1116751269
2638.111888111888,58197.96954314721
2638.111888111888,58121.82741116751
2638.111888111888,58045.68527918782
2638.111888111888,57969.543147208125
2638.111888111888,57893.401015228425
2638.111888111888,57817.25888324873
2638.111888111888,57741.11675126904
2643.3566433566434,59035.53299492386
2643.3566433566434,58959.390862944165
2643.3566433566434,58883.248730964464
2643.3566433566434,58807.10659898477
2643.3566433566434,58730.96446700508
2643.3566433566434,58654.82233502538
2643.3566433566434,58578.68020304568
2643.3566433566434,58502.53807106599
2643.3566433566434,58426.395939086295
2643.3566433566434,58350.2538071066
2643.3566433566434,58274.1116751269
2643.3566433566434,58197.96954314721
2643.3566433566434,58121.82741116751
2648.6013986013986,59340.10152284264
2648.6013986013986,59263.95939086295
2648.6013986013986,59187.817258883246
2648.6013986013986,59111.67512690355
2648.6013986013986,59035.53299492386
2648.6013986013986,58959.390862944165
2648.6013986013986,58883.248730964464
2648.6013986013986,58807.10659898477
2648.6013986013986,58730.96446700508
2648.6013986013986,58654.82233502538
2648.6013986013986,58578.68020304568
2648.6013986013986,58502.53807106599
2648.6013986013986,58426.395939086295
2653.846153846154,59873.09644670051
2653.846153846154,59796.95431472081
2653.846153846154,59720.812182741116
2653.846153846154,59644.67005076142
2653.846153846154,59568.52791878173
2653.846153846154,59492.38578680203
2653.846153846154,59416.243654822334
2653.846153846154,59340.10152284264
2653.846153846154,59263.95939086295
2653.846153846154,59187.817258883246
2653.846153846154,59111.67512690355
2653.846153846154,59035.53299492386
2653.846153846154,58959.390862944165
2653.846153846154,58883.248730964464
2653.846153846154,58807.10659898477
2653.846153846154,58730.96446700508
2653.846153846154,58654.82233502538
2653.846153846154,58578.68020304568
2653.846153846154,58502.53807106599
2659.090909090909,60558.37563451777
2659.090909090909,60482.233502538074
2659.090909090909,60406.09137055837
2659.090909090909,60329.94923857868
2659.090909090909,60253.807106598986
2659.090909090909,60177.66497461929
2659.090909090909,60101.52284263959
2659.090909090909,60025.3807106599
2659.090909090909,59949.238578680204
2659.090909090909,59873.09644670051
2659.090909090909,59796.95431472081
2659.090909090909,59720.812182741116
2659.090909090909,59644.67005076142
2659.090909090909,59568.52791878173
2659.090909090909,59492.38578680203
2659.090909090909,59416.243654822334
2659.090909090909,59340.10152284264
2659.090909090909,59263.95939086295
2659.090909090909,59187.817258883246
2659.090909090909,59111.67512690355
2659.090909090909,59035.53299492386
2659.090909090909,58959.390862944165
2659.090909090909,58883.248730964464
2659.090909090909,58807.10659898477
2659.090909090909,58730.96446700508
2659.090909090909,58654.82233502538
2664.335664335664,61243.654822335026
2664.335664335664,61167.51269035533
2664.335664335664,61091.37055837563
2664.335664335664,61015.22842639594
2664.335664335664,60939.08629441624
2664.335664335664,60862.94416243655
2664.335664335664,60786.802030456856
2664.335664335664,60710.659898477155
2664.335664335664,60634.51776649746
2664.335664335664,60558.37563451777
2664.335664335664,60482.233502538074
2664.335664335664,60406.09137055837
2664.335664335664,60329.94923857868
2664.335664335664,60253.807106598986
2664.335664335664,60177.66497461929
2664.335664335664,60101.52284263959
2664.335664335664,60025.3807106599
2664.335664335664,59949.238578680204
2664.335664335664,59873.09644670051
2664.335664335664,59796.95431472081
2664.335664335664,59720.812182741116
2664.335664335664,59644.67005076142
2664.335664335664,59568.52791878173
2664.335664335664,59492.38578680203
2664.335664335664,59416.243654822334
2664.335664335664,59340.10152284264
2664.335664335664,59263.95939086295
2664.335664335664,59187.817258883246
2664.335664335664,59111.67512690355
2664.335664335664,59035.53299492386
2664.335664335664,58959.390862944165
2669.5804195804194,61852.79187817259
2669.5804195804194,61776.649746192896
2669.5804195804194,61700.507614213195
2669.5804195804194,61624.3654822335
2669.5804195804194,61548.22335025381
2669.5804195804194,61472.081218274114
2669.5804195804194,61395.93908629441
2669.5804195804194,61319.79695431472
2669.5804195804194,61243.654822335026
2669.5804195804194,61167.51269035533
2669.5804195804194,61091.37055837563
2669.5804195804194,61015.22842639594
2669.5804195804194,60939.08629441624
2669.5804195804194,60862.94416243655
2669.5804195804194,60786.802030456856
2669.5804195804194,60710.659898477155
2669.5804195804194,60634.51776649746
2669.5804195804194,60558.37563451777
2669.5804195804194,60482.233502538074
2669.5804195804194,60406.09137055837
2669.5804195804194,60329.94923857868
2669.5804195804194,60253.807106598986
2669.5804195804194,60177.66497461929
2669.5804195804194,60101.52284263959
2669.5804195804194,60025.3807106599
2669.5804195804194,59949.238578680204
2669.5804195804194,59873.09644670051
2669.5804195804194,59796.95431472081
2669.5804195804194,59720.812182741116
2669.5804195804194,59644.67005076142
2669.5804195804194,59568.52791878173
2669.5804195804194,59492.38578680203
2669.5804195804194,59416.243654822334
2669.5804195804194,59340.10152284264
2674.8251748251746,62461.92893401015
2674.8251748251746,62385.78680203046
2674.8251748251746,62309.64467005076
2674.8251748251746,62233.502538071065
2674.8251748251746,62157.36040609137
2674.8251748251746,62081.21827411168
2674.8251748251746,62005.07614213198
2674.8251748251746,61928.93401015228
2674.8251748251746,61852.79187817259
2674.8251748251746,61776.649746192896
2674.8251748251746,61700.507614213195
2674.8251748251746,61624.3654822335
2674.8251748251746,61548.22335025381
2674.8251748251746,61472.081218274114
2674.8251748251746,61395.93908629441
2674.8251748251746,61319.79695431472
2674.8251748251746,61243.654822335026
2674.8251748251746,61167.51269035533
2674.8251748251746,61091.37055837563
2674.8251748251746,61015.22842639594
2674.8251748251746,60939.08629441624
2674.8251748251746,60862.94416243655
2674.8251748251746,60786.802030456856
2674.8251748251746,60710.659898477155
2674.8251748251746,60634.51776649746
2674.8251748251746,60558.37563451777
2674.8251748251746,60482.233502538074
2674.8251748251746,60406.09137055837
2674.8251748251746,60329.94923857868
2674.8251748251746,60253.807106598986
2674.8251748251746,60177.66497461929
2674.8251748251746,60101.52284263959
2674.8251748251746,60025.3807106599
2674.8251748251746,59949.238578680204
2674.8251748251746,59873.09644670051
2674.8251748251746,59796.95431472081
2680.0699300699303,63147.20812182741
2680.0699300699303,63071.06598984772
2680.0699300699303,62994.92385786802
2680.0699300699303,62918.78172588832
2680.0699300699303,62842.63959390863
2680.0699300699303,62766.497461928935
2680.0699300699303,62690.35532994924
2680.0699300699303,62614.21319796954
2680.0699300699303,62538.07106598985
2680.0699300699303,62461.92893401015
2680.0699300699303,62385.78680203046
2680.0699300699303,62309.64467005076
2680.0699300699303,62233.502538071065
2680.0699300699303,62157.36040609137
2680.0699300699303,62081.21827411168
2680.0699300699303,62005.07614213198
2680.0699300699303,61928.93401015228
2680.0699300699303,61852.79187817259
2680.0699300699303,61776.649746192896
2680.0699300699303,61700.507614213195
2680.0699300699303,61624.3654822335
2680.0699300699303,61548.22335025381
2680.0699300699303,61472.081218274114
2680.0699300699303,61395.93908629441
2680.0699300699303,61319.79695431472
2680.0699300699303,61243.654822335026
2680.0699300699303,61167.51269035533
2680.0699300699303,61091.37055837563
2680.0699300699303,61015.22842639594
2680.0699300699303,60939.08629441624
2680.0699300699303,60862.94416243655
2680.0699300699303,60786.802030456856
2680.0699300699303,60710.659898477155
2680.0699300699303,60634.51776649746
2680.0699300699303,60558.37563451777
2680.0699300699303,60482.233502538074
2680.0699300699303,60406.09137055837
2680.0699300699303,60329.94923857868
2685.3146853146854,63908.62944162437
2685.3146853146854,63832.48730964467
2685.3146853146854,63756.345177664974
2685.3146853146854,63680.20304568528
2685.3146853146854,63604.06091370559
2685.3146853146854,63527.918781725886
2685.3146853146854,63451.77664974619
2685.3146853146854,63375.6345177665
2685.3146853146854,63299.492385786805
2685.3146853146854,63223.350253807104
2685.3146853146854,63147.20812182741
2685.3146853146854,63071.06598984772
2685.3146853146854,62994.92385786802
2685.3146853146854,62918.78172588832
2685.3146853146854,62842.63959390863
2685.3146853146854,62766.497461928935
2685.3146853146854,62690.35532994924
2685.3146853146854,62614.21319796954
2685.3146853146854,62538.07106598985
2685.3146853146854,62461.92893401015
2685.3146853146854,62385.78680203046
2685.3146853146854,62309.64467005076
2685.3146853146854,62233.502538071065
2685.3146853146854,62157.36040609137
2685.3146853146854,62081.21827411168
2685.3146853146854,62005.07614213198
2685.3146853146854,61928.93401015228
2685.3146853146854,61852.79187817259
2685.3146853146854,61776.649746192896
2685.3146853146854,61700.507614213195
2685.3146853146854,61624.3654822335
2685.3146853146854,61548.22335025381
2685.3146853146854,61472.081218274114
2685.3146853146854,61395.93908629441
2685.3146853146854,61319.79695431472
2685.3146853146854,61243.654822335026
2685.3146853146854,61167.51269035533
2690.5594405594406,64365.48223350254
2690.5594405594406,64289.340101522845
2690.5594405594406,64213.197969543144
2690.5594405594406,64137.05583756345
2690.5594405594406,64060.91370558376
2690.5594405594406,63984.77157360406
2690.5594405594406,63908.62944162437
2690.5594405594406,63832.48730964467
2690.5594405594406,63756.345177664974
2690.5594405594406,63680.20304568528
2690.5594405594406,63604.06091370559
2690.5594405594406,63527.918781725886
2690.5594405594406,63451.77664974619
2690.5594405594406,63375.6345177665
2690.5594405594406,63299.492385786805
2690.5594405594406,63223.350253807104
2690.5594405594406,63147.20812182741
2690.5594405594406,63071.06598984772
2690.5594405594406,62994.92385786802
2690.5594405594406,62918.78172588832
2690.5594405594406,62842.63959390863
2690.5594405594406,62766.497461928935
2690.5594405594406,62690.35532994924
2690.5594405594406,62614.21319796954
2690.5594405594406,62538.07106598985
2690.5594405594406,62461.92893401015
2690.5594405594406,62385.78680203046
2690.5594405594406,62309.64467005076
2690.5594405594406,62233.502538071065
2690.5594405594406,62157.36040609137
2690.5594405594406,62081.21827411168
2690.5594405594406,62005.07614213198
2690.5594405594406,61928.93401015228
2690.5594405594406,61852.79187817259
2690.5594405594406,61776.649746192896
2690.5594405594406,61700.507614213195
2695.804195804196,64670.05076142132
2695.804195804196,64593.90862944163
2695.804195804196,64517.766497461926
2695.804195804196,64441.62436548223
2695.804195804196,64365.48223350254
2695.804195804196,64289.340101522845
2695.804195804196,64213.197969543144
2695.804195804196,64137.05583756345
2695.804195804196,64060.91370558376
2695.804195804196,63984.77157360406
2695.804195804196,63908.62944162437
2695.804195804196,63832.48730964467
2695.804195804196,63756.345177664974
2695.804195804196,63680.20304568528
2695.804195804196,63604.06091370559
2695.804195804196,63527.918781725886
2695.804195804196,63451.77664974619
2695.804195804196,63375.6345177665
2695.804195804196,63299.492385786805
2695.804195804196,63223.350253807104
2695.804195804196,63147.20812182741
2695.804195804196,63071.06598984772
2695.804195804196,62994.92385786802
2695.804195804196,62918.78172588832
2695.804195804196,62842.63959390863
2695.804195804196,62766.497461928935
2695.804195804196,62690.35532994924
2695.804195804196,62614.21319796954
2695.804195804196,62538.07106598985
2695.804195804196,62461.92893401015
2695.804195804196,62385.78680203046
2695.804195804196,62309.64467005076
2701.048951048951,64822.33502538071
2701.048951048951,64746.192893401014
2701.048951048951,64670.05076142132
2701.048951048951,64593.90862944163
2701.048951048951,64517.766497461926
2701.048951048951,64441.62436548223
2701.048951048951,64365.48223350254
2701.048951048951,64289.340101522845
2701.048951048951,64213.197969543144
2701.048951048951,64137.05583756345
2701.048951048951,64060.91370558376
2701.048951048951,63984.77157360406
2701.048951048951,63908.62944162437
2701.048951048951,63832.48730964467
2701.048951048951,63756.345177664974
2701.048951048951,63680.20304568528
2701.048951048951,63604.06091370559
2701.048951048951,63527.918781725886
2701.048951048951,63451.77664974619
2701.048951048951,63375.6345177665
2701.048951048951,63299.492385786805
2701.048951048951,63223.350253807104
2701.048951048951,63147.20812182741
2701.048951048951,63071.06598984772
2701.048951048951,62994.92385786802
2706.2937062937062,64898.47715736041
2706.2937062937062,64822.33502538071
2706.2937062937062,64746.192893401014
2706.2937062937062,64670.05076142132
2706.2937062937062,64593.90862944163
2706.2937062937062,64517.766497461926
2706.2937062937062,64441.62436548223
2706.2937062937062,64365.48223350254
2706.2937062937062,64289.340101522845
2706.2937062937062,64213.197969543144
2706.2937062937062,64137.05583756345
2706.2937062937062,64060.91370558376
2706.2937062937062,63984.77157360406
2706.2937062937062,63908.62944162437
2706.2937062937062,63832.48730964467
2706.2937062937062,63756.345177664974
2711.5384615384614,64974.6192893401
2711.5384615384614,64898.47715736041
2711.5384615384614,64822.33502538071
2711.5384615384614,64746.192893401014
2711.5384615384614,64670.05076142132
2711.5384615384614,64593.90862944163
2711.5384615384614,64517.766497461926
2711.5384615384614,64441.62436548223
2711.5384615384614,64365.48223350254
2711.5384615384614,64289.340101522845
2711.5384615384614,64213.197969543144
2716.7832167832166,65050.761421319796
2716.7832167832166,64974.6192893401
2716.7832167832166,64898.47715736041
2716.7832167832166,64822.33502538071
2716.7832167832166,64746.192893401014
2716.7832167832166,64670.05076142132
2716.7832167832166,64593.90862944163
2722.027972027972,65050.761421319796
2722.027972027972,64974.6192893401
2722.027972027972,64898.47715736041
2722.027972027972,64822.33502538071
2722.027972027972,64746.192893401014
2722.027972027972,64670.05076142132
2727.2727272727275,65050.761421319796
2727.2727272727275,64974.6192893401
2727.2727272727275,64898.47715736041
2727.2727272727275,64822.33502538071
2727.2727272727275,64746.192893401014
2727.2727272727275,64670.05076142132
2732.5174825174827,65050.761421319796
2732.5174825174827,64974.6192893401
2732.5174825174827,64898.47715736041
2732.5174825174827,64822.33502538071
2732.5174825174827,64746.192893401014
2732.5174825174827,64670.05076142132
2737.762237762238,65050.761421319796
2737.762237762238,64974.6192893401
2737.762237762238,64898.47715736041
2737.762237762238,64822.33502538071
2737.762237762238,64746.192893401014
2737.762237762238,64670.05076142132
2737.762237762238,64593.90862944163
2743.006993006993,64974.6192893401
2743.006993006993,64898.47715736041
2743.006993006993,64822.33502538071
2743.006993006993,64746.192893401014
2743.006993006993,64670.05076142132
2743.006993006993,64593.90862944163
2748.2517482517483,64898.47715736041
2748.2517482517483,64822.33502538071
2748.2517482517483,64746.192893401014
2748.2517482517483,64670.05076142132
2748.2517482517483,64593.90862944163
2748.2517482517483,64517.766497461926
2753.4965034965035,64898.47715736041
2753.4965034965035,64822.33502538071
2753.4965034965035,64746.192893401014
2753.4965034965035,64670.05076142132
2753.4965034965035,64593.90862944163
2753.4965034965035,64517.766497461926
2753.4965034965035,64441.62436548223
2758.7412587412587,64898.47715736041
2758.7412587412587,64822.33502538071
2758.7412587412587,64746.192893401014
2758.7412587412587,64670.05076142132
2758.7412587412587,64593.90862944163
2758.7412587412587,64517.766497461926
2758.7412587412587,64441.62436548223
2758.7412587412587,64365.48223350254
2763.986013986014,64822.33502538071
2763.986013986014,64746.192893401014
2763.986013986014,64670.05076142132
2763.986013986014,64593.90862944163
2763.986013986014,64517.766497461926
2763.986013986014,64441.62436548223
2763.986013986014,64365.48223350254
2763.986013986014,64289.340101522845
2769.230769230769,64746.192893401014
2769.230769230769,64670.05076142132
2769.230769230769,64593.90862944163
2769.230769230769,64517.766497461926
2769.230769230769,64441.62436548223
2769.230769230769,64365.48223350254
2769.230769230769,64289.340101522845
2769.230769230769,64213.197969543144
2769.230769230769,64137.05583756345
2769.230769230769,64060.91370558376
2769.230769230769,63984.77157360406
2774.4755244755243,64670.05076142132
2774.4755244755243,64593.90862944163
2774.4755244755243,64517.766497461926
2774.4755244755243,64441.62436548223
2774.4755244755243,64365.48223350254
2774.4755244755243,64289.340101522845
2774.4755244755243,64213.197969543144
2774.4755244755243,64137.05583756345
2774.4755244755243,64060.91370558376
2774.4755244755243,63984.77157360406
2774.4755244755243,63908.62944162437
2774.4755244755243,63832.48730964467
2779.72027972028,64670.05076142132
2779.72027972028,64593.90862944163
2779.72027972028,64517.766497461926
2779.72027972028,64441.62436548223
2779.72027972028,64365.48223350254
2779.72027972028,64289.340101522845
2779.72027972028,64213.197969543144
2779.72027972028,64137.05583756345
2779.72027972028,64060.91370558376
2779.72027972028,63984.77157360406
2779.72027972028,63908.62944162437
2779.72027972028,63832.48730964467
2779.72027972028,63756.345177664974
2779.72027972028,63680.20304568528
2779.72027972028,63604.06091370559
2784.965034965035,64441.62436548223
2784.965034965035,64365.48223350254
2784.965034965035,64289.340101522845
2784.965034965035,64213.197969543144
2784.965034965035,64137.05583756345
2784.965034965035,64060.91370558376
2784.965034965035,63984.77157360406
2784.965034965035,63908.62944162437
2784.965034965035,63832.48730964467
2784.965034965035,63756.345177664974
2784.965034965035,63680.20304568528
2784.965034965035,63604.06091370559
2784.965034965035,63527.918781725886
2790.2097902097903,64593.90862944163
2790.2097902097903,64517.766497461926
2790.2097902097903,64441.62436548223
2790.2097902097903,64365.48223350254
2790.2097902097903,64289.340101522845
2790.2097902097903,64213.197969543144
2790.2097902097903,64137.05583756345
2790.2097902097903,64060.91370558376
2790.2097902097903,63984.77157360406
2790.2097902097903,63908.62944162437
2790.2097902097903,63832.48730964467
2790.2097902097903,63756.345177664974
2790.2097902097903,63680.20304568528
2790.2097902097903,63604.06091370559
2790.2097902097903,63527.918781725886
2795.4545454545455,64974.6192893401
2795.4545454545455,64898.47715736041
2795.4545454545455,64822.33502538071
2795.4545454545455,64746.192893401014
2795.4545454545455,64670.05076142132
2795.4545454545455,64593.90862944163
2795.4545454545455,64517.766497461926
2795.4545454545455,64441.62436548223
2795.4545454545455,64365.48223350254
2795.4545454545455,64289.340101522845
2795.4545454545455,64213.197969543144
2795.4545454545455,64137.05583756345
2795.4545454545455,64060.91370558376
2795.4545454545455,63984.77157360406
2795.4545454545455,63908.62944162437
2795.4545454545455,63832.48730964467
2795.4545454545455,63756.345177664974
2795.4545454545455,63680.20304568528
2795.4545454545455,63604.06091370559
2800.6993006993007,65736.04060913705
2800.6993006993007,65659.89847715736
2800.6993006993007,65583.75634517767
2800.6993006993007,65507.61421319797
2800.6993006993007,65431.47208121827
2800.6993006993007,65355.32994923858
2800.6993006993007,65279.187817258884
2800.6993006993007,65203.04568527919
2800.6993006993007,65126.90355329949
2800.6993006993007,65050.761421319796
2800.6993006993007,64974.6192893401
2800.6993006993007,64898.47715736041
2800.6993006993007,64822.33502538071
2800.6993006993007,64746.192893401014
2800.6993006993007,64670.05076142132
2800.6993006993007,64593.90862944163
2800.6993006993007,64517.766497461926
2800.6993006993007,64441.62436548223
2800.6993006993007,64365.48223350254
2800.6993006993007,64289.340101522845
2800.6993006993007,64213.197969543144
2800.6993006993007,64137.05583756345
2800.6993006993007,64060.91370558376
2800.6993006993007,63984.77157360406
2800.6993006993007,63908.62944162437
2800.6993006993007,63832.48730964467
2800.6993006993007,63756.345177664974
2805.944055944056,66116.75126903554
2805.944055944056,66040.60913705584
2805.944055944056,65964.46700507615
2805.944055944056,65888.32487309646
2805.944055944056,65812.18274111676
2805.944055944056,65736.04060913705
2805.944055944056,65659.89847715736
2805.944055944056,65583.75634517767
2805.944055944056,65507.61421319797
2805.944055944056,65431.47208121827
2805.944055944056,65355.32994923858
2805.944055944056,65279.187817258884
2805.944055944056,65203.04568527919
2805.944055944056,65126.90355329949
2805.944055944056,65050.761421319796
2805.944055944056,64974.6192893401
2805.944055944056,64898.47715736041
2805.944055944056,64822.33502538071
2805.944055944056,64746.192893401014
2805.944055944056,64670.05076142132
2805.944055944056,64593.90862944163
2805.944055944056,64517.766497461926
2805.944055944056,64441.62436548223
2805.944055944056,64365.48223350254
2805.944055944056,64289.340101522845
2805.944055944056,64213.197969543144
2805.944055944056,64137.05583756345
2811.188811188811,66725.8883248731
2811.188811188811,66649.74619289339
2811.188811188811,66573.6040609137
2811.188811188811,66497.461928934
2811.188811188811,66421.31979695431
2811.188811188811,66345.17766497462
2811.188811188811,66269.03553299492
2811.188811188811,66192.89340101523
2811.188811188811,66116.75126903554
2811.188811188811,66040.60913705584
2811.188811188811,65964.46700507615
2811.188811188811,65888.32487309646
2811.188811188811,65812.18274111676
2811.188811188811,65736.04060913705
2811.188811188811,65659.89847715736
2811.188811188811,65583.75634517767
2811.188811188811,65507.61421319797
2811.188811188811,65431.47208121827
2811.188811188811,65355.32994923858
2811.188811188811,65279.187817258884
2811.188811188811,65203.04568527919
2811.188811188811,65126.90355329949
2811.188811188811,65050.761421319796
2811.188811188811,64974.6192893401
2811.188811188811,64898.47715736041
2811.188811188811,64822.33502538071
2811.188811188811,64746.192893401014
2811.188811188811,64670.05076142132
2811.188811188811,64593.90862944163
2811.188811188811,64517.766497461926
2816.4335664335663,67411.16751269036
2816.4335664335663,67335.02538071066
2816.4335664335663,67258.88324873097
2816.4335664335663,67182.74111675128
2816.4335664335663,67106.59898477158
2816.4335664335663,67030.45685279187
2816.4335664335663,66954.31472081218
2816.4335664335663,66878.17258883249
2816.4335664335663,66802.0304568528
2816.4335664335663,66725.8883248731
2816.4335664335663,66649.74619289339
2816.4335664335663,66573.6040609137
2816.4335664335663,66497.461928934
2816.4335664335663,66421.31979695431
2816.4335664335663,66345.17766497462
2816.4335664335663,66269.03553299492
2816.4335664335663,66192.89340101523
2816.4335664335663,66116.75126903554
2816.4335664335663,66040.60913705584
2816.4335664335663,65964.46700507615
2816.4335664335663,65888.32487309646
2816.4335664335663,65812.18274111676
2816.4335664335663,65736.04060913705
2816.4335664335663,65659.89847715736
2816.4335664335663,65583.75634517767
2816.4335664335663,65507.61421319797
2816.4335664335663,65431.47208121827
2816.4335664335663,65355.32994923858
2816.4335664335663,65279.187817258884
2816.4335664335663,65203.04568527919
2816.4335664335663,65126.90355329949
2816.4335664335663,65050.761421319796
2816.4335664335663,64974.6192893401
2816.4335664335663,64898.47715736041
2816.4335664335663,64822.33502538071
2821.6783216783215,67715.73604060913
2821.6783216783215,67639.59390862944
2821.6783216783215,67563.45177664974
2821.6783216783215,67487.30964467005
2821.6783216783215,67411.16751269036
2821.6783216783215,67335.02538071066
2821.6783216783215,67258.88324873097
2821.6783216783215,67182.74111675128
2821.6783216783215,67106.59898477158
2821.6783216783215,67030.45685279187
2821.6783216783215,66954.31472081218
2821.6783216783215,66878.17258883249
2821.6783216783215,66802.0304568528
2821.6783216783215,66725.8883248731
2821.6783216783215,66649.74619289339
2821.6783216783215,66573.6040609137
2821.6783216783215,66497.461928934
2821.6783216783215,66421.31979695431
2821.6783216783215,66345.17766497462
2821.6783216783215,66269.03553299492
2821.6783216783215,66192.89340101523
2821.6783216783215,66116.75126903554
2821.6783216783215,66040.60913705584
2821.6783216783215,65964.46700507615
2821.6783216783215,65888.32487309646
2821.6783216783215,65812.18274111676
2821.6783216783215,65736.04060913705
2821.6783216783215,65659.89847715736
2821.6783216783215,65583.75634517767
2826.923076923077,68248.730964467
2826.923076923077,68172.58883248731
2826.923076923077,68096.44670050761
2826.923076923077,68020.30456852792
2826.923076923077,67944.16243654821
2826.923076923077,67868.02030456852
2826.923076923077,67791.87817258883
2826.923076923077,67715.73604060913
2826.923076923077,67639.59390862944
2826.923076923077,67563.45177664974
2826.923076923077,67487.30964467005
2826.923076923077,67411.16751269036
2826.923076923077,67335.02538071066
2826.923076923077,67258.88324873097
2826.923076923077,67182.74111675128
2826.923076923077,67106.59898477158
2826.923076923077,67030.45685279187
2826.923076923077,66954.31472081218
2826.923076923077,66878.17258883249
2826.923076923077,66802.0304568528
2826.923076923077,66725.8883248731
2826.923076923077,66649.74619289339
2826.923076923077,66573.6040609137
2826.923076923077,66497.461928934
2826.923076923077,66421.31979695431
2826.923076923077,66345.17766497462
2826.923076923077,66269.03553299492
2826.923076923077,66192.89340101523
2826.923076923077,66116.75126903554
2826.923076923077,66040.60913705584
2832.1678321678323,68477.1573604061
2832.1678321678323,68401.0152284264
2832.1678321678323,68324.87309644671
2832.1678321678323,68248.730964467
2832.1678321678323,68172.58883248731
2832.1678321678323,68096.44670050761
2832.1678321678323,68020.30456852792
2832.1678321678323,67944.16243654821
2832.1678321678323,67868.02030456852
2832.1678321678323,67791.87817258883
2832.1678321678323,67715.73604060913
2832.1678321678323,67639.59390862944
2832.1678321678323,67563.45177664974
2832.1678321678323,67487.30964467005
2832.1678321678323,67411.16751269036
2832.1678321678323,67335.02538071066
2832.1678321678323,67258.88324873097
2832.1678321678323,67182.74111675128
2832.1678321678323,67106.59898477158
2832.1678321678323,67030.45685279187
2832.1678321678323,66954.31472081218
2832.1678321678323,66878.17258883249
2832.1678321678323,66802.0304568528
2832.1678321678323,66725.8883248731
2832.1678321678323,66649.74619289339
2837.4125874125875,69238.57868020305
2837.4125874125875,69162.43654822334
2837.4125874125875,69086.29441624365
2837.4125874125875,69010.15228426395
2837.4125874125875,68934.01015228426
2837.4125874125875,68857.86802030457
2837.4125874125875,68781.72588832487
2837.4125874125875,68705.58375634518
2837.4125874125875,68629.44162436549
2837.4125874125875,68553.29949238579
2837.4125874125875,68477.1573604061
2837.4125874125875,68401.0152284264
2837.4125874125875,68324.87309644671
2837.4125874125875,68248.730964467
2837.4125874125875,68172.58883248731
2837.4125874125875,68096.44670050761
2837.4125874125875,68020.30456852792
2837.4125874125875,67944.16243654821
2837.4125874125875,67868.02030456852
2837.4125874125875,67791.87817258883
2837.4125874125875,67715.73604060913
2837.4125874125875,67639.59390862944
2837.4125874125875,67563.45177664974
2837.4125874125875,67487.30964467005
2837.4125874125875,67411.16751269036
2837.4125874125875,67335.02538071066
2842.6573426573427,69695.43147208123
2842.6573426573427,69619.28934010153
2842.6573426573427,69543.14720812184
2842.6573426573427,69467.00507614213
2842.6573426573427,69390.86294416244
2842.6573426573427,69314.72081218274
2842.6573426573427,69238.57868020305
2842.6573426573427,69162.43654822334
2842.6573426573427,69086.29441624365
2842.6573426573427,69010.15228426395
2842.6573426573427,68934.01015228426
2842.6573426573427,68857.86802030457
2842.6573426573427,68781.72588832487
2842.6573426573427,68705.58375634518
2842.6573426573427,68629.44162436549
2842.6573426573427,68553.29949238579
2842.6573426573427,68477.1573604061
2842.6573426573427,68401.0152284264
2842.6573426573427,68324.87309644671
2842.6573426573427,68248.730964467
2842.6573426573427,68172.58883248731
2842.6573426573427,68096.44670050761
2842.6573426573427,68020.30456852792
2842.6573426573427,67944.16243654821
2842.6573426573427,67868.02030456852
2842.6573426573427,67791.87817258883
2842.6573426573427,67715.73604060913
2842.6573426573427,67639.59390862944
2847.902097902098,70076.1421319797
2847.902097902098,70000.0
2847.902097902098,69923.8578680203
2847.902097902098,69847.71573604061
2847.902097902098,69771.57360406092
2847.902097902098,69695.43147208123
2847.902097902098,69619.28934010153
2847.902097902098,69543.14720812184
2847.902097902098,69467.00507614213
2847.902097902098,69390.86294416244
2847.902097902098,69314.72081218274
2847.902097902098,69238.57868020305
2847.902097902098,69162.43654822334
2847.902097902098,69086.29441624365
2847.902097902098,69010.15228426395
2847.902097902098,68934.01015228426
2847.902097902098,68857.86802030457
2847.902097902098,68781.72588832487
2847.902097902098,68705.58375634518
2847.902097902098,68629.44162436549
2847.902097902098,68553.29949238579
2847.902097902098,68477.1573604061
2847.902097902098,68401.0152284264
2847.902097902098,68324.87309644671
2847.902097902098,68248.730964467
2847.902097902098,68172.58883248731
2853.146853146853,70228.42639593908
2853.146853146853,70152.28426395939
2853.146853146853,70076.1421319797
2853.146853146853,70000.0
2853.146853146853,69923.8578680203
2853.146853146853,69847.71573604061
2853.146853146853,69771.57360406092
2853.146853146853,69695.43147208123
2853.146853146853,69619.28934010153
2853.146853146853,69543.14720812184
2853.146853146853,69467.00507614213
2853.146853146853,69390.86294416244
2853.146853146853,69314.72081218274
2853.146853146853,69238.57868020305
2853.146853146853,69162.43654822334
2853.146853146853,69086.29441624365
2853.146853146853,69010.15228426395
2853.146853146853,68934.01015228426
2853.146853146853,68857.86802030457
2853.146853146853,68781.72588832487
2853.146853146853,68705.58375634518
2853.146853146853,68629.44162436549
2853.146853146853,68553.29949238579
2853.146853146853,68477.1573604061
2853.146853146853,68401.0152284264
2858.3916083916083,70532.99492385787
2858.3916083916083,70456.85279187816
2858.3916083916083,70380.71065989847
2858.3916083916083,70304.56852791877
2858.3916083916083,70228.42639593908
2858.3916083916083,70152.28426395939
2858.3916083916083,70076.1421319797
2858.3916083916083,70000.0
2858.3916083916083,69923.8578680203
2858.3916083916083,69847.71573604061
2858.3916083916083,69771.57360406092
2858.3916083916083,69695.43147208123
2858.3916083916083,69619.28934010153
2858.3916083916083,69543.14720812184
2858.3916083916083,69467.00507614213
2858.3916083916083,69390.86294416244
2858.3916083916083,69314.72081218274
2858.3916083916083,69238.57868020305
2858.3916083916083,69162.43654822334
2858.3916083916083,69086.29441624365
2863.6363636363635,70685.27918781726
2863.6363636363635,70609.13705583756
2863.6363636363635,70532.99492385787
2863.6363636363635,70456.85279187816
2863.6363636363635,70380.71065989847
2863.6363636363635,70304.56852791877
2863.6363636363635,70228.42639593908
2863.6363636363635,70152.28426395939
2863.6363636363635,70076.1421319797
2863.6363636363635,70000.0
2863.6363636363635,69923.8578680203
2863.6363636363635,69847.71573604061
2863.6363636363635,69771.57360406092
2863.6363636363635,69695.43147208123
2863.6363636363635,69619.28934010153
2868.8811188811187,70837.56345177666
2868.8811188811187,70761.42131979695
2868.8811188811187,70685.27918781726
2868.8811188811187,70609.13705583756
2868.8811188811187,70532.99492385787
2868.8811188811187,70456.85279187816
2868.8811188811187,70380.71065989847
2868.8811188811187,70304.56852791877
2868.8811188811187,70228.42639593908
2868.8811188811187,70152.28426395939
2868.8811188811187,70076.1421319797
2868.8811188811187,70000.0
2868.8811188811187,69923.8578680203
2874.125874125874,70837.56345177666
2874.125874125874,70761.42131979695
2874.125874125874,70685.27918781726
2874.125874125874,70609.13705583756
2874.125874125874,70532.99492385787
2874.125874125874,70456.85279187816
2874.125874125874,70380.71065989847
2874.125874125874,70304.56852791877
2874.125874125874,70228.42639593908
2874.125874125874,70152.28426395939
2874.125874125874,70076.1421319797
2874.125874125874,70000.0
2874.125874125874,69923.8578680203
2874.125874125874,69847.71573604061
2879.3706293706296,70837.56345177666
2879.3706293706296,70761.42131979695
2879.3706293706296,70685.27918781726
2879.3706293706296,70609.13705583756
2879.3706293706296,70532.99492385787
2879.3706293706296,70456.85279187816
2879.3706293706296,70380.71065989847
2879.3706293706296,70304.56852791877
2879.3706293706296,70228.42639593908
2879.3706293706296,70152.28426395939
2879.3706293706296,70076.1421319797
2879.3706293706296,70000.0
2879.3706293706296,69923.8578680203
2879.3706293706296,69847.71573604061
2879.3706293706296,69771.57360406092
2879.3706293706296,69695.43147208123
2879.3706293706296,69619.28934010153
2879.3706293706296,69543.14720812184
2879.3706293706296,69467.00507614213
2879.3706293706296,69390.86294416244
2879.3706293706296,69314.72081218274
2879.3706293706296,69238.57868020305
2879.3706293706296,69162.43654822334
2884.6153846153848,70761.42131979695
2884.6153846153848,70685.27918781726
2884.6153846153848,70609.13705583756
2884.6153846153848,70532.99492385787
2884.6153846153848,70456.85279187816
2884.6153846153848,70380.71065989847
2884.6153846153848,70304.56852791877
2884.6153846153848,70228.42639593908
2884.6153846153848,70152.28426395939
2884.6153846153848,70076.1421319797
2884.6153846153848,70000.0
2884.6153846153848,69923.8578680203
2884.6153846153848,69847.71573604061
2884.6153846153848,69771.57360406092
2884.6153846153848,69695.43147208123
2884.6153846153848,69619.28934010153
2884.6153846153848,69543.14720812184
2884.6153846153848,69467.00507614213
2884.6153846153848,69390.86294416244
2884.6153846153848,69314.72081218274
2884.6153846153848,69238.57868020305
2884.6153846153848,69162.43654822334
2884.6153846153848,69086.29441624365
2884.6153846153848,69010.15228426395
2884.6153846153848,68934.01015228426
2884.6153846153848,68857.86802030457
2884.6153846153848,68781.72588832487
2884.6153846153848,68705.58375634518
2884.6153846153848,68629.44162436549
2884.6153846153848,68553.29949238579
2884.6153846153848,68477.1573604061
2884.6153846153848,68401.0152284264
2889.86013986014,70532.99492385787
2889.86013986014,70456.85279187816
2889.86013986014,70380.71065989847
2889.86013986014,70304.56852791877
2889.86013986014,70228.42639593908
2889.86013986014,70152.28426395939
2889.86013986014,70076.1421319797
2889.86013986014,70000.0
2889.86013986014,69923.8578680203
2889.86013986014,69847.71573604061
2889.86013986014,69771.57360406092
2889.86013986014,69695.43147208123
2889.86013986014,69619.28934010153
2889.86013986014,69543.14720812184
2889.86013986014,69467.00507614213
2889.86013986014,69390.86294416244
2889.86013986014,69314.72081218274
2889.86013986014,69238.57868020305
2889.86013986014,69162.43654822334
2889.86013986014,69086.29441624365
2889.86013986014,69010.15228426395
2889.86013986014,68934.01015228426
2889.86013986014,68857.86802030457
2889.86013986014,68781.72588832487
2889.86013986014,68705.58375634518
2889.86013986014,68629.44162436549
2889.86013986014,68553.29949238579
2889.86013986014,68477.1573604061
2889.86013986014,68401.0152284264
2889.86013986014,68324.87309644671
2889.86013986014,68248.730964467
2889.86013986014,68172.58883248731
2889.86013986014,68096.44670050761
2889.86013986014,68020.30456852792
2889.86013986014,67944.16243654821
2889.86013986014,67868.02030456852
2889.86013986014,67791.87817258883
2889.86013986014,67715.73604060913
2889.86013986014,67639.59390862944
2895.104895104895,70000.0
2895.104895104895,69923.8578680203
2895.104895104895,69847.71573604061
2895.104895104895,69771.57360406092
2895.104895104895,69695.43147208123
2895.104895104895,69619.28934010153
2895.104895104895,69543.14720812184
2895.104895104895,69467.00507614213
2895.104895104895,69390.86294416244
2895.104895104895,69314.72081218274
2895.104895104895,69238.57868020305
2895.104895104895,69162.43654822334
2895.104895104895,69086.29441624365
2895.104895104895,69010.15228426395
2895.104895104895,68934.01015228426
2895.104895104895,68857.86802030457
2895.104895104895,68781.72588832487
2895.104895104895,68705.58375634518
2895.104895104895,68629.44162436549
2895.104895104895,68553.29949238579
2895.104895104895,68477.1573604061
2895.104895104895,68401.0152284264
2895.104895104895,68324.87309644671
2895.104895104895,68248.730964467
2895.104895104895,68172.58883248731
2895.104895104895,68096.44670050761
2895.104895104895,68020.30456852792
2895.104895104895,67944.16243654821
2895.104895104895,67868.02030456852
2895.104895104895,67791.87817258883
2895.104895104895,67715.73604060913
2895.104895104895,67639.59390862944
2895.104895104895,67563.45177664974
2895.104895104895,67487.30964467005
2895.104895104895,67411.16751269036
2895.104895104895,67335.02538071066
2895.104895104895,67258.88324873097
2900.3496503496503,69314.72081218274
2900.3496503496503,69238.57868020305
2900.3496503496503,69162.43654822334
2900.3496503496503,69086.29441624365
2900.3496503496503,69010.15228426395
2900.3496503496503,68934.01015228426
2900.3496503496503,68857.86802030457
2900.3496503496503,68781.72588832487
2900.3496503496503,68705.58375634518
2900.3496503496503,68629.44162436549
2900.3496503496503,68553.29949238579
2900.3496503496503,68477.1573604061
2900.3496503496503,68401.0152284264
2900.3496503496503,68324.87309644671
2900.3496503496503,68248.730964467
2900.3496503496503,68172.58883248731
2900.3496503496503,68096.44670050761
2900.3496503496503,68020.30456852792
2900.3496503496503,67944.16243654821
2900.3496503496503,67868.02030456852
2900.3496503496503,67791.87817258883
2900.3496503496503,67715.73604060913
2900.3496503496503,67639.59390862944
2900.3496503496503,67563.45177664974
2900.3496503496503,67487.30964467005
2900.3496503496503,67411.16751269036
2900.3496503496503,67335.02538071066
2900.3496503496503,67258.88324873097
2900.3496503496503,67182.74111675128
2900.3496503496503,67106.59898477158
2900.3496503496503,67030.45685279187
2900.3496503496503,66954.31472081218
2900.3496503496503,66878.17258883249
2905.5944055944055,68553.29949238579
2905.5944055944055,68477.1573604061
2905.5944055944055,68401.0152284264
2905.5944055944055,68324.87309644671
2905.5944055944055,68248.730964467
2905.5944055944055,68172.58883248731
2905.5944055944055,68096.44670050761
2905.5944055944055,68020.30456852792
2905.5944055944055,67944.16243654821
2905.5944055944055,67868.02030456852
2905.5944055944055,67791.87817258883
2905.5944055944055,67715.73604060913
2905.5944055944055,67639.59390862944
2905.5944055944055,67563.45177664974
2905.5944055944055,67487.30964467005
2905.5944055944055,67411.16751269036
2905.5944055944055,67335.02538071066
2905.5944055944055,67258.88324873097
2905.5944055944055,67182.74111675128
2905.5944055944055,67106.59898477158
2905.5944055944055,67030.45685279187
2905.5944055944055,66954.31472081218
2905.5944055944055,66878.17258883249
2905.5944055944055,66802.0304568528
2910.8391608391607,67791.87817258883
2910.8391608391607,67715.73604060913
2910.8391608391607,67639.59390862944
2910.8391608391607,67563.45177664974
2910.8391608391607,67487.30964467005
2910.8391608391607,67411.16751269036
2910.8391608391607,67335.02538071066
2910.8391608391607,67258.88324873097
2910.8391608391607,67182.74111675128
2910.8391608391607,67106.59898477158
2910.8391608391607,67030.45685279187
2910.8391608391607,66954.31472081218
2910.8391608391607,66878.17258883249
2910.8391608391607,66802.0304568528
2916.083916083916,67791.87817258883
2916.083916083916,67715.73604060913
2916.083916083916,67639.59390862944
2916.083916083916,67563.45177664974
2916.083916083916,67487.30964467005
2916.083916083916,67411.16751269036
2916.083916083916,67335.02538071066
2916.083916083916,67258.88324873097
2916.083916083916,67182.74111675128
2916.083916083916,67106.59898477158
2916.083916083916,67030.45685279187
2916.083916083916,66954.31472081218
2916.083916083916,66878.17258883249
2916.083916083916,66802.0304568528
2921.328671328671,68020.30456852792
2921.328671328671,67944.16243654821
2921.328671328671,67868.02030456852
2921.328671328671,67791.87817258883
2921.328671328671,67715.73604060913
2921.328671328671,67639.59390862944
2921.328671328671,67563.45177664974
2921.328671328671,67487.30964467005
2921.328671328671,67411.16751269036
2921.328671328671,67335.02538071066
2921.328671328671,67258.88324873097
2921.328671328671,67182.74111675128
2921.328671328671,67106.59898477158
2921.328671328671,67030.45685279187
2921.328671328671,66954.31472081218
2921.328671328671,66878.17258883249
2926.573426573427,68096.44670050761
2926.573426573427,68020.30456852792
2926.573426573427,67944.16243654821
2926.573426573427,67868.02030456852
2926.573426573427,67791.87817258883
2926.573426573427,67715.73604060913
2926.573426573427,67639.59390862944
2926.573426573427,67563.45177664974
2926.573426573427,67487.30964467005
2926.573426573427,67411.16751269036
2926.573426573427,67335.02538071066
2926.573426573427,67258.88324873097
2926.573426573427,67182.74111675128
2926.573426573427,67106.59898477158
2931.818181818182,68096.44670050761
2931.818181818182,68020.30456852792
2931.818181818182,67944.16243654821
2931.818181818182,67868.02030456852
2931.818181818182,67791.87817258883
2931.818181818182,67715.73604060913
2931.818181818182,67639.59390862944
2931.818181818182,67563.45177664974
2931.818181818182,67487.30964467005
2931.818181818182,67411.16751269036
2931.818181818182,67335.02538071066
2937.062937062937,68096.44670050761
2937.062937062937,68020.30456852792
2937.062937062937,67944.16243654821
2937.062937062937,67868.02030456852
2937.062937062937,67791.87817258883
2937.062937062937,67715.73604060913
2937.062937062937,67639.59390862944
2937.062937062937,67563.45177664974
2937.062937062937,67487.30964467005
2937.062937062937,67411.16751269036
2937.062937062937,67335.02538071066
2937.062937062937,67258.88324873097
2937.062937062937,67182.74111675128
2937.062937062937,67106.59898477158
2937.062937062937,67030.45685279187
2942.3076923076924,68096.44670050761
2942.3076923076924,68020.30456852792
2942.3076923076924,67944.16243654821
2942.3076923076924,67868.02030456852
2942.3076923076924,67791.87817258883
2942.3076923076924,67715.73604060913
2942.3076923076924,67639.59390862944
2942.3076923076924,67563.45177664974
2942.3076923076924,67487.30964467005
2942.3076923076924,67411.16751269036
2942.3076923076924,67335.02538071066
2942.3076923076924,67258.88324873097
2942.3076923076924,67182.74111675128
2942.3076923076924,67106.59898477158
2942.3076923076924,67030.45685279187
2942.3076923076924,66954.31472081218
2942.3076923076924,66878.17258883249
2942.3076923076924,66802.0304568528
2942.3076923076924,66725.8883248731
2942.3076923076924,66649.74619289339
2942.3076923076924,66573.6040609137
2942.3076923076924,66497.461928934
2947.5524475524476,68020.30456852792
2947.5524475524476,67944.16243654821
2947.5524475524476,67868.02030456852
2947.5524475524476,67791.87817258883
2947.5524475524476,67715.73604060913
2947.5524475524476,67639.59390862944
2947.5524475524476,67563.45177664974
2947.5524475524476,67487.30964467005
2947.5524475524476,67411.16751269036
2947.5524475524476,67335.02538071066
2947.5524475524476,67258.88324873097
2947.5524475524476,67182.74111675128
2947.5524475524476,67106.59898477158
2947.5524475524476,67030.45685279187
2947.5524475524476,66954.31472081218
2947.5524475524476,66878.17258883249
2947.5524475524476,66802.0304568528
2947.5524475524476,66725.8883248731
2947.5524475524476,66649.74619289339
2947.5524475524476,66573.6040609137
2947.5524475524476,66497.461928934
2947.5524475524476,66421.31979695431
2947.5524475524476,66345.17766497462
2947.5524475524476,66269.03553299492
2947.5524475524476,66192.89340101523
2947.5524475524476,66116.75126903554
2947.5524475524476,66040.60913705584
2952.7972027972028,67715.73604060913
2952.7972027972028,67639.59390862944
2952.7972027972028,67563.45177664974
2952.7972027972028,67487.30964467005
2952.7972027972028,67411.16751269036
2952.7972027972028,67335.02538071066
2952.7972027972028,67258.88324873097
2952.7972027972028,67182.74111675128
2952.7972027972028,67106.59898477158
2952.7972027972028,67030.45685279187
2952.7972027972028,66954.31472081218
2952.7972027972028,66878.17258883249
2952.7972027972028,66802.0304568528
2952.7972027972028,66725.8883248731
2952.7972027972028,66649.74619289339
2952.7972027972028,66573.6040609137
2952.7972027972028,66497.461928934
2952.7972027972028,66421.31979695431
2952.7972027972028,66345.17766497462
2952.7972027972028,66269.03553299492
2952.7972027972028,66192.89340101523
2952.7972027972028,66116.75126903554
2952.7972027972028,66040.60913705584
2952.7972027972028,65964.46700507615
2952.7972027972028,65888.32487309646
2952.7972027972028,65812.18274111676
2952.7972027972028,65736.04060913705
2952.7972027972028,65659.89847715736
2958.041958041958,67106.59898477158
2958.041958041958,67030.45685279187
2958.041958041958,66954.31472081218
2958.041958041958,66878.17258883249
2958.041958041958,66802.0304568528
2958.041958041958,66725.8883248731
2958.041958041958,66649.74619289339
2958.041958041958,66573.6040609137
2958.041958041958,66497.461928934
2958.041958041958,66421.31979695431
2958.041958041958,66345.17766497462
2958.041958041958,66269.03553299492
2958.041958041958,66192.89340101523
2958.041958041958,66116.75126903554
2958.041958041958,66040.60913705584
2958.041958041958,65964.46700507615
2958.041958041958,65888.32487309646
2958.041958041958,65812.18274111676
2958.041958041958,65736.04060913705
2958.041958041958,65659.89847715736
2958.041958041958,65583.75634517767
2958.041958041958,65507.61421319797
2958.041958041958,65431.47208121827
2958.041958041958,65355.32994923858
2958.041958041958,65279.187817258884
2958.041958041958,65203.04568527919
2958.041958041958,65126.90355329949
2963.286713286713,66573.6040609137
2963.286713286713,66497.461928934
2963.286713286713,66421.31979695431
2963.286713286713,66345.17766497462
2963.286713286713,66269.03553299492
2963.286713286713,66192.89340101523
2963.286713286713,66116.75126903554
2963.286713286713,66040.60913705584
2963.286713286713,65964.46700507615
2963.286713286713,65888.32487309646
2963.286713286713,65812.18274111676
2963.286713286713,65736.04060913705
2963.286713286713,65659.89847715736
2963.286713286713,65583.75634517767
2963.286713286713,65507.61421319797
2963.286713286713,65431.47208121827
2963.286713286713,65355.32994923858
2963.286713286713,65279.187817258884
2963.286713286713,65203.04568527919
2963.286713286713,65126.90355329949
2963.286713286713,65050.761421319796
2963.286713286713,64974.6192893401
2963.286713286713,64898.47715736041
2968.5314685314684,66040.60913705584
2968.5314685314684,65964.46700507615
2968.5314685314684,65888.32487309646
2968.5314685314684,65812.18274111676
2968.5314685314684,65736.04060913705
2968.5314685314684,65659.89847715736
2968.5314685314684,65583.75634517767
2968.5314685314684,65507.61421319797
2968.5314685314684,65431.47208121827
2968.5314685314684,65355.32994923858
2968.5314685314684,65279.187817258884
2968.5314685314684,65203.04568527919
2968.5314685314684,65126.90355329949
2968.5314685314684,65050.761421319796
2968.5314685314684,64974.6192893401
2968.5314685314684,64898.47715736041
2968.5314685314684,64822.33502538071
2968.5314685314684,64746.192893401014
2973.7762237762236,65736.04060913705
2973.7762237762236,65659.89847715736
2973.7762237762236,65583.75634517767
2973.7762237762236,65507.61421319797
2973.7762237762236,65431.47208121827
2973.7762237762236,65355.32994923858
2973.7762237762236,65279.187817258884
2973.7762237762236,65203.04568527919
2973.7762237762236,65126.90355329949
2973.7762237762236,65050.761421319796
2973.7762237762236,64974.6192893401
2973.7762237762236,64898.47715736041
2973.7762237762236,64822.33502538071
2973.7762237762236,64746.192893401014
2973.7762237762236,64670.05076142132
2973.7762237762236,64593.90862944163
2979.020979020979,65279.187817258884
2979.020979020979,65203.04568527919
2979.020979020979,65126.90355329949
2979.020979020979,65050.761421319796
2979.020979020979,64974.6192893401
2979.020979020979,64898.47715736041
2979.020979020979,64822.33502538071
2979.020979020979,64746.192893401014
2979.020979020979,64670.05076142132
2979.020979020979,64593.90862944163
2979.020979020979,64517.766497461926
2984.2657342657344,65203.04568527919
2984.2657342657344,65126.90355329949
2984.2657342657344,65050.761421319796
2984.2657342657344,64974.6192893401
2984.2657342657344,64898.47715736041
2984.2657342657344,64822.33502538071
2984.2657342657344,64746.192893401014
2984.2657342657344,64670.05076142132
2984.2657342657344,64593.90862944163
2984.2657342657344,64517.766497461926
2984.2657342657344,64441.62436548223
2989.5104895104896,65126.90355329949
2989.5104895104896,65050.761421319796
2989.5104895104896,64974.6192893401
2989.5104895104896,64898.47715736041
2989.5104895104896,64822.33502538071
2989.5104895104896,64746.192893401014
2989.5104895104896,64670.05076142132
2989.5104895104896,64593.90862944163
2989.5104895104896,64517.766497461926
2989.5104895104896,64441.62436548223
2989.5104895104896,64365.48223350254
2989.5104895104896,64289.340101522845
2989.5104895104896,64213.197969543144
2989.5104895104896,64137.05583756345
2994.755244755245,65050.761421319796
2994.755244755245,64974.6192893401
2994.755244755245,64898.47715736041
2994.755244755245,64822.33502538071
2994.755244755245,64746.192893401014
2994.755244755245,64670.05076142132
2994.755244755245,64593.90862944163
2994.755244755245,64517.766497461926
2994.755244755245,64441.62436548223
2994.755244755245,64365.48223350254
2994.755244755245,64289.340101522845
2994.755244755245,64213.197969543144
2994.755244755245,64137.05583756345
2994.755244755245,64060.91370558376
2994.755244755245,63984.77157360406
2994.755244755245,63908.62944162437
2994.755244755245,63832.48730964467
2994.755244755245,63756.345177664974
2994.755244755245,63680.20304568528
2994.755244755245,63604.06091370559
3000.0,64898.47715736041
3000.0,64822.33502538071
3000.0,64746.192893401014
3000.0,64670.05076142132
3000.0,64593.90862944163
3000.0,64517.766497461926
3000.0,64441.62436548223
3000.0,64365.48223350254
3000.0,64289.340101522845
3000.0,64213.197969543144
3000.0,64137.05583756345
3000.0,64060.91370558376
3000.0,63984.77157360406
3000.0,63908.62944162437
3000.0,63832.48730964467
3000.0,63756.345177664974
3000.0,63680.20304568528
3000.0,63604.06091370559
3000.0,63527.918781725886
3000.0,63451.77664974619
3000.0,63375.6345177665
3000.0,63299.492385786805
3000.0,63223.350253807104
3000.0,63147.20812182741
3000.0,63071.06598984772
3005.244755244755,64517.766497461926
3005.244755244755,64441.62436548223
3005.244755244755,64365.48223350254
3005.244755244755,64289.340101522845
3005.244755244755,64213.197969543144
3005.244755244755,64137.05583756345
3005.244755244755,64060.91370558376
3005.244755244755,63984.77157360406
3005.244755244755,63908.62944162437
3005.244755244755,63832.48730964467
3005.244755244755,63756.345177664974
3005.244755244755,63680.20304568528
3005.244755244755,63604.06091370559
3005.244755244755,63527.918781725886
3005.244755244755,63451.77664974619
3005.244755244755,63375.6345177665
3005.244755244755,63299.492385786805
3005.244755244755,63223.350253807104
3005.244755244755,63147.20812182741
3005.244755244755,63071.06598984772
3005.244755244755,62994.92385786802
3005.244755244755,62918.78172588832
3005.244755244755,62842.63959390863
3005.244755244755,62766.497461928935
3005.244755244755,62690.35532994924
3005.244755244755,62614.21319796954
3005.244755244755,62538.07106598985
3005.244755244755,62461.92893401015
3005.244755244755,62385.78680203046
3010.4895104895104,64213.197969543144
3010.4895104895104,64137.05583756345
3010.4895104895104,64060.91370558376
3010.4895104895104,63984.77157360406
3010.4895104895104,63908.62944162437
3010.4895104895104,63832.48730964467
3010.4895104895104,63756.345177664974
3010.4895104895104,63680.20304568528
3010.4895104895104,63604.06091370559
3010.4895104895104,63527.918781725886
3010.4895104895104,63451.77664974619
3010.4895104895104,63375.6345177665
3010.4895104895104,63299.492385786805
3010.4895104895104,63223.350253807104
3010.4895104895104,63147.20812182741
3010.4895104895104,63071.06598984772
3010.4895104895104,62994.92385786802
3010.4895104895104,62918.78172588832
3010.4895104895104,62842.63959390863
3010.4895104895104,62766.497461928935
3010.4895104895104,62690.35532994924
3010.4895104895104,62614.21319796954
3010.4895104895104,62538.07106598985
3010.4895104895104,62461.92893401015
3010.4895104895104,62385.78680203046
3010.4895104895104,62309.64467005076
3010.4895104895104,62233.502538071065
3010.4895104895104,62157.36040609137
3010.4895104895104,62081.21827411168
3010.4895104895104,62005.07614213198
3010.4895104895104,61928.93401015228
3010.4895104895104,61852.79187817259
3015.7342657342656,63756.345177664974
3015.7342657342656,63680.20304568528
3015.7342657342656,63604.06091370559
3015.7342657342656,63527.918781725886
3015.7342657342656,63451.77664974619
3015.7342657342656,63375.6345177665
3015.7342657342656,63299.492385786805
3015.7342657342656,63223.350253807104
3015.7342657342656,63147.20812182741
3015.7342657342656,63071.06598984772
3015.7342657342656,62994.92385786802
3015.7342657342656,62918.78172588832
3015.7342657342656,62842.63959390863
3015.7342657342656,62766.497461928935
3015.7342657342656,62690.35532994924
3015.7342657342656,62614.21319796954
3015.7342657342656,62538.07106598985
3015.7342657342656,62461.92893401015
3015.7342657342656,62385.78680203046
3015.7342657342656,62309.64467005076
3015.7342657342656,62233.502538071065
3015.7342657342656,62157.36040609137
3015.7342657342656,62081.21827411168
3015.7342657342656,62005.07614213198
3015.7342657342656,61928.93401015228
3015.7342657342656,61852.79187817259
3015.7342657342656,61776.649746192896
3015.7342657342656,61700.507614213195
3015.7342657342656,61624.3654822335
3015.7342657342656,61548.22335025381
3015.7342657342656,61472.081218274114
3015.7342657342656,61395.93908629441
3020.979020979021,63223.350253807104
3020.979020979021,63147.20812182741
3020.979020979021,63071.06598984772
3020.979020979021,62994.92385786802
3020.979020979021,62918.78172588832
3020.979020979021,62842.63959390863
3020.979020979021,62766.497461928935
3020.979020979021,62690.35532994924
3020.979020979021,62614.21319796954
3020.979020979021,62538.07106598985
3020.979020979021,62461.92893401015
3020.979020979021,62385.78680203046
3020.979020979021,62309.64467005076
3020.979020979021,62233.502538071065
3020.979020979021,62157.36040609137
3020.979020979021,62081.21827411168
3020.979020979021,62005.07614213198
3020.979020979021,61928.93401015228
3020.979020979021,61852.79187817259
3020.979020979021,61776.649746192896
3020.979020979021,61700.507614213195
3020.979020979021,61624.3654822335
3020.979020979021,61548.22335025381
3020.979020979021,61472.081218274114
3020.979020979021,61395.93908629441
3020.979020979021,61319.79695431472
3020.979020979021,61243.654822335026
3020.979020979021,61167.51269035533
3026.2237762237764,62538.07106598985
3026.2237762237764,62461.92893401015
3026.2237762237764,62385.78680203046
3026.2237762237764,62309.64467005076
3026.2237762237764,62233.502538071065
3026.2237762237764,62157.36040609137
3026.2237762237764,62081.21827411168
3026.2237762237764,62005.07614213198
3026.2237762237764,61928.93401015228
3026.2237762237764,61852.79187817259
3026.2237762237764,61776.649746192896
3026.2237762237764,61700.507614213195
3026.2237762237764,61624.3654822335
3026.2237762237764,61548.22335025381
3026.2237762237764,61472.081218274114
3026.2237762237764,61395.93908629441
3026.2237762237764,61319.79695431472
3026.2237762237764,61243.654822335026
3026.2237762237764,61167.51269035533
3026.2237762237764,61091.37055837563
3026.2237762237764,61015.22842639594
3026.2237762237764,60939.08629441624
3031.4685314685316,61928.93401015228
3031.4685314685316,61852.79187817259
3031.4685314685316,61776.649746192896
3031.4685314685316,61700.507614213195
3031.4685314685316,61624.3654822335
3031.4685314685316,61548.22335025381
3031.4685314685316,61472.081218274114
3031.4685314685316,61395.93908629441
3031.4685314685316,61319.79695431472
3031.4685314685316,61243.654822335026
3031.4685314685316,61167.51269035533
3031.4685314685316,61091.37055837563
3031.4685314685316,61015.22842639594
3031.4685314685316,60939.08629441624
3031.4685314685316,60862.94416243655
3031.4685314685316,60786.802030456856
3031.4685314685316,60710.659898477155
3031.4685314685316,60634.51776649746
3036.713286713287,61395.93908629441
3036.713286713287,61319.79695431472
3036.713286713287,61243.654822335026
3036.713286713287,61167.51269035533
3036.713286713287,61091.37055837563
3036.713286713287,61015.22842639594
3036.713286713287,60939.08629441624
3036.713286713287,60862.94416243655
3036.713286713287,60786.802030456856
3036.713286713287,60710.659898477155
3036.713286713287,60634.51776649746
3036.713286713287,60558.37563451777
3036.713286713287,60482.233502538074
3036.713286713287,60406.09137055837
3041.958041958042,61243.654822335026
3041.958041958042,61167.51269035533
3041.958041958042,61091.37055837563
3041.958041958042,61015.22842639594
3041.958041958042,60939.08629441624
3041.958041958042,60862.94416243655
3041.958041958042,60786.802030456856
3041.958041958042,60710.659898477155
3041.958041958042,60634.51776649746
3041.958041958042,60558.37563451777
3041.958041958042,60482.233502538074
3041.958041958042,60406.09137055837
3041.958041958042,60329.94923857868
3041.958041958042,60253.807106598986
3041.958041958042,60177.66497461929
3047.2027972027972,61015.22842639594
3047.2027972027972,60939.08629441624
3047.2027972027972,60862.94416243655
3047.2027972027972,60786.802030456856
3047.2027972027972,60710.659898477155
3047.2027972027972,60634.51776649746
3047.2027972027972,60558.37563451777
3047.2027972027972,60482.233502538074
3047.2027972027972,60406.09137055837
3047.2027972027972,60329.94923857868
3047.2027972027972,60253.807106598986
3047.2027972027972,60177.66497461929
3047.2027972027972,60101.52284263959
3052.4475524475524,60786.802030456856
3052.4475524475524,60710.659898477155
3052.4475524475524,60634.51776649746
3052.4475524475524,60558.37563451777
3052.4475524475524,60482.233502538074
3052.4475524475524,60406.09137055837
3052.4475524475524,60329.94923857868
3052.4475524475524,60253.807106598986
3052.4475524475524,60177.66497461929
3052.4475524475524,60101.52284263959
3057.6923076923076,60634.51776649746
3057.6923076923076,60558.37563451777
3057.6923076923076,60482.233502538074
3057.6923076923076,60406.09137055837
3057.6923076923076,60329.94923857868
3057.6923076923076,60253.807106598986
3057.6923076923076,60177.66497461929
3057.6923076923076,60101.52284263959
3062.937062937063,60558.37563451777
3062.937062937063,60482.233502538074
3062.937062937063,60406.09137055837
3062.937062937063,60329.94923857868
3062.937062937063,60253.807106598986
3062.937062937063,60177.66497461929
3062.937062937063,60101.52284263959
3062.937062937063,60025.3807106599
3062.937062937063,59949.238578680204
3062.937062937063,59873.09644670051
3062.937062937063,59796.95431472081
3062.937062937063,59720.812182741116
3062.937062937063,59644.67005076142
3068.181818181818,60558.37563451777
3068.181818181818,60482.233502538074
3068.181818181818,60406.09137055837
3068.181818181818,60329.94923857868
3068.181818181818,60253.807106598986
3068.181818181818,60177.66497461929
3068.181818181818,60101.52284263959
3068.181818181818,60025.3807106599
3068.181818181818,59949.238578680204
3068.181818181818,59873.09644670051
3068.181818181818,59796.95431472081
3068.181818181818,59720.812182741116
3068.181818181818,59644.67005076142
3068.181818181818,59568.52791878173
3073.426573426573,60482.233502538074
3073.426573426573,60406.09137055837
3073.426573426573,60329.94923857868
3073.426573426573,60253.807106598986
3073.426573426573,60177.66497461929
3073.426573426573,60101.52284263959
3073.426573426573,60025.3807106599
3073.426573426573,59949.238578680204
3073.426573426573,59873.09644670051
3073.426573426573,59796.95431472081
3073.426573426573,59720.812182741116
3073.426573426573,59644.67005076142
3073.426573426573,59568.52791878173
3073.426573426573,59492.38578680203
3073.426573426573,59416.243654822334
3073.426573426573,59340.10152284264
3073.426573426573,59263.95939086295
3078.671328671329,60253.807106598986
3078.671328671329,60177.66497461929
3078.671328671329,60101.52284263959
3078.671328671329,60025.3807106599
3078.671328671329,59949.238578680204
3078.671328671329,59873.09644670051
3078.671328671329,59796.95431472081
3078.671328671329,59720.812182741116
3078.671328671329,59644.67005076142
3078.671328671329,59568.52791878173
3078.671328671329,59492.38578680203
3078.671328671329,59416.243654822334
3078.671328671329,59340.10152284264
3078.671328671329,59263.95939086295
3078.671328671329,59187.817258883246
3078.671328671329,59111.67512690355
3078.671328671329,59035.53299492386
3078.671328671329,58959.390862944165
3078.671328671329,58883.248730964464
3083.916083916084,59720.812182741116
3083.916083916084,59644.67005076142
3083.916083916084,59568.52791878173
3083.916083916084,59492.38578680203
3083.916083916084,59416.243654822334
3083.916083916084,59340.10152284264
3083.916083916084,59263.95939086295
3083.916083916084,59187.817258883246
3083.916083916084,59111.67512690355
3083.916083916084,59035.53299492386
3083.916083916084,58959.390862944165
3083.916083916084,58883.248730964464
3083.916083916084,58807.10659898477
3083.916083916084,58730.96446700508
3083.916083916084,58654.82233502538
3083.916083916084,58578.68020304568
3089.1608391608393,59568.52791878173
3089.1608391608393,59492.38578680203
3089.1608391608393,59416.243654822334
3089.1608391608393,59340.10152284264
3089.1608391608393,59263.95939086295
3089.1608391608393,59187.817258883246
3089.1608391608393,59111.67512690355
3089.1608391608393,59035.53299492386
3089.1608391608393,58959.390862944165
3089.1608391608393,58883.248730964464
3089.1608391608393,58807.10659898477
3089.1608391608393,58730.96446700508
3089.1608391608393,58654.82233502538
3089.1608391608393,58578.68020304568
3094.4055944055945,59263.95939086295
3094.4055944055945,59187.817258883246
3094.4055944055945,59111.67512690355
3094.4055944055945,59035.53299492386
3094.4055944055945,58959.390862944165
3094.4055944055945,58883.248730964464
3094.4055944055945,58807.10659898477
3094.4055944055945,58730.96446700508
3094.4055944055945,58654.82233502538
3094.4055944055945,58578.68020304568
3094.4055944055945,58502.53807106599
3099.6503496503497,59187.817258883246
3099.6503496503497,59111.67512690355
3099.6503496503497,59035.53299492386
3099.6503496503497,58959.390862944165
3099.6503496503497,58883.248730964464
3099.6503496503497,58807.10659898477
3099.6503496503497,58730.96446700508
3099.6503496503497,58654.82233502538
3099.6503496503497,58578.68020304568
3104.895104895105,60177.66497461929
3104.895104895105,60101.52284263959
3104.895104895105,60025.3807106599
3104.895104895105,59949.238578680204
3104.895104895105,59873.09644670051
3104.895104895105,59796.95431472081
3104.895104895105,59720.812182741116
3104.895104895105,59644.67005076142
3104.895104895105,59568.52791878173
3104.895104895105,59492.38578680203
3104.895104895105,59416.243654822334
3104.895104895105,59340.10152284264
3104.895104895105,59263.95939086295
3104.895104895105,59187.817258883246
3104.895104895105,59111.67512690355
3104.895104895105,59035.53299492386
3104.895104895105,58959.390862944165
3104.895104895105,58883.248730964464
3104.895104895105,58807.10659898477
3104.895104895105,58730.96446700508
3104.895104895105,58654.82233502538
3110.13986013986,60634.51776649746
3110.13986013986,60558.37563451777
3110.13986013986,60482.233502538074
3110.13986013986,60406.09137055837
3110.13986013986,60329.94923857868
3110.13986013986,60253.807106598986
3110.13986013986,60177.66497461929
3110.13986013986,60101.52284263959
3110.13986013986,60025.3807106599
3110.13986013986,59949.238578680204
3110.13986013986,59873.09644670051
3110.13986013986,59796.95431472081
3110.13986013986,59720.812182741116
3110.13986013986,59644.67005076142
3110.13986013986,59568.52791878173
3110.13986013986,59492.38578680203
3110.13986013986,59416.243654822334
3110.13986013986,59340.10152284264
3110.13986013986,59263.95939086295
3110.13986013986,59187.817258883246
3110.13986013986,59111.67512690355
3110.13986013986,59035.53299492386
3110.13986013986,58959.390862944165
3110.13986013986,58883.248730964464
3110.13986013986,58807.10659898477
3110.13986013986,58730.96446700508
3115.3846153846152,61624.3654822335
3115.3846153846152,61548.22335025381
3115.3846153846152,61472.081218274114
3115.3846153846152,61395.93908629441
3115.3846153846152,61319.79695431472
3115.3846153846152,61243.654822335026
3115.3846153846152,61167.51269035533
3115.3846153846152,61091.37055837563
3115.3846153846152,61015.22842639594
3115.3846153846152,60939.08629441624
3115.3846153846152,60862.94416243655
3115.3846153846152,60786.802030456856
3115.3846153846152,60710.659898477155
3115.3846153846152,60634.51776649746
3115.3846153846152,60558.37563451777
3115.3846153846152,60482.233502538074
3115.3846153846152,60406.09137055837
3115.3846153846152,60329.94923857868
3115.3846153846152,60253.807106598986
3115.3846153846152,60177.66497461929
3115.3846153846152,60101.52284263959
3115.3846153846152,60025.3807106599
3115.3846153846152,59949.238578680204
3115.3846153846152,59873.09644670051
3115.3846153846152,59796.95431472081
3115.3846153846152,59720.812182741116
3115.3846153846152,59644.67005076142
3115.3846153846152,59568.52791878173
3115.3846153846152,59492.38578680203
3115.3846153846152,59416.243654822334
3115.3846153846152,59340.10152284264
3115.3846153846152,59263.95939086295
3115.3846153846152,59187.817258883246
3115.3846153846152,59111.67512690355
3115.3846153846152,59035.53299492386
3115.3846153846152,58959.390862944165
3115.3846153846152,58883.248730964464
3120.6293706293704,62538.07106598985
3120.6293706293704,62461.92893401015
3120.6293706293704,62385.78680203046
3120.6293706293704,62309.64467005076
3120.6293706293704,62233.502538071065
3120.6293706293704,62157.36040609137
3120.6293706293704,62081.21827411168
3120.6293706293704,62005.07614213198
3120.6293706293704,61928.93401015228
3120.6293706293704,61852.79187817259
3120.6293706293704,61776.649746192896
3120.6293706293704,61700.507614213195
3120.6293706293704,61624.3654822335
3120.6293706293704,61548.22335025381
3120.6293706293704,61472.081218274114
3120.6293706293704,61395.93908629441
3120.6293706293704,61319.79695431472
3120.6293706293704,61243.654822335026
3120.6293706293704,61167.51269035533
3120.6293706293704,61091.37055837563
3120.6293706293704,61015.22842639594
3120.6293706293704,60939.08629441624
3120.6293706293704,60862.94416243655
3120.6293706293704,60786.802030456856
3120.6293706293704,60710.659898477155
3120.6293706293704,60634.51776649746
3120.6293706293704,60558.37563451777
3120.6293706293704,60482.233502538074
3120.6293706293704,60406.09137055837
3120.6293706293704,60329.94923857868
3120.6293706293704,60253.807106598986
3120.6293706293704,60177.66497461929
3120.6293706293704,60101.52284263959
3120.6293706293704,60025.3807106599
3120.6293706293704,59949.238578680204
3120.6293706293704,59873.09644670051
3120.6293706293704,59796.95431472081
3120.6293706293704,59720.812182741116
3120.6293706293704,59644.67005076142
3120.6293706293704,59568.52791878173
3120.6293706293704,59492.38578680203
3120.6293706293704,59416.243654822334
3120.6293706293704,59340.10152284264
3120.6293706293704,59263.95939086295
3120.6293706293704,59187.817258883246
3120.6293706293704,59111.67512690355
3125.874125874126,63451.77664974619
3125.874125874126,63375.6345177665
3125.874125874126,63299.492385786805
3125.874125874126,63223.350253807104
3125.874125874126,63147.20812182741
3125.874125874126,63071.06598984772
3125.874125874126,62994.92385786802
3125.874125874126,62918.78172588832
3125.874125874126,62842.63959390863
3125.874125874126,62766.497461928935
3125.874125874126,62690.35532994924
3125.874125874126,62614.21319796954
3125.874125874126,62538.07106598985
3125.874125874126,62461.92893401015
3125.874125874126,62385.78680203046
3125.874125874126,62309.64467005076
3125.874125874126,62233.502538071065
3125.874125874126,62157.36040609137
3125.874125874126,62081.21827411168
3125.874125874126,62005.07614213198
3125.874125874126,61928.93401015228
3125.874125874126,61852.79187817259
3125.874125874126,61776.649746192896
3125.874125874126,61700.507614213195
3125.874125874126,61624.3654822335
3125.874125874126,61548.22335025381
3125.874125874126,61472.081218274114
3125.874125874126,61395.93908629441
3125.874125874126,61319.79695431472
3125.874125874126,61243.654822335026
3125.874125874126,61167.51269035533
3125.874125874126,61091.37055837563
3125.874125874126,61015.22842639594
3125.874125874126,60939.08629441624
3125.874125874126,60862.94416243655
3125.874125874126,60786.802030456856
3125.874125874126,60710.659898477155
3125.874125874126,60634.51776649746
3125.874125874126,60558.37563451777
3125.874125874126,60482.233502538074
3125.874125874126,60406.09137055837
3125.874125874126,60329.94923857868
3125.874125874126,60253.807106598986
3125.874125874126,60177.66497461929
3125.874125874126,60101.52284263959
3125.874125874126,60025.3807106599
3131.1188811188813,64517.766497461926
3131.1188811188813,64441.62436548223
3131.1188811188813,64365.48223350254
3131.1188811188813,64289.340101522845
3131.1188811188813,64213.197969543144
3131.1188811188813,64137.05583756345
3131.1188811188813,64060.91370558376
3131.1188811188813,63984.77157360406
3131.1188811188813,63908.62944162437
3131.1188811188813,63832.48730964467
3131.1188811188813,63756.345177664974
3131.1188811188813,63680.20304568528
3131.1188811188813,63604.06091370559
3131.1188811188813,63527.918781725886
3131.1188811188813,63451.77664974619
3131.1188811188813,63375.6345177665
3131.1188811188813,63299.492385786805
3131.1188811188813,63223.350253807104
3131.1188811188813,63147.20812182741
3131.1188811188813,63071.06598984772
3131.1188811188813,62994.92385786802
3131.1188811188813,62918.78172588832
3131.1188811188813,62842.63959390863
3131.1188811188813,62766.497461928935
3131.1188811188813,62690.35532994924
3131.1188811188813,62614.21319796954
3131.1188811188813,62538.07106598985
3131.1188811188813,62461.92893401015
3131.1188811188813,62385.78680203046
3131.1188811188813,62309.64467005076
3131.1188811188813,62233.502538071065
3131.1188811188813,62157.36040609137
3131.1188811188813,62081.21827411168
3131.1188811188813,62005.07614213198
3131.1188811188813,61928.93401015228
3131.1188811188813,61852.79187817259
3131.1188811188813,61776.649746192896
3131.1188811188813,61700.507614213195
3131.1188811188813,61624.3654822335
3131.1188811188813,61548.22335025381
3131.1188811188813,61472.081218274114
3131.1188811188813,61395.93908629441
3131.1188811188813,61319.79695431472
3131.1188811188813,61243.654822335026
3131.1188811188813,61167.51269035533
3131.1188811188813,61091.37055837563
3131.1188811188813,61015.22842639594
3131.1188811188813,60939.08629441624
3131.1188811188813,60862.94416243655
3131.1188811188813,60786.802030456856
3131.1188811188813,60710.659898477155
3131.1188811188813,60634.51776649746
3131.1188811188813,60558.37563451777
3131.1188811188813,60482.233502538074
3136.3636363636365,65812.18274111676
3136.3636363636365,65736.04060913705
3136.3636363636365,65659.89847715736
3136.3636363636365,65583.75634517767
3136.3636363636365,65507.61421319797
3136.3636363636365,65431.47208121827
3136.3636363636365,65355.32994923858
3136.3636363636365,65279.187817258884
3136.3636363636365,65203.04568527919
3136.3636363636365,65126.90355329949
3136.3636363636365,65050.761421319796
3136.3636363636365,64974.6192893401
3136.3636363636365,64898.47715736041
3136.3636363636365,64822.33502538071
3136.3636363636365,64746.192893401014
3136.3636363636365,64670.05076142132
3136.3636363636365,64593.90862944163
3136.3636363636365,64517.766497461926
3136.3636363636365,64441.62436548223
3136.3636363636365,64365.48223350254
3136.3636363636365,64289.340101522845
3136.3636363636365,64213.197969543144
3136.3636363636365,64137.05583756345
3136.3636363636365,64060.91370558376
3136.3636363636365,63984.77157360406
3136.3636363636365,63908.62944162437
3136.3636363636365,63832.48730964467
3136.3636363636365,63756.345177664974
3136.3636363636365,63680.20304568528
3136.3636363636365,63604.06091370559
3136.3636363636365,63527.918781725886
3136.3636363636365,63451.77664974619
3136.3636363636365,63375.6345177665
3136.3636363636365,63299.492385786805
3136.3636363636365,63223.350253807104
3136.3636363636365,63147.20812182741
3136.3636363636365,63071.06598984772
3136.3636363636365,62994.92385786802
3136.3636363636365,62918.78172588832
3136.3636363636365,62842.63959390863
3136.3636363636365,62766.497461928935
3136.3636363636365,62690.35532994924
3136.3636363636365,62614.21319796954
3136.3636363636365,62538.07106598985
3136.3636363636365,62461.92893401015
3136.3636363636365,62385.78680203046
3136.3636363636365,62309.64467005076
3136.3636363636365,62233.502538071065
3136.3636363636365,62157.36040609137
3136.3636363636365,62081.21827411168
3136.3636363636365,62005.07614213198
3136.3636363636365,61928.93401015228
3136.3636363636365,61852.79187817259
3136.3636363636365,61776.649746192896
3136.3636363636365,61700.507614213195
3136.3636363636365,61624.3654822335
3136.3636363636365,61548.22335025381
3136.3636363636365,61472.081218274114
3136.3636363636365,61395.93908629441
3141.6083916083917,66725.8883248731
3141.6083916083917,66649.74619289339
3141.6083916083917,66573.6040609137
3141.6083916083917,66497.461928934
3141.6083916083917,66421.31979695431
3141.6083916083917,66345.17766497462
3141.6083916083917,66269.03553299492
3141.6083916083917,66192.89340101523
3141.6083916083917,66116.75126903554
3141.6083916083917,66040.60913705584
3141.6083916083917,65964.46700507615
3141.6083916083917,65888.32487309646
3141.6083916083917,65812.18274111676
3141.6083916083917,65736.04060913705
3141.6083916083917,65659.89847715736
3141.6083916083917,65583.75634517767
3141.6083916083917,65507.61421319797
3141.6083916083917,65431.47208121827
3141.6083916083917,65355.32994923858
3141.6083916083917,65279.187817258884
3141.6083916083917,65203.04568527919
3141.6083916083917,65126.90355329949
3141.6083916083917,65050.761421319796
3141.6083916083917,64974.6192893401
3141.6083916083917,64898.47715736041
3141.6083916083917,64822.33502538071
3141.6083916083917,64746.192893401014
3141.6083916083917,64670.05076142132
3141.6083916083917,64593.90862944163
3141.6083916083917,64517.766497461926
3141.6083916083917,64441.62436548223
3141.6083916083917,64365.48223350254
3141.6083916083917,64289.340101522845
3141.6083916083917,64213.197969543144
3141.6083916083917,64137.05583756345
3141.6083916083917,64060.91370558376
3141.6083916083917,63984.77157360406
3141.6083916083917,63908.62944162437
3141.6083916083917,63832.48730964467
3141.6083916083917,63756.345177664974
3141.6083916083917,63680.20304568528
3141.6083916083917,63604.06091370559
3141.6083916083917,63527.918781725886
3141.6083916083917,63451.77664974619
3141.6083916083917,63375.6345177665
3141.6083916083917,63299.492385786805
3141.6083916083917,63223.350253807104
3141.6083916083917,63147.20812182741
3141.6083916083917,63071.06598984772
3141.6083916083917,62994.92385786802
3141.6083916083917,62918.78172588832
3141.6083916083917,62842.63959390863
3141.6083916083917,62766.497461928935
3141.6083916083917,62690.35532994924
3141.6083916083917,62614.21319796954
3141.6083916083917,62538.07106598985
3141.6083916083917,62461.92893401015
3141.6083916083917,62385.78680203046
3146.853146853147,67944.16243654821
3146.853146853147,67868.02030456852
3146.853146853147,67791.87817258883
3146.853146853147,67715.73604060913
3146.853146853147,67639.59390862944
3146.853146853147,67563.45177664974
3146.853146853147,67487.30964467005
3146.853146853147,67411.16751269036
3146.853146853147,67335.02538071066
3146.853146853147,67258.88324873097
3146.853146853147,67182.74111675128
3146.853146853147,67106.59898477158
3146.853146853147,67030.45685279187
3146.853146853147,66954.31472081218
3146.853146853147,66878.17258883249
3146.853146853147,66802.0304568528
3146.853146853147,66725.8883248731
3146.853146853147,66649.74619289339
3146.853146853147,66573.6040609137
3146.853146853147,66497.461928934
3146.853146853147,66421.31979695431
3146.853146853147,66345.17766497462
3146.853146853147,66269.03553299492
3146.853146853147,66192.89340101523
3146.853146853147,66116.75126903554
3146.853146853147,66040.60913705584
3146.853146853147,65964.46700507615
3146.853146853147,65888.32487309646
3146.853146853147,65812.18274111676
3146.853146853147,65736.04060913705
3146.853146853147,65659.89847715736
3146.853146853147,65583.75634517767
3146.853146853147,65507.61421319797
3146.853146853147,65431.47208121827
3146.853146853147,65355.32994923858
3146.853146853147,65279.187817258884
3146.853146853147,65203.04568527919
3146.853146853147,65126.90355329949
3146.853146853147,65050.761421319796
3146.853146853147,64974.6192893401
3146.853146853147,64898.47715736041
3146.853146853147,64822.33502538071
3146.853146853147,64746.192893401014
3146.853146853147,64670.05076142132
3146.853146853147,64593.90862944163
3146.853146853147,64517.766497461926
3146.853146853147,64441.62436548223
3146.853146853147,64365.48223350254
3146.853146853147,64289.340101522845
3146.853146853147,64213.197969543144
3146.853146853147,64137.05583756345
3146.853146853147,64060.91370558376
3146.853146853147,63984.77157360406
3146.853146853147,63908.62944162437
3146.853146853147,63832.48730964467
3146.853146853147,63756.345177664974
3146.853146853147,63680.20304568528
3146.853146853147,63604.06091370559
3146.853146853147,63527.918781725886
3146.853146853147,63451.77664974619
3146.853146853147,63375.6345177665
3146.853146853147,63299.492385786805
3146.853146853147,63223.350253807104
3152.097902097902,68934.01015228426
3152.097902097902,68857.86802030457
3152.097902097902,68781.72588832487
3152.097902097902,68705.58375634518
3152.097902097902,68629.44162436549
3152.097902097902,68553.29949238579
3152.097902097902,68477.1573604061
3152.097902097902,68401.0152284264
3152.097902097902,68324.87309644671
3152.097902097902,68248.730964467
3152.097902097902,68172.58883248731
3152.097902097902,68096.44670050761
3152.097902097902,68020.30456852792
3152.097902097902,67944.16243654821
3152.097902097902,67868.02030456852
3152.097902097902,67791.87817258883
3152.097902097902,67715.73604060913
3152.097902097902,67639.59390862944
3152.097902097902,67563.45177664974
3152.097902097902,67487.30964467005
3152.097902097902,67411.16751269036
3152.097902097902,67335.02538071066
3152.097902097902,67258.88324873097
3152.097902097902,67182.74111675128
3152.097902097902,67106.59898477158
3152.097902097902,67030.45685279187
3152.097902097902,66954.31472081218
3152.097902097902,66878.17258883249
3152.097902097902,66802.0304568528
3152.097902097902,66725.8883248731
3152.097902097902,66649.74619289339
3152.097902097902,66573.6040609137
3152.097902097902,66497.461928934
3152.097902097902,66421.31979695431
3152.097902097902,66345.17766497462
3152.097902097902,66269.03553299492
3152.097902097902,66192.89340101523
3152.097902097902,66116.75126903554
3152.097902097902,66040.60913705584
3152.097902097902,65964.46700507615
3152.097902097902,65888.32487309646
3152.097902097902,65812.18274111676
3152.097902097902,65736.04060913705
3152.097902097902,65659.89847715736
3152.097902097902,65583.75634517767
3152.097902097902,65507.61421319797
3152.097902097902,65431.47208121827
3152.097902097902,65355.32994923858
3152.097902097902,65279.187817258884
3152.097902097902,65203.04568527919
3152.097902097902,65126.90355329949
3152.097902097902,65050.761421319796
3152.097902097902,64974.6192893401
3152.097902097902,64898.47715736041
3152.097902097902,64822.33502538071
3152.097902097902,64746.192893401014
3152.097902097902,64670.05076142132
3152.097902097902,64593.90862944163
3152.097902097902,64517.766497461926
3152.097902097902,64441.62436548223
3152.097902097902,64365.48223350254
3152.097902097902,64289.340101522845
3157.3426573426573,69695.43147208123
3157.3426573426573,69619.28934010153
3157.3426573426573,69543.14720812184
3157.3426573426573,69467.00507614213
3157.3426573426573,69390.86294416244
3157.3426573426573,69314.72081218274
3157.3426573426573,69238.57868020305
3157.3426573426573,69162.43654822334
3157.3426573426573,69086.29441624365
3157.3426573426573,69010.15228426395
3157.3426573426573,68934.01015228426
3157.3426573426573,68857.86802030457
3157.3426573426573,68781.72588832487
3157.3426573426573,68705.58375634518
3157.3426573426573,68629.44162436549
3157.3426573426573,68553.29949238579
3157.3426573426573,68477.1573604061
3157.3426573426573,68401.0152284264
3157.3426573426573,68324.87309644671
3157.3426573426573,68248.730964467
3157.3426573426573,68172.58883248731
3157.3426573426573,68096.44670050761
3157.3426573426573,68020.30456852792
3157.3426573426573,67944.16243654821
3157.3426573426573,67868.02030456852
3157.3426573426573,67791.87817258883
3157.3426573426573,67715.73604060913
3157.3426573426573,67639.59390862944
3157.3426573426573,67563.45177664974
3157.3426573426573,67487.30964467005
3157.3426573426573,67411.16751269036
3157.3426573426573,67335.02538071066
3157.3426573426573,67258.88324873097
3157.3426573426573,67182.74111675128
3157.3426573426573,67106.59898477158
3157.3426573426573,67030.45685279187
3157.3426573426573,66954.31472081218
3157.3426573426573,66878.17258883249
3157.3426573426573,66802.0304568528
3157.3426573426573,66725.8883248731
3157.3426573426573,66649.74619289339
3157.3426573426573,66573.6040609137
3157.3426573426573,66497.461928934
3157.3426573426573,66421.31979695431
3157.3426573426573,66345.17766497462
3157.3426573426573,66269.03553299492
3157.3426573426573,66192.89340101523
3157.3426573426573,66116.75126903554
3157.3426573426573,66040.60913705584
3157.3426573426573,65964.46700507615
3157.3426573426573,65888.32487309646
3157.3426573426573,65812.18274111676
3157.3426573426573,65736.04060913705
3157.3426573426573,65659.89847715736
3157.3426573426573,65583.75634517767
3157.3426573426573,65507.61421319797
3162.5874125874125,70304.56852791877
3162.5874125874125,70228.42639593908
3162.5874125874125,70152.28426395939
3162.5874125874125,70076.1421319797
3162.5874125874125,70000.0
3162.5874125874125,69923.8578680203
3162.5874125874125,69847.71573604061
3162.5874125874125,69771.57360406092
3162.5874125874125,69695.43147208123
3162.5874125874125,69619.28934010153
3162.5874125874125,69543.14720812184
3162.5874125874125,69467.00507614213
3162.5874125874125,69390.86294416244
3162.5874125874125,69314.72081218274
3162.5874125874125,69238.57868020305
3162.5874125874125,69162.43654822334
3162.5874125874125,69086.29441624365
3162.5874125874125,69010.15228426395
3162.5874125874125,68934.01015228426
3162.5874125874125,68857.86802030457
3162.5874125874125,68781.72588832487
3162.5874125874125,68705.58375634518
3162.5874125874125,68629.44162436549
3162.5874125874125,68553.29949238579
3162.5874125874125,68477.1573604061
3162.5874125874125,68401.0152284264
3162.5874125874125,68324.87309644671
3162.5874125874125,68248.730964467
3162.5874125874125,68172.58883248731
3162.5874125874125,68096.44670050761
3162.5874125874125,68020.30456852792
3162.5874125874125,67944.16243654821
3162.5874125874125,67868.02030456852
3162.5874125874125,67791.87817258883
3162.5874125874125,67715.73604060913
3162.5874125874125,67639.59390862944
3162.5874125874125,67563.45177664974
3162.5874125874125,67487.30964467005
3162.5874125874125,67411.16751269036
3162.5874125874125,67335.02538071066
3162.5874125874125,67258.88324873097
3162.5874125874125,67182.74111675128
3162.5874125874125,67106.59898477158
3162.5874125874125,67030.45685279187
3162.5874125874125,66954.31472081218
3162.5874125874125,66878.17258883249
3162.5874125874125,66802.0304568528
3162.5874125874125,66725.8883248731
3162.5874125874125,66649.74619289339
3162.5874125874125,66573.6040609137
3162.5874125874125,66497.461928934
3167.8321678321677,70380.71065989847
3167.8321678321677,70304.56852791877
3167.8321678321677,70228.42639593908
3167.8321678321677,70152.28426395939
3167.8321678321677,70076.1421319797
3167.8321678321677,70000.0
3167.8321678321677,69923.8578680203
3167.8321678321677,69847.71573604061
3167.8321678321677,69771.57360406092
3167.8321678321677,69695.43147208123
3167.8321678321677,69619.28934010153
3167.8321678321677,69543.14720812184
3167.8321678321677,69467.00507614213
3167.8321678321677,69390.86294416244
3167.8321678321677,69314.72081218274
3167.8321678321677,69238.57868020305
3167.8321678321677,69162.43654822334
3167.8321678321677,69086.29441624365
3167.8321678321677,69010.15228426395
3167.8321678321677,68934.01015228426
3167.8321678321677,68857.86802030457
3167.8321678321677,68781.72588832487
3167.8321678321677,68705.58375634518
3167.8321678321677,68629.44162436549
3167.8321678321677,68553.29949238579
3167.8321678321677,68477.1573604061
3167.8321678321677,68401.0152284264
3167.8321678321677,68324.87309644671
3167.8321678321677,68248.730964467
3167.8321678321677,68172.58883248731
3167.8321678321677,68096.44670050761
3167.8321678321677,68020.30456852792
3167.8321678321677,67944.16243654821
3167.8321678321677,67868.02030456852
3167.8321678321677,67791.87817258883
3167.8321678321677,67715.73604060913
3173.076923076923,70456.85279187816
3173.076923076923,70380.71065989847
3173.076923076923,70304.56852791877
3173.076923076923,70228.42639593908
3173.076923076923,70152.28426395939
3173.076923076923,70076.1421319797
3173.076923076923,70000.0
3173.076923076923,69923.8578680203
3173.076923076923,69847.71573604061
3173.076923076923,69771.57360406092
3173.076923076923,69695.43147208123
3173.076923076923,69619.28934010153
3173.076923076923,69543.14720812184
3173.076923076923,69467.00507614213
3173.076923076923,69390.86294416244
3173.076923076923,69314.72081218274
3173.076923076923,69238.57868020305
3173.076923076923,69162.43654822334
3173.076923076923,69086.29441624365
3173.076923076923,69010.15228426395
3173.076923076923,68934.01015228426
3173.076923076923,68857.86802030457
3173.076923076923,68781.72588832487
3178.3216783216785,70532.99492385787
3178.3216783216785,70456.85279187816
3178.3216783216785,70380.71065989847
3178.3216783216785,70304.56852791877
3178.3216783216785,70228.42639593908
3178.3216783216785,70152.28426395939
3178.3216783216785,70076.1421319797
3178.3216783216785,70000.0
3178.3216783216785,69923.8578680203
3178.3216783216785,69847.71573604061
3178.3216783216785,69771.57360406092
3178.3216783216785,69695.43147208123
3178.3216783216785,69619.28934010153
3178.3216783216785,69543.14720812184
3178.3216783216785,69467.00507614213
3178.3216783216785,69390.86294416244
3178.3216783216785,69314.72081218274
3178.3216783216785,69238.57868020305
3178.3216783216785,69162.43654822334
3178.3216783216785,69086.29441624365
3183.5664335664337,70456.85279187816
3183.5664335664337,70380.71065989847
3183.5664335664337,70304.56852791877
3183.5664335664337,70228.42639593908
3183.5664335664337,70152.28426395939
3183.5664335664337,70076.1421319797
3183.5664335664337,70000.0
3183.5664335664337,69923.8578680203
3183.5664335664337,69847.71573604061
3183.5664335664337,69771.57360406092
3183.5664335664337,69695.43147208123
3183.5664335664337,69619.28934010153
3183.5664335664337,69543.14720812184
3183.5664335664337,69467.00507614213
3183.5664335664337,69390.86294416244
3183.5664335664337,69314.72081218274
3183.5664335664337,69238.57868020305
3183.5664335664337,69162.43654822334
3183.5664335664337,69086.29441624365
3183.5664335664337,69010.15228426395
3183.5664335664337,68934.01015228426
3183.5664335664337,68857.86802030457
3183.5664335664337,68781.72588832487
3183.5664335664337,68705.58375634518
3183.5664335664337,68629.44162436549
3183.5664335664337,68553.29949238579
3183.5664335664337,68477.1573604061
3183.5664335664337,68401.0152284264
3183.5664335664337,68324.87309644671
3183.5664335664337,68248.730964467
3183.5664335664337,68172.58883248731
3183.5664335664337,68096.44670050761
3188.811188811189,70380.71065989847
3188.811188811189,70304.56852791877
3188.811188811189,70228.42639593908
3188.811188811189,70152.28426395939
3188.811188811189,70076.1421319797
3188.811188811189,70000.0
3188.811188811189,69923.8578680203
3188.811188811189,69847.71573604061
3188.811188811189,69771.57360406092
3188.811188811189,69695.43147208123
3188.811188811189,69619.28934010153
3188.811188811189,69543.14720812184
3188.811188811189,69467.00507614213
3188.811188811189,69390.86294416244
3188.811188811189,69314.72081218274
3188.811188811189,69238.57868020305
3188.811188811189,69162.43654822334
3188.811188811189,69086.29441624365
3188.811188811189,69010.15228426395
3188.811188811189,68934.01015228426
3188.811188811189,68857.86802030457
3188.811188811189,68781.72588832487
3188.811188811189,68705.58375634518
3188.811188811189,68629.44162436549
3188.811188811189,68553.29949238579
3188.811188811189,68477.1573604061
3188.811188811189,68401.0152284264
3188.811188811189,68324.87309644671
3188.811188811189,68248.730964467
3188.811188811189,68172.58883248731
3188.811188811189,68096.44670050761
3188.811188811189,68020.30456852792
3188.811188811189,67944.16243654821
3188.811188811189,67868.02030456852
3188.811188811189,67791.87817258883
3188.811188811189,67715.73604060913
3188.811188811189,67639.59390862944
3188.811188811189,67563.45177664974
3188.811188811189,67487.30964467005
3188.811188811189,67411.16751269036
3188.811188811189,67335.02538071066
3188.811188811189,67258.88324873097
3188.811188811189,67182.74111675128
3188.811188811189,67106.59898477158
3188.811188811189,67030.45685279187
3188.811188811189,66954.31472081218
3188.811188811189,66878.17258883249
3194.055944055944,70000.0
3194.055944055944,69923.8578680203
3194.055944055944,69847.71573604061
3194.055944055944,69771.57360406092
3194.055944055944,69695.43147208123
3194.055944055944,69619.28934010153
3194.055944055944,69543.14720812184
3194.055944055944,69467.00507614213
3194.055944055944,69390.86294416244
3194.055944055944,69314.72081218274
3194.055944055944,69238.57868020305
3194.055944055944,69162.43654822334
3194.055944055944,69086.29441624365
3194.055944055944,69010.15228426395
3194.055944055944,68934.01015228426
3194.055944055944,68857.86802030457
3194.055944055944,68781.72588832487
3194.055944055944,68705.58375634518
3194.055944055944,68629.44162436549
3194.055944055944,68553.29949238579
3194.055944055944,68477.1573604061
3194.055944055944,68401.0152284264
3194.055944055944,68324.87309644671
3194.055944055944,68248.730964467
3194.055944055944,68172.58883248731
3194.055944055944,68096.44670050761
3194.055944055944,68020.30456852792
3194.055944055944,67944.16243654821
3194.055944055944,67868.02030456852
3194.055944055944,67791.87817258883
3194.055944055944,67715.73604060913
3194.055944055944,67639.59390862944
3194.055944055944,67563.45177664974
3194.055944055944,67487.30964467005
3194.055944055944,67411.16751269036
3194.055944055944,67335.02538071066
3194.055944055944,67258.88324873097
3194.055944055944,67182.74111675128
3194.055944055944,67106.59898477158
3194.055944055944,67030.45685279187
3194.055944055944,66954.31472081218
3194.055944055944,66878.17258883249
3194.055944055944,66802.0304568528
3194.055944055944,66725.8883248731
3194.055944055944,66649.74619289339
3194.055944055944,66573.6040609137
3194.055944055944,66497.461928934
3194.055944055944,66421.31979695431
3194.055944055944,66345.17766497462
3194.055944055944,66269.03553299492
3194.055944055944,66192.89340101523
3194.055944055944,66116.75126903554
3194.055944055944,66040.60913705584
3194.055944055944,65964.46700507615
3194.055944055944,65888.32487309646
3194.055944055944,65812.18274111676
3194.055944055944,65736.04060913705
3194.055944055944,65659.89847715736
3199.3006993006993,69238.57868020305
3199.3006993006993,69162.43654822334
3199.3006993006993,69086.29441624365
3199.3006993006993,69010.15228426395
3199.3006993006993,68934.01015228426
3199.3006993006993,68857.86802030457
3199.3006993006993,68781.72588832487
3199.3006993006993,68705.58375634518
3199.3006993006993,68629.44162436549
3199.3006993006993,68553.29949238579
3199.3006993006993,68477.1573604061
3199.3006993006993,68401.0152284264
3199.3006993006993,68324.87309644671
3199.3006993006993,68248.730964467
3199.3006993006993,68172.58883248731
3199.3006993006993,68096.44670050761
3199.3006993006993,68020.30456852792
3199.3006993006993,67944.16243654821
3199.3006993006993,67868.02030456852
3199.3006993006993,67791.87817258883
3199.3006993006993,67715.73604060913
3199.3006993006993,67639.59390862944
3199.3006993006993,67563.45177664974
3199.3006993006993,67487.30964467005
3199.3006993006993,67411.16751269036
3199.3006993006993,67335.02538071066
3199.3006993006993,67258.88324873097
3199.3006993006993,67182.74111675128
3199.3006993006993,67106.59898477158
3199.3006993006993,67030.45685279187
3199.3006993006993,66954.31472081218
3199.3006993006993,66878.17258883249
3199.3006993006993,66802.0304568528
3199.3006993006993,66725.8883248731
3199.3006993006993,66649.74619289339
3199.3006993006993,66573.6040609137
3199.3006993006993,66497.461928934
3199.3006993006993,66421.31979695431
3199.3006993006993,66345.17766497462
3199.3006993006993,66269.03553299492
3199.3006993006993,66192.89340101523
3199.3006993006993,66116.75126903554
3199.3006993006993,66040.60913705584
3199.3006993006993,65964.46700507615
3199.3006993006993,65888.32487309646
3199.3006993006993,65812.18274111676
3199.3006993006993,65736.04060913705
3199.3006993006993,65659.89847715736
3199.3006993006993,65583.75634517767
3199.3006993006993,65507.61421319797
3199.3006993006993,65431.47208121827
3199.3006993006993,65355.32994923858
3199.3006993006993,65279.187817258884
3199.3006993006993,65203.04568527919
3199.3006993006993,65126.90355329949
3199.3006993006993,65050.761421319796
3199.3006993006993,64974.6192893401
3199.3006993006993,64898.47715736041
3199.3006993006993,64822.33502538071
3199.3006993006993,64746.192893401014
3199.3006993006993,64670.05076142132
3199.3006993006993,64593.90862944163
3199.3006993006993,64517.766497461926
3199.3006993006993,64441.62436548223
3204.5454545454545,68324.87309644671
3204.5454545454545,68248.730964467
3204.5454545454545,68172.58883248731
3204.5454545454545,68096.44670050761
3204.5454545454545,68020.30456852792
3204.5454545454545,67944.16243654821
3204.5454545454545,67868.02030456852
3204.5454545454545,67791.87817258883
3204.5454545454545,67715.73604060913
3204.5454545454545,67639.59390862944
3204.5454545454545,67563.45177664974
3204.5454545454545,67487.30964467005
3204.5454545454545,67411.16751269036
3204.5454545454545,67335.02538071066
3204.5454545454545,67258.88324873097
3204.5454545454545,67182.74111675128
3204.5454545454545,67106.59898477158
3204.5454545454545,67030.45685279187
3204.5454545454545,66954.31472081218
3204.5454545454545,66878.17258883249
3204.5454545454545,66802.0304568528
3204.5454545454545,66725.8883248731
3204.5454545454545,66649.74619289339
3204.5454545454545,66573.6040609137
3204.5454545454545,66497.461928934
3204.5454545454545,66421.31979695431
3204.5454545454545,66345.17766497462
3204.5454545454545,66269.03553299492
3204.5454545454545,66192.89340101523
3204.5454545454545,66116.75126903554
3204.5454545454545,66040.60913705584
3204.5454545454545,65964.46700507615
3204.5454545454545,65888.32487309646
3204.5454545454545,65812.18274111676
3204.5454545454545,65736.04060913705
3204.5454545454545,65659.89847715736
3204.5454545454545,65583.75634517767
3204.5454545454545,65507.61421319797
3204.5454545454545,65431.47208121827
3204.5454545454545,65355.32994923858
3204.5454545454545,65279.187817258884
3204.5454545454545,65203.04568527919
3204.5454545454545,65126.90355329949
3204.5454545454545,65050.761421319796
3204.5454545454545,64974.6192893401
3204.5454545454545,64898.47715736041
3204.5454545454545,64822.33502538071
3204.5454545454545,64746.192893401014
3204.5454545454545,64670.05076142132
3204.5454545454545,64593.90862944163
3204.5454545454545,64517.766497461926
3204.5454545454545,64441.62436548223
3204.5454545454545,64365.48223350254
3204.5454545454545,64289.340101522845
3204.5454545454545,64213.197969543144
3204.5454545454545,64137.05583756345
3204.5454545454545,64060.91370558376
3204.5454545454545,63984.77157360406
3204.5454545454545,63908.62944162437
3204.5454545454545,63832.48730964467
3204.5454545454545,63756.345177664974
3209.7902097902097,67106.59898477158
3209.7902097902097,67030.45685279187
3209.7902097902097,66954.31472081218
3209.7902097902097,66878.17258883249
3209.7902097902097,66802.0304568528
3209.7902097902097,66725.8883248731
3209.7902097902097,66649.74619289339
3209.7902097902097,66573.6040609137
3209.7902097902097,66497.461928934
3209.7902097902097,66421.31979695431
3209.7902097902097,66345.17766497462
3209.7902097902097,66269.03553299492
3209.7902097902097,66192.89340101523
3209.7902097902097,66116.75126903554
3209.7902097902097,66040.60913705584
3209.7902097902097,65964.46700507615
3209.7902097902097,65888.32487309646
3209.7902097902097,65812.18274111676
3209.7902097902097,65736.04060913705
3209.7902097902097,65659.89847715736
3209.7902097902097,65583.75634517767
3209.7902097902097,65507.61421319797
3209.7902097902097,65431.47208121827
3209.7902097902097,65355.32994923858
3209.7902097902097,65279.187817258884
3209.7902097902097,65203.04568527919
3209.7902097902097,65126.90355329949
3209.7902097902097,65050.761421319796
3209.7902097902097,64974.6192893401
3209.7902097902097,64898.47715736041
3209.7902097902097,64822.33502538071
3209.7902097902097,64746.192893401014
3209.7902097902097,64670.05076142132
3209.7902097902097,64593.90862944163
3209.7902097902097,64517.766497461926
3209.7902097902097,64441.62436548223
3209.7902097902097,64365.48223350254
3209.7902097902097,64289.340101522845
3209.7902097902097,64213.197969543144
3209.7902097902097,64137.05583756345
3209.7902097902097,64060.91370558376
3209.7902097902097,63984.77157360406
3209.7902097902097,63908.62944162437
3209.7902097902097,63832.48730964467
3209.7902097902097,63756.345177664974
3209.7902097902097,63680.20304568528
3209.7902097902097,63604.06091370559
3209.7902097902097,63527.918781725886
3209.7902097902097,63451.77664974619
3209.7902097902097,63375.6345177665
3209.7902097902097,63299.492385786805
3209.7902097902097,63223.350253807104
3209.7902097902097,63147.20812182741
3209.7902097902097,63071.06598984772
3209.7902097902097,62994.92385786802
3209.7902097902097,62918.78172588832
3209.7902097902097,62842.63959390863
3215.034965034965,65888.32487309646
3215.034965034965,65812.18274111676
3215.034965034965,65736.04060913705
3215.034965034965,65659.89847715736
3215.034965034965,65583.75634517767
3215.034965034965,65507.61421319797
3215.034965034965,65431.47208121827
3215.034965034965,65355.32994923858
3215.034965034965,65279.187817258884
3215.034965034965,65203.04568527919
3215.034965034965,65126.90355329949
3215.034965034965,65050.761421319796
3215.034965034965,64974.6192893401
3215.034965034965,64898.47715736041
3215.034965034965,64822.33502538071
3215.034965034965,64746.192893401014
3215.034965034965,64670.05076142132
3215.034965034965,64593.90862944163
3215.034965034965,64517.766497461926
3215.034965034965,64441.62436548223
3215.034965034965,64365.48223350254
3215.034965034965,64289.340101522845
3215.034965034965,64213.197969543144
3215.034965034965,64137.05583756345
3215.034965034965,64060.91370558376
3215.034965034965,63984.77157360406
3215.034965034965,63908.62944162437
3215.034965034965,63832.48730964467
3215.034965034965,63756.345177664974
3215.034965034965,63680.20304568528
3215.034965034965,63604.06091370559
3215.034965034965,63527.918781725886
3215.034965034965,63451.77664974619
3215.034965034965,63375.6345177665
3215.034965034965,63299.492385786805
3215.034965034965,63223.350253807104
3215.034965034965,63147.20812182741
3215.034965034965,63071.06598984772
3215.034965034965,62994.92385786802
3215.034965034965,62918.78172588832
3215.034965034965,62842.63959390863
3215.034965034965,62766.497461928935
3215.034965034965,62690.35532994924
3215.034965034965,62614.21319796954
3215.034965034965,62538.07106598985
3215.034965034965,62461.92893401015
3215.034965034965,62385.78680203046
3215.034965034965,62309.64467005076
3215.034965034965,62233.502538071065
3215.034965034965,62157.36040609137
3220.27972027972,64670.05076142132
3220.27972027972,64593.90862944163
3220.27972027972,64517.766497461926
3220.27972027972,64441.62436548223
3220.27972027972,64365.48223350254
3220.27972027972,64289.340101522845
3220.27972027972,64213.197969543144
3220.27972027972,64137.05583756345
3220.27972027972,64060.91370558376
3220.27972027972,63984.77157360406
3220.27972027972,63908.62944162437
3220.27972027972,63832.48730964467
3220.27972027972,63756.345177664974
3220.27972027972,63680.20304568528
3220.27972027972,63604.06091370559
3220.27972027972,63527.918781725886
3220.27972027972,63451.77664974619
3220.27972027972,63375.6345177665
3220.27972027972,63299.492385786805
3220.27972027972,63223.350253807104
3220.27972027972,63147.20812182741
3220.27972027972,63071.06598984772
3220.27972027972,62994.92385786802
3220.27972027972,62918.78172588832
3220.27972027972,62842.63959390863
3220.27972027972,62766.497461928935
3220.27972027972,62690.35532994924
3220.27972027972,62614.21319796954
3220.27972027972,62538.07106598985
3220.27972027972,62461.92893401015
3220.27972027972,62385.78680203046
3220.27972027972,62309.64467005076
3220.27972027972,62233.502538071065
3220.27972027972,62157.36040609137
3220.27972027972,62081.21827411168
3220.27972027972,62005.07614213198
3220.27972027972,61928.93401015228
3220.27972027972,61852.79187817259
3220.27972027972,61776.649746192896
3220.27972027972,61700.507614213195
3220.27972027972,61624.3654822335
3220.27972027972,61548.22335025381
3225.5244755244757,63908.62944162437
3225.5244755244757,63832.48730964467
3225.5244755244757,63756.345177664974
3225.5244755244757,63680.20304568528
3225.5244755244757,63604.06091370559
3225.5244755244757,63527.918781725886
3225.5244755244757,63451.77664974619
3225.5244755244757,63375.6345177665
3225.5244755244757,63299.492385786805
3225.5244755244757,63223.350253807104
3225.5244755244757,63147.20812182741
3225.5244755244757,63071.06598984772
3225.5244755244757,62994.92385786802
3225.5244755244757,62918.78172588832
3225.5244755244757,62842.63959390863
3225.5244755244757,62766.497461928935
3225.5244755244757,62690.35532994924
3225.5244755244757,62614.21319796954
3225.5244755244757,62538.07106598985
3225.5244755244757,62461.92893401015
3225.5244755244757,62385.78680203046
3225.5244755244757,62309.64467005076
3225.5244755244757,62233.502538071065
3225.5244755244757,62157.36040609137
3225.5244755244757,62081.21827411168
3225.5244755244757,62005.07614213198
3225.5244755244757,61928.93401015228
3225.5244755244757,61852.79187817259
3225.5244755244757,61776.649746192896
3225.5244755244757,61700.507614213195
3225.5244755244757,61624.3654822335
3225.5244755244757,61548.22335025381
3225.5244755244757,61472.081218274114
3225.5244755244757,61395.93908629441
3225.5244755244757,61319.79695431472
3225.5244755244757,61243.654822335026
3225.5244755244757,61167.51269035533
3225.5244755244757,61091.37055837563
3225.5244755244757,61015.22842639594
3225.5244755244757,60939.08629441624
3225.5244755244757,60862.94416243655
3230.769230769231,63071.06598984772
3230.769230769231,62994.92385786802
3230.769230769231,62918.78172588832
3230.769230769231,62842.63959390863
3230.769230769231,62766.497461928935
3230.769230769231,62690.35532994924
3230.769230769231,62614.21319796954
3230.769230769231,62538.07106598985
3230.769230769231,62461.92893401015
3230.769230769231,62385.78680203046
3230.769230769231,62309.64467005076
3230.769230769231,62233.502538071065
3230.769230769231,62157.36040609137
3230.769230769231,62081.21827411168
3230.769230769231,62005.07614213198
3230.769230769231,61928.93401015228
3230.769230769231,61852.79187817259
3230.769230769231,61776.649746192896
3230.769230769231,61700.507614213195
3230.769230769231,61624.3654822335
3230.769230769231,61548.22335025381
3230.769230769231,61472.081218274114
3230.769230769231,61395.93908629441
3230.769230769231,61319.79695431472
3230.769230769231,61243.654822335026
3230.769230769231,61167.51269035533
3230.769230769231,61091.37055837563
3230.769230769231,61015.22842639594
3230.769230769231,60939.08629441624
3230.769230769231,60862.94416243655
3230.769230769231,60786.802030456856
3230.769230769231,60710.659898477155
3230.769230769231,60634.51776649746
3230.769230769231,60558.37563451777
3230.769230769231,60482.233502538074
3230.769230769231,60406.09137055837
3230.769230769231,60329.94923857868
3230.769230769231,60253.807106598986
3230.769230769231,60177.66497461929
3230.769230769231,60101.52284263959
3230.769230769231,60025.3807106599
3230.769230769231,59949.238578680204
3230.769230769231,59873.09644670051
3230.769230769231,59796.95431472081
3230.769230769231,59720.812182741116
3230.769230769231,59644.67005076142
3236.013986013986,62309.64467005076
3236.013986013986,62233.502538071065
3236.013986013986,62157.36040609137
3236.013986013986,62081.21827411168
3236.013986013986,62005.07614213198
3236.013986013986,61928.93401015228
3236.013986013986,61852.79187817259
3236.013986013986,61776.649746192896
3236.013986013986,61700.507614213195
3236.013986013986,61624.3654822335
3236.013986013986,61548.22335025381
3236.013986013986,61472.081218274114
3236.013986013986,61395.93908629441
3236.013986013986,61319.79695431472
3236.013986013986,61243.654822335026
3236.013986013986,61167.51269035533
3236.013986013986,61091.37055837563
3236.013986013986,61015.22842639594
3236.013986013986,60939.08629441624
3236.013986013986,60862.94416243655
3236.013986013986,60786.802030456856
3236.013986013986,60710.659898477155
3236.013986013986,60634.51776649746
3236.013986013986,60558.37563451777
3236.013986013986,60482.233502538074
3236.013986013986,60406.09137055837
3236.013986013986,60329.94923857868
3236.013986013986,60253.807106598986
3236.013986013986,60177.66497461929
3236.013986013986,60101.52284263959
3236.013986013986,60025.3807106599
3236.013986013986,59949.238578680204
3236.013986013986,59873.09644670051
3236.013986013986,59796.95431472081
3236.013986013986,59720.812182741116
3236.013986013986,59644.67005076142
3236.013986013986,59568.52791878173
3236.013986013986,59492.38578680203
3236.013986013986,59416.243654822334
3236.013986013986,59340.10152284264
3236.013986013986,59263.95939086295
3236.013986013986,59187.817258883246
3236.013986013986,59111.67512690355
3236.013986013986,59035.53299492386
3236.013986013986,58959.390862944165
3236.013986013986,58883.248730964464
3236.013986013986,58807.10659898477
3236.013986013986,58730.96446700508
3236.013986013986,58654.82233502538
3236.013986013986,58578.68020304568
3236.013986013986,58502.53807106599
3236.013986013986,58426.395939086295
3236.013986013986,58350.2538071066
3236.013986013986,58274.1116751269
3236.013986013986,58197.96954314721
3241.2587412587413,61700.507614213195
3241.2587412587413,61624.3654822335
3241.2587412587413,61548.22335025381
3241.2587412587413,61472.081218274114
3241.2587412587413,61395.93908629441
3241.2587412587413,61319.79695431472
3241.2587412587413,61243.654822335026
3241.2587412587413,61167.51269035533
3241.2587412587413,61091.37055837563
3241.2587412587413,61015.22842639594
3241.2587412587413,60939.08629441624
3241.2587412587413,60862.94416243655
3241.2587412587413,60786.802030456856
3241.2587412587413,60710.659898477155
3241.2587412587413,60634.51776649746
3241.2587412587413,60558.37563451777
3241.2587412587413,60482.233502538074
3241.2587412587413,60406.09137055837
3241.2587412587413,60329.94923857868
3241.2587412587413,60253.807106598986
3241.2587412587413,60177.66497461929
3241.2587412587413,60101.52284263959
3241.2587412587413,60025.3807106599
3241.2587412587413,59949.238578680204
3241.2587412587413,59873.09644670051
3241.2587412587413,59796.95431472081
3241.2587412587413,59720.812182741116
3241.2587412587413,59644.67005076142
3241.2587412587413,59568.52791878173
3241.2587412587413,59492.38578680203
3241.2587412587413,59416.243654822334
3241.2587412587413,59340.10152284264
3241.2587412587413,59263.95939086295
3241.2587412587413,59187.817258883246
3241.2587412587413,59111.67512690355
3241.2587412587413,59035.53299492386
3241.2587412587413,58959.390862944165
3241.2587412587413,58883.248730964464
3241.2587412587413,58807.10659898477
3241.2587412587413,58730.96446700508
3241.2587412587413,58654.82233502538
3241.2587412587413,58578.68020304568
3241.2587412587413,58502.53807106599
3241.2587412587413,58426.395939086295
3241.2587412587413,58350.2538071066
3241.2587412587413,58274.1116751269
3241.2587412587413,58197.96954314721
3241.2587412587413,58121.82741116751
3241.2587412587413,58045.68527918782
3241.2587412587413,57969.543147208125
3241.2587412587413,57893.401015228425
3241.2587412587413,57817.25888324873
3241.2587412587413,57741.11675126904
3241.2587412587413,57664.97461928934
3241.2587412587413,57588.83248730964
3241.2587412587413,57512.69035532995
3241.2587412587413,57436.548223350255
3241.2587412587413,57360.40609137056
3241.2587412587413,57284.26395939086
3241.2587412587413,57208.12182741117
3241.2587412587413,57131.97969543147
3241.2587412587413,57055.83756345178
3241.2587412587413,56979.69543147208
3241.2587412587413,56903.553299492385
3241.2587412587413,56827.41116751269
3241.2587412587413,56751.269035533
3246.5034965034965,61015.22842639594
3246.5034965034965,60939.08629441624
3246.5034965034965,60862.94416243655
3246.5034965034965,60786.802030456856
3246.5034965034965,60710.659898477155
3246.5034965034965,60634.51776649746
3246.5034965034965,60558.37563451777
3246.5034965034965,60482.233502538074
3246.5034965034965,60406.09137055837
3246.5034965034965,60329.94923857868
3246.5034965034965,60253.807106598986
3246.5034965034965,60177.66497461929
3246.5034965034965,60101.52284263959
3246.5034965034965,60025.3807106599
3246.5034965034965,59949.238578680204
3246.5034965034965,59873.09644670051
3246.5034965034965,59796.95431472081
3246.5034965034965,59720.812182741116
3246.5034965034965,59644.67005076142
3246.5034965034965,59568.52791878173
3246.5034965034965,59492.38578680203
3246.5034965034965,59416.243654822334
3246.5034965034965,59340.10152284264
3246.5034965034965,59263.95939086295
3246.5034965034965,59187.817258883246
3246.5034965034965,59111.67512690355
3246.5034965034965,59035.53299492386
3246.5034965034965,58959.390862944165
3246.5034965034965,58883.248730964464
3246.5034965034965,58807.10659898477
3246.5034965034965,58730.96446700508
3246.5034965034965,58654.82233502538
3246.5034965034965,58578.68020304568
3246.5034965034965,58502.53807106599
3246.5034965034965,58426.395939086295
3246.5034965034965,58350.2538071066
3246.5034965034965,58274.1116751269
3246.5034965034965,58197.96954314721
3246.5034965034965,58121.82741116751
3246.5034965034965,58045.68527918782
3246.5034965034965,57969.543147208125
3246.5034965034965,57893.401015228425
3246.5034965034965,57817.25888324873
3246.5034965034965,57741.11675126904
3246.5034965034965,57664.97461928934
3246.5034965034965,57588.83248730964
3246.5034965034965,57512.69035532995
3246.5034965034965,57436.548223350255
3246.5034965034965,57360.40609137056
3246.5034965034965,57284.26395939086
3246.5034965034965,57208.12182741117
3246.5034965034965,57131.97969543147
3246.5034965034965,57055.83756345178
3246.5034965034965,56979.69543147208
3246.5034965034965,56903.553299492385
3246.5034965034965,56827.41116751269
3246.5034965034965,56751.269035533
3246.5034965034965,56675.1269035533
3246.5034965034965,56598.9847715736
3246.5034965034965,56522.84263959391
3246.5034965034965,56446.700507614216
3246.5034965034965,56370.558375634515
3246.5034965034965,56294.41624365482
3246.5034965034965,56218.27411167513
3246.5034965034965,56142.131979695434
3246.5034965034965,56065.98984771573
3246.5034965034965,55989.84771573604
3246.5034965034965,55913.705583756346
3246.5034965034965,55837.56345177665
3246.5034965034965,55761.42131979695
3246.5034965034965,55685.27918781726
3246.5034965034965,55609.137055837564
3246.5034965034965,55532.99492385787
3246.5034965034965,55456.85279187817
3246.5034965034965,55380.710659898476
3246.5034965034965,55304.56852791878
3246.5034965034965,55228.42639593909
3246.5034965034965,55152.28426395939
3246.5034965034965,55076.142131979694
3251.7482517482517,59949.238578680204
3251.7482517482517,59873.09644670051
3251.7482517482517,59796.95431472081
3251.7482517482517,59720.812182741116
3251.7482517482517,59644.67005076142
3251.7482517482517,59568.52791878173
3251.7482517482517,59492.38578680203
3251.7482517482517,59416.243654822334
3251.7482517482517,59340.10152284264
3251.7482517482517,59263.95939086295
3251.7482517482517,59187.817258883246
3251.7482517482517,59111.67512690355
3251.7482517482517,59035.53299492386
3251.7482517482517,58959.390862944165
3251.7482517482517,58883.248730964464
3251.7482517482517,58807.10659898477
3251.7482517482517,58730.96446700508
3251.7482517482517,58654.82233502538
3251.7482517482517,58578.68020304568
3251.7482517482517,58502.53807106599
3251.7482517482517,58426.395939086295
3251.7482517482517,58350.2538071066
3251.7482517482517,58274.1116751269
3251.7482517482517,58197.96954314721
3251.7482517482517,58121.82741116751
3251.7482517482517,58045.68527918782
3251.7482517482517,57969.543147208125
3251.7482517482517,57893.401015228425
3251.7482517482517,57817.25888324873
3251.7482517482517,57741.11675126904
3251.7482517482517,57664.97461928934
3251.7482517482517,57588.83248730964
3251.7482517482517,57512.69035532995
3251.7482517482517,57436.548223350255
3251.7482517482517,57360.40609137056
3251.7482517482517,57284.26395939086
3251.7482517482517,57208.12182741117
3251.7482517482517,57131.97969543147
3251.7482517482517,57055.83756345178
3251.7482517482517,56979.69543147208
3251.7482517482517,56903.553299492385
3251.7482517482517,56827.41116751269
3251.7482517482517,56751.269035533
3251.7482517482517,56675.1269035533
3251.7482517482517,56598.9847715736
3251.7482517482517,56522.84263959391
3251.7482517482517,56446.700507614216
3251.7482517482517,56370.558375634515
3251.7482517482517,56294.41624365482
3251.7482517482517,56218.27411167513
3251.7482517482517,56142.131979695434
3251.7482517482517,56065.98984771573
3251.7482517482517,55989.84771573604
3251.7482517482517,55913.705583756346
3251.7482517482517,55837.56345177665
3251.7482517482517,55761.42131979695
3251.7482517482517,55685.27918781726
3251.7482517482517,55609.137055837564
3251.7482517482517,55532.99492385787
3251.7482517482517,55456.85279187817
3251.7482517482517,55380.710659898476
3251.7482517482517,55304.56852791878
3251.7482517482517,55228.42639593909
3251.7482517482517,55152.28426395939
3251.7482517482517,55076.142131979694
3251.7482517482517,55000.0
3251.7482517482517,54923.857868020306
3251.7482517482517,54847.71573604061
3251.7482517482517,54771.57360406091
3251.7482517482517,54695.43147208122
3251.7482517482517,54619.289340101524
3251.7482517482517,54543.14720812183
3251.7482517482517,54467.00507614213
3251.7482517482517,54390.862944162436
3251.7482517482517,54314.72081218274
3251.7482517482517,54238.57868020305
3251.7482517482517,54162.43654822335
3251.7482517482517,54086.294416243654
3251.7482517482517,54010.15228426396
3251.7482517482517,53934.01015228427
3251.7482517482517,53857.868020304566
3251.7482517482517,53781.72588832487
3251.7482517482517,53705.58375634518
3251.7482517482517,53629.441624365485
3251.7482517482517,53553.299492385784
3251.7482517482517,53477.15736040609
3251.7482517482517,53401.0152284264
3251.7482517482517,53324.8730964467
3256.993006993007,58502.53807106599
3256.993006993007,58426.395939086295
3256.993006993007,58350.2538071066
3256.993006993007,58274.1116751269
3256.993006993007,58197.96954314721
3256.993006993007,58121.82741116751
3256.993006993007,58045.68527918782
3256.993006993007,57969.543147208125
3256.993006993007,57893.401015228425
3256.993006993007,57817.25888324873
3256.993006993007,57741.11675126904
3256.993006993007,57664.97461928934
3256.993006993007,57588.83248730964
3256.993006993007,57512.69035532995
3256.993006993007,57436.548223350255
3256.993006993007,57360.40609137056
3256.993006993007,57284.26395939086
3256.993006993007,57208.12182741117
3256.993006993007,57131.97969543147
3256.993006993007,57055.83756345178
3256.993006993007,56979.69543147208
3256.993006993007,56903.553299492385
3256.993006993007,56827.41116751269
3256.993006993007,56751.269035533
3256.993006993007,56675.1269035533
3256.993006993007,56598.9847715736
3256.993006993007,56522.84263959391
3256.993006993007,56446.700507614216
3256.993006993007,56370.558375634515
3256.993006993007,56294.41624365482
3256.993006993007,56218.27411167513
3256.993006993007,56142.131979695434
3256.993006993007,56065.98984771573
3256.993006993007,55989.84771573604
3256.993006993007,55913.705583756346
3256.993006993007,55837.56345177665
3256.993006993007,55761.42131979695
3256.993006993007,55685.27918781726
3256.993006993007,55609.137055837564
3256.993006993007,55532.99492385787
3256.993006993007,55456.85279187817
3256.993006993007,55380.710659898476
3256.993006993007,55304.56852791878
3256.993006993007,55228.42639593909
3256.993006993007,55152.28426395939
3256.993006993007,55076.142131979694
3256.993006993007,55000.0
3256.993006993007,54923.857868020306
3256.993006993007,54847.71573604061
3256.993006993007,54771.57360406091
3256.993006993007,54695.43147208122
3256.993006993007,54619.289340101524
3256.993006993007,54543.14720812183
3256.993006993007,54467.00507614213
3256.993006993007,54390.862944162436
3256.993006993007,54314.72081218274
3256.993006993007,54238.57868020305
3256.993006993007,54162.43654822335
3256.993006993007,54086.294416243654
3256.993006993007,54010.15228426396
3256.993006993007,53934.01015228427
3256.993006993007,53857.868020304566
3256.993006993007,53781.72588832487
3256.993006993007,53705.58375634518
3256.993006993007,53629.441624365485
3256.993006993007,53553.299492385784
3256.993006993007,53477.15736040609
3256.993006993007,53401.0152284264
3256.993006993007,53324.8730964467
3256.993006993007,53248.730964467
3256.993006993007,53172.58883248731
3256.993006993007,53096.446700507615
3256.993006993007,53020.30456852792
3256.993006993007,52944.16243654822
3256.993006993007,52868.02030456853
3256.993006993007,52791.87817258883
3256.993006993007,52715.73604060914
3256.993006993007,52639.59390862944
3256.993006993007,52563.451776649745
3256.993006993007,52487.30964467005
3256.993006993007,52411.16751269036
3256.993006993007,52335.02538071066
3256.993006993007,52258.88324873096
3256.993006993007,52182.74111675127
3256.993006993007,52106.598984771575
3256.993006993007,52030.456852791875
3262.237762237762,57131.97969543147
3262.237762237762,57055.83756345178
3262.237762237762,56979.69543147208
3262.237762237762,56903.553299492385
3262.237762237762,56827.41116751269
3262.237762237762,56751.269035533
3262.237762237762,56675.1269035533
3262.237762237762,56598.9847715736
3262.237762237762,56522.84263959391
3262.237762237762,56446.700507614216
3262.237762237762,56370.558375634515
3262.237762237762,56294.41624365482
3262.237762237762,56218.27411167513
3262.237762237762,56142.131979695434
3262.237762237762,56065.98984771573
3262.237762237762,55989.84771573604
3262.237762237762,55913.705583756346
3262.237762237762,55837.56345177665
3262.237762237762,55761.42131979695
3262.237762237762,55685.27918781726
3262.237762237762,55609.137055837564
3262.237762237762,55532.99492385787
3262.237762237762,55456.85279187817
3262.237762237762,55380.710659898476
3262.237762237762,55304.56852791878
3262.237762237762,55228.42639593909
3262.237762237762,55152.28426395939
3262.237762237762,55076.142131979694
3262.237762237762,55000.0
3262.237762237762,54923.857868020306
3262.237762237762,54847.71573604061
3262.237762237762,54771.57360406091
3262.237762237762,54695.43147208122
3262.237762237762,54619.289340101524
3262.237762237762,54543.14720812183
3262.237762237762,54467.00507614213
3262.237762237762,54390.862944162436
3262.237762237762,54314.72081218274
3262.237762237762,54238.57868020305
3262.237762237762,54162.43654822335
3262.237762237762,54086.294416243654
3262.237762237762,54010.15228426396
3262.237762237762,53934.01015228427
3262.237762237762,53857.868020304566
3262.237762237762,53781.72588832487
3262.237762237762,53705.58375634518
3262.237762237762,53629.441624365485
3262.237762237762,53553.299492385784
3262.237762237762,53477.15736040609
3262.237762237762,53401.0152284264
3262.237762237762,53324.8730964467
3262.237762237762,53248.730964467
3262.237762237762,53172.58883248731
3262.237762237762,53096.446700507615
3262.237762237762,53020.30456852792
3262.237762237762,52944.16243654822
3262.237762237762,52868.02030456853
3262.237762237762,52791.87817258883
3262.237762237762,52715.73604060914
3262.237762237762,52639.59390862944
3262.237762237762,52563.451776649745
3262.237762237762,52487.30964467005
3262.237762237762,52411.16751269036
3262.237762237762,52335.02538071066
3262.237762237762,52258.88324873096
3262.237762237762,52182.74111675127
3262.237762237762,52106.598984771575
3262.237762237762,52030.456852791875
3262.237762237762,51954.31472081218
3262.237762237762,51878.17258883249
3262.237762237762,51802.03045685279
3262.237762237762,51725.8883248731
3262.237762237762,51649.7461928934
3262.237762237762,51573.604060913705
3262.237762237762,51497.46192893401
3262.237762237762,51421.31979695432
3262.237762237762,51345.17766497462
3262.237762237762,51269.03553299492
3262.237762237762,51192.89340101523
3262.237762237762,51116.751269035536
3262.237762237762,51040.609137055835
3262.237762237762,50964.46700507614
3262.237762237762,50888.32487309645
3267.4825174825173,55380.710659898476
3267.4825174825173,55304.56852791878
3267.4825174825173,55228.42639593909
3267.4825174825173,55152.28426395939
3267.4825174825173,55076.142131979694
3267.4825174825173,55000.0
3267.4825174825173,54923.857868020306
3267.4825174825173,54847.71573604061
3267.4825174825173,54771.57360406091
3267.4825174825173,54695.43147208122
3267.4825174825173,54619.289340101524
3267.4825174825173,54543.14720812183
3267.4825174825173,54467.00507614213
3267.4825174825173,54390.862944162436
3267.4825174825173,54314.72081218274
3267.4825174825173,54238.57868020305
3267.4825174825173,54162.43654822335
3267.4825174825173,54086.294416243654
3267.4825174825173,54010.15228426396
3267.4825174825173,53934.01015228427
3267.4825174825173,53857.868020304566
3267.4825174825173,53781.72588832487
3267.4825174825173,53705.58375634518
3267.4825174825173,53629.441624365485
3267.4825174825173,53553.299492385784
3267.4825174825173,53477.15736040609
3267.4825174825173,53401.0152284264
3267.4825174825173,53324.8730964467
3267.4825174825173,53248.730964467
3267.4825174825173,53172.58883248731
3267.4825174825173,53096.446700507615
3267.4825174825173,53020.30456852792
3267.4825174825173,52944.16243654822
3267.4825174825173,52868.02030456853
3267.4825174825173,52791.87817258883
3267.4825174825173,52715.73604060914
3267.4825174825173,52639.59390862944
3267.4825174825173,52563.451776649745
3267.4825174825173,52487.30964467005
3267.4825174825173,52411.16751269036
3267.4825174825173,52335.02538071066
3267.4825174825173,52258.88324873096
3267.4825174825173,52182.74111675127
3267.4825174825173,52106.598984771575
3267.4825174825173,52030.456852791875
3267.4825174825173,51954.31472081218
3267.4825174825173,51878.17258883249
3267.4825174825173,51802.03045685279
3267.4825174825173,51725.8883248731
3267.4825174825173,51649.7461928934
3267.4825174825173,51573.604060913705
3267.4825174825173,51497.46192893401
3267.4825174825173,51421.31979695432
3267.4825174825173,51345.17766497462
3267.4825174825173,51269.03553299492
3267.4825174825173,51192.89340101523
3267.4825174825173,51116.751269035536
3267.4825174825173,51040.609137055835
3267.4825174825173,50964.46700507614
3267.4825174825173,50888.32487309645
3267.4825174825173,50812.182741116754
3267.4825174825173,50736.04060913705
3267.4825174825173,50659.89847715736
3267.4825174825173,50583.756345177666
3267.4825174825173,50507.61421319797
3267.4825174825173,50431.47208121827
3267.4825174825173,50355.32994923858
3267.4825174825173,50279.187817258884
3267.4825174825173,50203.04568527919
3267.4825174825173,50126.90355329949
3267.4825174825173,50050.761421319796
3267.4825174825173,49974.6192893401
3267.4825174825173,49898.47715736041
3267.4825174825173,49822.33502538071
3272.7272727272725,53781.72588832487
3272.7272727272725,53705.58375634518
3272.7272727272725,53629.441624365485
3272.7272727272725,53553.299492385784
3272.7272727272725,53477.15736040609
3272.7272727272725,53401.0152284264
3272.7272727272725,53324.8730964467
3272.7272727272725,53248.730964467
3272.7272727272725,53172.58883248731
3272.7272727272725,53096.446700507615
3272.7272727272725,53020.30456852792
3272.7272727272725,52944.16243654822
3272.7272727272725,52868.02030456853
3272.7272727272725,52791.87817258883
3272.7272727272725,52715.73604060914
3272.7272727272725,52639.59390862944
3272.7272727272725,52563.451776649745
3272.7272727272725,52487.30964467005
3272.7272727272725,52411.16751269036
3272.7272727272725,52335.02538071066
3272.7272727272725,52258.88324873096
3272.7272727272725,52182.74111675127
3272.7272727272725,52106.598984771575
3272.7272727272725,52030.456852791875
3272.7272727272725,51954.31472081218
3272.7272727272725,51878.17258883249
3272.7272727272725,51802.03045685279
3272.7272727272725,51725.8883248731
3272.7272727272725,51649.7461928934
3272.7272727272725,51573.604060913705
3272.7272727272725,51497.46192893401
3272.7272727272725,51421.31979695432
3272.7272727272725,51345.17766497462
3272.7272727272725,51269.03553299492
3272.7272727272725,51192.89340101523
3272.7272727272725,51116.751269035536
3272.7272727272725,51040.609137055835
3272.7272727272725,50964.46700507614
3272.7272727272725,50888.32487309645
3272.7272727272725,50812.182741116754
3272.7272727272725,50736.04060913705
3272.7272727272725,50659.89847715736
3272.7272727272725,50583.756345177666
3272.7272727272725,50507.61421319797
3272.7272727272725,50431.47208121827
3272.7272727272725,50355.32994923858
3272.7272727272725,50279.187817258884
3272.7272727272725,50203.04568527919
3272.7272727272725,50126.90355329949
3272.7272727272725,50050.761421319796
3272.7272727272725,49974.6192893401
3272.7272727272725,49898.47715736041
3272.7272727272725,49822.33502538071
3272.7272727272725,49746.192893401014
3272.7272727272725,49670.05076142132
3272.7272727272725,49593.90862944163
3272.7272727272725,49517.766497461926
3272.7272727272725,49441.62436548223
3277.972027972028,52258.88324873096
3277.972027972028,52182.74111675127
3277.972027972028,52106.598984771575
3277.972027972028,52030.456852791875
3277.972027972028,51954.31472081218
3277.972027972028,51878.17258883249
3277.972027972028,51802.03045685279
3277.972027972028,51725.8883248731
3277.972027972028,51649.7461928934
3277.972027972028,51573.604060913705
3277.972027972028,51497.46192893401
3277.972027972028,51421.31979695432
3277.972027972028,51345.17766497462
3277.972027972028,51269.03553299492
3277.972027972028,51192.89340101523
3277.972027972028,51116.751269035536
3277.972027972028,51040.609137055835
3277.972027972028,50964.46700507614
3277.972027972028,50888.32487309645
3277.972027972028,50812.182741116754
3277.972027972028,50736.04060913705
3277.972027972028,50659.89847715736
3277.972027972028,50583.756345177666
3277.972027972028,50507.61421319797
3277.972027972028,50431.47208121827
3277.972027972028,50355.32994923858
3277.972027972028,50279.187817258884
3277.972027972028,50203.04568527919
3277.972027972028,50126.90355329949
3277.972027972028,50050.761421319796
3277.972027972028,49974.6192893401
3277.972027972028,49898.47715736041
3277.972027972028,49822.33502538071
3277.972027972028,49746.192893401014
3277.972027972028,49670.05076142132
3277.972027972028,49593.90862944163
3277.972027972028,49517.766497461926
3277.972027972028,49441.62436548223
3277.972027972028,49365.48223350254
3277.972027972028,49289.340101522845
3277.972027972028,49213.197969543144
3277.972027972028,49137.05583756345
3277.972027972028,49060.91370558376
3277.972027972028,48984.77157360406
3277.972027972028,48908.62944162437
3277.972027972028,48832.48730964467
3283.2167832167834,51116.751269035536
3283.2167832167834,51040.609137055835
3283.2167832167834,50964.46700507614
3283.2167832167834,50888.32487309645
3283.2167832167834,50812.182741116754
3283.2167832167834,50736.04060913705
3283.2167832167834,50659.89847715736
3283.2167832167834,50583.756345177666
3283.2167832167834,50507.61421319797
3283.2167832167834,50431.47208121827
3283.2167832167834,50355.32994923858
3283.2167832167834,50279.187817258884
3283.2167832167834,50203.04568527919
3283.2167832167834,50126.90355329949
3283.2167832167834,50050.761421319796
3283.2167832167834,49974.6192893401
3283.2167832167834,49898.47715736041
3283.2167832167834,49822.33502538071
3283.2167832167834,49746.192893401014
3283.2167832167834,49670.05076142132
3283.2167832167834,49593.90862944163
3283.2167832167834,49517.766497461926
3283.2167832167834,49441.62436548223
3283.2167832167834,49365.48223350254
3283.2167832167834,49289.340101522845
3283.2167832167834,49213.197969543144
3283.2167832167834,49137.05583756345
3283.2167832167834,49060.91370558376
3283.2167832167834,48984.77157360406
3283.2167832167834,48908.62944162437
3283.2167832167834,48832.48730964467
3283.2167832167834,48756.345177664974
3283.2167832167834,48680.20304568528
3283.2167832167834,48604.06091370559
3283.2167832167834,48527.918781725886
3283.2167832167834,48451.77664974619
3283.2167832167834,48375.6345177665
3283.2167832167834,48299.492385786805
3288.4615384615386,50050.761421319796
3288.4615384615386,49974.6192893401
3288.4615384615386,49898.47715736041
3288.4615384615386,49822.33502538071
3288.4615384615386,49746.192893401014
3288.4615384615386,49670.05076142132
3288.4615384615386,49593.90862944163
3288.4615384615386,49517.766497461926
3288.4615384615386,49441.62436548223
3288.4615384615386,49365.48223350254
3288.4615384615386,49289.340101522845
3288.4615384615386,49213.197969543144
3288.4615384615386,49137.05583756345
3288.4615384615386,49060.91370558376
3288.4615384615386,48984.77157360406
3288.4615384615386,48908.62944162437
3288.4615384615386,48832.48730964467
3288.4615384615386,48756.345177664974
3288.4615384615386,48680.20304568528
3288.4615384615386,48604.06091370559
3288.4615384615386,48527.918781725886
3288.4615384615386,48451.77664974619
3288.4615384615386,48375.6345177665
3288.4615384615386,48299.492385786805
3288.4615384615386,48223.350253807104
3288.4615384615386,48147.20812182741
3288.4615384615386,48071.06598984772
3288.4615384615386,47994.92385786802
3288.4615384615386,47918.78172588832
3293.7062937062938,49517.766497461926
3293.7062937062938,49441.62436548223
3293.7062937062938,49365.48223350254
3293.7062937062938,49289.340101522845
3293.7062937062938,49213.197969543144
3293.7062937062938,49137.05583756345
3293.7062937062938,49060.91370558376
3293.7062937062938,48984.77157360406
3293.7062937062938,48908.62944162437
3293.7062937062938,48832.48730964467
3293.7062937062938,48756.345177664974
3293.7062937062938,48680.20304568528
3293.7062937062938,48604.06091370559
3293.7062937062938,48527.918781725886
3293.7062937062938,48451.77664974619
3293.7062937062938,48375.6345177665
3293.7062937062938,48299.492385786805
3293.7062937062938,48223.350253807104
3293.7062937062938,48147.20812182741
3293.7062937062938,48071.06598984772
3293.7062937062938,47994.92385786802
3293.7062937062938,47918.78172588832
3293.7062937062938,47842.63959390863
3293.7062937062938,47766.497461928935
3293.7062937062938,47690.35532994924
3293.7062937062938,47614.21319796954
3293.7062937062938,47538.07106598985
3293.7062937062938,47461.92893401015
3293.7062937062938,47385.78680203046
3293.7062937062938,47309.64467005076
3293.7062937062938,47233.502538071065
3293.7062937062938,47157.36040609137
3298.951048951049,48984.77157360406
3298.951048951049,48908.62944162437
3298.951048951049,48832.48730964467
3298.951048951049,48756.345177664974
3298.951048951049,48680.20304568528
3298.951048951049,48604.06091370559
3298.951048951049,48527.918781725886
3298.951048951049,48451.77664974619
3298.951048951049,48375.6345177665
3298.951048951049,48299.492385786805
3298.951048951049,48223.350253807104
3298.951048951049,48147.20812182741
3298.951048951049,48071.06598984772
3298.951048951049,47994.92385786802
3298.951048951049,47918.78172588832
3298.951048951049,47842.63959390863
3298.951048951049,47766.497461928935
3298.951048951049,47690.35532994924
3298.951048951049,47614.21319796954
3298.951048951049,47538.07106598985
3298.951048951049,47461.92893401015
3298.951048951049,47385.78680203046
3298.951048951049,47309.64467005076
3298.951048951049,47233.502538071065
3298.951048951049,47157.36040609137
3298.951048951049,47081.21827411168
3298.951048951049,47005.07614213198
3298.951048951049,46928.93401015228
3298.951048951049,46852.79187817259
3298.951048951049,46776.649746192896
3298.951048951049,46700.507614213195
3304.195804195804,48375.6345177665
3304.195804195804,48299.492385786805
3304.195804195804,48223.350253807104
3304.195804195804,48147.20812182741
3304.195804195804,48071.06598984772
3304.195804195804,47994.92385786802
3304.195804195804,47918.78172588832
3304.195804195804,47842.63959390863
3304.195804195804,47766.497461928935
3304.195804195804,47690.35532994924
3304.195804195804,47614.21319796954
3304.195804195804,47538.07106598985
3304.195804195804,47461.92893401015
3304.195804195804,47385.78680203046
3304.195804195804,47309.64467005076
3304.195804195804,47233.502538071065
3304.195804195804,47157.36040609137
3304.195804195804,47081.21827411168
3304.195804195804,47005.07614213198
3304.195804195804,46928.93401015228
3304.195804195804,46852.79187817259
3304.195804195804,46776.649746192896
3304.195804195804,46700.507614213195
3304.195804195804,46624.3654822335
3304.195804195804,46548.22335025381
3304.195804195804,46472.081218274114
3304.195804195804,46395.93908629441
3304.195804195804,46319.79695431472
3304.195804195804,46243.654822335026
3304.195804195804,46167.51269035533
3304.195804195804,46091.37055837563
3304.195804195804,46015.22842639594
3309.4405594405594,47918.78172588832
3309.4405594405594,47842.63959390863
3309.4405594405594,47766.497461928935
3309.4405594405594,47690.35532994924
3309.4405594405594,47614.21319796954
3309.4405594405594,47538.07106598985
3309.4405594405594,47461.92893401015
3309.4405594405594,47385.78680203046
3309.4405594405594,47309.64467005076
3309.4405594405594,47233.502538071065
3309.4405594405594,47157.36040609137
3309.4405594405594,47081.21827411168
3309.4405594405594,47005.07614213198
3309.4405594405594,46928.93401015228
3309.4405594405594,46852.79187817259
3309.4405594405594,46776.649746192896
3309.4405594405594,46700.507614213195
3309.4405594405594,46624.3654822335
3309.4405594405594,46548.22335025381
3309.4405594405594,46472.081218274114
3309.4405594405594,46395.93908629441
3309.4405594405594,46319.79695431472
3309.4405594405594,46243.654822335026
3309.4405594405594,46167.51269035533
3309.4405594405594,46091.37055837563
3309.4405594405594,46015.22842639594
3309.4405594405594,45939.08629441624
3309.4405594405594,45862.94416243655
3309.4405594405594,45786.802030456856
3309.4405594405594,45710.659898477155
3309.4405594405594,45634.51776649746
3314.6853146853146,47385.78680203046
3314.6853146853146,47309.64467005076
3314.6853146853146,47233.502538071065
3314.6853146853146,47157.36040609137
3314.6853146853146,47081.21827411168
3314.6853146853146,47005.07614213198
3314.6853146853146,46928.93401015228
3314.6853146853146,46852.79187817259
3314.6853146853146,46776.649746192896
3314.6853146853146,46700.507614213195
3314.6853146853146,46624.3654822335
3314.6853146853146,46548.22335025381
3314.6853146853146,46472.081218274114
3314.6853146853146,46395.93908629441
3314.6853146853146,46319.79695431472
3314.6853146853146,46243.654822335026
3314.6853146853146,46167.51269035533
3314.6853146853146,46091.37055837563
3314.6853146853146,46015.22842639594
3314.6853146853146,45939.08629441624
3314.6853146853146,45862.94416243655
3314.6853146853146,45786.802030456856
3314.6853146853146,45710.659898477155
3314.6853146853146,45634.51776649746
3314.6853146853146,45558.37563451777
3314.6853146853146,45482.233502538074
3314.6853146853146,45406.09137055837
3314.6853146853146,45329.94923857868
3314.6853146853146,45253.807106598986
3314.6853146853146,45177.66497461929
3314.6853146853146,45101.52284263959
3314.6853146853146,45025.3807106599
3314.6853146853146,44949.238578680204
3319.9300699300697,46776.649746192896
3319.9300699300697,46700.507614213195
3319.9300699300697,46624.3654822335
3319.9300699300697,46548.22335025381
3319.9300699300697,46472.081218274114
3319.9300699300697,46395.93908629441
3319.9300699300697,46319.79695431472
3319.9300699300697,46243.654822335026
3319.9300699300697,46167.51269035533
3319.9300699300697,46091.37055837563
3319.9300699300697,46015.22842639594
3319.9300699300697,45939.08629441624
3319.9300699300697,45862.94416243655
3319.9300699300697,45786.802030456856
3319.9300699300697,45710.659898477155
3319.9300699300697,45634.51776649746
3319.9300699300697,45558.37563451777
3319.9300699300697,45482.233502538074
3319.9300699300697,45406.09137055837
3319.9300699300697,45329.94923857868
3319.9300699300697,45253.807106598986
3319.9300699300697,45177.66497461929
3319.9300699300697,45101.52284263959
3319.9300699300697,45025.3807106599
3319.9300699300697,44949.238578680204
3319.9300699300697,44873.09644670051
3319.9300699300697,44796.95431472081
3319.9300699300697,44720.812182741116
3319.9300699300697,44644.67005076142
3319.9300699300697,44568.52791878173
3325.1748251748254,46167.51269035533
3325.1748251748254,46091.37055837563
3325.1748251748254,46015.22842639594
3325.1748251748254,45939.08629441624
3325.1748251748254,45862.94416243655
3325.1748251748254,45786.802030456856
3325.1748251748254,45710.659898477155
3325.1748251748254,45634.51776649746
3325.1748251748254,45558.37563451777
3325.1748251748254,45482.233502538074
3325.1748251748254,45406.09137055837
3325.1748251748254,45329.94923857868
3325.1748251748254,45253.807106598986
3325.1748251748254,45177.66497461929
3325.1748251748254,45101.52284263959
3325.1748251748254,45025.3807106599
3325.1748251748254,44949.238578680204
3325.1748251748254,44873.09644670051
3325.1748251748254,44796.95431472081
3325.1748251748254,44720.812182741116
3325.1748251748254,44644.67005076142
3325.1748251748254,44568.52791878173
3325.1748251748254,44492.38578680203
3325.1748251748254,44416.243654822334
3325.1748251748254,44340.10152284264
3325.1748251748254,44263.95939086295
3325.1748251748254,44187.817258883246
3325.1748251748254,44111.67512690355
3325.1748251748254,44035.53299492386
3330.4195804195806,45710.659898477155
3330.4195804195806,45634.51776649746
3330.4195804195806,45558.37563451777
3330.4195804195806,45482.233502538074
3330.4195804195806,45406.09137055837
3330.4195804195806,45329.94923857868
3330.4195804195806,45253.807106598986
3330.4195804195806,45177.66497461929
3330.4195804195806,45101.52284263959
3330.4195804195806,45025.3807106599
3330.4195804195806,44949.238578680204
3330.4195804195806,44873.09644670051
3330.4195804195806,44796.95431472081
3330.4195804195806,44720.812182741116
3330.4195804195806,44644.67005076142
3330.4195804195806,44568.52791878173
3330.4195804195806,44492.38578680203
3330.4195804195806,44416.243654822334
3330.4195804195806,44340.10152284264
3330.4195804195806,44263.95939086295
3330.4195804195806,44187.817258883246
3330.4195804195806,44111.67512690355
3330.4195804195806,44035.53299492386
3330.4195804195806,43959.390862944165
3330.4195804195806,43883.248730964464
3330.4195804195806,43807.10659898477
3330.4195804195806,43730.96446700508
3330.4195804195806,43654.82233502538
3335.664335664336,45101.52284263959
3335.664335664336,45025.3807106599
3335.664335664336,44949.238578680204
3335.664335664336,44873.09644670051
3335.664335664336,44796.95431472081
3335.664335664336,44720.812182741116
3335.664335664336,44644.67005076142
3335.664335664336,44568.52791878173
3335.664335664336,44492.38578680203
3335.664335664336,44416.243654822334
3335.664335664336,44340.10152284264
3335.664335664336,44263.95939086295
3335.664335664336,44187.817258883246
3335.664335664336,44111.67512690355
3335.664335664336,44035.53299492386
3335.664335664336,43959.390862944165
3335.664335664336,43883.248730964464
3335.664335664336,43807.10659898477
3335.664335664336,43730.96446700508
3335.664335664336,43654.82233502538
3335.664335664336,43578.68020304568
3335.664335664336,43502.53807106599
3340.909090909091,44644.67005076142
3340.909090909091,44568.52791878173
3340.909090909091,44492.38578680203
3340.909090909091,44416.243654822334
3340.909090909091,44340.10152284264
3340.909090909091,44263.95939086295
3340.909090909091,44187.817258883246
3340.909090909091,44111.67512690355
3340.909090909091,44035.53299492386
3340.909090909091,43959.390862944165
3340.909090909091,43883.248730964464
3340.909090909091,43807.10659898477
3340.909090909091,43730.96446700508
3340.909090909091,43654.82233502538
3340.909090909091,43578.68020304568
3340.909090909091,43502.53807106599
3340.909090909091,43426.395939086295
3340.909090909091,43350.2538071066
3340.909090909091,43274.1116751269
3346.153846153846,44111.67512690355
3346.153846153846,44035.53299492386
3346.153846153846,43959.390862944165
3346.153846153846,43883.248730964464
3346.153846153846,43807.10659898477
3346.153846153846,43730.96446700508
3346.153846153846,43654.82233502538
3346.153846153846,43578.68020304568
3346.153846153846,43502.53807106599
3346.153846153846,43426.395939086295
3346.153846153846,43350.2538071066
3346.153846153846,43274.1116751269
3346.153846153846,43197.96954314721
3346.153846153846,43121.82741116751
3351.3986013986014,43807.10659898477
3351.3986013986014,43730.96446700508
3351.3986013986014,43654.82233502538
3351.3986013986014,43578.68020304568
3351.3986013986014,43502.53807106599
3351.3986013986014,43426.395939086295
3351.3986013986014,43350.2538071066
3351.3986013986014,43274.1116751269
3351.3986013986014,43197.96954314721
3351.3986013986014,43121.82741116751
3351.3986013986014,43045.68527918782
3351.3986013986014,42969.543147208125
3351.3986013986014,42893.401015228425
3351.3986013986014,42817.25888324873
3351.3986013986014,42741.11675126904
3356.6433566433566,43654.82233502538
3356.6433566433566,43578.68020304568
3356.6433566433566,43502.53807106599
3356.6433566433566,43426.395939086295
3356.6433566433566,43350.2538071066
3356.6433566433566,43274.1116751269
3356.6433566433566,43197.96954314721
3356.6433566433566,43121.82741116751
3356.6433566433566,43045.68527918782
3356.6433566433566,42969.543147208125
3356.6433566433566,42893.401015228425
3356.6433566433566,42817.25888324873
3356.6433566433566,42741.11675126904
3356.6433566433566,42664.974619289336
3361.888111888112,43350.2538071066
3361.888111888112,43274.1116751269
3361.888111888112,43197.96954314721
3361.888111888112,43121.82741116751
3361.888111888112,43045.68527918782
3361.888111888112,42969.543147208125
3361.888111888112,42893.401015228425
3361.888111888112,42817.25888324873
3361.888111888112,42741.11675126904
3361.888111888112,42664.974619289336
3361.888111888112,42588.83248730964
3361.888111888112,42512.69035532995
3361.888111888112,42436.548223350255
3361.888111888112,42360.40609137056
3367.132867132867,43197.96954314721
3367.132867132867,43121.82741116751
3367.132867132867,43045.68527918782
3367.132867132867,42969.543147208125
3367.132867132867,42893.401015228425
3367.132867132867,42817.25888324873
3367.132867132867,42741.11675126904
3367.132867132867,42664.974619289336
3367.132867132867,42588.83248730964
3367.132867132867,42512.69035532995
3367.132867132867,42436.548223350255
3367.132867132867,42360.40609137056
3367.132867132867,42284.26395939087
3372.377622377622,42969.543147208125
3372.377622377622,42893.401015228425
3372.377622377622,42817.25888324873
3372.377622377622,42741.11675126904
3372.377622377622,42664.974619289336
3372.377622377622,42588.83248730964
3372.377622377622,42512.69035532995
3372.377622377622,42436.548223350255
3372.377622377622,42360.40609137056
3372.377622377622,42284.26395939087
3372.377622377622,42208.12182741117
3377.622377622378,42893.401015228425
3377.622377622378,42817.25888324873
3377.622377622378,42741.11675126904
3377.622377622378,42664.974619289336
3377.622377622378,42588.83248730964
3377.622377622378,42512.69035532995
3377.622377622378,42436.548223350255
3377.622377622378,42360.40609137056
3377.622377622378,42284.26395939087
3377.622377622378,42208.12182741117
3377.622377622378,42131.97969543147
3377.622377622378,42055.83756345177
3377.622377622378,41979.69543147208
3382.867132867133,42512.69035532995
3382.867132867133,42436.548223350255
3382.867132867133,42360.40609137056
3382.867132867133,42284.26395939087
3382.867132867133,42208.12182741117
3382.867132867133,42131.97969543147
3382.867132867133,42055.83756345177
3382.867132867133,41979.69543147208
3382.867132867133,41903.553299492385
3388.111888111888,42436.548223350255
3388.111888111888,42360.40609137056
3388.111888111888,42284.26395939087
3388.111888111888,42208.12182741117
3388.111888111888,42131.97969543147
3388.111888111888,42055.83756345177
3388.111888111888,41979.69543147208
3388.111888111888,41903.553299492385
3388.111888111888,41827.41116751269
3388.111888111888,41751.269035533
3388.111888111888,41675.126903553304
3393.3566433566434,42360.40609137056
3393.3566433566434,42284.26395939087
3393.3566433566434,42208.12182741117
3393.3566433566434,42131.97969543147
3393.3566433566434,42055.83756345177
3393.3566433566434,41979.69543147208
3393.3566433566434,41903.553299492385
3393.3566433566434,41827.41116751269
3393.3566433566434,41751.269035533
3393.3566433566434,41675.126903553304
3393.3566433566434,41598.9847715736
3393.3566433566434,41522.84263959391
3398.6013986013986,42208.12182741117
3398.6013986013986,42131.97969543147
3398.6013986013986,42055.83756345177
3398.6013986013986,41979.69543147208
3398.6013986013986,41903.553299492385
3398.6013986013986,41827.41116751269
3398.6013986013986,41751.269035533
3398.6013986013986,41675.126903553304
3398.6013986013986,41598.9847715736
3398.6013986013986,41522.84263959391
3398.6013986013986,41446.70050761421
3403.846153846154,42055.83756345177
3403.846153846154,41979.69543147208
3403.846153846154,41903.553299492385
3403.846153846154,41827.41116751269
3403.846153846154,41751.269035533
3403.846153846154,41675.126903553304
3403.846153846154,41598.9847715736
3403.846153846154,41522.84263959391
3403.846153846154,41446.70050761421
3403.846153846154,41370.558375634515
3403.846153846154,41294.41624365482
3409.090909090909,41751.269035533
3409.090909090909,41675.126903553304
3409.090909090909,41598.9847715736
3409.090909090909,41522.84263959391
3409.090909090909,41446.70050761421
3409.090909090909,41370.558375634515
3409.090909090909,41294.41624365482
3409.090909090909,41218.27411167513
3414.335664335664,41751.269035533
3414.335664335664,41675.126903553304
3414.335664335664,41598.9847715736
3414.335664335664,41522.84263959391
3414.335664335664,41446.70050761421
3414.335664335664,41370.558375634515
3414.335664335664,41294.41624365482
3414.335664335664,41218.27411167513
3414.335664335664,41142.131979695434
3419.5804195804194,41598.9847715736
3419.5804195804194,41522.84263959391
3419.5804195804194,41446.70050761421
3419.5804195804194,41370.558375634515
3419.5804195804194,41294.41624365482
3419.5804195804194,41218.27411167513
3419.5804195804194,41142.131979695434
3419.5804195804194,41065.98984771574
3419.5804195804194,40989.84771573604
3424.8251748251746,41446.70050761421
3424.8251748251746,41370.558375634515
3424.8251748251746,41294.41624365482
3424.8251748251746,41218.27411167513
3424.8251748251746,41142.131979695434
3424.8251748251746,41065.98984771574
3424.8251748251746,40989.84771573604
3424.8251748251746,40913.705583756346
3430.0699300699303,41370.558375634515
3430.0699300699303,41294.41624365482
3430.0699300699303,41218.27411167513
3430.0699300699303,41142.131979695434
3430.0699300699303,41065.98984771574
3430.0699300699303,40989.84771573604
3430.0699300699303,40913.705583756346
3430.0699300699303,40837.563451776645
3435.3146853146854,41218.27411167513
3435.3146853146854,41142.131979695434
3435.3146853146854,41065.98984771574
3435.3146853146854,40989.84771573604
3435.3146853146854,40913.705583756346
3435.3146853146854,40837.563451776645
3435.3146853146854,40761.42131979695
3440.5594405594406,41142.131979695434
3440.5594405594406,41065.98984771574
3440.5594405594406,40989.84771573604
3440.5594405594406,40913.705583756346
3440.5594405594406,40837.563451776645
3440.5594405594406,40761.42131979695
3440.5594405594406,40685.27918781726
3440.5594405594406,40609.137055837564
3445.804195804196,41065.98984771574
3445.804195804196,40989.84771573604
3445.804195804196,40913.705583756346
3445.804195804196,40837.563451776645
3445.804195804196,40761.42131979695
3445.804195804196,40685.27918781726
3445.804195804196,40609.137055837564
3445.804195804196,40532.99492385787
3451.048951048951,40913.705583756346
3451.048951048951,40837.563451776645
3451.048951048951,40761.42131979695
3451.048951048951,40685.27918781726
3451.048951048951,40609.137055837564
3451.048951048951,40532.99492385787
3456.2937062937062,40837.563451776645
3456.2937062937062,40761.42131979695
3456.2937062937062,40685.27918781726
3456.2937062937062,40609.137055837564
3456.2937062937062,40532.99492385787
3461.5384615384614,40761.42131979695
3461.5384615384614,40685.27918781726
3461.5384615384614,40609.137055837564
3461.5384615384614,40532.99492385787
3461.5384615384614,40456.85279187818
3466.7832167832166,40761.42131979695
3466.7832167832166,40685.27918781726
3466.7832167832166,40609.137055837564
3466.7832167832166,40532.99492385787
3466.7832167832166,40456.85279187818
3466.7832167832166,40380.710659898476
3472.027972027972,40761.42131979695
3472.027972027972,40685.27918781726
3472.027972027972,40609.137055837564
3472.027972027972,40532.99492385787
3472.027972027972,40456.85279187818
3472.027972027972,40380.710659898476
3472.027972027972,40304.56852791878
3477.2727272727275,40609.137055837564
3477.2727272727275,40532.99492385787
3477.2727272727275,40456.85279187818
3477.2727272727275,40380.710659898476
3477.2727272727275,40304.56852791878
3482.5174825174827,40609.137055837564
3482.5174825174827,40532.99492385787
3482.5174825174827,40456.85279187818
3482.5174825174827,40380.710659898476
3482.5174825174827,40304.56852791878
3487.762237762238,40609.137055837564
3487.762237762238,40532.99492385787
3487.762237762238,40456.85279187818
3487.762237762238,40380.710659898476
3487.762237762238,40304.56852791878
3487.762237762238,40228.42639593908
3493.006993006993,40685.27918781726
3493.006993006993,40609.137055837564
3493.006993006993,40532.99492385787
3493.006993006993,40456.85279187818
3493.006993006993,40380.710659898476
3493.006993006993,40304.56852791878
3493.006993006993,40228.42639593908
3498.2517482517483,40685.27918781726
3498.2517482517483,40609.137055837564
3498.2517482517483,40532.99492385787
3498.2517482517483,40456.85279187818
3498.2517482517483,40380.710659898476
3498.2517482517483,40304.56852791878
3498.2517482517483,40228.42639593908
3498.2517482517483,40152.28426395939
3503.4965034965035,40609.137055837564
3503.4965034965035,40532.99492385787
3503.4965034965035,40456.85279187818
3503.4965034965035,40380.710659898476
3503.4965034965035,40304.56852791878
3503.4965034965035,40228.42639593908
3503.4965034965035,40152.28426395939
3503.4965034965035,40076.142131979694
3508.7412587412587,40456.85279187818
3508.7412587412587,40380.710659898476
3508.7412587412587,40304.56852791878
3508.7412587412587,40228.42639593908
3508.7412587412587,40152.28426395939
3508.7412587412587,40076.142131979694
3508.7412587412587,40000.0
3513.986013986014,40456.85279187818
3513.986013986014,40380.710659898476
3513.986013986014,40304.56852791878
3513.986013986014,40228.42639593908
3513.986013986014,40152.28426395939
3513.986013986014,40076.142131979694
3513.986013986014,40000.0
3519.230769230769,40456.85279187818
3519.230769230769,40380.710659898476
3519.230769230769,40304.56852791878
3519.230769230769,40228.42639593908
3519.230769230769,40152.28426395939
3519.230769230769,40076.142131979694
3519.230769230769,40000.0
3519.230769230769,39923.857868020306
3524.4755244755243,40380.710659898476
3524.4755244755243,40304.56852791878
3524.4755244755243,40228.42639593908
3524.4755244755243,40152.28426395939
3524.4755244755243,40076.142131979694
3524.4755244755243,40000.0
3524.4755244755243,39923.857868020306
3524.4755244755243,39847.71573604061
3529.72027972028,40304.56852791878
3529.72027972028,40228.42639593908
3529.72027972028,40152.28426395939
3529.72027972028,40076.142131979694
3529.72027972028,40000.0
3529.72027972028,39923.857868020306
3529.72027972028,39847.71573604061
3529.72027972028,39771.57360406092
3534.965034965035,40304.56852791878
3534.965034965035,40228.42639593908
3534.965034965035,40152.28426395939
3534.965034965035,40076.142131979694
3534.965034965035,40000.0
3534.965034965035,39923.857868020306
3534.965034965035,39847.71573604061
3534.965034965035,39771.57360406092
3540.2097902097903,40152.28426395939
3540.2097902097903,40076.142131979694
3540.2097902097903,40000.0
3540.2097902097903,39923.857868020306
3540.2097902097903,39847.71573604061
3540.2097902097903,39771.57360406092
3545.4545454545455,40152.28426395939
3545.4545454545455,40076.142131979694
3545.4545454545455,40000.0
3545.4545454545455,39923.857868020306
3545.4545454545455,39847.71573604061
3545.4545454545455,39771.57360406092
3545.4545454545455,39695.43147208122
3550.6993006993007,40152.28426395939
3550.6993006993007,40076.142131979694
3550.6993006993007,40000.0
3550.6993006993007,39923.857868020306
3550.6993006993007,39847.71573604061
3550.6993006993007,39771.57360406092
3550.6993006993007,39695.43147208122
3555.944055944056,40076.142131979694
3555.944055944056,40000.0
3555.944055944056,39923.857868020306
3555.944055944056,39847.71573604061
3555.944055944056,39771.57360406092
3555.944055944056,39695.43147208122
3555.944055944056,39619.289340101524
3555.944055944056,39543.14720812182
3561.188811188811,40076.142131979694
3561.188811188811,40000.0
3561.188811188811,39923.857868020306
3561.188811188811,39847.71573604061
3561.188811188811,39771.57360406092
3561.188811188811,39695.43147208122
3561.188811188811,39619.289340101524
3561.188811188811,39543.14720812182
3561.188811188811,39467.00507614213
3566.4335664335663,40000.0
3566.4335664335663,39923.857868020306
3566.4335664335663,39847.71573604061
3566.4335664335663,39771.57360406092
3566.4335664335663,39695.43147208122
3566.4335664335663,39619.289340101524
3566.4335664335663,39543.14720812182
3566.4335664335663,39467.00507614213
3566.4335664335663,39390.862944162436
3571.6783216783215,39923.857868020306
3571.6783216783215,39847.71573604061
3571.6783216783215,39771.57360406092
3571.6783216783215,39695.43147208122
3571.6783216783215,39619.289340101524
3571.6783216783215,39543.14720812182
3571.6783216783215,39467.00507614213
3571.6783216783215,39390.862944162436
3571.6783216783215,39314.72081218274
3576.923076923077,39923.857868020306
3576.923076923077,39847.71573604061
3576.923076923077,39771.57360406092
3576.923076923077,39695.43147208122
3576.923076923077,39619.289340101524
3576.923076923077,39543.14720812182
3576.923076923077,39467.00507614213
3576.923076923077,39390.862944162436
3576.923076923077,39314.72081218274
3582.1678321678323,39771.57360406092
3582.1678321678323,39695.43147208122
3582.1678321678323,39619.289340101524
3582.1678321678323,39543.14720812182
3582.1678321678323,39467.00507614213
3582.1678321678323,39390.862944162436
3582.1678321678323,39314.72081218274
3587.4125874125875,39771.57360406092
3587.4125874125875,39695.43147208122
3587.4125874125875,39619.289340101524
3587.4125874125875,39543.14720812182
3587.4125874125875,39467.00507614213
3587.4125874125875,39390.862944162436
3587.4125874125875,39314.72081218274
3592.6573426573427,39771.57360406092
3592.6573426573427,39695.43147208122
3592.6573426573427,39619.289340101524
3592.6573426573427,39543.14720812182
3592.6573426573427,39467.00507614213
3592.6573426573427,39390.862944162436
3592.6573426573427,39314.72081218274
3597.902097902098,39695.43147208122
3597.902097902098,39619.289340101524
3597.902097902098,39543.14720812182
3597.902097902098,39467.00507614213
3597.902097902098,39390.862944162436
3597.902097902098,39314.72081218274
3597.902097902098,39238.57868020305
3603.146853146853,39619.289340101524
3603.146853146853,39543.14720812182
3603.146853146853,39467.00507614213
3603.146853146853,39390.862944162436
3603.146853146853,39314.72081218274
3603.146853146853,39238.57868020305
3608.3916083916083,39619.289340101524
3608.3916083916083,39543.14720812182
3608.3916083916083,39467.00507614213
3608.3916083916083,39390.862944162436
3608.3916083916083,39314.72081218274
3608.3916083916083,39238.57868020305
3608.3916083916083,39162.436548223355
3613.6363636363635,39619.289340101524
3613.6363636363635,39543.14720812182
3613.6363636363635,39467.00507614213
3613.6363636363635,39390.862944162436
3613.6363636363635,39314.72081218274
3613.6363636363635,39238.57868020305
3613.6363636363635,39162.436548223355
3613.6363636363635,39086.294416243654
3618.8811188811187,39543.14720812182
3618.8811188811187,39467.00507614213
3618.8811188811187,39390.862944162436
3618.8811188811187,39314.72081218274
3618.8811188811187,39238.57868020305
3618.8811188811187,39162.436548223355
3618.8811188811187,39086.294416243654
3624.125874125874,39467.00507614213
3624.125874125874,39390.862944162436
3624.125874125874,39314.72081218274
3624.125874125874,39238.57868020305
3624.125874125874,39162.436548223355
3624.125874125874,39086.294416243654
3624.125874125874,39010.15228426396
3629.3706293706296,39467.00507614213
3629.3706293706296,39390.862944162436
3629.3706293706296,39314.72081218274
3629.3706293706296,39238.57868020305
3629.3706293706296,39162.436548223355
3629.3706293706296,39086.294416243654
3629.3706293706296,39010.15228426396
3634.6153846153848,39467.00507614213
3634.6153846153848,39390.862944162436
3634.6153846153848,39314.72081218274
3634.6153846153848,39238.57868020305
3634.6153846153848,39162.436548223355
3634.6153846153848,39086.294416243654
3634.6153846153848,39010.15228426396
3639.86013986014,39467.00507614213
3639.86013986014,39390.862944162436
3639.86013986014,39314.72081218274
3639.86013986014,39238.57868020305
3639.86013986014,39162.436548223355
3639.86013986014,39086.294416243654
3639.86013986014,39010.15228426396
3639.86013986014,38934.01015228426
3645.104895104895,39390.862944162436
3645.104895104895,39314.72081218274
3645.104895104895,39238.57868020305
3645.104895104895,39162.436548223355
3645.104895104895,39086.294416243654
3645.104895104895,39010.15228426396
3645.104895104895,38934.01015228426
3650.3496503496503,39390.862944162436
3650.3496503496503,39314.72081218274
3650.3496503496503,39238.57868020305
3650.3496503496503,39162.436548223355
3650.3496503496503,39086.294416243654
3650.3496503496503,39010.15228426396
3655.5944055944055,39390.862944162436
3655.5944055944055,39314.72081218274
3655.5944055944055,39238.57868020305
3655.5944055944055,39162.436548223355
3655.5944055944055,39086.294416243654
3660.8391608391607,39390.862944162436
3660.8391608391607,39314.72081218274
3660.8391608391607,39238.57868020305
3660.8391608391607,39162.436548223355
3660.8391608391607,39086.294416243654
3660.8391608391607,39010.15228426396
3666.083916083916,39390.862944162436
3666.083916083916,39314.72081218274
3666.083916083916,39238.57868020305
3666.083916083916,39162.436548223355
3666.083916083916,39086.294416243654
3666.083916083916,39010.15228426396
3666.083916083916,38934.01015228426
3671.328671328671,39314.72081218274
3671.328671328671,39238.57868020305
3671.328671328671,39162.436548223355
3671.328671328671,39086.294416243654
3671.328671328671,39010.15228426396
3671.328671328671,38934.01015228426
3671.328671328671,38857.868020304566
3676.573426573427,39314.72081218274
3676.573426573427,39238.57868020305
3676.573426573427,39162.436548223355
3676.573426573427,39086.294416243654
3676.573426573427,39010.15228426396
3676.573426573427,38934.01015228426
3676.573426573427,38857.868020304566
3681.818181818182,39314.72081218274
3681.818181818182,39238.57868020305
3681.818181818182,39162.436548223355
3681.818181818182,39086.294416243654
3681.818181818182,39010.15228426396
3681.818181818182,38934.01015228426
3681.818181818182,38857.868020304566
3687.062937062937,39314.72081218274
3687.062937062937,39238.57868020305
3687.062937062937,39162.436548223355
3687.062937062937,39086.294416243654
3687.062937062937,39010.15228426396
3687.062937062937,38934.01015228426
3692.3076923076924,39314.72081218274
3692.3076923076924,39238.57868020305
3692.3076923076924,39162.436548223355
3692.3076923076924,39086.294416243654
3692.3076923076924,39010.15228426396
3692.3076923076924,38934.01015228426
3697.5524475524476,39390.862944162436
3697.5524475524476,39314.72081218274
3697.5524475524476,39238.57868020305
3697.5524475524476,39162.436548223355
3697.5524475524476,39086.294416243654
3697.5524475524476,39010.15228426396
3697.5524475524476,38934.01015228426
3702.7972027972028,39390.862944162436
3702.7972027972028,39314.72081218274
3702.7972027972028,39238.57868020305
3702.7972027972028,39162.436548223355
3702.7972027972028,39086.294416243654
3702.7972027972028,39010.15228426396
3702.7972027972028,38934.01015228426
3702.7972027972028,38857.868020304566
3708.041958041958,39390.862944162436
3708.041958041958,39314.72081218274
3708.041958041958,39238.57868020305
3708.041958041958,39162.436548223355
3708.041958041958,39086.294416243654
3708.041958041958,39010.15228426396
3708.041958041958,38934.01015228426
3708.041958041958,38857.868020304566
3708.041958041958,38781.72588832487
3713.286713286713,39390.862944162436
3713.286713286713,39314.72081218274
3713.286713286713,39238.57868020305
3713.286713286713,39162.436548223355
3713.286713286713,39086.294416243654
3713.286713286713,39010.15228426396
3713.286713286713,38934.01015228426
3713.286713286713,38857.868020304566
3718.5314685314684,39390.862944162436
3718.5314685314684,39314.72081218274
3718.5314685314684,39238.57868020305
3718.5314685314684,39162.436548223355
3718.5314685314684,39086.294416243654
3718.5314685314684,39010.15228426396
3718.5314685314684,38934.01015228426
3723.7762237762236,39390.862944162436
3723.7762237762236,39314.72081218274
3723.7762237762236,39238.57868020305
3723.7762237762236,39162.436548223355
3723.7762237762236,39086.294416243654
3723.7762237762236,39010.15228426396
3723.7762237762236,38934.01015228426
3729.020979020979,39390.862944162436
3729.020979020979,39314.72081218274
3729.020979020979,39238.57868020305
3729.020979020979,39162.436548223355
3729.020979020979,39086.294416243654
3729.020979020979,39010.15228426396
3729.020979020979,38934.01015228426
3734.2657342657344,39390.862944162436
3734.2657342657344,39314.72081218274
3734.2657342657344,39238.57868020305
3734.2657342657344,39162.436548223355
3734.2657342657344,39086.294416243654
3734.2657342657344,39010.15228426396
3734.2657342657344,38934.01015228426
3739.5104895104896,39390.862944162436
3739.5104895104896,39314.72081218274
3739.5104895104896,39238.57868020305
3739.5104895104896,39162.436548223355
3739.5104895104896,39086.294416243654
3739.5104895104896,39010.15228426396
3744.755244755245,39467.00507614213
3744.755244755245,39390.862944162436
3744.755244755245,39314.72081218274
3744.755244755245,39238.57868020305
3744.755244755245,39162.436548223355
3744.755244755245,39086.294416243654
3750.0,39467.00507614213
3750.0,39390.862944162436
3750.0,39314.72081218274
3750.0,39238.57868020305
3750.0,39162.436548223355
3750.0,39086.294416243654
3755.244755244755,39543.14720812182
3755.244755244755,39467.00507614213
3755.244755244755,39390.862944162436
3755.244755244755,39314.72081218274
3755.244755244755,39238.57868020305
3755.244755244755,39162.436548223355
3755.244755244755,39086.294416243654
3755.244755244755,39010.15228426396
3760.4895104895104,39467.00507614213
3760.4895104895104,39390.862944162436
3760.4895104895104,39314.72081218274
3760.4895104895104,39238.57868020305
3760.4895104895104,39162.436548223355
3760.4895104895104,39086.294416243654
3760.4895104895104,39010.15228426396
3765.7342657342656,39467.00507614213
3765.7342657342656,39390.862944162436
3765.7342657342656,39314.72081218274
3765.7342657342656,39238.57868020305
3765.7342657342656,39162.436548223355
3765.7342657342656,39086.294416243654
3765.7342657342656,39010.15228426396
3770.979020979021,39467.00507614213
3770.979020979021,39390.862944162436
3770.979020979021,39314.72081218274
3770.979020979021,39238.57868020305
3770.979020979021,39162.436548223355
3770.979020979021,39086.294416243654
3776.2237762237764,39543.14720812182
3776.2237762237764,39467.00507614213
3776.2237762237764,39390.862944162436
3776.2237762237764,39314.72081218274
3776.2237762237764,39238.57868020305
3776.2237762237764,39162.436548223355
3776.2237762237764,39086.294416243654
3781.4685314685316,39619.289340101524
3781.4685314685316,39543.14720812182
3781.4685314685316,39467.00507614213
3781.4685314685316,39390.862944162436
3781.4685314685316,39314.72081218274
3781.4685314685316,39238.57868020305
3781.4685314685316,39162.436548223355
3786.713286713287,39695.43147208122
3786.713286713287,39619.289340101524
3786.713286713287,39543.14720812182
3786.713286713287,39467.00507614213
3786.713286713287,39390.862944162436
3786.713286713287,39314.72081218274
3786.713286713287,39238.57868020305
3791.958041958042,39695.43147208122
3791.958041958042,39619.289340101524
3791.958041958042,39543.14720812182
3791.958041958042,39467.00507614213
3791.958041958042,39390.862944162436
3791.958041958042,39314.72081218274
3797.2027972027972,39695.43147208122
3797.2027972027972,39619.289340101524
3797.2027972027972,39543.14720812182
3797.2027972027972,39467.00507614213
3797.2027972027972,39390.862944162436
3797.2027972027972,39314.72081218274
3802.4475524475524,39771.57360406092
3802.4475524475524,39695.43147208122
3802.4475524475524,39619.289340101524
3802.4475524475524,39543.14720812182
3802.4475524475524,39467.00507614213
3802.4475524475524,39390.862944162436
3802.4475524475524,39314.72081218274
3802.4475524475524,39238.57868020305
3802.4475524475524,39162.436548223355
3807.6923076923076,39695.43147208122
3807.6923076923076,39619.289340101524
3807.6923076923076,39543.14720812182
3807.6923076923076,39467.00507614213
3807.6923076923076,39390.862944162436
3807.6923076923076,39314.72081218274
3807.6923076923076,39238.57868020305
3807.6923076923076,39162.436548223355
3807.6923076923076,39086.294416243654
3812.937062937063,39695.43147208122
3812.937062937063,39619.289340101524
3812.937062937063,39543.14720812182
3812.937062937063,39467.00507614213
3812.937062937063,39390.862944162436
3812.937062937063,39314.72081218274
3812.937062937063,39238.57868020305
3812.937062937063,39162.436548223355
3812.937062937063,39086.294416243654
3818.181818181818,39695.43147208122
3818.181818181818,39619.289340101524
3818.181818181818,39543.14720812182
3818.181818181818,39467.00507614213
3818.181818181818,39390.862944162436
3818.181818181818,39314.72081218274
3818.181818181818,39238.57868020305
3818.181818181818,39162.436548223355
3823.426573426573,39695.43147208122
3823.426573426573,39619.289340101524
3823.426573426573,39543.14720812182
3823.426573426573,39467.00507614213
3823.426573426573,39390.862944162436
3823.426573426573,39314.72081218274
3823.426573426573,39238.57868020305
3828.671328671329,39771.57360406092
3828.671328671329,39695.43147208122
3828.671328671329,39619.289340101524
3828.671328671329,39543.14720812182
3828.671328671329,39467.00507614213
3828.671328671329,39390.862944162436
3833.916083916084,39771.57360406092
3833.916083916084,39695.43147208122
3833.916083916084,39619.289340101524
3833.916083916084,39543.14720812182
3833.916083916084,39467.00507614213
3839.1608391608393,39771.57360406092
3839.1608391608393,39695.43147208122
3839.1608391608393,39619.289340101524
3839.1608391608393,39543.14720812182
3839.1608391608393,39467.00507614213
3844.4055944055945,39847.71573604061
3844.4055944055945,39771.57360406092
3844.4055944055945,39695.43147208122
3844.4055944055945,39619.289340101524
3844.4055944055945,39543.14720812182
3844.4055944055945,39467.00507614213
3849.6503496503497,39847.71573604061
3849.6503496503497,39771.57360406092
3849.6503496503497,39695.43147208122
3849.6503496503497,39619.289340101524
3849.6503496503497,39543.14720812182
3854.895104895105,39923.857868020306
3854.895104895105,39847.71573604061
3854.895104895105,39771.57360406092
3854.895104895105,39695.43147208122
3854.895104895105,39619.289340101524
3854.895104895105,39543.14720812182
3854.895104895105,39467.00507614213
3860.13986013986,39847.71573604061
3860.13986013986,39771.57360406092
3860.13986013986,39695.43147208122
3860.13986013986,39619.289340101524
3860.13986013986,39543.14720812182
3860.13986013986,39467.00507614213
3860.13986013986,39390.862944162436
3865.3846153846152,39847.71573604061
3865.3846153846152,39771.57360406092
3865.3846153846152,39695.43147208122
3865.3846153846152,39619.289340101524
3865.3846153846152,39543.14720812182
3865.3846153846152,39467.00507614213
3865.3846153846152,39390.862944162436
3870.6293706293704,39847.71573604061
3870.6293706293704,39771.57360406092
3870.6293706293704,39695.43147208122
3870.6293706293704,39619.289340101524
3870.6293706293704,39543.14720812182
3870.6293706293704,39467.00507614213
3870.6293706293704,39390.862944162436
3875.874125874126,39847.71573604061
3875.874125874126,39771.57360406092
3875.874125874126,39695.43147208122
3875.874125874126,39619.289340101524
3875.874125874126,39543.14720812182
3875.874125874126,39467.00507614213
3875.874125874126,39390.862944162436
3875.874125874126,39314.72081218274
3881.1188811188813,39847.71573604061
3881.1188811188813,39771.57360406092
3881.1188811188813,39695.43147208122
3881.1188811188813,39619.289340101524
3881.1188811188813,39543.14720812182
3881.1188811188813,39467.00507614213
3881.1188811188813,39390.862944162436
3881.1188811188813,39314.72081218274
3886.3636363636365,39847.71573604061
3886.3636363636365,39771.57360406092
3886.3636363636365,39695.43147208122
3886.3636363636365,39619.289340101524
3886.3636363636365,39543.14720812182
3886.3636363636365,39467.00507614213
3886.3636363636365,39390.862944162436
3886.3636363636365,39314.72081218274
3886.3636363636365,39238.57868020305
3891.6083916083917,39619.289340101524
3891.6083916083917,39543.14720812182
3891.6083916083917,39467.00507614213
3891.6083916083917,39390.862944162436
3891.6083916083917,39314.72081218274
3891.6083916083917,39238.57868020305
3891.6083916083917,39162.436548223355
3896.853146853147,39619.289340101524
3896.853146853147,39543.14720812182
3896.853146853147,39467.00507614213
3896.853146853147,39390.862944162436
3896.853146853147,39314.72081218274
3896.853146853147,39238.57868020305
3896.853146853147,39162.436548223355
3896.853146853147,39086.294416243654
3902.097902097902,39543.14720812182
3902.097902097902,39467.00507614213
3902.097902097902,39390.862944162436
3902.097902097902,39314.72081218274
3902.097902097902,39238.57868020305
3902.097902097902,39162.436548223355
3902.097902097902,39086.294416243654
3907.3426573426573,39543.14720812182
3907.3426573426573,39467.00507614213
3907.3426573426573,39390.862944162436
3907.3426573426573,39314.72081218274
3907.3426573426573,39238.57868020305
3907.3426573426573,39162.436548223355
3907.3426573426573,39086.294416243654
3912.5874125874125,39543.14720812182
3912.5874125874125,39467.00507614213
3912.5874125874125,39390.862944162436
3912.5874125874125,39314.72081218274
3912.5874125874125,39238.57868020305
3912.5874125874125,39162.436548223355
3917.8321678321677,39543.14720812182
3917.8321678321677,39467.00507614213
3917.8321678321677,39390.862944162436
3917.8321678321677,39314.72081218274
3917.8321678321677,39238.57868020305
3917.8321678321677,39162.436548223355
3917.8321678321677,39086.294416243654
3923.076923076923,39467.00507614213
3923.076923076923,39390.862944162436
3923.076923076923,39314.72081218274
3923.076923076923,39238.57868020305
3923.076923076923,39162.436548223355
3923.076923076923,39086.294416243654
3928.3216783216785,39543.14720812182
3928.3216783216785,39467.00507614213
3928.3216783216785,39390.862944162436
3928.3216783216785,39314.72081218274
3928.3216783216785,39238.57868020305
3928.3216783216785,39162.436548223355
3928.3216783216785,39086.294416243654
3933.5664335664337,39467.00507614213
3933.5664335664337,39390.862944162436
3933.5664335664337,39314.72081218274
3933.5664335664337,39238.57868020305
3933.5664335664337,39162.436548223355
3933.5664335664337,39086.294416243654
3933.5664335664337,39010.15228426396
3938.811188811189,39390.862944162436
3938.811188811189,39314.72081218274
3938.811188811189,39238.57868020305
3938.811188811189,39162.436548223355
3938.811188811189,39086.294416243654
3938.811188811189,39010.15228426396
3938.811188811189,38934.01015228426
3944.055944055944,39314.72081218274
3944.055944055944,39238.57868020305
3944.055944055944,39162.436548223355
3944.055944055944,39086.294416243654
3944.055944055944,39010.15228426396
3944.055944055944,38934.01015228426
3949.3006993006993,39314.72081218274
3949.3006993006993,39238.57868020305
3949.3006993006993,39162.436548223355
3949.3006993006993,39086.294416243654
3949.3006993006993,39010.15228426396
3949.3006993006993,38934.01015228426
3954.5454545454545,39314.72081218274
3954.5454545454545,39238.57868020305
3954.5454545454545,39162.436548223355
3954.5454545454545,39086.294416243654
3954.5454545454545,39010.15228426396
3954.5454545454545,38934.01015228426
3959.7902097902097,39238.57868020305
3959.7902097902097,39162.436548223355
3959.7902097902097,39086.294416243654
3959.7902097902097,39010.15228426396
3959.7902097902097,38934.01015228426
3965.034965034965,39238.57868020305
3965.034965034965,39162.436548223355
3965.034965034965,39086.294416243654
3965.034965034965,39010.15228426396
3965.034965034965,38934.01015228426
3965.034965034965,38857.868020304566
3970.27972027972,39238.57868020305
3970.27972027972,39162.436548223355
3970.27972027972,39086.294416243654
3970.27972027972,39010.15228426396
3970.27972027972,38934.01015228426
3970.27972027972,38857.868020304566
3975.5244755244757,39238.57868020305
3975.5244755244757,39162.436548223355
3975.5244755244757,39086.294416243654
3975.5244755244757,39010.15228426396
3975.5244755244757,38934.01015228426
3975.5244755244757,38857.868020304566
3975.5244755244757,38781.72588832487
3980.769230769231,39238.57868020305
3980.769230769231,39162.436548223355
3980.769230769231,39086.294416243654
3980.769230769231,39010.15228426396
3980.769230769231,38934.01015228426
3980.769230769231,38857.868020304566
3980.769230769231,38781.72588832487
3986.013986013986,39162.436548223355
3986.013986013986,39086.294416243654
3986.013986013986,39010.15228426396
3986.013986013986,38934.01015228426
3986.013986013986,38857.868020304566
3986.013986013986,38781.72588832487
3991.2587412587413,39086.294416243654
3991.2587412587413,39010.15228426396
3991.2587412587413,38934.01015228426
3991.2587412587413,38857.868020304566
3991.2587412587413,38781.72588832487
3991.2587412587413,38705.58375634518
3996.5034965034965,39086.294416243654
3996.5034965034965,39010.15228426396
3996.5034965034965,38934.01015228426
3996.5034965034965,38857.868020304566
3996.5034965034965,38781.72588832487
3996.5034965034965,38705.58375634518
3996.5034965034965,38629.441624365485
4001.7482517482517,39010.15228426396
4001.7482517482517,38934.01015228426
4001.7482517482517,38857.868020304566
4001.7482517482517,38781.72588832487
4001.7482517482517,38705.58375634518
4001.7482517482517,38629.441624365485
4006.993006993007,39010.15228426396
4006.993006993007,38934.01015228426
4006.993006993007,38857.868020304566
4006.993006993007,38781.72588832487
4006.993006993007,38705.58375634518
4006.993006993007,38629.441624365485
4012.237762237762,38934.01015228426
4012.237762237762,38857.868020304566
4012.237762237762,38781.72588832487
4012.237762237762,38705.58375634518
4012.237762237762,38629.441624365485
4017.4825174825173,39010.15228426396
4017.4825174825173,38934.01015228426
4017.4825174825173,38857.868020304566
4017.4825174825173,38781.72588832487
4017.4825174825173,38705.58375634518
4017.4825174825173,38629.441624365485
4017.4825174825173,38553.29949238579
4022.7272727272725,39010.15228426396
4022.7272727272725,38934.01015228426
4022.7272727272725,38857.868020304566
4022.7272727272725,38781.72588832487
4022.7272727272725,38705.58375634518
4022.7272727272725,38629.441624365485
4022.7272727272725,38553.29949238579
4027.972027972028,39086.294416243654
4027.972027972028,39010.15228426396
4027.972027972028,38934.01015228426
4027.972027972028,38857.868020304566
4027.972027972028,38781.72588832487
4027.972027972028,38705.58375634518
4027.972027972028,38629.441624365485
4033.2167832167834,39086.294416243654
4033.2167832167834,39010.15228426396
4033.2167832167834,38934.01015228426
4033.2167832167834,38857.868020304566
4033.2167832167834,38781.72588832487
4033.2167832167834,38705.58375634518
4033.2167832167834,38629.441624365485
4038.4615384615386,39010.15228426396
4038.4615384615386,38934.01015228426
4038.4615384615386,38857.868020304566
4038.4615384615386,38781.72588832487
4038.4615384615386,38705.58375634518
4038.4615384615386,38629.441624365485
4038.4615384615386,38553.29949238579
4043.7062937062938,38934.01015228426
4043.7062937062938,38857.868020304566
4043.7062937062938,38781.72588832487
4043.7062937062938,38705.58375634518
4043.7062937062938,38629.441624365485
4043.7062937062938,38553.29949238579
4048.951048951049,38857.868020304566
4048.951048951049,38781.72588832487
4048.951048951049,38705.58375634518
4048.951048951049,38629.441624365485
4048.951048951049,38553.29949238579
4054.195804195804,38857.868020304566
4054.195804195804,38781.72588832487
4054.195804195804,38705.58375634518
4054.195804195804,38629.441624365485
4054.195804195804,38553.29949238579
4054.195804195804,38477.15736040609
4059.4405594405594,38781.72588832487
4059.4405594405594,38705.58375634518
4059.4405594405594,38629.441624365485
4059.4405594405594,38553.29949238579
4059.4405594405594,38477.15736040609
4064.6853146853146,38781.72588832487
4064.6853146853146,38705.58375634518
4064.6853146853146,38629.441624365485
4064.6853146853146,38553.29949238579
4064.6853146853146,38477.15736040609
4069.9300699300697,38781.72588832487
4069.9300699300697,38705.58375634518
4069.9300699300697,38629.441624365485
4069.9300699300697,38553.29949238579
4069.9300699300697,38477.15736040609
4075.1748251748254,38857.868020304566
4075.1748251748254,38781.72588832487
4075.1748251748254,38705.58375634518
4075.1748251748254,38629.441624365485
4075.1748251748254,38553.29949238579
4075.1748251748254,38477.15736040609
4080.4195804195806,38934.01015228426
4080.4195804195806,38857.868020304566
4080.4195804195806,38781.72588832487
4080.4195804195806,38705.58375634518
4080.4195804195806,38629.441624365485
4080.4195804195806,38553.29949238579
4085.664335664336,38934.01015228426
4085.664335664336,38857.868020304566
4085.664335664336,38781.72588832487
4085.664335664336,38705.58375634518
4085.664335664336,38629.441624365485
4085.664335664336,38553.29949238579
4090.909090909091,38857.868020304566
4090.909090909091,38781.72588832487
4090.909090909091,38705.58375634518
4090.909090909091,38629.441624365485
4090.909090909091,38553.29949238579
4096.153846153846,38857.868020304566
4096.153846153846,38781.72588832487
4096.153846153846,38705.58375634518
4096.153846153846,38629.441624365485
4096.153846153846,38553.29949238579
4101.398601398601,38857.868020304566
4101.398601398601,38781.72588832487
4101.398601398601,38705.58375634518
4101.398601398601,38629.441624365485
4101.398601398601,38553.29949238579
4106.643356643357,38857.868020304566
4106.643356643357,38781.72588832487
4106.643356643357,38705.58375634518
4106.643356643357,38629.441624365485
4106.643356643357,38553.29949238579
4106.643356643357,38477.15736040609
4111.888111888112,38857.868020304566
4111.888111888112,38781.72588832487
4111.888111888112,38705.58375634518
4111.888111888112,38629.441624365485
4111.888111888112,38553.29949238579
4111.888111888112,38477.15736040609
4111.888111888112,38401.0152284264
4117.132867132867,38857.868020304566
4117.132867132867,38781.72588832487
4117.132867132867,38705.58375634518
4117.132867132867,38629.441624365485
4117.132867132867,38553.29949238579
4117.132867132867,38477.15736040609
4117.132867132867,38401.0152284264
4117.132867132867,38324.873096446696
4122.377622377622,38857.868020304566
4122.377622377622,38781.72588832487
4122.377622377622,38705.58375634518
4122.377622377622,38629.441624365485
4122.377622377622,38553.29949238579
4122.377622377622,38477.15736040609
4122.377622377622,38401.0152284264
4122.377622377622,38324.873096446696
4127.622377622378,38857.868020304566
4127.622377622378,38781.72588832487
4127.622377622378,38705.58375634518
4127.622377622378,38629.441624365485
4127.622377622378,38553.29949238579
4127.622377622378,38477.15736040609
4127.622377622378,38401.0152284264
4132.867132867133,38857.868020304566
4132.867132867133,38781.72588832487
4132.867132867133,38705.58375634518
4132.867132867133,38629.441624365485
4132.867132867133,38553.29949238579
4132.867132867133,38477.15736040609
4132.867132867133,38401.0152284264
4138.111888111888,38857.868020304566
4138.111888111888,38781.72588832487
4138.111888111888,38705.58375634518
4138.111888111888,38629.441624365485
4138.111888111888,38553.29949238579
4138.111888111888,38477.15736040609
4138.111888111888,38401.0152284264
4143.356643356643,38781.72588832487
4143.356643356643,38705.58375634518
4143.356643356643,38629.441624365485
4143.356643356643,38553.29949238579
4143.356643356643,38477.15736040609
4143.356643356643,38401.0152284264
4148.601398601399,38781.72588832487
4148.601398601399,38705.58375634518
4148.601398601399,38629.441624365485
4148.601398601399,38553.29949238579
4148.601398601399,38477.15736040609
4148.601398601399,38401.0152284264
4153.846153846154,38781.72588832487
4153.846153846154,38705.58375634518
4153.846153846154,38629.441624365485
4153.846153846154,38553.29949238579
4153.846153846154,38477.15736040609
4153.846153846154,38401.0152284264
4159.090909090909,38781.72588832487
4159.090909090909,38705.58375634518
4159.090909090909,38629.441624365485
4159.090909090909,38553.29949238579
4159.090909090909,38477.15736040609
4164.335664335665,38781.72588832487
4164.335664335665,38705.58375634518
4164.335664335665,38629.441624365485
4164.335664335665,38553.29949238579
4164.335664335665,38477.15736040609
4164.335664335665,38401.0152284264
4169.580419580419,38781.72588832487
4169.580419580419,38705.58375634518
4169.580419580419,38629.441624365485
4169.580419580419,38553.29949238579
4169.580419580419,38477.15736040609
4174.825174825175,38781.72588832487
4174.825174825175,38705.58375634518
4174.825174825175,38629.441624365485
4174.825174825175,38553.29949238579
4174.825174825175,38477.15736040609
4180.06993006993,38857.868020304566
4180.06993006993,38781.72588832487
4180.06993006993,38705.58375634518
4180.06993006993,38629.441624365485
4180.06993006993,38553.29949238579
4180.06993006993,38477.15736040609
4185.314685314685,38857.868020304566
4185.314685314685,38781.72588832487
4185.314685314685,38705.58375634518
4185.314685314685,38629.441624365485
4185.314685314685,38553.29949238579
4185.314685314685,38477.15736040609
4185.314685314685,38401.0152284264
4190.55944055944,38857.868020304566
4190.55944055944,38781.72588832487
4190.55944055944,38705.58375634518
4190.55944055944,38629.441624365485
4190.55944055944,38553.29949238579
4190.55944055944,38477.15736040609
4190.55944055944,38401.0152284264
4195.804195804196,38781.72588832487
4195.804195804196,38705.58375634518
4195.804195804196,38629.441624365485
4195.804195804196,38553.29949238579
4195.804195804196,38477.15736040609
4195.804195804196,38401.0152284264
4195.804195804196,38324.873096446696
4201.0489510489515,38857.868020304566
4201.0489510489515,38781.72588832487
4201.0489510489515,38705.58375634518
4201.0489510489515,38629.441624365485
4201.0489510489515,38553.29949238579
4201.0489510489515,38477.15736040609
4201.0489510489515,38401.0152284264
4206.293706293706,38857.868020304566
4206.293706293706,38781.72588832487
4206.293706293706,38705.58375634518
4206.293706293706,38629.441624365485
4206.293706293706,38553.29949238579
4206.293706293706,38477.15736040609
4211.538461538462,38857.868020304566
4211.538461538462,38781.72588832487
4211.538461538462,38705.58375634518
4211.538461538462,38629.441624365485
4211.538461538462,38553.29949238579
4211.538461538462,38477.15736040609
4216.783216783217,38857.868020304566
4216.783216783217,38781.72588832487
4216.783216783217,38705.58375634518
4216.783216783217,38629.441624365485
4216.783216783217,38553.29949238579
4216.783216783217,38477.15736040609
4222.027972027972,38857.868020304566
4222.027972027972,38781.72588832487
4222.027972027972,38705.58375634518
4222.027972027972,38629.441624365485
4222.027972027972,38553.29949238579
4222.027972027972,38477.15736040609
4227.272727272727,38857.868020304566
4227.272727272727,38781.72588832487
4227.272727272727,38705.58375634518
4227.272727272727,38629.441624365485
4227.272727272727,38553.29949238579
4232.517482517483,38934.01015228426
4232.517482517483,38857.868020304566
4232.517482517483,38781.72588832487
4232.517482517483,38705.58375634518
4232.517482517483,38629.441624365485
4237.762237762237,39010.15228426396
4237.762237762237,38934.01015228426
4237.762237762237,38857.868020304566
4237.762237762237,38781.72588832487
4237.762237762237,38705.58375634518
4237.762237762237,38629.441624365485
4237.762237762237,38553.29949238579
4243.006993006993,39010.15228426396
4243.006993006993,38934.01015228426
4243.006993006993,38857.868020304566
4243.006993006993,38781.72588832487
4243.006993006993,38705.58375634518
4243.006993006993,38629.441624365485
4248.251748251748,39010.15228426396
4248.251748251748,38934.01015228426
4248.251748251748,38857.868020304566
4248.251748251748,38781.72588832487
4248.251748251748,38705.58375634518
4248.251748251748,38629.441624365485
4253.4965034965035,39086.294416243654
4253.4965034965035,39010.15228426396
4253.4965034965035,38934.01015228426
4253.4965034965035,38857.868020304566
4253.4965034965035,38781.72588832487
4253.4965034965035,38705.58375634518
4253.4965034965035,38629.441624365485
4258.741258741259,39162.436548223355
4258.741258741259,39086.294416243654
4258.741258741259,39010.15228426396
4258.741258741259,38934.01015228426
4258.741258741259,38857.868020304566
4258.741258741259,38781.72588832487
4258.741258741259,38705.58375634518
4258.741258741259,38629.441624365485
4263.986013986014,39238.57868020305
4263.986013986014,39162.436548223355
4263.986013986014,39086.294416243654
4263.986013986014,39010.15228426396
4263.986013986014,38934.01015228426
4263.986013986014,38857.868020304566
4263.986013986014,38781.72588832487
4263.986013986014,38705.58375634518
4269.2307692307695,39314.72081218274
4269.2307692307695,39238.57868020305
4269.2307692307695,39162.436548223355
4269.2307692307695,39086.294416243654
4269.2307692307695,39010.15228426396
4269.2307692307695,38934.01015228426
4269.2307692307695,38857.868020304566
4269.2307692307695,38781.72588832487
4274.475524475524,39390.862944162436
4274.475524475524,39314.72081218274
4274.475524475524,39238.57868020305
4274.475524475524,39162.436548223355
4274.475524475524,39086.294416243654
4274.475524475524,39010.15228426396
4279.72027972028,39390.862944162436
4279.72027972028,39314.72081218274
4279.72027972028,39238.57868020305
4279.72027972028,39162.436548223355
4279.72027972028,39086.294416243654
4284.965034965035,39467.00507614213
4284.965034965035,39390.862944162436
4284.965034965035,39314.72081218274
4284.965034965035,39238.57868020305
4284.965034965035,39162.436548223355
4284.965034965035,39086.294416243654
4290.20979020979,39543.14720812182
4290.20979020979,39467.00507614213
4290.20979020979,39390.862944162436
4290.20979020979,39314.72081218274
4290.20979020979,39238.57868020305
4290.20979020979,39162.436548223355
4290.20979020979,39086.294416243654
4295.454545454545,39847.71573604061
4295.454545454545,39771.57360406092
4295.454545454545,39695.43147208122
4295.454545454545,39619.289340101524
4295.454545454545,39543.14720812182
4295.454545454545,39467.00507614213
4295.454545454545,39390.862944162436
4295.454545454545,39314.72081218274
4295.454545454545,39238.57868020305
4295.454545454545,39162.436548223355
4300.699300699301,39923.857868020306
4300.699300699301,39847.71573604061
4300.699300699301,39771.57360406092
4300.699300699301,39695.43147208122
4300.699300699301,39619.289340101524
4300.699300699301,39543.14720812182
4300.699300699301,39467.00507614213
4300.699300699301,39390.862944162436
4300.699300699301,39314.72081218274
4300.699300699301,39238.57868020305
4305.944055944056,39923.857868020306
4305.944055944056,39847.71573604061
4305.944055944056,39771.57360406092
4305.944055944056,39695.43147208122
4305.944055944056,39619.289340101524
4305.944055944056,39543.14720812182
4305.944055944056,39467.00507614213
4305.944055944056,39390.862944162436
4305.944055944056,39314.72081218274
4311.188811188811,39923.857868020306
4311.188811188811,39847.71573604061
4311.188811188811,39771.57360406092
4311.188811188811,39695.43147208122
4311.188811188811,39619.289340101524
4311.188811188811,39543.14720812182
4311.188811188811,39467.00507614213
4316.433566433567,39923.857868020306
4316.433566433567,39847.71573604061
4316.433566433567,39771.57360406092
4316.433566433567,39695.43147208122
4316.433566433567,39619.289340101524
4316.433566433567,39543.14720812182
4321.6783216783215,40000.0
4321.6783216783215,39923.857868020306
4321.6783216783215,39847.71573604061
4321.6783216783215,39771.57360406092
4321.6783216783215,39695.43147208122
4321.6783216783215,39619.289340101524
4326.923076923077,40076.142131979694
4326.923076923077,40000.0
4326.923076923077,39923.857868020306
4326.923076923077,39847.71573604061
4326.923076923077,39771.57360406092
4326.923076923077,39695.43147208122
4326.923076923077,39619.289340101524
4332.167832167832,40152.28426395939
4332.167832167832,40076.142131979694
4332.167832167832,40000.0
4332.167832167832,39923.857868020306
4332.167832167832,39847.71573604061
4332.167832167832,39771.57360406092
4332.167832167832,39695.43147208122
4332.167832167832,39619.289340101524
4337.4125874125875,40228.42639593908
4337.4125874125875,40152.28426395939
4337.4125874125875,40076.142131979694
4337.4125874125875,40000.0
4337.4125874125875,39923.857868020306
4337.4125874125875,39847.71573604061
4337.4125874125875,39771.57360406092
4337.4125874125875,39695.43147208122
4342.657342657342,40304.56852791878
4342.657342657342,40228.42639593908
4342.657342657342,40152.28426395939
4342.657342657342,40076.142131979694
4342.657342657342,40000.0
4342.657342657342,39923.857868020306
4342.657342657342,39847.71573604061
4342.657342657342,39771.57360406092
4347.902097902098,40304.56852791878
4347.902097902098,40228.42639593908
4347.902097902098,40152.28426395939
4347.902097902098,40076.142131979694
4347.902097902098,40000.0
4347.902097902098,39923.857868020306
4353.146853146854,40380.710659898476
4353.146853146854,40304.56852791878
4353.146853146854,40228.42639593908
4353.146853146854,40152.28426395939
4353.146853146854,40076.142131979694
4353.146853146854,40000.0
4353.146853146854,39923.857868020306
4358.391608391608,40456.85279187818
4358.391608391608,40380.710659898476
4358.391608391608,40304.56852791878
4358.391608391608,40228.42639593908
4358.391608391608,40152.28426395939
4358.391608391608,40076.142131979694
4358.391608391608,40000.0
4358.391608391608,39923.857868020306
4363.636363636364,40609.137055837564
4363.636363636364,40532.99492385787
4363.636363636364,40456.85279187818
4363.636363636364,40380.710659898476
4363.636363636364,40304.56852791878
4363.636363636364,40228.42639593908
4363.636363636364,40152.28426395939
4363.636363636364,40076.142131979694
4363.636363636364,40000.0
4368.881118881119,40685.27918781726
4368.881118881119,40609.137055837564
4368.881118881119,40532.99492385787
4368.881118881119,40456.85279187818
4368.881118881119,40380.710659898476
4368.881118881119,40304.56852791878
4368.881118881119,40228.42639593908
4368.881118881119,40152.28426395939
4368.881118881119,40076.142131979694
4374.125874125874,40685.27918781726
4374.125874125874,40609.137055837564
4374.125874125874,40532.99492385787
4374.125874125874,40456.85279187818
4374.125874125874,40380.710659898476
4374.125874125874,40304.56852791878
4374.125874125874,40228.42639593908
4374.125874125874,40152.28426395939
4374.125874125874,40076.142131979694
4379.370629370629,40685.27918781726
4379.370629370629,40609.137055837564
4379.370629370629,40532.99492385787
4379.370629370629,40456.85279187818
4379.370629370629,40380.710659898476
4379.370629370629,40304.56852791878
4379.370629370629,40228.42639593908
4384.615384615385,40761.42131979695
4384.615384615385,40685.27918781726
4384.615384615385,40609.137055837564
4384.615384615385,40532.99492385787
4384.615384615385,40456.85279187818
4384.615384615385,40380.710659898476
4384.615384615385,40304.56852791878
4389.8601398601395,40913.705583756346
4389.8601398601395,40837.563451776645
4389.8601398601395,40761.42131979695
4389.8601398601395,40685.27918781726
4389.8601398601395,40609.137055837564
4389.8601398601395,40532.99492385787
4389.8601398601395,40456.85279187818
4389.8601398601395,40380.710659898476
4395.104895104895,40989.84771573604
4395.104895104895,40913.705583756346
4395.104895104895,40837.563451776645
4395.104895104895,40761.42131979695
4395.104895104895,40685.27918781726
4395.104895104895,40609.137055837564
4395.104895104895,40532.99492385787
4395.104895104895,40456.85279187818
4400.349650349651,41065.98984771574
4400.349650349651,40989.84771573604
4400.349650349651,40913.705583756346
4400.349650349651,40837.563451776645
4400.349650349651,40761.42131979695
4400.349650349651,40685.27918781726
4400.349650349651,40609.137055837564
4400.349650349651,40532.99492385787
4405.5944055944055,41065.98984771574
4405.5944055944055,40989.84771573604
4405.5944055944055,40913.705583756346
4405.5944055944055,40837.563451776645
4405.5944055944055,40761.42131979695
4405.5944055944055,40685.27918781726
4405.5944055944055,40609.137055837564
4405.5944055944055,40532.99492385787
4405.5944055944055,40456.85279187818
4410.839160839161,41142.131979695434
4410.839160839161,41065.98984771574
4410.839160839161,40989.84771573604
4410.839160839161,40913.705583756346
4410.839160839161,40837.563451776645
4410.839160839161,40761.42131979695
4410.839160839161,40685.27918781726
4410.839160839161,40609.137055837564
4410.839160839161,40532.99492385787
4410.839160839161,40456.85279187818
4416.083916083916,41218.27411167513
4416.083916083916,41142.131979695434
4416.083916083916,41065.98984771574
4416.083916083916,40989.84771573604
4416.083916083916,40913.705583756346
4416.083916083916,40837.563451776645
4416.083916083916,40761.42131979695
4416.083916083916,40685.27918781726
4416.083916083916,40609.137055837564
4416.083916083916,40532.99492385787
4421.328671328672,41446.70050761421
4421.328671328672,41370.558375634515
4421.328671328672,41294.41624365482
4421.328671328672,41218.27411167513
4421.328671328672,41142.131979695434
4421.328671328672,41065.98984771574
4421.328671328672,40989.84771573604
4421.328671328672,40913.705583756346
4421.328671328672,40837.563451776645
4421.328671328672,40761.42131979695
4421.328671328672,40685.27918781726
4421.328671328672,40609.137055837564
4426.573426573426,41522.84263959391
4426.573426573426,41446.70050761421
4426.573426573426,41370.558375634515
4426.573426573426,41294.41624365482
4426.573426573426,41218.27411167513
4426.573426573426,41142.131979695434
4426.573426573426,41065.98984771574
4426.573426573426,40989.84771573604
4426.573426573426,40913.705583756346
4426.573426573426,40837.563451776645
4426.573426573426,40761.42131979695
4431.818181818182,41522.84263959391
4431.818181818182,41446.70050761421
4431.818181818182,41370.558375634515
4431.818181818182,41294.41624365482
4431.818181818182,41218.27411167513
4431.818181818182,41142.131979695434
4431.818181818182,41065.98984771574
4431.818181818182,40989.84771573604
4437.062937062937,41522.84263959391
4437.062937062937,41446.70050761421
4437.062937062937,41370.558375634515
4437.062937062937,41294.41624365482
4437.062937062937,41218.27411167513
4437.062937062937,41142.131979695434
4437.062937062937,41065.98984771574
4442.307692307692,41598.9847715736
4442.307692307692,41522.84263959391
4442.307692307692,41446.70050761421
4442.307692307692,41370.558375634515
4442.307692307692,41294.41624365482
4442.307692307692,41218.27411167513
4442.307692307692,41142.131979695434
4442.307692307692,41065.98984771574
4447.552447552447,41598.9847715736
4447.552447552447,41522.84263959391
4447.552447552447,41446.70050761421
4447.552447552447,41370.558375634515
4447.552447552447,41294.41624365482
4447.552447552447,41218.27411167513
4447.552447552447,41142.131979695434
4452.797202797203,41675.126903553304
4452.797202797203,41598.9847715736
4452.797202797203,41522.84263959391
4452.797202797203,41446.70050761421
4452.797202797203,41370.558375634515
4452.797202797203,41294.41624365482
4452.797202797203,41218.27411167513
4458.041958041958,41675.126903553304
4458.041958041958,41598.9847715736
4458.041958041958,41522.84263959391
4458.041958041958,41446.70050761421
4458.041958041958,41370.558375634515
4458.041958041958,41294.41624365482
4458.041958041958,41218.27411167513
4463.286713286713,41751.269035533
4463.286713286713,41675.126903553304
4463.286713286713,41598.9847715736
4463.286713286713,41522.84263959391
4463.286713286713,41446.70050761421
4463.286713286713,41370.558375634515
4463.286713286713,41294.41624365482
4468.531468531469,41827.41116751269
4468.531468531469,41751.269035533
4468.531468531469,41675.126903553304
4468.531468531469,41598.9847715736
4468.531468531469,41522.84263959391
4468.531468531469,41446.70050761421
4468.531468531469,41370.558375634515
4468.531468531469,41294.41624365482
4473.776223776224,41827.41116751269
4473.776223776224,41751.269035533
4473.776223776224,41675.126903553304
4473.776223776224,41598.9847715736
4473.776223776224,41522.84263959391
4473.776223776224,41446.70050761421
4473.776223776224,41370.558375634515
4479.020979020979,41903.553299492385
4479.020979020979,41827.41116751269
4479.020979020979,41751.269035533
4479.020979020979,41675.126903553304
4479.020979020979,41598.9847715736
4479.020979020979,41522.84263959391
4479.020979020979,41446.70050761421
4479.020979020979,41370.558375634515
4484.265734265734,41979.69543147208
4484.265734265734,41903.553299492385
4484.265734265734,41827.41116751269
4484.265734265734,41751.269035533
4484.265734265734,41675.126903553304
4484.265734265734,41598.9847715736
4484.265734265734,41522.84263959391
4484.265734265734,41446.70050761421
4484.265734265734,41370.558375634515
4489.51048951049,42055.83756345177
4489.51048951049,41979.69543147208
4489.51048951049,41903.553299492385
4489.51048951049,41827.41116751269
4489.51048951049,41751.269035533
4489.51048951049,41675.126903553304
4489.51048951049,41598.9847715736
4489.51048951049,41522.84263959391
4489.51048951049,41446.70050761421
4494.755244755244,42131.97969543147
4494.755244755244,42055.83756345177
4494.755244755244,41979.69543147208
4494.755244755244,41903.553299492385
4494.755244755244,41827.41116751269
4494.755244755244,41751.269035533
4494.755244755244,41675.126903553304
4500.0,42208.12182741117
4500.0,42131.97969543147
4500.0,42055.83756345177
4500.0,41979.69543147208
4500.0,41903.553299492385
4500.0,41827.41116751269
4500.0,41751.269035533
4505.244755244756,42208.12182741117
4505.244755244756,42131.97969543147
4505.244755244756,42055.83756345177
4505.244755244756,41979.69543147208
4505.244755244756,41903.553299492385
4505.244755244756,41827.41116751269
4505.244755244756,41751.269035533
4510.48951048951,42360.40609137056
4510.48951048951,42284.26395939087
4510.48951048951,42208.12182741117
4510.48951048951,42131.97969543147
4510.48951048951,42055.83756345177
4510.48951048951,41979.69543147208
4510.48951048951,41903.553299492385
4510.48951048951,41827.41116751269
4510.48951048951,41751.269035533
4515.734265734266,42436.548223350255
4515.734265734266,42360.40609137056
4515.734265734266,42284.26395939087
4515.734265734266,42208.12182741117
4515.734265734266,42131.97969543147
4515.734265734266,42055.83756345177
4515.734265734266,41979.69543147208
4515.734265734266,41903.553299492385
4515.734265734266,41827.41116751269
4520.979020979021,42512.69035532995
4520.979020979021,42436.548223350255
4520.979020979021,42360.40609137056
4520.979020979021,42284.26395939087
4520.979020979021,42208.12182741117
4520.979020979021,42131.97969543147
4520.979020979021,42055.83756345177
4520.979020979021,41979.69543147208
4520.979020979021,41903.553299492385
4526.223776223776,42512.69035532995
4526.223776223776,42436.548223350255
4526.223776223776,42360.40609137056
4526.223776223776,42284.26395939087
4526.223776223776,42208.12182741117
4526.223776223776,42131.97969543147
4526.223776223776,42055.83756345177
4531.468531468531,42512.69035532995
4531.468531468531,42436.548223350255
4531.468531468531,42360.40609137056
4531.468531468531,42284.26395939087
4531.468531468531,42208.12182741117
4531.468531468531,42131.97969543147
4531.468531468531,42055.83756345177
4531.468531468531,41979.69543147208
4536.713286713287,42512.69035532995
4536.713286713287,42436.548223350255
4536.713286713287,42360.40609137056
4536.713286713287,42284.26395939087
4536.713286713287,42208.12182741117
4536.713286713287,42131.97969543147
4536.713286713287,42055.83756345177
4541.958041958042,42664.974619289336
4541.958041958042,42588.83248730964
4541.958041958042,42512.69035532995
4541.958041958042,42436.548223350255
4541.958041958042,42360.40609137056
4541.958041958042,42284.26395939087
4541.958041958042,42208.12182741117
4541.958041958042,42131.97969543147
4547.202797202797,42741.11675126904
4547.202797202797,42664.974619289336
4547.202797202797,42588.83248730964
4547.202797202797,42512.69035532995
4547.202797202797,42436.548223350255
4547.202797202797,42360.40609137056
4547.202797202797,42284.26395939087
4552.447552447553,42817.25888324873
4552.447552447553,42741.11675126904
4552.447552447553,42664.974619289336
4552.447552447553,42588.83248730964
4552.447552447553,42512.69035532995
4552.447552447553,42436.548223350255
4552.447552447553,42360.40609137056
4557.692307692308,42817.25888324873
4557.692307692308,42741.11675126904
4557.692307692308,42664.974619289336
4557.692307692308,42588.83248730964
4557.692307692308,42512.69035532995
4557.692307692308,42436.548223350255
4557.692307692308,42360.40609137056
4562.937062937063,42893.401015228425
4562.937062937063,42817.25888324873
4562.937062937063,42741.11675126904
4562.937062937063,42664.974619289336
4562.937062937063,42588.83248730964
4562.937062937063,42512.69035532995
4562.937062937063,42436.548223350255
4568.181818181818,43045.68527918782
4568.181818181818,42969.543147208125
4568.181818181818,42893.401015228425
4568.181818181818,42817.25888324873
4568.181818181818,42741.11675126904
4568.181818181818,42664.974619289336
4568.181818181818,42588.83248730964
4568.181818181818,42512.69035532995
4573.426573426574,43045.68527918782
4573.426573426574,42969.543147208125
4573.426573426574,42893.401015228425
4573.426573426574,42817.25888324873
4573.426573426574,42741.11675126904
4573.426573426574,42664.974619289336
4573.426573426574,42588.83248730964
4578.671328671328,43045.68527918782
4578.671328671328,42969.543147208125
4578.671328671328,42893.401015228425
4578.671328671328,42817.25888324873
4578.671328671328,42741.11675126904
4578.671328671328,42664.974619289336
4578.671328671328,42588.83248730964
4578.671328671328,42512.69035532995
4583.916083916084,43121.82741116751
4583.916083916084,43045.68527918782
4583.916083916084,42969.543147208125
4583.916083916084,42893.401015228425
4583.916083916084,42817.25888324873
4583.916083916084,42741.11675126904
4583.916083916084,42664.974619289336
4583.916083916084,42588.83248730964
4583.916083916084,42512.69035532995
4589.160839160839,43197.96954314721
4589.160839160839,43121.82741116751
4589.160839160839,43045.68527918782
4589.160839160839,42969.543147208125
4589.160839160839,42893.401015228425
4589.160839160839,42817.25888324873
4589.160839160839,42741.11675126904
4589.160839160839,42664.974619289336
4589.160839160839,42588.83248730964
4594.4055944055945,43350.2538071066
4594.4055944055945,43274.1116751269
4594.4055944055945,43197.96954314721
4594.4055944055945,43121.82741116751
4594.4055944055945,43045.68527918782
4594.4055944055945,42969.543147208125
4594.4055944055945,42893.401015228425
4594.4055944055945,42817.25888324873
4599.650349650349,43350.2538071066
4599.650349650349,43274.1116751269
4599.650349650349,43197.96954314721
4599.650349650349,43121.82741116751
4599.650349650349,43045.68527918782
4599.650349650349,42969.543147208125
4599.650349650349,42893.401015228425
4604.895104895105,43350.2538071066
4604.895104895105,43274.1116751269
4604.895104895105,43197.96954314721
4604.895104895105,43121.82741116751
4604.895104895105,43045.68527918782
4604.895104895105,42969.543147208125
4610.1398601398605,43426.395939086295
4610.1398601398605,43350.2538071066
4610.1398601398605,43274.1116751269
4610.1398601398605,43197.96954314721
4610.1398601398605,43121.82741116751
4610.1398601398605,43045.68527918782
4610.1398601398605,42969.543147208125
4615.384615384615,43578.68020304568
4615.384615384615,43502.53807106599
4615.384615384615,43426.395939086295
4615.384615384615,43350.2538071066
4615.384615384615,43274.1116751269
4615.384615384615,43197.96954314721
4615.384615384615,43121.82741116751
4615.384615384615,43045.68527918782
4615.384615384615,42969.543147208125
4620.629370629371,43730.96446700508
4620.629370629371,43654.82233502538
4620.629370629371,43578.68020304568
4620.629370629371,43502.53807106599
4620.629370629371,43426.395939086295
4620.629370629371,43350.2538071066
4620.629370629371,43274.1116751269
4620.629370629371,43197.96954314721
4620.629370629371,43121.82741116751
4620.629370629371,43045.68527918782
4625.874125874126,43730.96446700508
4625.874125874126,43654.82233502538
4625.874125874126,43578.68020304568
4625.874125874126,43502.53807106599
4625.874125874126,43426.395939086295
4625.874125874126,43350.2538071066
4625.874125874126,43274.1116751269
4625.874125874126,43197.96954314721
4625.874125874126,43121.82741116751
4625.874125874126,43045.68527918782
4631.118881118881,43730.96446700508
4631.118881118881,43654.82233502538
4631.118881118881,43578.68020304568
4631.118881118881,43502.53807106599
4631.118881118881,43426.395939086295
4631.118881118881,43350.2538071066
4631.118881118881,43274.1116751269
4631.118881118881,43197.96954314721
4631.118881118881,43121.82741116751
4636.363636363636,43730.96446700508
4636.363636363636,43654.82233502538
4636.363636363636,43578.68020304568
4636.363636363636,43502.53807106599
4636.363636363636,43426.395939086295
4636.363636363636,43350.2538071066
4636.363636363636,43274.1116751269
4641.608391608392,43883.248730964464
4641.608391608392,43807.10659898477
4641.608391608392,43730.96446700508
4641.608391608392,43654.82233502538
4641.608391608392,43578.68020304568
4641.608391608392,43502.53807106599
4641.608391608392,43426.395939086295
4641.608391608392,43350.2538071066
4646.853146853146,43959.390862944165
4646.853146853146,43883.248730964464
4646.853146853146,43807.10659898477
4646.853146853146,43730.96446700508
4646.853146853146,43654.82233502538
4646.853146853146,43578.68020304568
4646.853146853146,43502.53807106599
4646.853146853146,43426.395939086295
4652.097902097902,44035.53299492386
4652.097902097902,43959.390862944165
4652.097902097902,43883.248730964464
4652.097902097902,43807.10659898477
4652.097902097902,43730.96446700508
4652.097902097902,43654.82233502538
4652.097902097902,43578.68020304568
4652.097902097902,43502.53807106599
4652.097902097902,43426.395939086295
4657.342657342658,44111.67512690355
4657.342657342658,44035.53299492386
4657.342657342658,43959.390862944165
4657.342657342658,43883.248730964464
4657.342657342658,43807.10659898477
4657.342657342658,43730.96446700508
4657.342657342658,43654.82233502538
4657.342657342658,43578.68020304568
4657.342657342658,43502.53807106599
4662.5874125874125,44187.817258883246
4662.5874125874125,44111.67512690355
4662.5874125874125,44035.53299492386
4662.5874125874125,43959.390862944165
4662.5874125874125,43883.248730964464
4662.5874125874125,43807.10659898477
4662.5874125874125,43730.96446700508
4662.5874125874125,43654.82233502538
4662.5874125874125,43578.68020304568
4667.832167832168,44263.95939086295
4667.832167832168,44187.817258883246
4667.832167832168,44111.67512690355
4667.832167832168,44035.53299492386
4667.832167832168,43959.390862944165
4667.832167832168,43883.248730964464
4667.832167832168,43807.10659898477
4667.832167832168,43730.96446700508
4667.832167832168,43654.82233502538
4673.076923076923,44340.10152284264
4673.076923076923,44263.95939086295
4673.076923076923,44187.817258883246
4673.076923076923,44111.67512690355
4673.076923076923,44035.53299492386
4673.076923076923,43959.390862944165
4673.076923076923,43883.248730964464
4673.076923076923,43807.10659898477
4673.076923076923,43730.96446700508
4678.3216783216785,44416.243654822334
4678.3216783216785,44340.10152284264
4678.3216783216785,44263.95939086295
4678.3216783216785,44187.817258883246
4678.3216783216785,44111.67512690355
4678.3216783216785,44035.53299492386
4678.3216783216785,43959.390862944165
4678.3216783216785,43883.248730964464
4683.566433566433,44492.38578680203
4683.566433566433,44416.243654822334
4683.566433566433,44340.10152284264
4683.566433566433,44263.95939086295
4683.566433566433,44187.817258883246
4683.566433566433,44111.67512690355
4683.566433566433,44035.53299492386
4683.566433566433,43959.390862944165
4688.811188811189,44492.38578680203
4688.811188811189,44416.243654822334
4688.811188811189,44340.10152284264
4688.811188811189,44263.95939086295
4688.811188811189,44187.817258883246
4688.811188811189,44111.67512690355
4688.811188811189,44035.53299492386
4688.811188811189,43959.390862944165
4694.055944055944,44492.38578680203
4694.055944055944,44416.243654822334
4694.055944055944,44340.10152284264
4694.055944055944,44263.95939086295
4694.055944055944,44187.817258883246
4694.055944055944,44111.67512690355
4694.055944055944,44035.53299492386
4694.055944055944,43959.390862944165
4699.300699300699,44492.38578680203
4699.300699300699,44416.243654822334
4699.300699300699,44340.10152284264
4699.300699300699,44263.95939086295
4699.300699300699,44187.817258883246
4699.300699300699,44111.67512690355
4699.300699300699,44035.53299492386
4699.300699300699,43959.390862944165
4704.545454545455,44568.52791878173
4704.545454545455,44492.38578680203
4704.545454545455,44416.243654822334
4704.545454545455,44340.10152284264
4704.545454545455,44263.95939086295
4704.545454545455,44187.817258883246
4704.545454545455,44111.67512690355
4704.545454545455,44035.53299492386
4709.79020979021,44873.09644670051
4709.79020979021,44796.95431472081
4709.79020979021,44720.812182741116
4709.79020979021,44644.67005076142
4709.79020979021,44568.52791878173
4709.79020979021,44492.38578680203
4709.79020979021,44416.243654822334
4709.79020979021,44340.10152284264
4709.79020979021,44263.95939086295
4709.79020979021,44187.817258883246
4715.034965034965,44949.238578680204
4715.034965034965,44873.09644670051
4715.034965034965,44796.95431472081
4715.034965034965,44720.812182741116
4715.034965034965,44644.67005076142
4715.034965034965,44568.52791878173
4715.034965034965,44492.38578680203
4715.034965034965,44416.243654822334
4715.034965034965,44340.10152284264
4715.034965034965,44263.95939086295
4720.27972027972,44949.238578680204
4720.27972027972,44873.09644670051
4720.27972027972,44796.95431472081
4720.27972027972,44720.812182741116
4720.27972027972,44644.67005076142
4720.27972027972,44568.52791878173
4720.27972027972,44492.38578680203
4720.27972027972,44416.243654822334
4720.27972027972,44340.10152284264
4725.524475524476,44873.09644670051
4725.524475524476,44796.95431472081
4725.524475524476,44720.812182741116
4725.524475524476,44644.67005076142
4725.524475524476,44568.52791878173
4725.524475524476,44492.38578680203
4730.7692307692305,45025.3807106599
4730.7692307692305,44949.238578680204
4730.7692307692305,44873.09644670051
4730.7692307692305,44796.95431472081
4730.7692307692305,44720.812182741116
4730.7692307692305,44644.67005076142
4730.7692307692305,44568.52791878173
4730.7692307692305,44492.38578680203
4736.013986013986,45101.52284263959
4736.013986013986,45025.3807106599
4736.013986013986,44949.238578680204
4736.013986013986,44873.09644670051
4736.013986013986,44796.95431472081
4736.013986013986,44720.812182741116
4736.013986013986,44644.67005076142
4736.013986013986,44568.52791878173
4736.013986013986,44492.38578680203
4741.258741258741,45101.52284263959
4741.258741258741,45025.3807106599
4741.258741258741,44949.238578680204
4741.258741258741,44873.09644670051
4741.258741258741,44796.95431472081
4741.258741258741,44720.812182741116
4741.258741258741,44644.67005076142
4741.258741258741,44568.52791878173
4746.5034965034965,45177.66497461929
4746.5034965034965,45101.52284263959
4746.5034965034965,45025.3807106599
4746.5034965034965,44949.238578680204
4746.5034965034965,44873.09644670051
4746.5034965034965,44796.95431472081
4746.5034965034965,44720.812182741116
4746.5034965034965,44644.67005076142
4751.748251748252,45177.66497461929
4751.748251748252,45101.52284263959
4751.748251748252,45025.3807106599
4751.748251748252,44949.238578680204
4751.748251748252,44873.09644670051
4751.748251748252,44796.95431472081
4751.748251748252,44720.812182741116
4756.993006993007,45177.66497461929
4756.993006993007,45101.52284263959
4756.993006993007,45025.3807106599
4756.993006993007,44949.238578680204
4756.993006993007,44873.09644670051
4756.993006993007,44796.95431472081
4762.237762237763,45253.807106598986
4762.237762237763,45177.66497461929
4762.237762237763,45101.52284263959
4762.237762237763,45025.3807106599
4762.237762237763,44949.238578680204
4762.237762237763,44873.09644670051
4762.237762237763,44796.95431472081
4767.482517482517,45406.09137055837
4767.482517482517,45329.94923857868
4767.482517482517,45253.807106598986
4767.482517482517,45177.66497461929
4767.482517482517,45101.52284263959
4767.482517482517,45025.3807106599
4767.482517482517,44949.238578680204
4767.482517482517,44873.09644670051
4767.482517482517,44796.95431472081
4772.727272727273,45482.233502538074
4772.727272727273,45406.09137055837
4772.727272727273,45329.94923857868
4772.727272727273,45253.807106598986
4772.727272727273,45177.66497461929
4772.727272727273,45101.52284263959
4772.727272727273,45025.3807106599
4772.727272727273,44949.238578680204
4772.727272727273,44873.09644670051
4777.972027972028,45482.233502538074
4777.972027972028,45406.09137055837
4777.972027972028,45329.94923857868
4777.972027972028,45253.807106598986
4777.972027972028,45177.66497461929
4777.972027972028,45101.52284263959
4777.972027972028,45025.3807106599
4777.972027972028,44949.238578680204
4783.216783216783,45558.37563451777
4783.216783216783,45482.233502538074
4783.216783216783,45406.09137055837
4783.216783216783,45329.94923857868
4783.216783216783,45253.807106598986
4783.216783216783,45177.66497461929
4783.216783216783,45101.52284263959
4783.216783216783,45025.3807106599
4783.216783216783,44949.238578680204
4788.461538461538,45558.37563451777
4788.461538461538,45482.233502538074
4788.461538461538,45406.09137055837
4788.461538461538,45329.94923857868
4788.461538461538,45253.807106598986
4788.461538461538,45177.66497461929
4788.461538461538,45101.52284263959
4788.461538461538,45025.3807106599
4793.706293706294,45634.51776649746
4793.706293706294,45558.37563451777
4793.706293706294,45482.233502538074
4793.706293706294,45406.09137055837
4793.706293706294,45329.94923857868
4793.706293706294,45253.807106598986
4793.706293706294,45177.66497461929
4793.706293706294,45101.52284263959
4798.9510489510485,45558.37563451777
4798.9510489510485,45482.233502538074
4798.9510489510485,45406.09137055837
4798.9510489510485,45329.94923857868
4798.9510489510485,45253.807106598986
4798.9510489510485,45177.66497461929
4804.195804195804,45634.51776649746
4804.195804195804,45558.37563451777
4804.195804195804,45482.233502538074
4804.195804195804,45406.09137055837
4804.195804195804,45329.94923857868
4804.195804195804,45253.807106598986
4809.44055944056,45786.802030456856
4809.44055944056,45710.659898477155
4809.44055944056,45634.51776649746
4809.44055944056,45558.37563451777
4809.44055944056,45482.233502538074
4809.44055944056,45406.09137055837
4809.44055944056,45329.94923857868
4809.44055944056,45253.807106598986
4814.685314685315,45786.802030456856
4814.685314685315,45710.659898477155
4814.685314685315,45634.51776649746
4814.685314685315,45558.37563451777
4814.685314685315,45482.233502538074
4814.685314685315,45406.09137055837
4814.685314685315,45329.94923857868
4819.93006993007,45786.802030456856
4819.93006993007,45710.659898477155
4819.93006993007,45634.51776649746
4819.93006993007,45558.37563451777
4819.93006993007,45482.233502538074
4819.93006993007,45406.09137055837
4819.93006993007,45329.94923857868
4825.174825174825,45786.802030456856
4825.174825174825,45710.659898477155
4825.174825174825,45634.51776649746
4825.174825174825,45558.37563451777
4825.174825174825,45482.233502538074
4825.174825174825,45406.09137055837
4825.174825174825,45329.94923857868
4830.419580419581,45786.802030456856
4830.419580419581,45710.659898477155
4830.419580419581,45634.51776649746
4830.419580419581,45558.37563451777
4830.419580419581,45482.233502538074
4830.419580419581,45406.09137055837
4830.419580419581,45329.94923857868
4835.664335664335,45786.802030456856
4835.664335664335,45710.659898477155
4835.664335664335,45634.51776649746
4835.664335664335,45558.37563451777
4835.664335664335,45482.233502538074
4835.664335664335,45406.09137055837
4840.909090909091,45862.94416243655
4840.909090909091,45786.802030456856
4840.909090909091,45710.659898477155
4840.909090909091,45634.51776649746
4840.909090909091,45558.37563451777
4840.909090909091,45482.233502538074
4840.909090909091,45406.09137055837
4846.153846153846,45862.94416243655
4846.153846153846,45786.802030456856
4846.153846153846,45710.659898477155
4846.153846153846,45634.51776649746
4846.153846153846,45558.37563451777
4846.153846153846,45482.233502538074
4851.398601398601,45939.08629441624
4851.398601398601,45862.94416243655
4851.398601398601,45786.802030456856
4851.398601398601,45710.659898477155
4851.398601398601,45634.51776649746
4851.398601398601,45558.37563451777
4851.398601398601,45482.233502538074
4856.643356643357,46015.22842639594
4856.643356643357,45939.08629441624
4856.643356643357,45862.94416243655
4856.643356643357,45786.802030456856
4856.643356643357,45710.659898477155
4856.643356643357,45634.51776649746
4856.643356643357,45558.37563451777
4856.643356643357,45482.233502538074
4861.888111888112,46015.22842639594
4861.888111888112,45939.08629441624
4861.888111888112,45862.94416243655
4861.888111888112,45786.802030456856
4861.888111888112,45710.659898477155
4861.888111888112,45634.51776649746
4861.888111888112,45558.37563451777
4867.132867132867,46015.22842639594
4867.132867132867,45939.08629441624
4867.132867132867,45862.94416243655
4867.132867132867,45786.802030456856
4867.132867132867,45710.659898477155
4867.132867132867,45634.51776649746
4872.377622377622,46015.22842639594
4872.377622377622,45939.08629441624
4872.377622377622,45862.94416243655
4872.377622377622,45786.802030456856
4872.377622377622,45710.659898477155
4872.377622377622,45634.51776649746
4877.622377622378,46091.37055837563
4877.622377622378,46015.22842639594
4877.622377622378,45939.08629441624
4877.622377622378,45862.94416243655
4877.622377622378,45786.802030456856
4877.622377622378,45710.659898477155
4877.622377622378,45634.51776649746
4882.867132867133,46167.51269035533
4882.867132867133,46091.37055837563
4882.867132867133,46015.22842639594
4882.867132867133,45939.08629441624
4882.867132867133,45862.94416243655
4882.867132867133,45786.802030456856
4882.867132867133,45710.659898477155
4888.111888111888,46243.654822335026
4888.111888111888,46167.51269035533
4888.111888111888,46091.37055837563
4888.111888111888,46015.22842639594
4888.111888111888,45939.08629441624
4888.111888111888,45862.94416243655
4888.111888111888,45786.802030456856
4893.356643356643,46243.654822335026
4893.356643356643,46167.51269035533
4893.356643356643,46091.37055837563
4893.356643356643,46015.22842639594
4893.356643356643,45939.08629441624
4893.356643356643,45862.94416243655
4893.356643356643,45786.802030456856
4898.601398601399,46243.654822335026
4898.601398601399,46167.51269035533
4898.601398601399,46091.37055837563
4898.601398601399,46015.22842639594
4898.601398601399,45939.08629441624
4898.601398601399,45862.94416243655
4898.601398601399,45786.802030456856
4903.846153846154,46319.79695431472
4903.846153846154,46243.654822335026
4903.846153846154,46167.51269035533
4903.846153846154,46091.37055837563
4903.846153846154,46015.22842639594
4903.846153846154,45939.08629441624
4903.846153846154,45862.94416243655
4903.846153846154,45786.802030456856
4909.090909090909,46395.93908629441
4909.090909090909,46319.79695431472
4909.090909090909,46243.654822335026
4909.090909090909,46167.51269035533
4909.090909090909,46091.37055837563
4909.090909090909,46015.22842639594
4909.090909090909,45939.08629441624
4909.090909090909,45862.94416243655
4909.090909090909,45786.802030456856
4914.335664335665,46395.93908629441
4914.335664335665,46319.79695431472
4914.335664335665,46243.654822335026
4914.335664335665,46167.51269035533
4914.335664335665,46091.37055837563
4914.335664335665,46015.22842639594
4914.335664335665,45939.08629441624
4914.335664335665,45862.94416243655
4919.580419580419,46472.081218274114
4919.580419580419,46395.93908629441
4919.580419580419,46319.79695431472
4919.580419580419,46243.654822335026
4919.580419580419,46167.51269035533
4919.580419580419,46091.37055837563
4919.580419580419,46015.22842639594
4924.825174825175,46548.22335025381
4924.825174825175,46472.081218274114
4924.825174825175,46395.93908629441
4924.825174825175,46319.79695431472
4924.825174825175,46243.654822335026
4924.825174825175,46167.51269035533
4924.825174825175,46091.37055837563
4924.825174825175,46015.22842639594
4930.06993006993,46624.3654822335
4930.06993006993,46548.22335025381
4930.06993006993,46472.081218274114
4930.06993006993,46395.93908629441
4930.06993006993,46319.79695431472
4930.06993006993,46243.654822335026
4930.06993006993,46167.51269035533
4930.06993006993,46091.37055837563
4935.314685314685,46624.3654822335
4935.314685314685,46548.22335025381
4935.314685314685,46472.081218274114
4935.314685314685,46395.93908629441
4935.314685314685,46319.79695431472
4935.314685314685,46243.654822335026
4935.314685314685,46167.51269035533
4935.314685314685,46091.37055837563
4940.55944055944,46700.507614213195
4940.55944055944,46624.3654822335
4940.55944055944,46548.22335025381
4940.55944055944,46472.081218274114
4940.55944055944,46395.93908629441
4940.55944055944,46319.79695431472
4940.55944055944,46243.654822335026
4940.55944055944,46167.51269035533
4945.804195804196,46776.649746192896
4945.804195804196,46700.507614213195
4945.804195804196,46624.3654822335
4945.804195804196,46548.22335025381
4945.804195804196,46472.081218274114
4945.804195804196,46395.93908629441
4945.804195804196,46319.79695431472
4945.804195804196,46243.654822335026
4951.0489510489515,46776.649746192896
4951.0489510489515,46700.507614213195
4951.0489510489515,46624.3654822335
4951.0489510489515,46548.22335025381
4951.0489510489515,46472.081218274114
4951.0489510489515,46395.93908629441
4951.0489510489515,46319.79695431472
4951.0489510489515,46243.654822335026
4956.293706293706,46776.649746192896
4956.293706293706,46700.507614213195
4956.293706293706,46624.3654822335
4956.293706293706,46548.22335025381
4956.293706293706,46472.081218274114
4956.293706293706,46395.93908629441
4956.293706293706,46319.79695431472
4956.293706293706,46243.654822335026
4961.538461538462,46776.649746192896
4961.538461538462,46700.507614213195
4961.538461538462,46624.3654822335
4961.538461538462,46548.22335025381
4961.538461538462,46472.081218274114
4961.538461538462,46395.93908629441
4961.538461538462,46319.79695431472
4966.783216783217,46776.649746192896
4966.783216783217,46700.507614213195
4966.783216783217,46624.3654822335
4966.783216783217,46548.22335025381
4966.783216783217,46472.081218274114
4966.783216783217,46395.93908629441
4972.027972027972,46852.79187817259
4972.027972027972,46776.649746192896
4972.027972027972,46700.507614213195
4972.027972027972,46624.3654822335
4972.027972027972,46548.22335025381
4977.272727272727,46928.93401015228
4977.272727272727,46852.79187817259
4977.272727272727,46776.649746192896
4977.272727272727,46700.507614213195
4977.272727272727,46624.3654822335
4977.272727272727,46548.22335025381
4982.517482517483,46928.93401015228
4982.517482517483,46852.79187817259
4982.517482517483,46776.649746192896
4982.517482517483,46700.507614213195
4982.517482517483,46624.3654822335
4982.517482517483,46548.22335025381
4982.517482517483,46472.081218274114
4987.762237762237,47005.07614213198
4987.762237762237,46928.93401015228
4987.762237762237,46852.79187817259
4987.762237762237,46776.649746192896
4987.762237762237,46700.507614213195
4987.762237762237,46624.3654822335
4987.762237762237,46548.22335025381
4987.762237762237,46472.081218274114
4993.006993006993,47081.21827411168
4993.006993006993,47005.07614213198
4993.006993006993,46928.93401015228
4993.006993006993,46852.79187817259
4993.006993006993,46776.649746192896
4993.006993006993,46700.507614213195
4993.006993006993,46624.3654822335
4993.006993006993,46548.22335025381
4998.251748251748,47081.21827411168
4998.251748251748,47005.07614213198
4998.251748251748,46928.93401015228
4998.251748251748,46852.79187817259
4998.251748251748,46776.649746192896
4998.251748251748,46700.507614213195
4998.251748251748,46624.3654822335
4998.251748251748,46548.22335025381
5003.4965034965035,47233.502538071065
5003.4965034965035,47157.36040609137
5003.4965034965035,47081.21827411168
5003.4965034965035,47005.07614213198
5003.4965034965035,46928.93401015228
5003.4965034965035,46852.79187817259
5003.4965034965035,46776.649746192896
5003.4965034965035,46700.507614213195
5008.741258741259,47309.64467005076
5008.741258741259,47233.502538071065
5008.741258741259,47157.36040609137
5008.741258741259,47081.21827411168
5008.741258741259,47005.07614213198
5008.741258741259,46928.93401015228
5008.741258741259,46852.79187817259
5008.741258741259,46776.649746192896
5013.986013986014,47309.64467005076
5013.986013986014,47233.502538071065
5013.986013986014,47157.36040609137
5013.986013986014,47081.21827411168
5013.986013986014,47005.07614213198
5013.986013986014,46928.93401015228
5013.986013986014,46852.79187817259
5013.986013986014,46776.649746192896
5019.2307692307695,47309.64467005076
5019.2307692307695,47233.502538071065
5019.2307692307695,47157.36040609137
5019.2307692307695,47081.21827411168
5019.2307692307695,47005.07614213198
5019.2307692307695,46928.93401015228
5024.475524475524,47309.64467005076
5024.475524475524,47233.502538071065
5024.475524475524,47157.36040609137
5024.475524475524,47081.21827411168
5024.475524475524,47005.07614213198
5029.72027972028,47309.64467005076
5029.72027972028,47233.502538071065
5029.72027972028,47157.36040609137
5029.72027972028,47081.21827411168
5029.72027972028,47005.07614213198
5034.965034965035,47385.78680203046
5034.965034965035,47309.64467005076
5034.965034965035,47233.502538071065
5034.965034965035,47157.36040609137
5034.965034965035,47081.21827411168
5034.965034965035,47005.07614213198
5040.20979020979,47461.92893401015
5040.20979020979,47385.78680203046
5040.20979020979,47309.64467005076
5040.20979020979,47233.502538071065
5040.20979020979,47157.36040609137
5040.20979020979,47081.21827411168
5040.20979020979,47005.07614213198
5045.454545454545,47461.92893401015
5045.454545454545,47385.78680203046
5045.454545454545,47309.64467005076
5045.454545454545,47233.502538071065
5045.454545454545,47157.36040609137
5045.454545454545,47081.21827411168
5050.699300699301,47538.07106598985
5050.699300699301,47461.92893401015
5050.699300699301,47385.78680203046
5050.699300699301,47309.64467005076
5050.699300699301,47233.502538071065
5050.699300699301,47157.36040609137
5055.944055944056,47614.21319796954
5055.944055944056,47538.07106598985
5055.944055944056,47461.92893401015
5055.944055944056,47385.78680203046
5055.944055944056,47309.64467005076
5055.944055944056,47233.502538071065
5055.944055944056,47157.36040609137
5061.188811188811,47614.21319796954
5061.188811188811,47538.07106598985
5061.188811188811,47461.92893401015
5061.188811188811,47385.78680203046
5061.188811188811,47309.64467005076
5061.188811188811,47233.502538071065
5061.188811188811,47157.36040609137
5066.433566433567,47690.35532994924
5066.433566433567,47614.21319796954
5066.433566433567,47538.07106598985
5066.433566433567,47461.92893401015
5066.433566433567,47385.78680203046
5066.433566433567,47309.64467005076
5066.433566433567,47233.502538071065
5071.6783216783215,47690.35532994924
5071.6783216783215,47614.21319796954
5071.6783216783215,47538.07106598985
5071.6783216783215,47461.92893401015
5071.6783216783215,47385.78680203046
5071.6783216783215,47309.64467005076
5071.6783216783215,47233.502538071065
5076.923076923077,47690.35532994924
5076.923076923077,47614.21319796954
5076.923076923077,47538.07106598985
5076.923076923077,47461.92893401015
5076.923076923077,47385.78680203046
5076.923076923077,47309.64467005076
5082.167832167832,47690.35532994924
5082.167832167832,47614.21319796954
5082.167832167832,47538.07106598985
5082.167832167832,47461.92893401015
5082.167832167832,47385.78680203046
5082.167832167832,47309.64467005076
5087.4125874125875,47766.497461928935
5087.4125874125875,47690.35532994924
5087.4125874125875,47614.21319796954
5087.4125874125875,47538.07106598985
5087.4125874125875,47461.92893401015
5087.4125874125875,47385.78680203046
5087.4125874125875,47309.64467005076
5087.4125874125875,47233.502538071065
5092.657342657342,47766.497461928935
5092.657342657342,47690.35532994924
5092.657342657342,47614.21319796954
5092.657342657342,47538.07106598985
5092.657342657342,47461.92893401015
5092.657342657342,47385.78680203046
5092.657342657342,47309.64467005076
5092.657342657342,47233.502538071065
5097.902097902098,47766.497461928935
5097.902097902098,47690.35532994924
5097.902097902098,47614.21319796954
5097.902097902098,47538.07106598985
5097.902097902098,47461.92893401015
5097.902097902098,47385.78680203046
5097.902097902098,47309.64467005076
5097.902097902098,47233.502538071065
5103.146853146854,47766.497461928935
5103.146853146854,47690.35532994924
5103.146853146854,47614.21319796954
5103.146853146854,47538.07106598985
5103.146853146854,47461.92893401015
5103.146853146854,47385.78680203046
5103.146853146854,47309.64467005076
5108.391608391608,47766.497461928935
5108.391608391608,47690.35532994924
5108.391608391608,47614.21319796954
5108.391608391608,47538.07106598985
5108.391608391608,47461.92893401015
5108.391608391608,47385.78680203046
5113.636363636364,47766.497461928935
5113.636363636364,47690.35532994924
5113.636363636364,47614.21319796954
5113.636363636364,47538.07106598985
5113.636363636364,47461.92893401015
5113.636363636364,47385.78680203046
5113.636363636364,47309.64467005076
5118.881118881119,47842.63959390863
5118.881118881119,47766.497461928935
5118.881118881119,47690.35532994924
5118.881118881119,47614.21319796954
5118.881118881119,47538.07106598985
5118.881118881119,47461.92893401015
5118.881118881119,47385.78680203046
5118.881118881119,47309.64467005076
5124.125874125874,47918.78172588832
5124.125874125874,47842.63959390863
5124.125874125874,47766.497461928935
5124.125874125874,47690.35532994924
5124.125874125874,47614.21319796954
5124.125874125874,47538.07106598985
5124.125874125874,47461.92893401015
5124.125874125874,47385.78680203046
5124.125874125874,47309.64467005076
5129.370629370629,47918.78172588832
5129.370629370629,47842.63959390863
5129.370629370629,47766.497461928935
5129.370629370629,47690.35532994924
5129.370629370629,47614.21319796954
5129.370629370629,47538.07106598985
5129.370629370629,47461.92893401015
5129.370629370629,47385.78680203046
5129.370629370629,47309.64467005076
5134.615384615385,47994.92385786802
5134.615384615385,47918.78172588832
5134.615384615385,47842.63959390863
5134.615384615385,47766.497461928935
5134.615384615385,47690.35532994924
5134.615384615385,47614.21319796954
5134.615384615385,47538.07106598985
5134.615384615385,47461.92893401015
5139.8601398601395,47994.92385786802
5139.8601398601395,47918.78172588832
5139.8601398601395,47842.63959390863
5139.8601398601395,47766.497461928935
5139.8601398601395,47690.35532994924
5139.8601398601395,47614.21319796954
5145.104895104895,48071.06598984772
5145.104895104895,47994.92385786802
5145.104895104895,47918.78172588832
5145.104895104895,47842.63959390863
5145.104895104895,47766.497461928935
5145.104895104895,47690.35532994924
5145.104895104895,47614.21319796954
5150.349650349651,48071.06598984772
5150.349650349651,47994.92385786802
5150.349650349651,47918.78172588832
5150.349650349651,47842.63959390863
5150.349650349651,47766.497461928935
5150.349650349651,47690.35532994924
5155.5944055944055,48299.492385786805
5155.5944055944055,48223.350253807104
5155.5944055944055,48147.20812182741
5155.5944055944055,48071.06598984772
5155.5944055944055,47994.92385786802
5155.5944055944055,47918.78172588832
5155.5944055944055,47842.63959390863
5155.5944055944055,47766.497461928935
5155.5944055944055,47690.35532994924
5160.839160839161,48375.6345177665
5160.839160839161,48299.492385786805
5160.839160839161,48223.350253807104
5160.839160839161,48147.20812182741
5160.839160839161,48071.06598984772
5160.839160839161,47994.92385786802
5160.839160839161,47918.78172588832
5160.839160839161,47842.63959390863
5160.839160839161,47766.497461928935
5166.083916083916,48375.6345177665
5166.083916083916,48299.492385786805
5166.083916083916,48223.350253807104
5166.083916083916,48147.20812182741
5166.083916083916,48071.06598984772
5166.083916083916,47994.92385786802
5166.083916083916,47918.78172588832
5166.083916083916,47842.63959390863
5166.083916083916,47766.497461928935
5171.328671328672,48375.6345177665
5171.328671328672,48299.492385786805
5171.328671328672,48223.350253807104
5171.328671328672,48147.20812182741
5171.328671328672,48071.06598984772
5171.328671328672,47994.92385786802
5171.328671328672,47918.78172588832
5171.328671328672,47842.63959390863
5176.573426573426,48375.6345177665
5176.573426573426,48299.492385786805
5176.573426573426,48223.350253807104
5176.573426573426,48147.20812182741
5176.573426573426,48071.06598984772
5176.573426573426,47994.92385786802
5176.573426573426,47918.78172588832
5181.818181818182,48299.492385786805
5181.818181818182,48223.350253807104
5181.818181818182,48147.20812182741
5181.818181818182,48071.06598984772
5181.818181818182,47994.92385786802
5181.818181818182,47918.78172588832
5187.062937062937,48375.6345177665
5187.062937062937,48299.492385786805
5187.062937062937,48223.350253807104
5187.062937062937,48147.20812182741
5187.062937062937,48071.06598984772
5187.062937062937,47994.92385786802
5187.062937062937,47918.78172588832
5192.307692307692,48527.918781725886
5192.307692307692,48451.77664974619
5192.307692307692,48375.6345177665
5192.307692307692,48299.492385786805
5192.307692307692,48223.350253807104
5192.307692307692,48147.20812182741
5192.307692307692,48071.06598984772
5192.307692307692,47994.92385786802
5192.307692307692,47918.78172588832
5197.552447552447,48680.20304568528
5197.552447552447,48604.06091370559
5197.552447552447,48527.918781725886
5197.552447552447,48451.77664974619
5197.552447552447,48375.6345177665
5197.552447552447,48299.492385786805
5197.552447552447,48223.350253807104
5197.552447552447,48147.20812182741
5197.552447552447,48071.06598984772
5197.552447552447,47994.92385786802
5202.797202797203,48680.20304568528
5202.797202797203,48604.06091370559
5202.797202797203,48527.918781725886
5202.797202797203,48451.77664974619
5202.797202797203,48375.6345177665
5202.797202797203,48299.492385786805
5202.797202797203,48223.350253807104
5202.797202797203,48147.20812182741
5202.797202797203,48071.06598984772
5208.041958041958,48680.20304568528
5208.041958041958,48604.06091370559
5208.041958041958,48527.918781725886
5208.041958041958,48451.77664974619
5208.041958041958,48375.6345177665
5208.041958041958,48299.492385786805
5208.041958041958,48223.350253807104
5213.286713286713,48680.20304568528
5213.286713286713,48604.06091370559
5213.286713286713,48527.918781725886
5213.286713286713,48451.77664974619
5213.286713286713,48375.6345177665
5213.286713286713,48299.492385786805
5213.286713286713,48223.350253807104
5213.286713286713,48147.20812182741
5218.531468531469,48680.20304568528
5218.531468531469,48604.06091370559
5218.531468531469,48527.918781725886
5218.531468531469,48451.77664974619
5218.531468531469,48375.6345177665
5218.531468531469,48299.492385786805
5218.531468531469,48223.350253807104
5223.776223776224,48680.20304568528
5223.776223776224,48604.06091370559
5223.776223776224,48527.918781725886
5223.776223776224,48451.77664974619
5223.776223776224,48375.6345177665
5223.776223776224,48299.492385786805
5223.776223776224,48223.350253807104
5229.020979020979,48680.20304568528
5229.020979020979,48604.06091370559
5229.020979020979,48527.918781725886
5229.020979020979,48451.77664974619
5229.020979020979,48375.6345177665
5229.020979020979,48299.492385786805
5234.265734265734,48984.77157360406
5234.265734265734,48908.62944162437
5234.265734265734,48832.48730964467
5234.265734265734,48756.345177664974
5234.265734265734,48680.20304568528
5234.265734265734,48604.06091370559
5234.265734265734,48527.918781725886
5234.265734265734,48451.77664974619
5234.265734265734,48375.6345177665
5239.51048951049,49060.91370558376
5239.51048951049,48984.77157360406
5239.51048951049,48908.62944162437
5239.51048951049,48832.48730964467
5239.51048951049,48756.345177664974
5239.51048951049,48680.20304568528
5239.51048951049,48604.06091370559
5239.51048951049,48527.918781725886
5239.51048951049,48451.77664974619
5239.51048951049,48375.6345177665
5244.755244755244,49060.91370558376
5244.755244755244,48984.77157360406
5244.755244755244,48908.62944162437
5244.755244755244,48832.48730964467
5244.755244755244,48756.345177664974
5244.755244755244,48680.20304568528
5244.755244755244,48604.06091370559
5244.755244755244,48527.918781725886
5244.755244755244,48451.77664974619
5250.0,49060.91370558376
5250.0,48984.77157360406
5250.0,48908.62944162437
5250.0,48832.48730964467
5250.0,48756.345177664974
5250.0,48680.20304568528
5250.0,48604.06091370559
5250.0,48527.918781725886
5250.0,48451.77664974619
5255.244755244756,48908.62944162437
5255.244755244756,48832.48730964467
5255.244755244756,48756.345177664974
5255.244755244756,48680.20304568528
5255.244755244756,48604.06091370559
5255.244755244756,48527.918781725886
5255.244755244756,48451.77664974619
5260.48951048951,48908.62944162437
5260.48951048951,48832.48730964467
5260.48951048951,48756.345177664974
5260.48951048951,48680.20304568528
5260.48951048951,48604.06091370559
5260.48951048951,48527.918781725886
5260.48951048951,48451.77664974619
5265.734265734266,48908.62944162437
5265.734265734266,48832.48730964467
5265.734265734266,48756.345177664974
5265.734265734266,48680.20304568528
5265.734265734266,48604.06091370559
5265.734265734266,48527.918781725886
5265.734265734266,48451.77664974619
5270.979020979021,48984.77157360406
5270.979020979021,48908.62944162437
5270.979020979021,48832.48730964467
5270.979020979021,48756.345177664974
5270.979020979021,48680.20304568528
5270.979020979021,48604.06091370559
5270.979020979021,48527.918781725886
5270.979020979021,48451.77664974619
5276.223776223776,48908.62944162437
5276.223776223776,48832.48730964467
5276.223776223776,48756.345177664974
5276.223776223776,48680.20304568528
5276.223776223776,48604.06091370559
5276.223776223776,48527.918781725886
5276.223776223776,48451.77664974619
5276.223776223776,48375.6345177665
5281.468531468531,48984.77157360406
5281.468531468531,48908.62944162437
5281.468531468531,48832.48730964467
5281.468531468531,48756.345177664974
5281.468531468531,48680.20304568528
5281.468531468531,48604.06091370559
5281.468531468531,48527.918781725886
5281.468531468531,48451.77664974619
5281.468531468531,48375.6345177665
5286.713286713287,48984.77157360406
5286.713286713287,48908.62944162437
5286.713286713287,48832.48730964467
5286.713286713287,48756.345177664974
5286.713286713287,48680.20304568528
5286.713286713287,48604.06091370559
5286.713286713287,48527.918781725886
5286.713286713287,48451.77664974619
5286.713286713287,48375.6345177665
5291.958041958042,48984.77157360406
5291.958041958042,48908.62944162437
5291.958041958042,48832.48730964467
5291.958041958042,48756.345177664974
5291.958041958042,48680.20304568528
5291.958041958042,48604.06091370559
5291.958041958042,48527.918781725886
5291.958041958042,48451.77664974619
5291.958041958042,48375.6345177665
5297.202797202797,48984.77157360406
5297.202797202797,48908.62944162437
5297.202797202797,48832.48730964467
5297.202797202797,48756.345177664974
5297.202797202797,48680.20304568528
5297.202797202797,48604.06091370559
5297.202797202797,48527.918781725886
5302.447552447553,48984.77157360406
5302.447552447553,48908.62944162437
5302.447552447553,48832.48730964467
5302.447552447553,48756.345177664974
5302.447552447553,48680.20304568528
5302.447552447553,48604.06091370559
5302.447552447553,48527.918781725886
5307.692307692308,49060.91370558376
5307.692307692308,48984.77157360406
5307.692307692308,48908.62944162437
5307.692307692308,48832.48730964467
5307.692307692308,48756.345177664974
5307.692307692308,48680.20304568528
5307.692307692308,48604.06091370559
5307.692307692308,48527.918781725886
5312.937062937063,49060.91370558376
5312.937062937063,48984.77157360406
5312.937062937063,48908.62944162437
5312.937062937063,48832.48730964467
5312.937062937063,48756.345177664974
5312.937062937063,48680.20304568528
5312.937062937063,48604.06091370559
5312.937062937063,48527.918781725886
5318.181818181818,49060.91370558376
5318.181818181818,48984.77157360406
5318.181818181818,48908.62944162437
5318.181818181818,48832.48730964467
5318.181818181818,48756.345177664974
5318.181818181818,48680.20304568528
5318.181818181818,48604.06091370559
5323.426573426574,49060.91370558376
5323.426573426574,48984.77157360406
5323.426573426574,48908.62944162437
5323.426573426574,48832.48730964467
5323.426573426574,48756.345177664974
5323.426573426574,48680.20304568528
5323.426573426574,48604.06091370559
5328.671328671328,49137.05583756345
5328.671328671328,49060.91370558376
5328.671328671328,48984.77157360406
5328.671328671328,48908.62944162437
5328.671328671328,48832.48730964467
5328.671328671328,48756.345177664974
5328.671328671328,48680.20304568528
5328.671328671328,48604.06091370559
5333.916083916084,49060.91370558376
5333.916083916084,48984.77157360406
5333.916083916084,48908.62944162437
5333.916083916084,48832.48730964467
5333.916083916084,48756.345177664974
5333.916083916084,48680.20304568528
5333.916083916084,48604.06091370559
5339.160839160839,49060.91370558376
5339.160839160839,48984.77157360406
5339.160839160839,48908.62944162437
5339.160839160839,48832.48730964467
5339.160839160839,48756.345177664974
5339.160839160839,48680.20304568528
5339.160839160839,48604.06091370559
5344.4055944055945,49060.91370558376
5344.4055944055945,48984.77157360406
5344.4055944055945,48908.62944162437
5344.4055944055945,48832.48730964467
5344.4055944055945,48756.345177664974
5344.4055944055945,48680.20304568528
5344.4055944055945,48604.06091370559
5349.650349650349,49060.91370558376
5349.650349650349,48984.77157360406
5349.650349650349,48908.62944162437
5349.650349650349,48832.48730964467
5349.650349650349,48756.345177664974
5349.650349650349,48680.20304568528
5349.650349650349,48604.06091370559
5354.895104895105,49060.91370558376
5354.895104895105,48984.77157360406
5354.895104895105,48908.62944162437
5354.895104895105,48832.48730964467
5354.895104895105,48756.345177664974
5354.895104895105,48680.20304568528
5354.895104895105,48604.06091370559
5354.895104895105,48527.918781725886
5360.1398601398605,49060.91370558376
5360.1398601398605,48984.77157360406
5360.1398601398605,48908.62944162437
5360.1398601398605,48832.48730964467
5360.1398601398605,48756.345177664974
5360.1398601398605,48680.20304568528
5360.1398601398605,48604.06091370559
5360.1398601398605,48527.918781725886
5365.384615384615,49060.91370558376
5365.384615384615,48984.77157360406
5365.384615384615,48908.62944162437
5365.384615384615,48832.48730964467
5365.384615384615,48756.345177664974
5365.384615384615,48680.20304568528
5365.384615384615,48604.06091370559
5365.384615384615,48527.918781725886
5370.629370629371,49060.91370558376
5370.629370629371,48984.77157360406
5370.629370629371,48908.62944162437
5370.629370629371,48832.48730964467
5370.629370629371,48756.345177664974
5370.629370629371,48680.20304568528
5370.629370629371,48604.06091370559
5370.629370629371,48527.918781725886
5375.874125874126,49060.91370558376
5375.874125874126,48984.77157360406
5375.874125874126,48908.62944162437
5375.874125874126,48832.48730964467
5375.874125874126,48756.345177664974
5375.874125874126,48680.20304568528
5375.874125874126,48604.06091370559
5375.874125874126,48527.918781725886
5381.118881118881,48908.62944162437
5381.118881118881,48832.48730964467
5381.118881118881,48756.345177664974
5381.118881118881,48680.20304568528
5381.118881118881,48604.06091370559
5381.118881118881,48527.918781725886
5381.118881118881,48451.77664974619
5386.363636363636,48908.62944162437
5386.363636363636,48832.48730964467
5386.363636363636,48756.345177664974
5386.363636363636,48680.20304568528
5386.363636363636,48604.06091370559
5386.363636363636,48527.918781725886
5386.363636363636,48451.77664974619
5391.608391608392,48908.62944162437
5391.608391608392,48832.48730964467
5391.608391608392,48756.345177664974
5391.608391608392,48680.20304568528
5391.608391608392,48604.06091370559
5391.608391608392,48527.918781725886
5391.608391608392,48451.77664974619
5391.608391608392,48375.6345177665
5396.853146853146,48908.62944162437
5396.853146853146,48832.48730964467
5396.853146853146,48756.345177664974
5396.853146853146,48680.20304568528
5396.853146853146,48604.06091370559
5396.853146853146,48527.918781725886
5396.853146853146,48451.77664974619
5396.853146853146,48375.6345177665
5402.097902097902,48908.62944162437
5402.097902097902,48832.48730964467
5402.097902097902,48756.345177664974
5402.097902097902,48680.20304568528
5402.097902097902,48604.06091370559
5402.097902097902,48527.918781725886
5402.097902097902,48451.77664974619
5402.097902097902,48375.6345177665
5402.097902097902,48299.492385786805
5407.342657342658,48908.62944162437
5407.342657342658,48832.48730964467
5407.342657342658,48756.345177664974
5407.342657342658,48680.20304568528
5407.342657342658,48604.06091370559
5407.342657342658,48527.918781725886
5407.342657342658,48451.77664974619
5407.342657342658,48375.6345177665
5412.5874125874125,48908.62944162437
5412.5874125874125,48832.48730964467
5412.5874125874125,48756.345177664974
5412.5874125874125,48680.20304568528
5412.5874125874125,48604.06091370559
5412.5874125874125,48527.918781725886
5412.5874125874125,48451.77664974619
5417.832167832168,48908.62944162437
5417.832167832168,48832.48730964467
5417.832167832168,48756.345177664974
5417.832167832168,48680.20304568528
5417.832167832168,48604.06091370559
5417.832167832168,48527.918781725886
5423.076923076923,48908.62944162437
5423.076923076923,48832.48730964467
5423.076923076923,48756.345177664974
5423.076923076923,48680.20304568528
5423.076923076923,48604.06091370559
5423.076923076923,48527.918781725886
5423.076923076923,48451.77664974619
5423.076923076923,48375.6345177665
5428.3216783216785,48832.48730964467
5428.3216783216785,48756.345177664974
5428.3216783216785,48680.20304568528
5428.3216783216785,48604.06091370559
5428.3216783216785,48527.918781725886
5428.3216783216785,48451.77664974619
5428.3216783216785,48375.6345177665
5428.3216783216785,48299.492385786805
5428.3216783216785,48223.350253807104
5433.566433566433,48756.345177664974
5433.566433566433,48680.20304568528
5433.566433566433,48604.06091370559
5433.566433566433,48527.918781725886
5433.566433566433,48451.77664974619
5433.566433566433,48375.6345177665
5433.566433566433,48299.492385786805
5433.566433566433,48223.350253807104
5438.811188811189,48756.345177664974
5438.811188811189,48680.20304568528
5438.811188811189,48604.06091370559
5438.811188811189,48527.918781725886
5438.811188811189,48451.77664974619
5438.811188811189,48375.6345177665
5438.811188811189,48299.492385786805
5438.811188811189,48223.350253807104
5444.055944055944,48832.48730964467
5444.055944055944,48756.345177664974
5444.055944055944,48680.20304568528
5444.055944055944,48604.06091370559
5444.055944055944,48527.918781725886
5444.055944055944,48451.77664974619
5444.055944055944,48375.6345177665
5444.055944055944,48299.492385786805
5444.055944055944,48223.350253807104
5449.300699300699,48756.345177664974
5449.300699300699,48680.20304568528
5449.300699300699,48604.06091370559
5449.300699300699,48527.918781725886
5449.300699300699,48451.77664974619
5449.300699300699,48375.6345177665
5449.300699300699,48299.492385786805
5449.300699300699,48223.350253807104
5449.300699300699,48147.20812182741
5454.545454545455,48680.20304568528
5454.545454545455,48604.06091370559
5454.545454545455,48527.918781725886
5454.545454545455,48451.77664974619
5454.545454545455,48375.6345177665
5454.545454545455,48299.492385786805
5454.545454545455,48223.350253807104
5454.545454545455,48147.20812182741
5459.79020979021,48680.20304568528
5459.79020979021,48604.06091370559
5459.79020979021,48527.918781725886
5459.79020979021,48451.77664974619
5459.79020979021,48375.6345177665
5459.79020979021,48299.492385786805
5459.79020979021,48223.350253807104
5459.79020979021,48147.20812182741
5465.034965034965,48604.06091370559
5465.034965034965,48527.918781725886
5465.034965034965,48451.77664974619
5465.034965034965,48375.6345177665
5465.034965034965,48299.492385786805
5465.034965034965,48223.350253807104
5465.034965034965,48147.20812182741
5470.27972027972,48604.06091370559
5470.27972027972,48527.918781725886
5470.27972027972,48451.77664974619
5470.27972027972,48375.6345177665
5470.27972027972,48299.492385786805
5470.27972027972,48223.350253807104
5470.27972027972,48147.20812182741
5475.524475524476,48680.20304568528
5475.524475524476,48604.06091370559
5475.524475524476,48527.918781725886
5475.524475524476,48451.77664974619
5475.524475524476,48375.6345177665
5475.524475524476,48299.492385786805
5475.524475524476,48223.350253807104
5475.524475524476,48147.20812182741
5475.524475524476,48071.06598984772
5480.7692307692305,48604.06091370559
5480.7692307692305,48527.918781725886
5480.7692307692305,48451.77664974619
5480.7692307692305,48375.6345177665
5480.7692307692305,48299.492385786805
5480.7692307692305,48223.350253807104
5480.7692307692305,48147.20812182741
5480.7692307692305,48071.06598984772
5486.013986013986,48527.918781725886
5486.013986013986,48451.77664974619
5486.013986013986,48375.6345177665
5486.013986013986,48299.492385786805
5486.013986013986,48223.350253807104
5486.013986013986,48147.20812182741
5486.013986013986,48071.06598984772
5486.013986013986,47994.92385786802
5491.258741258741,48451.77664974619
5491.258741258741,48375.6345177665
5491.258741258741,48299.492385786805
5491.258741258741,48223.350253807104
5491.258741258741,48147.20812182741
5491.258741258741,48071.06598984772
5491.258741258741,47994.92385786802
5491.258741258741,47918.78172588832
5496.5034965034965,48527.918781725886
5496.5034965034965,48451.77664974619
5496.5034965034965,48375.6345177665
5496.5034965034965,48299.492385786805
5496.5034965034965,48223.350253807104
5496.5034965034965,48147.20812182741
5496.5034965034965,48071.06598984772
5496.5034965034965,47994.92385786802
5496.5034965034965,47918.78172588832
5496.5034965034965,47842.63959390863
5501.748251748252,48527.918781725886
5501.748251748252,48451.77664974619
5501.748251748252,48375.6345177665
5501.748251748252,48299.492385786805
5501.748251748252,48223.350253807104
5501.748251748252,48147.20812182741
5501.748251748252,48071.06598984772
5501.748251748252,47994.92385786802
5501.748251748252,47918.78172588832
5501.748251748252,47842.63959390863
5506.993006993007,48527.918781725886
5506.993006993007,48451.77664974619
5506.993006993007,48375.6345177665
5506.993006993007,48299.492385786805
5506.993006993007,48223.350253807104
5506.993006993007,48147.20812182741
5506.993006993007,48071.06598984772
5506.993006993007,47994.92385786802
5506.993006993007,47918.78172588832
5512.237762237763,48451.77664974619
5512.237762237763,48375.6345177665
5512.237762237763,48299.492385786805
5512.237762237763,48223.350253807104
5512.237762237763,48147.20812182741
5512.237762237763,48071.06598984772
5512.237762237763,47994.92385786802
5512.237762237763,47918.78172588832
5512.237762237763,47842.63959390863
5517.482517482517,48299.492385786805
5517.482517482517,48223.350253807104
5517.482517482517,48147.20812182741
5517.482517482517,48071.06598984772
5517.482517482517,47994.92385786802
5517.482517482517,47918.78172588832
5517.482517482517,47842.63959390863
5517.482517482517,47766.497461928935
5517.482517482517,47690.35532994924
5522.727272727273,48299.492385786805
5522.727272727273,48223.350253807104
5522.727272727273,48147.20812182741
5522.727272727273,48071.06598984772
5522.727272727273,47994.92385786802
5522.727272727273,47918.78172588832
5522.727272727273,47842.63959390863
5522.727272727273,47766.497461928935
5522.727272727273,47690.35532994924
5522.727272727273,47614.21319796954
5527.972027972028,48223.350253807104
5527.972027972028,48147.20812182741
5527.972027972028,48071.06598984772
5527.972027972028,47994.92385786802
5527.972027972028,47918.78172588832
5527.972027972028,47842.63959390863
5527.972027972028,47766.497461928935
5527.972027972028,47690.35532994924
5527.972027972028,47614.21319796954
5533.216783216783,48147.20812182741
5533.216783216783,48071.06598984772
5533.216783216783,47994.92385786802
5533.216783216783,47918.78172588832
5533.216783216783,47842.63959390863
5533.216783216783,47766.497461928935
5533.216783216783,47690.35532994924
5533.216783216783,47614.21319796954
5538.461538461538,48223.350253807104
5538.461538461538,48147.20812182741
5538.461538461538,48071.06598984772
5538.461538461538,47994.92385786802
5538.461538461538,47918.78172588832
5538.461538461538,47842.63959390863
5538.461538461538,47766.497461928935
5538.461538461538,47690.35532994924
5538.461538461538,47614.21319796954
5543.706293706294,48223.350253807104
5543.706293706294,48147.20812182741
5543.706293706294,48071.06598984772
5543.706293706294,47994.92385786802
5543.706293706294,47918.78172588832
5543.706293706294,47842.63959390863
5543.706293706294,47766.497461928935
5543.706293706294,47690.35532994924
5548.9510489510485,48223.350253807104
5548.9510489510485,48147.20812182741
5548.9510489510485,48071.06598984772
5548.9510489510485,47994.92385786802
5548.9510489510485,47918.78172588832
5548.9510489510485,47842.63959390863
5548.9510489510485,47766.497461928935
5548.9510489510485,47690.35532994924
5548.9510489510485,47614.21319796954
5554.195804195804,48147.20812182741
5554.195804195804,48071.06598984772
5554.195804195804,47994.92385786802
5554.195804195804,47918.78172588832
5554.195804195804,47842.63959390863
5554.195804195804,47766.497461928935
5554.195804195804,47690.35532994924
5554.195804195804,47614.21319796954
5554.195804195804,47538.07106598985
5559.44055944056,47994.92385786802
5559.44055944056,47918.78172588832
5559.44055944056,47842.63959390863
5559.44055944056,47766.497461928935
5559.44055944056,47690.35532994924
5559.44055944056,47614.21319796954
5559.44055944056,47538.07106598985
5559.44055944056,47461.92893401015
5564.685314685315,47918.78172588832
5564.685314685315,47842.63959390863
5564.685314685315,47766.497461928935
5564.685314685315,47690.35532994924
5564.685314685315,47614.21319796954
5564.685314685315,47538.07106598985
5564.685314685315,47461.92893401015
5564.685314685315,47385.78680203046
5569.93006993007,47842.63959390863
5569.93006993007,47766.497461928935
5569.93006993007,47690.35532994924
5569.93006993007,47614.21319796954
5569.93006993007,47538.07106598985
5569.93006993007,47461.92893401015
5569.93006993007,47385.78680203046
5569.93006993007,47309.64467005076
5575.174825174825,47766.497461928935
5575.174825174825,47690.35532994924
5575.174825174825,47614.21319796954
5575.174825174825,47538.07106598985
5575.174825174825,47461.92893401015
5575.174825174825,47385.78680203046
5575.174825174825,47309.64467005076
5575.174825174825,47233.502538071065
5580.419580419581,47766.497461928935
5580.419580419581,47690.35532994924
5580.419580419581,47614.21319796954
5580.419580419581,47538.07106598985
5580.419580419581,47461.92893401015
5580.419580419581,47385.78680203046
5580.419580419581,47309.64467005076
5580.419580419581,47233.502538071065
5585.664335664335,47690.35532994924
5585.664335664335,47614.21319796954
5585.664335664335,47538.07106598985
5585.664335664335,47461.92893401015
5585.664335664335,47385.78680203046
5585.664335664335,47309.64467005076
5585.664335664335,47233.502538071065
5585.664335664335,47157.36040609137
5590.909090909091,47538.07106598985
5590.909090909091,47461.92893401015
5590.909090909091,47385.78680203046
5590.909090909091,47309.64467005076
5590.909090909091,47233.502538071065
5590.909090909091,47157.36040609137
5590.909090909091,47081.21827411168
5596.153846153846,47538.07106598985
5596.153846153846,47461.92893401015
5596.153846153846,47385.78680203046
5596.153846153846,47309.64467005076
5596.153846153846,47233.502538071065
5596.153846153846,47157.36040609137
5596.153846153846,47081.21827411168
5596.153846153846,47005.07614213198
5596.153846153846,46928.93401015228
5601.398601398601,47461.92893401015
5601.398601398601,47385.78680203046
5601.398601398601,47309.64467005076
5601.398601398601,47233.502538071065
5601.398601398601,47157.36040609137
5601.398601398601,47081.21827411168
5601.398601398601,47005.07614213198
5601.398601398601,46928.93401015228
5606.643356643357,47385.78680203046
5606.643356643357,47309.64467005076
5606.643356643357,47233.502538071065
5606.643356643357,47157.36040609137
5606.643356643357,47081.21827411168
5606.643356643357,47005.07614213198
5606.643356643357,46928.93401015228
5611.888111888112,47385.78680203046
5611.888111888112,47309.64467005076
5611.888111888112,47233.502538071065
5611.888111888112,47157.36040609137
5611.888111888112,47081.21827411168
5611.888111888112,47005.07614213198
5611.888111888112,46928.93401015228
5611.888111888112,46852.79187817259
5617.132867132867,47309.64467005076
5617.132867132867,47233.502538071065
5617.132867132867,47157.36040609137
5617.132867132867,47081.21827411168
5617.132867132867,47005.07614213198
5617.132867132867,46928.93401015228
5617.132867132867,46852.79187817259
5617.132867132867,46776.649746192896
5622.377622377622,47309.64467005076
5622.377622377622,47233.502538071065
5622.377622377622,47157.36040609137
5622.377622377622,47081.21827411168
5622.377622377622,47005.07614213198
5622.377622377622,46928.93401015228
5622.377622377622,46852.79187817259
5622.377622377622,46776.649746192896
5622.377622377622,46700.507614213195
5627.622377622378,47309.64467005076
5627.622377622378,47233.502538071065
5627.622377622378,47157.36040609137
5627.622377622378,47081.21827411168
5627.622377622378,47005.07614213198
5627.622377622378,46928.93401015228
5627.622377622378,46852.79187817259
5627.622377622378,46776.649746192896
5627.622377622378,46700.507614213195
5627.622377622378,46624.3654822335
5627.622377622378,46548.22335025381
5632.867132867133,47233.502538071065
5632.867132867133,47157.36040609137
5632.867132867133,47081.21827411168
5632.867132867133,47005.07614213198
5632.867132867133,46928.93401015228
5632.867132867133,46852.79187817259
5632.867132867133,46776.649746192896
5632.867132867133,46700.507614213195
5632.867132867133,46624.3654822335
5632.867132867133,46548.22335025381
5632.867132867133,46472.081218274114
5638.111888111888,47081.21827411168
5638.111888111888,47005.07614213198
5638.111888111888,46928.93401015228
5638.111888111888,46852.79187817259
5638.111888111888,46776.649746192896
5638.111888111888,46700.507614213195
5638.111888111888,46624.3654822335
5638.111888111888,46548.22335025381
5638.111888111888,46472.081218274114
5643.356643356643,46928.93401015228
5643.356643356643,46852.79187817259
5643.356643356643,46776.649746192896
5643.356643356643,46700.507614213195
5643.356643356643,46624.3654822335
5643.356643356643,46548.22335025381
5643.356643356643,46472.081218274114
5643.356643356643,46395.93908629441
5643.356643356643,46319.79695431472
5643.356643356643,46243.654822335026
5643.356643356643,46167.51269035533
5648.601398601399,46852.79187817259
5648.601398601399,46776.649746192896
5648.601398601399,46700.507614213195
5648.601398601399,46624.3654822335
5648.601398601399,46548.22335025381
5648.601398601399,46472.081218274114
5648.601398601399,46395.93908629441
5648.601398601399,46319.79695431472
5648.601398601399,46243.654822335026
5648.601398601399,46167.51269035533
5648.601398601399,46091.37055837563
5653.846153846154,46776.649746192896
5653.846153846154,46700.507614213195
5653.846153846154,46624.3654822335
5653.846153846154,46548.22335025381
5653.846153846154,46472.081218274114
5653.846153846154,46395.93908629441
5653.846153846154,46319.79695431472
5653.846153846154,46243.654822335026
5653.846153846154,46167.51269035533
5653.846153846154,46091.37055837563
5659.090909090909,46700.507614213195
5659.090909090909,46624.3654822335
5659.090909090909,46548.22335025381
5659.090909090909,46472.081218274114
5659.090909090909,46395.93908629441
5659.090909090909,46319.79695431472
5659.090909090909,46243.654822335026
5659.090909090909,46167.51269035533
5664.335664335665,46776.649746192896
5664.335664335665,46700.507614213195
5664.335664335665,46624.3654822335
5664.335664335665,46548.22335025381
5664.335664335665,46472.081218274114
5664.335664335665,46395.93908629441
5664.335664335665,46319.79695431472
5664.335664335665,46243.654822335026
5664.335664335665,46167.51269035533
5669.580419580419,46776.649746192896
5669.580419580419,46700.507614213195
5669.580419580419,46624.3654822335
5669.580419580419,46548.22335025381
5669.580419580419,46472.081218274114
5669.580419580419,46395.93908629441
5669.580419580419,46319.79695431472
5669.580419580419,46243.654822335026
5669.580419580419,46167.51269035533
5669.580419580419,46091.37055837563
5674.825174825175,46700.507614213195
5674.825174825175,46624.3654822335
5674.825174825175,46548.22335025381
5674.825174825175,46472.081218274114
5674.825174825175,46395.93908629441
5674.825174825175,46319.79695431472
5674.825174825175,46243.654822335026
5674.825174825175,46167.51269035533
5674.825174825175,46091.37055837563
5680.06993006993,46472.081218274114
5680.06993006993,46395.93908629441
5680.06993006993,46319.79695431472
5680.06993006993,46243.654822335026
5680.06993006993,46167.51269035533
5680.06993006993,46091.37055837563
5680.06993006993,46015.22842639594
5685.314685314685,46395.93908629441
5685.314685314685,46319.79695431472
5685.314685314685,46243.654822335026
5685.314685314685,46167.51269035533
5685.314685314685,46091.37055837563
5685.314685314685,46015.22842639594
5685.314685314685,45939.08629441624
5690.55944055944,46319.79695431472
5690.55944055944,46243.654822335026
5690.55944055944,46167.51269035533
5690.55944055944,46091.37055837563
5690.55944055944,46015.22842639594
5690.55944055944,45939.08629441624
5690.55944055944,45862.94416243655
5690.55944055944,45786.802030456856
5695.804195804196,46319.79695431472
5695.804195804196,46243.654822335026
5695.804195804196,46167.51269035533
5695.804195804196,46091.37055837563
5695.804195804196,46015.22842639594
5695.804195804196,45939.08629441624
5695.804195804196,45862.94416243655
5695.804195804196,45786.802030456856
5695.804195804196,45710.659898477155
5701.0489510489515,46167.51269035533
5701.0489510489515,46091.37055837563
5701.0489510489515,46015.22842639594
5701.0489510489515,45939.08629441624
5701.0489510489515,45862.94416243655
5701.0489510489515,45786.802030456856
5701.0489510489515,45710.659898477155
5701.0489510489515,45634.51776649746
5706.293706293706,46091.37055837563
5706.293706293706,46015.22842639594
5706.293706293706,45939.08629441624
5706.293706293706,45862.94416243655
5706.293706293706,45786.802030456856
5706.293706293706,45710.659898477155
5706.293706293706,45634.51776649746
5706.293706293706,45558.37563451777
5711.538461538462,46015.22842639594
5711.538461538462,45939.08629441624
5711.538461538462,45862.94416243655
5711.538461538462,45786.802030456856
5711.538461538462,45710.659898477155
5711.538461538462,45634.51776649746
5711.538461538462,45558.37563451777
5711.538461538462,45482.233502538074
5716.783216783217,45939.08629441624
5716.783216783217,45862.94416243655
5716.783216783217,45786.802030456856
5716.783216783217,45710.659898477155
5716.783216783217,45634.51776649746
5716.783216783217,45558.37563451777
5716.783216783217,45482.233502538074
5716.783216783217,45406.09137055837
5722.027972027972,45939.08629441624
5722.027972027972,45862.94416243655
5722.027972027972,45786.802030456856
5722.027972027972,45710.659898477155
5722.027972027972,45634.51776649746
5722.027972027972,45558.37563451777
5722.027972027972,45482.233502538074
5722.027972027972,45406.09137055837
5722.027972027972,45329.94923857868
5722.027972027972,45253.807106598986
5727.272727272727,45786.802030456856
5727.272727272727,45710.659898477155
5727.272727272727,45634.51776649746
5727.272727272727,45558.37563451777
5727.272727272727,45482.233502538074
5727.272727272727,45406.09137055837
5727.272727272727,45329.94923857868
5727.272727272727,45253.807106598986
5732.517482517483,45710.659898477155
5732.517482517483,45634.51776649746
5732.517482517483,45558.37563451777
5732.517482517483,45482.233502538074
5732.517482517483,45406.09137055837
5732.517482517483,45329.94923857868
5732.517482517483,45253.807106598986
5732.517482517483,45177.66497461929
5737.762237762237,45710.659898477155
5737.762237762237,45634.51776649746
5737.762237762237,45558.37563451777
5737.762237762237,45482.233502538074
5737.762237762237,45406.09137055837
5737.762237762237,45329.94923857868
5737.762237762237,45253.807106598986
5737.762237762237,45177.66497461929
5737.762237762237,45101.52284263959
5743.006993006993,45634.51776649746
5743.006993006993,45558.37563451777
5743.006993006993,45482.233502538074
5743.006993006993,45406.09137055837
5743.006993006993,45329.94923857868
5743.006993006993,45253.807106598986
5743.006993006993,45177.66497461929
5743.006993006993,45101.52284263959
5743.006993006993,45025.3807106599
5748.251748251748,45558.37563451777
5748.251748251748,45482.233502538074
5748.251748251748,45406.09137055837
5748.251748251748,45329.94923857868
5748.251748251748,45253.807106598986
5748.251748251748,45177.66497461929
5748.251748251748,45101.52284263959
5748.251748251748,45025.3807106599
5748.251748251748,44949.238578680204
5753.4965034965035,45329.94923857868
5753.4965034965035,45253.807106598986
5753.4965034965035,45177.66497461929
5753.4965034965035,45101.52284263959
5753.4965034965035,45025.3807106599
5753.4965034965035,44949.238578680204
5753.4965034965035,44873.09644670051
5753.4965034965035,44796.95431472081
5753.4965034965035,44720.812182741116
5753.4965034965035,44644.67005076142
5758.741258741259,45253.807106598986
5758.741258741259,45177.66497461929
5758.741258741259,45101.52284263959
5758.741258741259,45025.3807106599
5758.741258741259,44949.238578680204
5758.741258741259,44873.09644670051
5758.741258741259,44796.95431472081
5758.741258741259,44720.812182741116
5758.741258741259,44644.67005076142
5758.741258741259,44568.52791878173
5763.986013986014,45177.66497461929
5763.986013986014,45101.52284263959
5763.986013986014,45025.3807106599
5763.986013986014,44949.238578680204
5763.986013986014,44873.09644670051
5763.986013986014,44796.95431472081
5763.986013986014,44720.812182741116
5763.986013986014,44644.67005076142
5763.986013986014,44568.52791878173
5763.986013986014,44492.38578680203
5769.2307692307695,45101.52284263959
5769.2307692307695,45025.3807106599
5769.2307692307695,44949.238578680204
5769.2307692307695,44873.09644670051
5769.2307692307695,44796.95431472081
5769.2307692307695,44720.812182741116
5769.2307692307695,44644.67005076142
5769.2307692307695,44568.52791878173
5769.2307692307695,44492.38578680203
5769.2307692307695,44416.243654822334
5774.475524475524,45101.52284263959
5774.475524475524,45025.3807106599
5774.475524475524,44949.238578680204
5774.475524475524,44873.09644670051
5774.475524475524,44796.95431472081
5774.475524475524,44720.812182741116
5774.475524475524,44644.67005076142
5774.475524475524,44568.52791878173
5774.475524475524,44492.38578680203
5774.475524475524,44416.243654822334
5774.475524475524,44340.10152284264
5779.72027972028,44873.09644670051
5779.72027972028,44796.95431472081
5779.72027972028,44720.812182741116
5779.72027972028,44644.67005076142
5779.72027972028,44568.52791878173
5779.72027972028,44492.38578680203
5779.72027972028,44416.243654822334
5779.72027972028,44340.10152284264
5779.72027972028,44263.95939086295
5784.965034965035,44720.812182741116
5784.965034965035,44644.67005076142
5784.965034965035,44568.52791878173
5784.965034965035,44492.38578680203
5784.965034965035,44416.243654822334
5784.965034965035,44340.10152284264
5784.965034965035,44263.95939086295
5790.20979020979,44720.812182741116
5790.20979020979,44644.67005076142
5790.20979020979,44568.52791878173
5790.20979020979,44492.38578680203
5790.20979020979,44416.243654822334
5790.20979020979,44340.10152284264
5790.20979020979,44263.95939086295
5790.20979020979,44187.817258883246
5790.20979020979,44111.67512690355
5795.454545454545,44644.67005076142
5795.454545454545,44568.52791878173
5795.454545454545,44492.38578680203
5795.454545454545,44416.243654822334
5795.454545454545,44340.10152284264
5795.454545454545,44263.95939086295
5795.454545454545,44187.817258883246
5795.454545454545,44111.67512690355
5800.699300699301,44644.67005076142
5800.699300699301,44568.52791878173
5800.699300699301,44492.38578680203
5800.699300699301,44416.243654822334
5800.699300699301,44340.10152284264
5800.699300699301,44263.95939086295
5800.699300699301,44187.817258883246
5800.699300699301,44111.67512690355
5800.699300699301,44035.53299492386
5800.699300699301,43959.390862944165
5805.944055944056,44644.67005076142
5805.944055944056,44568.52791878173
5805.944055944056,44492.38578680203
5805.944055944056,44416.243654822334
5805.944055944056,44340.10152284264
5805.944055944056,44263.95939086295
5805.944055944056,44187.817258883246
5805.944055944056,44111.67512690355
5805.944055944056,44035.53299492386
5805.944055944056,43959.390862944165
5805.944055944056,43883.248730964464
5811.188811188811,44568.52791878173
5811.188811188811,44492.38578680203
5811.188811188811,44416.243654822334
5811.188811188811,44340.10152284264
5811.188811188811,44263.95939086295
5811.188811188811,44187.817258883246
5811.188811188811,44111.67512690355
5811.188811188811,44035.53299492386
5811.188811188811,43959.390862944165
5811.188811188811,43883.248730964464
5811.188811188811,43807.10659898477
5816.433566433567,44340.10152284264
5816.433566433567,44263.95939086295
5816.433566433567,44187.817258883246
5816.433566433567,44111.67512690355
5816.433566433567,44035.53299492386
5816.433566433567,43959.390862944165
5816.433566433567,43883.248730964464
5816.433566433567,43807.10659898477
5816.433566433567,43730.96446700508
5816.433566433567,43654.82233502538
5821.6783216783215,44263.95939086295
5821.6783216783215,44187.817258883246
5821.6783216783215,44111.67512690355
5821.6783216783215,44035.53299492386
5821.6783216783215,43959.390862944165
5821.6783216783215,43883.248730964464
5821.6783216783215,43807.10659898477
5821.6783216783215,43730.96446700508
5821.6783216783215,43654.82233502538
5821.6783216783215,43578.68020304568
5821.6783216783215,43502.53807106599
5826.923076923077,44187.817258883246
5826.923076923077,44111.67512690355
5826.923076923077,44035.53299492386
5826.923076923077,43959.390862944165
5826.923076923077,43883.248730964464
5826.923076923077,43807.10659898477
5826.923076923077,43730.96446700508
5826.923076923077,43654.82233502538
5826.923076923077,43578.68020304568
5826.923076923077,43502.53807106599
5826.923076923077,43426.395939086295
5832.167832167832,44035.53299492386
5832.167832167832,43959.390862944165
5832.167832167832,43883.248730964464
5832.167832167832,43807.10659898477
5832.167832167832,43730.96446700508
5832.167832167832,43654.82233502538
5832.167832167832,43578.68020304568
5832.167832167832,43502.53807106599
5832.167832167832,43426.395939086295
5832.167832167832,43350.2538071066
5837.4125874125875,43883.248730964464
5837.4125874125875,43807.10659898477
5837.4125874125875,43730.96446700508
5837.4125874125875,43654.82233502538
5837.4125874125875,43578.68020304568
5837.4125874125875,43502.53807106599
5837.4125874125875,43426.395939086295
5837.4125874125875,43350.2538071066
5837.4125874125875,43274.1116751269
5842.657342657342,43807.10659898477
5842.657342657342,43730.96446700508
5842.657342657342,43654.82233502538
5842.657342657342,43578.68020304568
5842.657342657342,43502.53807106599
5842.657342657342,43426.395939086295
5842.657342657342,43350.2538071066
5842.657342657342,43274.1116751269
5842.657342657342,43197.96954314721
5842.657342657342,43121.82741116751
5847.902097902098,43730.96446700508
5847.902097902098,43654.82233502538
5847.902097902098,43578.68020304568
5847.902097902098,43502.53807106599
5847.902097902098,43426.395939086295
5847.902097902098,43350.2538071066
5847.902097902098,43274.1116751269
5847.902097902098,43197.96954314721
5847.902097902098,43121.82741116751
5847.902097902098,43045.68527918782
5853.146853146854,43578.68020304568
5853.146853146854,43502.53807106599
5853.146853146854,43426.395939086295
5853.146853146854,43350.2538071066
5853.146853146854,43274.1116751269
5853.146853146854,43197.96954314721
5853.146853146854,43121.82741116751
5853.146853146854,43045.68527918782
5853.146853146854,42969.543147208125
5858.391608391608,43578.68020304568
5858.391608391608,43502.53807106599
5858.391608391608,43426.395939086295
5858.391608391608,43350.2538071066
5858.391608391608,43274.1116751269
5858.391608391608,43197.96954314721
5858.391608391608,43121.82741116751
5858.391608391608,43045.68527918782
5858.391608391608,42969.543147208125
5858.391608391608,42893.401015228425
5863.636363636364,43350.2538071066
5863.636363636364,43274.1116751269
5863.636363636364,43197.96954314721
5863.636363636364,43121.82741116751
5863.636363636364,43045.68527918782
5863.636363636364,42969.543147208125
5863.636363636364,42893.401015228425
5863.636363636364,42817.25888324873
5863.636363636364,42741.11675126904
5868.881118881119,43274.1116751269
5868.881118881119,43197.96954314721
5868.881118881119,43121.82741116751
5868.881118881119,43045.68527918782
5868.881118881119,42969.543147208125
5868.881118881119,42893.401015228425
5868.881118881119,42817.25888324873
5868.881118881119,42741.11675126904
5868.881118881119,42664.974619289336
5874.125874125874,43197.96954314721
5874.125874125874,43121.82741116751
5874.125874125874,43045.68527918782
5874.125874125874,42969.543147208125
5874.125874125874,42893.401015228425
5874.125874125874,42817.25888324873
5874.125874125874,42741.11675126904
5874.125874125874,42664.974619289336
5874.125874125874,42588.83248730964
5879.370629370629,43121.82741116751
5879.370629370629,43045.68527918782
5879.370629370629,42969.543147208125
5879.370629370629,42893.401015228425
5879.370629370629,42817.25888324873
5879.370629370629,42741.11675126904
5879.370629370629,42664.974619289336
5879.370629370629,42588.83248730964
5879.370629370629,42512.69035532995
5879.370629370629,42436.548223350255
5879.370629370629,42360.40609137056
5884.615384615385,42969.543147208125
5884.615384615385,42893.401015228425
5884.615384615385,42817.25888324873
5884.615384615385,42741.11675126904
5884.615384615385,42664.974619289336
5884.615384615385,42588.83248730964
5884.615384615385,42512.69035532995
5884.615384615385,42436.548223350255
5884.615384615385,42360.40609137056
5884.615384615385,42284.26395939087
5884.615384615385,42208.12182741117
5889.8601398601395,42817.25888324873
5889.8601398601395,42741.11675126904
5889.8601398601395,42664.974619289336
5889.8601398601395,42588.83248730964
5889.8601398601395,42512.69035532995
5889.8601398601395,42436.548223350255
5889.8601398601395,42360.40609137056
5889.8601398601395,42284.26395939087
5889.8601398601395,42208.12182741117
5889.8601398601395,42131.97969543147
5889.8601398601395,42055.83756345177
5895.104895104895,42664.974619289336
5895.104895104895,42588.83248730964
5895.104895104895,42512.69035532995
5895.104895104895,42436.548223350255
5895.104895104895,42360.40609137056
5895.104895104895,42284.26395939087
5895.104895104895,42208.12182741117
5895.104895104895,42131.97969543147
5895.104895104895,42055.83756345177
5900.349650349651,42512.69035532995
5900.349650349651,42436.548223350255
5900.349650349651,42360.40609137056
5900.349650349651,42284.26395939087
5900.349650349651,42208.12182741117
5900.349650349651,42131.97969543147
5900.349650349651,42055.83756345177
5900.349650349651,41979.69543147208
5905.5944055944055,42436.548223350255
5905.5944055944055,42360.40609137056
5905.5944055944055,42284.26395939087
5905.5944055944055,42208.12182741117
5905.5944055944055,42131.97969543147
5905.5944055944055,42055.83756345177
5905.5944055944055,41979.69543147208
5910.839160839161,42360.40609137056
5910.839160839161,42284.26395939087
5910.839160839161,42208.12182741117
5910.839160839161,42131.97969543147
5910.839160839161,42055.83756345177
5910.839160839161,41979.69543147208
5910.839160839161,41903.553299492385
5910.839160839161,41827.41116751269
5916.083916083916,42360.40609137056
5916.083916083916,42284.26395939087
5916.083916083916,42208.12182741117
5916.083916083916,42131.97969543147
5916.083916083916,42055.83756345177
5916.083916083916,41979.69543147208
5916.083916083916,41903.553299492385
5916.083916083916,41827.41116751269
5916.083916083916,41751.269035533
5916.083916083916,41675.126903553304
5916.083916083916,41598.9847715736
5921.328671328672,42360.40609137056
5921.328671328672,42284.26395939087
5921.328671328672,42208.12182741117
5921.328671328672,42131.97969543147
5921.328671328672,42055.83756345177
5921.328671328672,41979.69543147208
5921.328671328672,41903.553299492385
5921.328671328672,41827.41116751269
5921.328671328672,41751.269035533
5921.328671328672,41675.126903553304
5921.328671328672,41598.9847715736
5926.573426573426,42131.97969543147
5926.573426573426,42055.83756345177
5926.573426573426,41979.69543147208
5926.573426573426,41903.553299492385
5926.573426573426,41827.41116751269
5926.573426573426,41751.269035533
5926.573426573426,41675.126903553304
5926.573426573426,41598.9847715736
5926.573426573426,41522.84263959391
5931.818181818182,42055.83756345177
5931.818181818182,41979.69543147208
5931.818181818182,41903.553299492385
5931.818181818182,41827.41116751269
5931.818181818182,41751.269035533
5931.818181818182,41675.126903553304
5931.818181818182,41598.9847715736
5931.818181818182,41522.84263959391
5931.818181818182,41446.70050761421
5931.818181818182,41370.558375634515
5937.062937062937,41903.553299492385
5937.062937062937,41827.41116751269
5937.062937062937,41751.269035533
5937.062937062937,41675.126903553304
5937.062937062937,41598.9847715736
5937.062937062937,41522.84263959391
5937.062937062937,41446.70050761421
5937.062937062937,41370.558375634515
5937.062937062937,41294.41624365482
5937.062937062937,41218.27411167513
5942.307692307692,41827.41116751269
5942.307692307692,41751.269035533
5942.307692307692,41675.126903553304
5942.307692307692,41598.9847715736
5942.307692307692,41522.84263959391
5942.307692307692,41446.70050761421
5942.307692307692,41370.558375634515
5942.307692307692,41294.41624365482
5942.307692307692,41218.27411167513
5942.307692307692,41142.131979695434
5942.307692307692,41065.98984771574
5942.307692307692,40989.84771573604
5942.307692307692,40913.705583756346
5947.552447552447,41675.126903553304
5947.552447552447,41598.9847715736
5947.552447552447,41522.84263959391
5947.552447552447,41446.70050761421
5947.552447552447,41370.558375634515
5947.552447552447,41294.41624365482
5947.552447552447,41218.27411167513
5947.552447552447,41142.131979695434
5947.552447552447,41065.98984771574
5947.552447552447,40989.84771573604
5947.552447552447,40913.705583756346
5947.552447552447,40837.563451776645
5947.552447552447,40761.42131979695
5952.797202797203,41598.9847715736
5952.797202797203,41522.84263959391
5952.797202797203,41446.70050761421
5952.797202797203,41370.558375634515
5952.797202797203,41294.41624365482
5952.797202797203,41218.27411167513
5952.797202797203,41142.131979695434
5952.797202797203,41065.98984771574
5952.797202797203,40989.84771573604
5952.797202797203,40913.705583756346
5952.797202797203,40837.563451776645
5952.797202797203,40761.42131979695
5952.797202797203,40685.27918781726
5958.041958041958,41370.558375634515
5958.041958041958,41294.41624365482
5958.041958041958,41218.27411167513
5958.041958041958,41142.131979695434
5958.041958041958,41065.98984771574
5958.041958041958,40989.84771573604
5958.041958041958,40913.705583756346
5958.041958041958,40837.563451776645
5958.041958041958,40761.42131979695
5958.041958041958,40685.27918781726
5958.041958041958,40609.137055837564
5963.286713286713,41142.131979695434
5963.286713286713,41065.98984771574
5963.286713286713,40989.84771573604
5963.286713286713,40913.705583756346
5963.286713286713,40837.563451776645
5963.286713286713,40761.42131979695
5963.286713286713,40685.27918781726
5963.286713286713,40609.137055837564
5968.531468531469,41065.98984771574
5968.531468531469,40989.84771573604
5968.531468531469,40913.705583756346
5968.531468531469,40837.563451776645
5968.531468531469,40761.42131979695
5968.531468531469,40685.27918781726
5968.531468531469,40609.137055837564
5968.531468531469,40532.99492385787
5968.531468531469,40456.85279187818
5968.531468531469,40380.710659898476
5973.776223776224,41065.98984771574
5973.776223776224,40989.84771573604
5973.776223776224,40913.705583756346
5973.776223776224,40837.563451776645
5973.776223776224,40761.42131979695
5973.776223776224,40685.27918781726
5973.776223776224,40609.137055837564
5973.776223776224,40532.99492385787
5973.776223776224,40456.85279187818
5973.776223776224,40380.710659898476
5979.020979020979,40989.84771573604
5979.020979020979,40913.705583756346
5979.020979020979,40837.563451776645
5979.020979020979,40761.42131979695
5979.020979020979,40685.27918781726
5979.020979020979,40609.137055837564
5979.020979020979,40532.99492385787
5979.020979020979,40456.85279187818
5979.020979020979,40380.710659898476
5979.020979020979,40304.56852791878
5984.265734265734,40761.42131979695
5984.265734265734,40685.27918781726
5984.265734265734,40609.137055837564
5984.265734265734,40532.99492385787
5984.265734265734,40456.85279187818
5984.265734265734,40380.710659898476
5984.265734265734,40304.56852791878
5984.265734265734,40228.42639593908
5984.265734265734,40152.28426395939
5984.265734265734,40076.142131979694
5989.51048951049,40685.27918781726
5989.51048951049,40609.137055837564
5989.51048951049,40532.99492385787
5989.51048951049,40456.85279187818
5989.51048951049,40380.710659898476
5989.51048951049,40304.56852791878
5989.51048951049,40228.42639593908
5989.51048951049,40152.28426395939
5989.51048951049,40076.142131979694
5989.51048951049,40000.0
5989.51048951049,39923.857868020306
5994.755244755244,40609.137055837564
5994.755244755244,40532.99492385787
5994.755244755244,40456.85279187818
5994.755244755244,40380.710659898476
5994.755244755244,40304.56852791878
5994.755244755244,40228.42639593908
5994.755244755244,40152.28426395939
5994.755244755244,40076.142131979694
5994.755244755244,40000.0
5994.755244755244,39923.857868020306
5994.755244755244,39847.71573604061
5994.755244755244,39771.57360406092
6000.0,40456.85279187818
6000.0,40380.710659898476
6000.0,40304.56852791878
6000.0,40228.42639593908
6000.0,40152.28426395939
6000.0,40076.142131979694
6000.0,40000.0
6000.0,39923.857868020306
6000.0,39847.71573604061
6000.0,39771.57360406092
6000.0,39695.43147208122
6000.0,39619.289340101524
6005.244755244756,40228.42639593908
6005.244755244756,40152.28426395939
6005.244755244756,40076.142131979694
6005.244755244756,40000.0
6005.244755244756,39923.857868020306
6005.244755244756,39847.71573604061
6005.244755244756,39771.57360406092
6005.244755244756,39695.43147208122
6005.244755244756,39619.289340101524
6005.244755244756,39543.14720812182
6005.244755244756,39467.00507614213
6005.244755244756,39390.862944162436
6010.48951048951,40228.42639593908
6010.48951048951,40152.28426395939
6010.48951048951,40076.142131979694
6010.48951048951,40000.0
6010.48951048951,39923.857868020306
6010.48951048951,39847.71573604061
6010.48951048951,39771.57360406092
6010.48951048951,39695.43147208122
6010.48951048951,39619.289340101524
6010.48951048951,39543.14720812182
6010.48951048951,39467.00507614213
6010.48951048951,39390.862944162436
6015.734265734266,40152.28426395939
6015.734265734266,40076.142131979694
6015.734265734266,40000.0
6015.734265734266,39923.857868020306
6015.734265734266,39847.71573604061
6015.734265734266,39771.57360406092
6015.734265734266,39695.43147208122
6015.734265734266,39619.289340101524
6015.734265734266,39543.14720812182
6015.734265734266,39467.00507614213
6015.734265734266,39390.862944162436
6015.734265734266,39314.72081218274
6020.979020979021,40000.0
6020.979020979021,39923.857868020306
6020.979020979021,39847.71573604061
6020.979020979021,39771.57360406092
6020.979020979021,39695.43147208122
6020.979020979021,39619.289340101524
6020.979020979021,39543.14720812182
6020.979020979021,39467.00507614213
6020.979020979021,39390.862944162436
6020.979020979021,39314.72081218274
6020.979020979021,39238.57868020305
6026.223776223776,39771.57360406092
6026.223776223776,39695.43147208122
6026.223776223776,39619.289340101524
6026.223776223776,39543.14720812182
6026.223776223776,39467.00507614213
6026.223776223776,39390.862944162436
6026.223776223776,39314.72081218274
6026.223776223776,39238.57868020305
6026.223776223776,39162.436548223355
6026.223776223776,39086.294416243654
6031.468531468531,39695.43147208122
6031.468531468531,39619.289340101524
6031.468531468531,39543.14720812182
6031.468531468531,39467.00507614213
6031.468531468531,39390.862944162436
6031.468531468531,39314.72081218274
6031.468531468531,39238.57868020305
6031.468531468531,39162.436548223355
6031.468531468531,39086.294416243654
6031.468531468531,39010.15228426396
6031.468531468531,38934.01015228426
6036.713286713287,39619.289340101524
6036.713286713287,39543.14720812182
6036.713286713287,39467.00507614213
6036.713286713287,39390.862944162436
6036.713286713287,39314.72081218274
6036.713286713287,39238.57868020305
6036.713286713287,39162.436548223355
6036.713286713287,39086.294416243654
6036.713286713287,39010.15228426396
6036.713286713287,38934.01015228426
6036.713286713287,38857.868020304566
6041.958041958042,39543.14720812182
6041.958041958042,39467.00507614213
6041.958041958042,39390.862944162436
6041.958041958042,39314.72081218274
6041.958041958042,39238.57868020305
6041.958041958042,39162.436548223355
6041.958041958042,39086.294416243654
6041.958041958042,39010.15228426396
6041.958041958042,38934.01015228426
6041.958041958042,38857.868020304566
6041.958041958042,38781.72588832487
6041.958041958042,38705.58375634518
6041.958041958042,38629.441624365485
6047.202797202797,39162.436548223355
6047.202797202797,39086.294416243654
6047.202797202797,39010.15228426396
6047.202797202797,38934.01015228426
6047.202797202797,38857.868020304566
6047.202797202797,38781.72588832487
6047.202797202797,38705.58375634518
6047.202797202797,38629.441624365485
6047.202797202797,38553.29949238579
6052.447552447553,39086.294416243654
6052.447552447553,39010.15228426396
6052.447552447553,38934.01015228426
6052.447552447553,38857.868020304566
6052.447552447553,38781.72588832487
6052.447552447553,38705.58375634518
6052.447552447553,38629.441624365485
6052.447552447553,38553.29949238579
6052.447552447553,38477.15736040609
6057.692307692308,38934.01015228426
6057.692307692308,38857.868020304566
6057.692307692308,38781.72588832487
6057.692307692308,38705.58375634518
6057.692307692308,38629.441624365485
6057.692307692308,38553.29949238579
6057.692307692308,38477.15736040609
6057.692307692308,38401.0152284264
6057.692307692308,38324.873096446696
6062.937062937063,38781.72588832487
6062.937062937063,38705.58375634518
6062.937062937063,38629.441624365485
6062.937062937063,38553.29949238579
6062.937062937063,38477.15736040609
6062.937062937063,38401.0152284264
6062.937062937063,38324.873096446696
6062.937062937063,38248.730964467
6062.937062937063,38172.58883248731
6068.181818181818,38705.58375634518
6068.181818181818,38629.441624365485
6068.181818181818,38553.29949238579
6068.181818181818,38477.15736040609
6068.181818181818,38401.0152284264
6068.181818181818,38324.873096446696
6068.181818181818,38248.730964467
6068.181818181818,38172.58883248731
6068.181818181818,38096.446700507615
6068.181818181818,38020.30456852792
6073.426573426574,38629.441624365485
6073.426573426574,38553.29949238579
6073.426573426574,38477.15736040609
6073.426573426574,38401.0152284264
6073.426573426574,38324.873096446696
6073.426573426574,38248.730964467
6073.426573426574,38172.58883248731
6073.426573426574,38096.446700507615
6073.426573426574,38020.30456852792
6073.426573426574,37944.16243654823
6073.426573426574,37868.02030456853
6078.671328671328,38401.0152284264
6078.671328671328,38324.873096446696
6078.671328671328,38248.730964467
6078.671328671328,38172.58883248731
6078.671328671328,38096.446700507615
6078.671328671328,38020.30456852792
6078.671328671328,37944.16243654823
6078.671328671328,37868.02030456853
6078.671328671328,37791.87817258883
6083.916083916084,38324.873096446696
6083.916083916084,38248.730964467
6083.916083916084,38172.58883248731
6083.916083916084,38096.446700507615
6083.916083916084,38020.30456852792
6083.916083916084,37944.16243654823
6083.916083916084,37868.02030456853
6083.916083916084,37791.87817258883
6083.916083916084,37715.73604060913
6083.916083916084,37639.59390862944
6083.916083916084,37563.451776649745
6089.160839160839,38172.58883248731
6089.160839160839,38096.446700507615
6089.160839160839,38020.30456852792
6089.160839160839,37944.16243654823
6089.160839160839,37868.02030456853
6089.160839160839,37791.87817258883
6089.160839160839,37715.73604060913
6089.160839160839,37639.59390862944
6089.160839160839,37563.451776649745
6089.160839160839,37487.30964467005
6089.160839160839,37411.16751269036
6094.4055944055945,38020.30456852792
6094.4055944055945,37944.16243654823
6094.4055944055945,37868.02030456853
6094.4055944055945,37791.87817258883
6094.4055944055945,37715.73604060913
6094.4055944055945,37639.59390862944
6094.4055944055945,37563.451776649745
6094.4055944055945,37487.30964467005
6094.4055944055945,37411.16751269036
6099.650349650349,37868.02030456853
6099.650349650349,37791.87817258883
6099.650349650349,37715.73604060913
6099.650349650349,37639.59390862944
6099.650349650349,37563.451776649745
6099.650349650349,37487.30964467005
6099.650349650349,37411.16751269036
6099.650349650349,37335.025380710664
6099.650349650349,37258.88324873096
6099.650349650349,37182.74111675127
6099.650349650349,37106.59898477157
6104.895104895105,37715.73604060913
6104.895104895105,37639.59390862944
6104.895104895105,37563.451776649745
6104.895104895105,37487.30964467005
6104.895104895105,37411.16751269036
6104.895104895105,37335.025380710664
6104.895104895105,37258.88324873096
6104.895104895105,37182.74111675127
6104.895104895105,37106.59898477157
6104.895104895105,37030.456852791875
6104.895104895105,36954.31472081218
6104.895104895105,36878.17258883249
6104.895104895105,36802.03045685279
6110.1398601398605,37639.59390862944
6110.1398601398605,37563.451776649745
6110.1398601398605,37487.30964467005
6110.1398601398605,37411.16751269036
6110.1398601398605,37335.025380710664
6110.1398601398605,37258.88324873096
6110.1398601398605,37182.74111675127
6110.1398601398605,37106.59898477157
6110.1398601398605,37030.456852791875
6110.1398601398605,36954.31472081218
6110.1398601398605,36878.17258883249
6110.1398601398605,36802.03045685279
6115.384615384615,37563.451776649745
6115.384615384615,37487.30964467005
6115.384615384615,37411.16751269036
6115.384615384615,37335.025380710664
6115.384615384615,37258.88324873096
6115.384615384615,37182.74111675127
6115.384615384615,37106.59898477157
6115.384615384615,37030.456852791875
6115.384615384615,36954.31472081218
6115.384615384615,36878.17258883249
6115.384615384615,36802.03045685279
6115.384615384615,36725.8883248731
6120.629370629371,37182.74111675127
6120.629370629371,37106.59898477157
6120.629370629371,37030.456852791875
6120.629370629371,36954.31472081218
6120.629370629371,36878.17258883249
6120.629370629371,36802.03045685279
6120.629370629371,36725.8883248731
6120.629370629371,36649.746192893406
6120.629370629371,36573.604060913705
6125.874125874126,37106.59898477157
6125.874125874126,37030.456852791875
6125.874125874126,36954.31472081218
6125.874125874126,36878.17258883249
6125.874125874126,36802.03045685279
6125.874125874126,36725.8883248731
6125.874125874126,36649.746192893406
6125.874125874126,36573.604060913705
6125.874125874126,36497.46192893401
6125.874125874126,36421.31979695431
6131.118881118881,37030.456852791875
6131.118881118881,36954.31472081218
6131.118881118881,36878.17258883249
6131.118881118881,36802.03045685279
6131.118881118881,36725.8883248731
6131.118881118881,36649.746192893406
6131.118881118881,36573.604060913705
6131.118881118881,36497.46192893401
6131.118881118881,36421.31979695431
6131.118881118881,36345.17766497462
6131.118881118881,36269.03553299492
6136.363636363636,36802.03045685279
6136.363636363636,36725.8883248731
6136.363636363636,36649.746192893406
6136.363636363636,36573.604060913705
6136.363636363636,36497.46192893401
6136.363636363636,36421.31979695431
6136.363636363636,36345.17766497462
6136.363636363636,36269.03553299492
6136.363636363636,36192.89340101523
6136.363636363636,36116.751269035536
6136.363636363636,36040.60913705584
6136.363636363636,35964.46700507614
6141.608391608392,36649.746192893406
6141.608391608392,36573.604060913705
6141.608391608392,36497.46192893401
6141.608391608392,36421.31979695431
6141.608391608392,36345.17766497462
6141.608391608392,36269.03553299492
6141.608391608392,36192.89340101523
6141.608391608392,36116.751269035536
6141.608391608392,36040.60913705584
6141.608391608392,35964.46700507614
6141.608391608392,35888.32487309645
6146.853146853146,36497.46192893401
6146.853146853146,36421.31979695431
6146.853146853146,36345.17766497462
6146.853146853146,36269.03553299492
6146.853146853146,36192.89340101523
6146.853146853146,36116.751269035536
6146.853146853146,36040.60913705584
6146.853146853146,35964.46700507614
6146.853146853146,35888.32487309645
6146.853146853146,35812.18274111675
6152.097902097902,36345.17766497462
6152.097902097902,36269.03553299492
6152.097902097902,36192.89340101523
6152.097902097902,36116.751269035536
6152.097902097902,36040.60913705584
6152.097902097902,35964.46700507614
6152.097902097902,35888.32487309645
6152.097902097902,35812.18274111675
6152.097902097902,35736.04060913705
6152.097902097902,35659.89847715736
6152.097902097902,35583.756345177666
6157.342657342658,36269.03553299492
6157.342657342658,36192.89340101523
6157.342657342658,36116.751269035536
6157.342657342658,36040.60913705584
6157.342657342658,35964.46700507614
6157.342657342658,35888.32487309645
6157.342657342658,35812.18274111675
6157.342657342658,35736.04060913705
6157.342657342658,35659.89847715736
6157.342657342658,35583.756345177666
6157.342657342658,35507.61421319797
6157.342657342658,35431.47208121828
6162.5874125874125,36192.89340101523
6162.5874125874125,36116.751269035536
6162.5874125874125,36040.60913705584
6162.5874125874125,35964.46700507614
6162.5874125874125,35888.32487309645
6162.5874125874125,35812.18274111675
6162.5874125874125,35736.04060913705
6162.5874125874125,35659.89847715736
6162.5874125874125,35583.756345177666
6162.5874125874125,35507.61421319797
6162.5874125874125,35431.47208121828
6162.5874125874125,35355.32994923858
6162.5874125874125,35279.187817258884
6167.832167832168,35888.32487309645
6167.832167832168,35812.18274111675
6167.832167832168,35736.04060913705
6167.832167832168,35659.89847715736
6167.832167832168,35583.756345177666
6167.832167832168,35507.61421319797
6167.832167832168,35431.47208121828
6167.832167832168,35355.32994923858
6167.832167832168,35279.187817258884
6167.832167832168,35203.04568527918
6173.076923076923,35736.04060913705
6173.076923076923,35659.89847715736
6173.076923076923,35583.756345177666
6173.076923076923,35507.61421319797
6173.076923076923,35431.47208121828
6173.076923076923,35355.32994923858
6173.076923076923,35279.187817258884
6173.076923076923,35203.04568527918
6173.076923076923,35126.90355329949
6173.076923076923,35050.761421319796
6178.3216783216785,35507.61421319797
6178.3216783216785,35431.47208121828
6178.3216783216785,35355.32994923858
6178.3216783216785,35279.187817258884
6178.3216783216785,35203.04568527918
6178.3216783216785,35126.90355329949
6178.3216783216785,35050.761421319796
6178.3216783216785,34974.6192893401
6183.566433566433,35431.47208121828
6183.566433566433,35355.32994923858
6183.566433566433,35279.187817258884
6183.566433566433,35203.04568527918
6183.566433566433,35126.90355329949
6183.566433566433,35050.761421319796
6183.566433566433,34974.6192893401
6183.566433566433,34898.47715736041
6183.566433566433,34822.335025380715
6183.566433566433,34746.192893401014
6188.811188811189,35279.187817258884
6188.811188811189,35203.04568527918
6188.811188811189,35126.90355329949
6188.811188811189,35050.761421319796
6188.811188811189,34974.6192893401
6188.811188811189,34898.47715736041
6188.811188811189,34822.335025380715
6188.811188811189,34746.192893401014
6188.811188811189,34670.05076142132
6188.811188811189,34593.90862944162
6188.811188811189,34517.766497461926
6188.811188811189,34441.62436548223
6194.055944055944,35126.90355329949
6194.055944055944,35050.761421319796
6194.055944055944,34974.6192893401
6194.055944055944,34898.47715736041
6194.055944055944,34822.335025380715
6194.055944055944,34746.192893401014
6194.055944055944,34670.05076142132
6194.055944055944,34593.90862944162
6194.055944055944,34517.766497461926
6194.055944055944,34441.62436548223
6194.055944055944,34365.48223350254
6199.300699300699,35050.761421319796
6199.300699300699,34974.6192893401
6199.300699300699,34898.47715736041
6199.300699300699,34822.335025380715
6199.300699300699,34746.192893401014
6199.300699300699,34670.05076142132
6199.300699300699,34593.90862944162
6199.300699300699,34517.766497461926
6199.300699300699,34441.62436548223
6199.300699300699,34365.48223350254
6199.300699300699,34289.340101522845
6199.300699300699,34213.19796954315
6199.300699300699,34137.05583756345
6204.545454545455,34746.192893401014
6204.545454545455,34670.05076142132
6204.545454545455,34593.90862944162
6204.545454545455,34517.766497461926
6204.545454545455,34441.62436548223
6204.545454545455,34365.48223350254
6204.545454545455,34289.340101522845
6204.545454545455,34213.19796954315
6204.545454545455,34137.05583756345
6204.545454545455,34060.91370558376
6204.545454545455,33984.77157360406
6204.545454545455,33908.62944162436
6209.79020979021,34670.05076142132
6209.79020979021,34593.90862944162
6209.79020979021,34517.766497461926
6209.79020979021,34441.62436548223
6209.79020979021,34365.48223350254
6209.79020979021,34289.340101522845
6209.79020979021,34213.19796954315
6209.79020979021,34137.05583756345
6209.79020979021,34060.91370558376
6209.79020979021,33984.77157360406
6209.79020979021,33908.62944162436
6209.79020979021,33832.48730964467
6215.034965034965,34593.90862944162
6215.034965034965,34517.766497461926
6215.034965034965,34441.62436548223
6215.034965034965,34365.48223350254
6215.034965034965,34289.340101522845
6215.034965034965,34213.19796954315
6215.034965034965,34137.05583756345
6215.034965034965,34060.91370558376
6215.034965034965,33984.77157360406
6215.034965034965,33908.62944162436
6215.034965034965,33832.48730964467
6215.034965034965,33756.345177664974
6220.27972027972,34289.340101522845
6220.27972027972,34213.19796954315
6220.27972027972,34137.05583756345
6220.27972027972,34060.91370558376
6220.27972027972,33984.77157360406
6220.27972027972,33908.62944162436
6220.27972027972,33832.48730964467
6220.27972027972,33756.345177664974
6220.27972027972,33680.20304568528
6220.27972027972,33604.06091370559
6225.524475524476,34213.19796954315
6225.524475524476,34137.05583756345
6225.524475524476,34060.91370558376
6225.524475524476,33984.77157360406
6225.524475524476,33908.62944162436
6225.524475524476,33832.48730964467
6225.524475524476,33756.345177664974
6225.524475524476,33680.20304568528
6225.524475524476,33604.06091370559
6225.524475524476,33527.91878172589
6225.524475524476,33451.77664974619
6230.7692307692305,34137.05583756345
6230.7692307692305,34060.91370558376
6230.7692307692305,33984.77157360406
6230.7692307692305,33908.62944162436
6230.7692307692305,33832.48730964467
6230.7692307692305,33756.345177664974
6230.7692307692305,33680.20304568528
6230.7692307692305,33604.06091370559
6230.7692307692305,33527.91878172589
6230.7692307692305,33451.77664974619
6230.7692307692305,33375.6345177665
6230.7692307692305,33299.4923857868
6230.7692307692305,33223.350253807104
6236.013986013986,33832.48730964467
6236.013986013986,33756.345177664974
6236.013986013986,33680.20304568528
6236.013986013986,33604.06091370559
6236.013986013986,33527.91878172589
6236.013986013986,33451.77664974619
6236.013986013986,33375.6345177665
6236.013986013986,33299.4923857868
6236.013986013986,33223.350253807104
6236.013986013986,33147.20812182741
6241.258741258741,33832.48730964467
6241.258741258741,33756.345177664974
6241.258741258741,33680.20304568528
6241.258741258741,33604.06091370559
6241.258741258741,33527.91878172589
6241.258741258741,33451.77664974619
6241.258741258741,33375.6345177665
6241.258741258741,33299.4923857868
6241.258741258741,33223.350253807104
6241.258741258741,33147.20812182741
6241.258741258741,33071.06598984772
6241.258741258741,32994.92385786802
6246.5034965034965,33680.20304568528
6246.5034965034965,33604.06091370559
6246.5034965034965,33527.91878172589
6246.5034965034965,33451.77664974619
6246.5034965034965,33375.6345177665
6246.5034965034965,33299.4923857868
6246.5034965034965,33223.350253807104
6246.5034965034965,33147.20812182741
6246.5034965034965,33071.06598984772
6246.5034965034965,32994.92385786802
6246.5034965034965,32918.78172588833
6251.748251748252,33451.77664974619
6251.748251748252,33375.6345177665
6251.748251748252,33299.4923857868
6251.748251748252,33223.350253807104
6251.748251748252,33147.20812182741
6251.748251748252,33071.06598984772
6251.748251748252,32994.92385786802
6251.748251748252,32918.78172588833
6251.748251748252,32842.63959390863
6256.993006993007,33299.4923857868
6256.993006993007,33223.350253807104
6256.993006993007,33147.20812182741
6256.993006993007,33071.06598984772
6256.993006993007,32994.92385786802
6256.993006993007,32918.78172588833
6256.993006993007,32842.63959390863
6256.993006993007,32766.497461928935
6256.993006993007,32690.355329949238
6256.993006993007,32614.213197969544
6262.237762237763,33147.20812182741
6262.237762237763,33071.06598984772
6262.237762237763,32994.92385786802
6262.237762237763,32918.78172588833
6262.237762237763,32842.63959390863
6262.237762237763,32766.497461928935
6262.237762237763,32690.355329949238
6262.237762237763,32614.213197969544
6262.237762237763,32538.071065989847
6262.237762237763,32461.928934010153
6262.237762237763,32385.786802030456
6262.237762237763,32309.644670050762
6267.482517482517,33071.06598984772
6267.482517482517,32994.92385786802
6267.482517482517,32918.78172588833
6267.482517482517,32842.63959390863
6267.482517482517,32766.497461928935
6267.482517482517,32690.355329949238
6267.482517482517,32614.213197969544
6267.482517482517,32538.071065989847
6267.482517482517,32461.928934010153
6267.482517482517,32385.786802030456
6267.482517482517,32309.644670050762
6267.482517482517,32233.502538071065
6272.727272727273,32842.63959390863
6272.727272727273,32766.497461928935
6272.727272727273,32690.355329949238
6272.727272727273,32614.213197969544
6272.727272727273,32538.071065989847
6272.727272727273,32461.928934010153
6272.727272727273,32385.786802030456
6272.727272727273,32309.644670050762
6272.727272727273,32233.502538071065
6272.727272727273,32157.36040609137
6272.727272727273,32081.218274111674
6277.972027972028,32614.213197969544
6277.972027972028,32538.071065989847
6277.972027972028,32461.928934010153
6277.972027972028,32385.786802030456
6277.972027972028,32309.644670050762
6277.972027972028,32233.502538071065
6277.972027972028,32157.36040609137
6277.972027972028,32081.218274111674
6277.972027972028,32005.07614213198
6277.972027972028,31928.934010152283
6283.216783216783,32461.928934010153
6283.216783216783,32385.786802030456
6283.216783216783,32309.644670050762
6283.216783216783,32233.502538071065
6283.216783216783,32157.36040609137
6283.216783216783,32081.218274111674
6283.216783216783,32005.07614213198
6283.216783216783,31928.934010152283
6283.216783216783,31852.79187817259
6283.216783216783,31776.649746192892
6288.461538461538,32385.786802030456
6288.461538461538,32309.644670050762
6288.461538461538,32233.502538071065
6288.461538461538,32157.36040609137
6288.461538461538,32081.218274111674
6288.461538461538,32005.07614213198
6288.461538461538,31928.934010152283
6288.461538461538,31852.79187817259
6288.461538461538,31776.649746192892
6288.461538461538,31700.5076142132
6288.461538461538,31624.3654822335
6293.706293706294,32157.36040609137
6293.706293706294,32081.218274111674
6293.706293706294,32005.07614213198
6293.706293706294,31928.934010152283
6293.706293706294,31852.79187817259
6293.706293706294,31776.649746192892
6293.706293706294,31700.5076142132
6293.706293706294,31624.3654822335
6293.706293706294,31548.223350253807
6298.9510489510485,32081.218274111674
6298.9510489510485,32005.07614213198
6298.9510489510485,31928.934010152283
6298.9510489510485,31852.79187817259
6298.9510489510485,31776.649746192892
6298.9510489510485,31700.5076142132
6298.9510489510485,31624.3654822335
6298.9510489510485,31548.223350253807
6298.9510489510485,31472.08121827411
6298.9510489510485,31395.939086294416
6298.9510489510485,31319.79695431472
6304.195804195804,31852.79187817259
6304.195804195804,31776.649746192892
6304.195804195804,31700.5076142132
6304.195804195804,31624.3654822335
6304.195804195804,31548.223350253807
6304.195804195804,31472.08121827411
6304.195804195804,31395.939086294416
6304.195804195804,31319.79695431472
6304.195804195804,31243.654822335026
6304.195804195804,31167.51269035533
6309.44055944056,31776.649746192892
6309.44055944056,31700.5076142132
6309.44055944056,31624.3654822335
6309.44055944056,31548.223350253807
6309.44055944056,31472.08121827411
6309.44055944056,31395.939086294416
6309.44055944056,31319.79695431472
6309.44055944056,31243.654822335026
6309.44055944056,31167.51269035533
6309.44055944056,31091.370558375635
6309.44055944056,31015.228426395937
6314.685314685315,31624.3654822335
6314.685314685315,31548.223350253807
6314.685314685315,31472.08121827411
6314.685314685315,31395.939086294416
6314.685314685315,31319.79695431472
6314.685314685315,31243.654822335026
6314.685314685315,31167.51269035533
6314.685314685315,31091.370558375635
6314.685314685315,31015.228426395937
6314.685314685315,30939.086294416244
6319.93006993007,31472.08121827411
6319.93006993007,31395.939086294416
6319.93006993007,31319.79695431472
6319.93006993007,31243.654822335026
6319.93006993007,31167.51269035533
6319.93006993007,31091.370558375635
6319.93006993007,31015.228426395937
6319.93006993007,30939.086294416244
6319.93006993007,30862.94416243655
6319.93006993007,30786.802030456853
6319.93006993007,30710.65989847716
6325.174825174825,31319.79695431472
6325.174825174825,31243.654822335026
6325.174825174825,31167.51269035533
6325.174825174825,31091.370558375635
6325.174825174825,31015.228426395937
6325.174825174825,30939.086294416244
6325.174825174825,30862.94416243655
6325.174825174825,30786.802030456853
6325.174825174825,30710.65989847716
6325.174825174825,30634.51776649746
6325.174825174825,30558.375634517768
6325.174825174825,30482.23350253807
6330.419580419581,31091.370558375635
6330.419580419581,31015.228426395937
6330.419580419581,30939.086294416244
6330.419580419581,30862.94416243655
6330.419580419581,30786.802030456853
6330.419580419581,30710.65989847716
6330.419580419581,30634.51776649746
6330.419580419581,30558.375634517768
6330.419580419581,30482.23350253807
6330.419580419581,30406.091370558377
6335.664335664335,31015.228426395937
6335.664335664335,30939.086294416244
6335.664335664335,30862.94416243655
6335.664335664335,30786.802030456853
6335.664335664335,30710.65989847716
6335.664335664335,30634.51776649746
6335.664335664335,30558.375634517768
6335.664335664335,30482.23350253807
6335.664335664335,30406.091370558377
6335.664335664335,30329.94923857868
6340.909090909091,30862.94416243655
6340.909090909091,30786.802030456853
6340.909090909091,30710.65989847716
6340.909090909091,30634.51776649746
6340.909090909091,30558.375634517768
6340.909090909091,30482.23350253807
6340.909090909091,30406.091370558377
6340.909090909091,30329.94923857868
6340.909090909091,30253.807106598986
6340.909090909091,30177.66497461929
6340.909090909091,30101.522842639595
6346.153846153846,30786.802030456853
6346.153846153846,30710.65989847716
6346.153846153846,30634.51776649746
6346.153846153846,30558.375634517768
6346.153846153846,30482.23350253807
6346.153846153846,30406.091370558377
6346.153846153846,30329.94923857868
6346.153846153846,30253.807106598986
6346.153846153846,30177.66497461929
6346.153846153846,30101.522842639595
6346.153846153846,30025.380710659898
6351.398601398601,30710.65989847716
6351.398601398601,30634.51776649746
6351.398601398601,30558.375634517768
6351.398601398601,30482.23350253807
6351.398601398601,30406.091370558377
6351.398601398601,30329.94923857868
6351.398601398601,30253.807106598986
6351.398601398601,30177.66497461929
6351.398601398601,30101.522842639595
6351.398601398601,30025.380710659898
6351.398601398601,29949.238578680204
6351.398601398601,29873.096446700507
6351.398601398601,29796.954314720813
6356.643356643357,30329.94923857868
6356.643356643357,30253.807106598986
6356.643356643357,30177.66497461929
6356.643356643357,30101.522842639595
6356.643356643357,30025.380710659898
6356.643356643357,29949.238578680204
6356.643356643357,29873.096446700507
6356.643356643357,29796.954314720813
6356.643356643357,29720.812182741116
6356.643356643357,29644.670050761422
6361.888111888112,30253.807106598986
6361.888111888112,30177.66497461929
6361.888111888112,30101.522842639595
6361.888111888112,30025.380710659898
6361.888111888112,29949.238578680204
6361.888111888112,29873.096446700507
6361.888111888112,29796.954314720813
6361.888111888112,29720.812182741116
6361.888111888112,29644.670050761422
6361.888111888112,29568.527918781725
6367.132867132867,30101.522842639595
6367.132867132867,30025.380710659898
6367.132867132867,29949.238578680204
6367.132867132867,29873.096446700507
6367.132867132867,29796.954314720813
6367.132867132867,29720.812182741116
6367.132867132867,29644.670050761422
6367.132867132867,29568.527918781725
6367.132867132867,29492.38578680203
6367.132867132867,29416.243654822334
6372.377622377622,30025.380710659898
6372.377622377622,29949.238578680204
6372.377622377622,29873.096446700507
6372.377622377622,29796.954314720813
6372.377622377622,29720.812182741116
6372.377622377622,29644.670050761422
6372.377622377622,29568.527918781725
6372.377622377622,29492.38578680203
6372.377622377622,29416.243654822334
6372.377622377622,29340.10152284264
6377.622377622378,29873.096446700507
6377.622377622378,29796.954314720813
6377.622377622378,29720.812182741116
6377.622377622378,29644.670050761422
6377.622377622378,29568.527918781725
6377.622377622378,29492.38578680203
6377.622377622378,29416.243654822334
6377.622377622378,29340.10152284264
6377.622377622378,29263.959390862943
6382.867132867133,29720.812182741116
6382.867132867133,29644.670050761422
6382.867132867133,29568.527918781725
6382.867132867133,29492.38578680203
6382.867132867133,29416.243654822334
6382.867132867133,29340.10152284264
6382.867132867133,29263.959390862943
6382.867132867133,29187.81725888325
6382.867132867133,29111.675126903552
6382.867132867133,29035.53299492386
6388.111888111888,29568.527918781725
6388.111888111888,29492.38578680203
6388.111888111888,29416.243654822334
6388.111888111888,29340.10152284264
6388.111888111888,29263.959390862943
6388.111888111888,29187.81725888325
6388.111888111888,29111.675126903552
6388.111888111888,29035.53299492386
6388.111888111888,28959.39086294416
6388.111888111888,28883.248730964468
6393.356643356643,29492.38578680203
6393.356643356643,29416.243654822334
6393.356643356643,29340.10152284264
6393.356643356643,29263.959390862943
6393.356643356643,29187.81725888325
6393.356643356643,29111.675126903552
6393.356643356643,29035.53299492386
6393.356643356643,28959.39086294416
6393.356643356643,28883.248730964468
6393.356643356643,28807.10659898477
6393.356643356643,28730.964467005077
6398.601398601399,29340.10152284264
6398.601398601399,29263.959390862943
6398.601398601399,29187.81725888325
6398.601398601399,29111.675126903552
6398.601398601399,29035.53299492386
6398.601398601399,28959.39086294416
6398.601398601399,28883.248730964468
6398.601398601399,28807.10659898477
6398.601398601399,28730.964467005077
6398.601398601399,28654.82233502538
6398.601398601399,28578.680203045686
6398.601398601399,28502.53807106599
6403.846153846154,29111.675126903552
6403.846153846154,29035.53299492386
6403.846153846154,28959.39086294416
6403.846153846154,28883.248730964468
6403.846153846154,28807.10659898477
6403.846153846154,28730.964467005077
6403.846153846154,28654.82233502538
6403.846153846154,28578.680203045686
6403.846153846154,28502.53807106599
6403.846153846154,28426.395939086295
6403.846153846154,28350.253807106597
6409.090909090909,29035.53299492386
6409.090909090909,28959.39086294416
6409.090909090909,28883.248730964468
6409.090909090909,28807.10659898477
6409.090909090909,28730.964467005077
6409.090909090909,28654.82233502538
6409.090909090909,28578.680203045686
6409.090909090909,28502.53807106599
6409.090909090909,28426.395939086295
6409.090909090909,28350.253807106597
6409.090909090909,28274.111675126904
6414.335664335665,28807.10659898477
6414.335664335665,28730.964467005077
6414.335664335665,28654.82233502538
6414.335664335665,28578.680203045686
6414.335664335665,28502.53807106599
6414.335664335665,28426.395939086295
6414.335664335665,28350.253807106597
6414.335664335665,28274.111675126904
6414.335664335665,28197.969543147206
6414.335664335665,28121.827411167513
6414.335664335665,28045.685279187815
6419.580419580419,28730.964467005077
6419.580419580419,28654.82233502538
6419.580419580419,28578.680203045686
6419.580419580419,28502.53807106599
6419.580419580419,28426.395939086295
6419.580419580419,28350.253807106597
6419.580419580419,28274.111675126904
6419.580419580419,28197.969543147206
6419.580419580419,28121.827411167513
6419.580419580419,28045.685279187815
6419.580419580419,27969.54314720812
6424.825174825175,28654.82233502538
6424.825174825175,28578.680203045686
6424.825174825175,28502.53807106599
6424.825174825175,28426.395939086295
6424.825174825175,28350.253807106597
6424.825174825175,28274.111675126904
6424.825174825175,28197.969543147206
6424.825174825175,28121.827411167513
6424.825174825175,28045.685279187815
6424.825174825175,27969.54314720812
6424.825174825175,27893.401015228428
6424.825174825175,27817.25888324873
6430.06993006993,28426.395939086295
6430.06993006993,28350.253807106597
6430.06993006993,28274.111675126904
6430.06993006993,28197.969543147206
6430.06993006993,28121.827411167513
6430.06993006993,28045.685279187815
6430.06993006993,27969.54314720812
6430.06993006993,27893.401015228428
6430.06993006993,27817.25888324873
6430.06993006993,27741.116751269037
6435.314685314685,28197.969543147206
6435.314685314685,28121.827411167513
6435.314685314685,28045.685279187815
6435.314685314685,27969.54314720812
6435.314685314685,27893.401015228428
6435.314685314685,27817.25888324873
6435.314685314685,27741.116751269037
6435.314685314685,27664.97461928934
6435.314685314685,27588.832487309646
6440.55944055944,28121.827411167513
6440.55944055944,28045.685279187815
6440.55944055944,27969.54314720812
6440.55944055944,27893.401015228428
6440.55944055944,27817.25888324873
6440.55944055944,27741.116751269037
6440.55944055944,27664.97461928934
6440.55944055944,27588.832487309646
6440.55944055944,27512.69035532995
6445.804195804196,28045.685279187815
6445.804195804196,27969.54314720812
6445.804195804196,27893.401015228428
6445.804195804196,27817.25888324873
6445.804195804196,27741.116751269037
6445.804195804196,27664.97461928934
6445.804195804196,27588.832487309646
6445.804195804196,27512.69035532995
6445.804195804196,27436.548223350255
6445.804195804196,27360.406091370558
6451.0489510489515,27893.401015228428
6451.0489510489515,27817.25888324873
6451.0489510489515,27741.116751269037
6451.0489510489515,27664.97461928934
6451.0489510489515,27588.832487309646
6451.0489510489515,27512.69035532995
6451.0489510489515,27436.548223350255
6451.0489510489515,27360.406091370558
6451.0489510489515,27284.263959390864
6451.0489510489515,27208.121827411167
6451.0489510489515,27131.979695431473
6456.293706293706,27664.97461928934
6456.293706293706,27588.832487309646
6456.293706293706,27512.69035532995
6456.293706293706,27436.548223350255
6456.293706293706,27360.406091370558
6456.293706293706,27284.263959390864
6456.293706293706,27208.121827411167
6456.293706293706,27131.979695431473
6456.293706293706,27055.837563451776
6461.538461538462,27512.69035532995
6461.538461538462,27436.548223350255
6461.538461538462,27360.406091370558
6461.538461538462,27284.263959390864
6461.538461538462,27208.121827411167
6461.538461538462,27131.979695431473
6461.538461538462,27055.837563451776
6461.538461538462,26979.695431472082
6461.538461538462,26903.553299492385
6461.538461538462,26827.41116751269
6461.538461538462,26751.269035532994
6466.783216783217,27436.548223350255
6466.783216783217,27360.406091370558
6466.783216783217,27284.263959390864
6466.783216783217,27208.121827411167
6466.783216783217,27131.979695431473
6466.783216783217,27055.837563451776
6466.783216783217,26979.695431472082
6466.783216783217,26903.553299492385
6466.783216783217,26827.41116751269
6466.783216783217,26751.269035532994
6466.783216783217,26675.1269035533
6472.027972027972,27360.406091370558
6472.027972027972,27284.263959390864
6472.027972027972,27208.121827411167
6472.027972027972,27131.979695431473
6472.027972027972,27055.837563451776
6472.027972027972,26979.695431472082
6472.027972027972,26903.553299492385
6472.027972027972,26827.41116751269
6472.027972027972,26751.269035532994
6472.027972027972,26675.1269035533
6472.027972027972,26598.984771573603
6477.272727272727,27055.837563451776
6477.272727272727,26979.695431472082
6477.272727272727,26903.553299492385
6477.272727272727,26827.41116751269
6477.272727272727,26751.269035532994
6477.272727272727,26675.1269035533
6477.272727272727,26598.984771573603
6477.272727272727,26522.84263959391
6482.517482517483,26903.553299492385
6482.517482517483,26827.41116751269
6482.517482517483,26751.269035532994
6482.517482517483,26675.1269035533
6482.517482517483,26598.984771573603
6482.517482517483,26522.84263959391
6482.517482517483,26446.700507614212
6482.517482517483,26370.55837563452
6487.762237762237,26827.41116751269
6487.762237762237,26751.269035532994
6487.762237762237,26675.1269035533
6487.762237762237,26598.984771573603
6487.762237762237,26522.84263959391
6487.762237762237,26446.700507614212
6487.762237762237,26370.55837563452
6487.762237762237,26294.41624365482
6493.006993006993,26751.269035532994
6493.006993006993,26675.1269035533
6493.006993006993,26598.984771573603
6493.006993006993,26522.84263959391
6493.006993006993,26446.700507614212
6493.006993006993,26370.55837563452
6493.006993006993,26294.41624365482
6493.006993006993,26218.274111675128
6498.251748251748,26675.1269035533
6498.251748251748,26598.984771573603
6498.251748251748,26522.84263959391
6498.251748251748,26446.700507614212
6498.251748251748,26370.55837563452
6498.251748251748,26294.41624365482
6498.251748251748,26218.274111675128
6498.251748251748,26142.131979695434
6498.251748251748,26065.989847715737
6503.4965034965035,26522.84263959391
6503.4965034965035,26446.700507614212
6503.4965034965035,26370.55837563452
6503.4965034965035,26294.41624365482
6503.4965034965035,26218.274111675128
6503.4965034965035,26142.131979695434
6503.4965034965035,26065.989847715737
6503.4965034965035,25989.84771573604
6503.4965034965035,25913.705583756346
6508.741258741259,26370.55837563452
6508.741258741259,26294.41624365482
6508.741258741259,26218.274111675128
6508.741258741259,26142.131979695434
6508.741258741259,26065.989847715737
6508.741258741259,25989.84771573604
6508.741258741259,25913.705583756346
6508.741258741259,25837.563451776652
6508.741258741259,25761.421319796955
6513.986013986014,26294.41624365482
6513.986013986014,26218.274111675128
6513.986013986014,26142.131979695434
6513.986013986014,26065.989847715737
6513.986013986014,25989.84771573604
6513.986013986014,25913.705583756346
6513.986013986014,25837.563451776652
6513.986013986014,25761.421319796955
6513.986013986014,25685.279187817257
6513.986013986014,25609.137055837564
6519.2307692307695,26218.274111675128
6519.2307692307695,26142.131979695434
6519.2307692307695,26065.989847715737
6519.2307692307695,25989.84771573604
6519.2307692307695,25913.705583756346
6519.2307692307695,25837.563451776652
6519.2307692307695,25761.421319796955
6519.2307692307695,25685.279187817257
6519.2307692307695,25609.137055837564
6519.2307692307695,25532.99492385787
6519.2307692307695,25456.852791878173
6524.475524475524,26065.989847715737
6524.475524475524,25989.84771573604
6524.475524475524,25913.705583756346
6524.475524475524,25837.563451776652
6524.475524475524,25761.421319796955
6524.475524475524,25685.279187817257
6524.475524475524,25609.137055837564
6524.475524475524,25532.99492385787
6524.475524475524,25456.852791878173
6524.475524475524,25380.710659898476
6529.72027972028,25913.705583756346
6529.72027972028,25837.563451776652
6529.72027972028,25761.421319796955
6529.72027972028,25685.279187817257
6529.72027972028,25609.137055837564
6529.72027972028,25532.99492385787
6529.72027972028,25456.852791878173
6529.72027972028,25380.710659898476
6529.72027972028,25304.568527918782
6534.965034965035,25761.421319796955
6534.965034965035,25685.279187817257
6534.965034965035,25609.137055837564
6534.965034965035,25532.99492385787
6534.965034965035,25456.852791878173
6534.965034965035,25380.710659898476
6534.965034965035,25304.568527918782
6534.965034965035,25228.42639593909
6540.20979020979,25685.279187817257
6540.20979020979,25609.137055837564
6540.20979020979,25532.99492385787
6540.20979020979,25456.852791878173
6540.20979020979,25380.710659898476
6540.20979020979,25304.568527918782
6540.20979020979,25228.42639593909
6540.20979020979,25152.28426395939
6540.20979020979,25076.142131979694
6545.454545454545,25532.99492385787
6545.454545454545,25456.852791878173
6545.454545454545,25380.710659898476
6545.454545454545,25304.568527918782
6545.454545454545,25228.42639593909
6545.454545454545,25152.28426395939
6545.454545454545,25076.142131979694
6545.454545454545,25000.0
6550.699300699301,25456.852791878173
6550.699300699301,25380.710659898476
6550.699300699301,25304.568527918782
6550.699300699301,25228.42639593909
6550.699300699301,25152.28426395939
6550.699300699301,25076.142131979694
6550.699300699301,25000.0
6550.699300699301,24923.857868020306
6550.699300699301,24847.71573604061
6550.699300699301,24771.57360406091
6555.944055944056,25380.710659898476
6555.944055944056,25304.568527918782
6555.944055944056,25228.42639593909
6555.944055944056,25152.28426395939
6555.944055944056,25076.142131979694
6555.944055944056,25000.0
6555.944055944056,24923.857868020306
6555.944055944056,24847.71573604061
6555.944055944056,24771.57360406091
6555.944055944056,24695.431472081218
6561.188811188811,25228.42639593909
6561.188811188811,25152.28426395939
6561.188811188811,25076.142131979694
6561.188811188811,25000.0
6561.188811188811,24923.857868020306
6561.188811188811,24847.71573604061
6561.188811188811,24771.57360406091
6561.188811188811,24695.431472081218
6566.433566433567,25076.142131979694
6566.433566433567,25000.0
6566.433566433567,24923.857868020306
6566.433566433567,24847.71573604061
6566.433566433567,24771.57360406091
6566.433566433567,24695.431472081218
6571.6783216783215,25000.0
6571.6783216783215,24923.857868020306
6571.6783216783215,24847.71573604061
6571.6783216783215,24771.57360406091
6571.6783216783215,24695.431472081218
6576.923076923077,24847.71573604061
6576.923076923077,24771.57360406091
