Raman_Shift_cm-1,Intensity_norm
72.85342584562012,4650.931677018633
72.85342584562012,4643.478260869565
72.85342584562012,4636.024844720497
72.85342584562012,4628.571428571428
72.85342584562012,4621.11801242236
72.85342584562012,4613.664596273292
72.85342584562012,4606.211180124224
72.85342584562012,4598.757763975155
72.85342584562012,4591.304347826087
72.85342584562012,4583.850931677019
72.85342584562012,4576.39751552795
72.85342584562012,4568.944099378882
72.85342584562012,4561.490683229814
72.85342584562012,4554.037267080746
72.85342584562012,4546.583850931677
72.85342584562012,4539.130434782609
72.85342584562012,4531.677018633541
72.85342584562012,4524.223602484472
72.85342584562012,4516.770186335404
72.85342584562012,4509.316770186336
72.85342584562012,4501.8633540372675
72.85342584562012,4494.409937888198
72.85342584562012,4486.95652173913
72.85342584562012,4479.503105590062
72.85342584562012,4472.0496894409935
72.85342584562012,4464.596273291925
72.85342584562012,4457.142857142857
72.85342584562012,4449.689440993789
72.85342584562012,4442.23602484472
72.85342584562012,4434.782608695652
76.32263660017347,5552.795031055901
76.32263660017347,5545.341614906833
76.32263660017347,5537.888198757764
76.32263660017347,5530.434782608696
76.32263660017347,5522.981366459628
76.32263660017347,5515.527950310559
76.32263660017347,5508.074534161491
76.32263660017347,5500.621118012423
76.32263660017347,5493.167701863354
76.32263660017347,5485.714285714285
76.32263660017347,5478.260869565217
76.32263660017347,5470.807453416149
76.32263660017347,5463.3540372670805
76.32263660017347,5455.900621118012
76.32263660017347,5448.447204968944
76.32263660017347,5440.993788819876
76.32263660017347,5433.540372670807
76.32263660017347,5426.086956521739
76.32263660017347,5418.633540372671
76.32263660017347,5411.180124223602
76.32263660017347,5403.726708074534
76.32263660017347,5396.273291925466
76.32263660017347,5388.819875776398
76.32263660017347,5381.366459627329
76.32263660017347,5373.913043478261
76.32263660017347,5366.459627329193
76.32263660017347,5359.006211180124
76.32263660017347,5351.552795031056
76.32263660017347,5344.099378881988
76.32263660017347,5336.6459627329195
76.32263660017347,5329.192546583851
76.32263660017347,5321.739130434783
76.32263660017347,5314.285714285715
76.32263660017347,5306.832298136646
76.32263660017347,5299.378881987577
76.32263660017347,5291.925465838509
76.32263660017347,5284.472049689441
76.32263660017347,5277.018633540372
76.32263660017347,5269.565217391304
76.32263660017347,5262.111801242236
76.32263660017347,5254.658385093167
76.32263660017347,5247.204968944099
76.32263660017347,5239.751552795031
76.32263660017347,5232.298136645963
76.32263660017347,5224.844720496894
76.32263660017347,5217.391304347826
76.32263660017347,5209.937888198758
76.32263660017347,5202.484472049689
76.32263660017347,5195.031055900621
76.32263660017347,5187.577639751553
76.32263660017347,5180.124223602485
76.32263660017347,5172.670807453416
76.32263660017347,5165.217391304348
76.32263660017347,5157.76397515528
76.32263660017347,5150.310559006211
76.32263660017347,5142.857142857143
76.32263660017347,5135.403726708075
76.32263660017347,5127.9503105590065
76.32263660017347,5120.496894409938
76.32263660017347,5113.04347826087
76.32263660017347,5105.590062111802
76.32263660017347,5098.1366459627325
76.32263660017347,5090.683229813664
76.32263660017347,5083.229813664596
76.32263660017347,5075.776397515528
76.32263660017347,5068.322981366459
76.32263660017347,5060.869565217391
76.32263660017347,5053.416149068323
76.32263660017347,5045.962732919254
76.32263660017347,5038.509316770186
76.32263660017347,5031.055900621118
76.32263660017347,5023.60248447205
76.32263660017347,5016.149068322981
76.32263660017347,5008.695652173913
76.32263660017347,5001.242236024845
76.32263660017347,4993.788819875776
76.32263660017347,4986.335403726708
76.32263660017347,4978.88198757764
76.32263660017347,4971.428571428572
76.32263660017347,4963.975155279503
76.32263660017347,4956.521739130435
76.32263660017347,4949.068322981367
76.32263660017347,4941.614906832298
76.32263660017347,4934.16149068323
76.32263660017347,4926.708074534162
76.32263660017347,4919.2546583850935
76.32263660017347,4911.801242236025
76.32263660017347,4904.347826086957
76.32263660017347,4896.894409937888
76.32263660017347,4889.4409937888195
76.32263660017347,4881.987577639751
76.32263660017347,4874.534161490683
76.32263660017347,4867.080745341615
76.32263660017347,4859.627329192546
76.32263660017347,4852.173913043478
76.32263660017347,4844.72049689441
76.32263660017347,4837.267080745341
76.32263660017347,4829.813664596273
76.32263660017347,4822.360248447205
76.32263660017347,4814.906832298137
76.32263660017347,4807.453416149068
76.32263660017347,4800.0
76.32263660017347,4792.546583850932
76.32263660017347,4785.093167701863
76.32263660017347,4777.639751552795
76.32263660017347,4770.186335403727
76.32263660017347,4762.732919254659
76.32263660017347,4755.27950310559
76.32263660017347,4747.826086956522
76.32263660017347,4740.372670807454
76.32263660017347,4732.919254658385
76.32263660017347,4725.465838509317
76.32263660017347,4718.012422360249
76.32263660017347,4710.5590062111805
76.32263660017347,4703.105590062112
76.32263660017347,4695.652173913043
76.32263660017347,4688.198757763975
76.32263660017347,4680.7453416149065
76.32263660017347,4673.291925465838
76.32263660017347,4665.83850931677
76.32263660017347,4658.385093167702
76.32263660017347,4650.931677018633
76.32263660017347,4643.478260869565
76.32263660017347,4636.024844720497
76.32263660017347,4628.571428571428
76.32263660017347,4621.11801242236
76.32263660017347,4613.664596273292
76.32263660017347,4606.211180124224
76.32263660017347,4598.757763975155
76.32263660017347,4591.304347826087
76.32263660017347,4583.850931677019
76.32263660017347,4576.39751552795
76.32263660017347,4568.944099378882
76.32263660017347,4561.490683229814
76.32263660017347,4554.037267080746
76.32263660017347,4546.583850931677
76.32263660017347,4539.130434782609
76.32263660017347,4531.677018633541
76.32263660017347,4524.223602484472
76.32263660017347,4516.770186335404
76.32263660017347,4509.316770186336
76.32263660017347,4501.8633540372675
76.32263660017347,4494.409937888198
76.32263660017347,4486.95652173913
76.32263660017347,4479.503105590062
76.32263660017347,4472.0496894409935
76.32263660017347,4464.596273291925
76.32263660017347,4457.142857142857
76.32263660017347,4449.689440993789
76.32263660017347,4442.23602484472
76.32263660017347,4434.782608695652
79.7918473547268,6447.204968944099
79.7918473547268,6439.751552795031
79.7918473547268,6432.298136645963
79.7918473547268,6424.844720496894
79.7918473547268,6417.391304347826
79.7918473547268,6409.937888198758
79.7918473547268,6402.484472049689
79.7918473547268,6395.031055900621
79.7918473547268,6387.577639751553
79.7918473547268,6380.124223602485
79.7918473547268,6372.670807453416
79.7918473547268,6365.217391304348
79.7918473547268,6357.76397515528
79.7918473547268,6350.310559006211
79.7918473547268,6342.857142857143
79.7918473547268,6335.403726708075
79.7918473547268,6327.9503105590065
79.7918473547268,6320.496894409938
79.7918473547268,6313.04347826087
79.7918473547268,6305.590062111802
79.7918473547268,6298.1366459627325
79.7918473547268,6290.683229813664
79.7918473547268,6283.229813664596
79.7918473547268,6275.776397515528
79.7918473547268,6268.322981366459
79.7918473547268,6260.869565217391
79.7918473547268,6253.416149068323
79.7918473547268,6245.962732919254
79.7918473547268,6238.509316770186
79.7918473547268,6231.055900621118
79.7918473547268,6223.60248447205
79.7918473547268,6216.149068322981
79.7918473547268,6208.695652173913
79.7918473547268,6201.242236024845
79.7918473547268,6193.788819875776
79.7918473547268,6186.335403726708
79.7918473547268,6178.88198757764
79.7918473547268,6171.428571428572
79.7918473547268,6163.975155279503
79.7918473547268,6156.521739130435
79.7918473547268,6149.068322981367
79.7918473547268,6141.614906832298
79.7918473547268,6134.16149068323
79.7918473547268,6126.708074534162
79.7918473547268,6119.2546583850935
79.7918473547268,6111.801242236025
79.7918473547268,6104.347826086957
79.7918473547268,6096.894409937888
79.7918473547268,6089.4409937888195
79.7918473547268,6081.987577639751
79.7918473547268,6074.534161490683
79.7918473547268,6067.080745341615
79.7918473547268,6059.627329192546
79.7918473547268,6052.173913043478
79.7918473547268,6044.72049689441
79.7918473547268,6037.267080745341
79.7918473547268,6029.813664596273
79.7918473547268,6022.360248447205
79.7918473547268,6014.906832298137
79.7918473547268,6007.453416149068
79.7918473547268,6000.0
79.7918473547268,5992.546583850932
79.7918473547268,5985.093167701863
79.7918473547268,5977.639751552795
79.7918473547268,5970.186335403727
79.7918473547268,5962.732919254659
79.7918473547268,5955.27950310559
79.7918473547268,5947.826086956522
79.7918473547268,5940.372670807454
79.7918473547268,5932.919254658385
79.7918473547268,5925.465838509317
79.7918473547268,5918.012422360249
79.7918473547268,5910.5590062111805
79.7918473547268,5903.105590062112
79.7918473547268,5895.652173913043
79.7918473547268,5888.198757763975
79.7918473547268,5880.7453416149065
79.7918473547268,5873.291925465838
79.7918473547268,5865.83850931677
79.7918473547268,5858.385093167702
79.7918473547268,5850.931677018633
79.7918473547268,5843.478260869565
79.7918473547268,5836.024844720497
79.7918473547268,5828.571428571428
79.7918473547268,5821.11801242236
79.7918473547268,5813.664596273292
79.7918473547268,5806.211180124224
79.7918473547268,5798.757763975155
79.7918473547268,5791.304347826087
79.7918473547268,5783.850931677019
79.7918473547268,5776.39751552795
79.7918473547268,5768.944099378882
79.7918473547268,5761.490683229814
79.7918473547268,5754.037267080746
79.7918473547268,5746.583850931677
79.7918473547268,5739.130434782609
79.7918473547268,5731.677018633541
79.7918473547268,5724.223602484472
79.7918473547268,5716.770186335404
79.7918473547268,5709.316770186336
79.7918473547268,5701.8633540372675
79.7918473547268,5694.409937888198
79.7918473547268,5686.95652173913
79.7918473547268,5679.503105590062
79.7918473547268,5672.0496894409935
79.7918473547268,5664.596273291925
79.7918473547268,5657.142857142857
79.7918473547268,5649.689440993789
79.7918473547268,5642.23602484472
79.7918473547268,5634.782608695652
79.7918473547268,5627.329192546584
79.7918473547268,5619.875776397515
79.7918473547268,5612.422360248447
79.7918473547268,5604.968944099379
79.7918473547268,5597.515527950311
79.7918473547268,5590.062111801242
79.7918473547268,5582.608695652174
79.7918473547268,5575.155279503106
79.7918473547268,5567.701863354037
79.7918473547268,5560.248447204969
79.7918473547268,5552.795031055901
79.7918473547268,5545.341614906833
79.7918473547268,5537.888198757764
79.7918473547268,5530.434782608696
79.7918473547268,5522.981366459628
79.7918473547268,5515.527950310559
79.7918473547268,5508.074534161491
79.7918473547268,5500.621118012423
79.7918473547268,5493.167701863354
79.7918473547268,5485.714285714285
79.7918473547268,5478.260869565217
79.7918473547268,5470.807453416149
79.7918473547268,5463.3540372670805
79.7918473547268,5455.900621118012
79.7918473547268,5448.447204968944
79.7918473547268,5440.993788819876
79.7918473547268,5433.540372670807
79.7918473547268,5426.086956521739
79.7918473547268,5418.633540372671
79.7918473547268,5411.180124223602
79.7918473547268,5403.726708074534
79.7918473547268,5396.273291925466
79.7918473547268,5388.819875776398
79.7918473547268,5381.366459627329
79.7918473547268,5373.913043478261
79.7918473547268,5366.459627329193
79.7918473547268,5359.006211180124
79.7918473547268,5351.552795031056
79.7918473547268,5344.099378881988
79.7918473547268,5336.6459627329195
79.7918473547268,5329.192546583851
79.7918473547268,5321.739130434783
79.7918473547268,5314.285714285715
79.7918473547268,5306.832298136646
79.7918473547268,5299.378881987577
79.7918473547268,5291.925465838509
79.7918473547268,5284.472049689441
79.7918473547268,5277.018633540372
79.7918473547268,5269.565217391304
79.7918473547268,5262.111801242236
79.7918473547268,5254.658385093167
79.7918473547268,5247.204968944099
79.7918473547268,5239.751552795031
79.7918473547268,5232.298136645963
79.7918473547268,5224.844720496894
79.7918473547268,5217.391304347826
79.7918473547268,5209.937888198758
79.7918473547268,5202.484472049689
79.7918473547268,5195.031055900621
79.7918473547268,5187.577639751553
79.7918473547268,5180.124223602485
79.7918473547268,5172.670807453416
79.7918473547268,5165.217391304348
79.7918473547268,5157.76397515528
79.7918473547268,5150.310559006211
79.7918473547268,5142.857142857143
79.7918473547268,5135.403726708075
79.7918473547268,5127.9503105590065
79.7918473547268,5120.496894409938
79.7918473547268,5113.04347826087
79.7918473547268,5105.590062111802
79.7918473547268,5098.1366459627325
79.7918473547268,5090.683229813664
79.7918473547268,5083.229813664596
79.7918473547268,5075.776397515528
79.7918473547268,5068.322981366459
79.7918473547268,5060.869565217391
79.7918473547268,5053.416149068323
79.7918473547268,5045.962732919254
79.7918473547268,5038.509316770186
79.7918473547268,5031.055900621118
79.7918473547268,5023.60248447205
79.7918473547268,5016.149068322981
79.7918473547268,5008.695652173913
79.7918473547268,5001.242236024845
79.7918473547268,4993.788819875776
79.7918473547268,4986.335403726708
79.7918473547268,4978.88198757764
79.7918473547268,4971.428571428572
79.7918473547268,4963.975155279503
79.7918473547268,4956.521739130435
79.7918473547268,4949.068322981367
79.7918473547268,4941.614906832298
79.7918473547268,4934.16149068323
79.7918473547268,4926.708074534162
79.7918473547268,4919.2546583850935
79.7918473547268,4911.801242236025
79.7918473547268,4904.347826086957
79.7918473547268,4896.894409937888
79.7918473547268,4889.4409937888195
79.7918473547268,4881.987577639751
79.7918473547268,4874.534161490683
79.7918473547268,4867.080745341615
79.7918473547268,4859.627329192546
79.7918473547268,4852.173913043478
79.7918473547268,4844.72049689441
79.7918473547268,4837.267080745341
79.7918473547268,4829.813664596273
79.7918473547268,4822.360248447205
79.7918473547268,4814.906832298137
79.7918473547268,4807.453416149068
79.7918473547268,4800.0
79.7918473547268,4792.546583850932
79.7918473547268,4785.093167701863
79.7918473547268,4777.639751552795
79.7918473547268,4770.186335403727
79.7918473547268,4762.732919254659
79.7918473547268,4755.27950310559
79.7918473547268,4747.826086956522
79.7918473547268,4740.372670807454
79.7918473547268,4732.919254658385
79.7918473547268,4725.465838509317
79.7918473547268,4718.012422360249
79.7918473547268,4710.5590062111805
79.7918473547268,4703.105590062112
79.7918473547268,4695.652173913043
79.7918473547268,4688.198757763975
79.7918473547268,4680.7453416149065
79.7918473547268,4673.291925465838
79.7918473547268,4665.83850931677
79.7918473547268,4658.385093167702
79.7918473547268,4650.931677018633
79.7918473547268,4643.478260869565
79.7918473547268,4636.024844720497
79.7918473547268,4628.571428571428
79.7918473547268,4621.11801242236
79.7918473547268,4613.664596273292
79.7918473547268,4606.211180124224
79.7918473547268,4598.757763975155
79.7918473547268,4591.304347826087
79.7918473547268,4583.850931677019
79.7918473547268,4576.39751552795
79.7918473547268,4568.944099378882
79.7918473547268,4561.490683229814
79.7918473547268,4554.037267080746
79.7918473547268,4546.583850931677
79.7918473547268,4539.130434782609
79.7918473547268,4531.677018633541
79.7918473547268,4524.223602484472
79.7918473547268,4516.770186335404
79.7918473547268,4509.316770186336
79.7918473547268,4501.8633540372675
79.7918473547268,4494.409937888198
79.7918473547268,4486.95652173913
79.7918473547268,4479.503105590062
79.7918473547268,4472.0496894409935
79.7918473547268,4464.596273291925
79.7918473547268,4457.142857142857
79.7918473547268,4449.689440993789
79.7918473547268,4442.23602484472
79.7918473547268,4434.782608695652
79.7918473547268,4427.329192546584
83.26105810928014,6491.925465838509
83.26105810928014,6484.472049689441
83.26105810928014,6477.018633540372
83.26105810928014,6469.565217391304
83.26105810928014,6462.111801242236
83.26105810928014,6454.658385093167
83.26105810928014,6447.204968944099
83.26105810928014,6439.751552795031
83.26105810928014,6432.298136645963
83.26105810928014,6424.844720496894
83.26105810928014,6417.391304347826
83.26105810928014,6409.937888198758
83.26105810928014,6402.484472049689
83.26105810928014,6395.031055900621
83.26105810928014,6387.577639751553
83.26105810928014,6380.124223602485
83.26105810928014,6372.670807453416
83.26105810928014,6365.217391304348
83.26105810928014,6357.76397515528
83.26105810928014,6350.310559006211
83.26105810928014,6342.857142857143
83.26105810928014,6335.403726708075
83.26105810928014,6327.9503105590065
83.26105810928014,6320.496894409938
83.26105810928014,6313.04347826087
83.26105810928014,6305.590062111802
83.26105810928014,6298.1366459627325
83.26105810928014,6290.683229813664
83.26105810928014,6283.229813664596
83.26105810928014,6275.776397515528
83.26105810928014,6268.322981366459
83.26105810928014,6260.869565217391
83.26105810928014,6253.416149068323
83.26105810928014,6245.962732919254
83.26105810928014,6238.509316770186
83.26105810928014,6231.055900621118
83.26105810928014,6223.60248447205
83.26105810928014,6216.149068322981
83.26105810928014,6208.695652173913
83.26105810928014,6201.242236024845
83.26105810928014,6193.788819875776
83.26105810928014,6186.335403726708
83.26105810928014,6178.88198757764
83.26105810928014,6171.428571428572
83.26105810928014,6163.975155279503
83.26105810928014,6156.521739130435
83.26105810928014,6149.068322981367
83.26105810928014,6141.614906832298
83.26105810928014,6134.16149068323
83.26105810928014,6126.708074534162
83.26105810928014,6119.2546583850935
83.26105810928014,6111.801242236025
83.26105810928014,6104.347826086957
83.26105810928014,6096.894409937888
83.26105810928014,6089.4409937888195
83.26105810928014,6081.987577639751
83.26105810928014,6074.534161490683
83.26105810928014,6067.080745341615
83.26105810928014,6059.627329192546
83.26105810928014,6052.173913043478
83.26105810928014,6044.72049689441
83.26105810928014,6037.267080745341
83.26105810928014,6029.813664596273
83.26105810928014,6022.360248447205
83.26105810928014,6014.906832298137
83.26105810928014,6007.453416149068
83.26105810928014,6000.0
83.26105810928014,5992.546583850932
83.26105810928014,5985.093167701863
83.26105810928014,5977.639751552795
83.26105810928014,5970.186335403727
83.26105810928014,5962.732919254659
83.26105810928014,5955.27950310559
83.26105810928014,5947.826086956522
83.26105810928014,5940.372670807454
83.26105810928014,5932.919254658385
83.26105810928014,5925.465838509317
83.26105810928014,5918.012422360249
83.26105810928014,5910.5590062111805
83.26105810928014,5903.105590062112
83.26105810928014,5895.652173913043
83.26105810928014,5888.198757763975
83.26105810928014,5880.7453416149065
83.26105810928014,5873.291925465838
83.26105810928014,5865.83850931677
83.26105810928014,5858.385093167702
83.26105810928014,5850.931677018633
83.26105810928014,5843.478260869565
83.26105810928014,5836.024844720497
83.26105810928014,5828.571428571428
83.26105810928014,5821.11801242236
83.26105810928014,5813.664596273292
83.26105810928014,5806.211180124224
83.26105810928014,5798.757763975155
83.26105810928014,5791.304347826087
83.26105810928014,5783.850931677019
83.26105810928014,5776.39751552795
83.26105810928014,5768.944099378882
83.26105810928014,5761.490683229814
83.26105810928014,5754.037267080746
83.26105810928014,5746.583850931677
83.26105810928014,5739.130434782609
83.26105810928014,5731.677018633541
83.26105810928014,5724.223602484472
83.26105810928014,5716.770186335404
83.26105810928014,5709.316770186336
83.26105810928014,5701.8633540372675
83.26105810928014,5694.409937888198
83.26105810928014,5686.95652173913
83.26105810928014,5679.503105590062
83.26105810928014,5672.0496894409935
83.26105810928014,5664.596273291925
83.26105810928014,5657.142857142857
83.26105810928014,5649.689440993789
83.26105810928014,5642.23602484472
83.26105810928014,5634.782608695652
83.26105810928014,5627.329192546584
83.26105810928014,5619.875776397515
83.26105810928014,5612.422360248447
83.26105810928014,5604.968944099379
83.26105810928014,5597.515527950311
83.26105810928014,5590.062111801242
83.26105810928014,5582.608695652174
83.26105810928014,5575.155279503106
83.26105810928014,5567.701863354037
83.26105810928014,5560.248447204969
83.26105810928014,5552.795031055901
83.26105810928014,5545.341614906833
83.26105810928014,5537.888198757764
83.26105810928014,5530.434782608696
83.26105810928014,5522.981366459628
83.26105810928014,5515.527950310559
83.26105810928014,5508.074534161491
83.26105810928014,5500.621118012423
83.26105810928014,5493.167701863354
83.26105810928014,5485.714285714285
83.26105810928014,5478.260869565217
83.26105810928014,5470.807453416149
83.26105810928014,5463.3540372670805
83.26105810928014,5455.900621118012
83.26105810928014,5448.447204968944
83.26105810928014,5440.993788819876
83.26105810928014,5433.540372670807
83.26105810928014,5426.086956521739
83.26105810928014,5418.633540372671
83.26105810928014,5411.180124223602
83.26105810928014,5403.726708074534
83.26105810928014,5396.273291925466
83.26105810928014,5388.819875776398
83.26105810928014,5381.366459627329
83.26105810928014,5373.913043478261
83.26105810928014,5366.459627329193
83.26105810928014,5359.006211180124
83.26105810928014,5351.552795031056
83.26105810928014,5344.099378881988
83.26105810928014,5336.6459627329195
83.26105810928014,5329.192546583851
83.26105810928014,5321.739130434783
83.26105810928014,5314.285714285715
83.26105810928014,5306.832298136646
83.26105810928014,5299.378881987577
83.26105810928014,5291.925465838509
83.26105810928014,5284.472049689441
83.26105810928014,5277.018633540372
83.26105810928014,5269.565217391304
83.26105810928014,5262.111801242236
83.26105810928014,5254.658385093167
83.26105810928014,5247.204968944099
83.26105810928014,5239.751552795031
83.26105810928014,5232.298136645963
83.26105810928014,5224.844720496894
83.26105810928014,5217.391304347826
83.26105810928014,5209.937888198758
83.26105810928014,5202.484472049689
83.26105810928014,5195.031055900621
83.26105810928014,5187.577639751553
83.26105810928014,5180.124223602485
83.26105810928014,5172.670807453416
83.26105810928014,5165.217391304348
83.26105810928014,5157.76397515528
83.26105810928014,5150.310559006211
83.26105810928014,5142.857142857143
83.26105810928014,5135.403726708075
83.26105810928014,5127.9503105590065
83.26105810928014,5120.496894409938
83.26105810928014,5113.04347826087
83.26105810928014,5105.590062111802
83.26105810928014,5098.1366459627325
83.26105810928014,5090.683229813664
83.26105810928014,5083.229813664596
83.26105810928014,5075.776397515528
83.26105810928014,5068.322981366459
83.26105810928014,5060.869565217391
83.26105810928014,5053.416149068323
83.26105810928014,5045.962732919254
83.26105810928014,5038.509316770186
83.26105810928014,5031.055900621118
83.26105810928014,5023.60248447205
83.26105810928014,5016.149068322981
83.26105810928014,5008.695652173913
83.26105810928014,5001.242236024845
83.26105810928014,4993.788819875776
83.26105810928014,4986.335403726708
83.26105810928014,4978.88198757764
83.26105810928014,4971.428571428572
83.26105810928014,4963.975155279503
83.26105810928014,4956.521739130435
83.26105810928014,4949.068322981367
83.26105810928014,4941.614906832298
83.26105810928014,4934.16149068323
83.26105810928014,4926.708074534162
83.26105810928014,4919.2546583850935
83.26105810928014,4911.801242236025
83.26105810928014,4904.347826086957
83.26105810928014,4896.894409937888
83.26105810928014,4889.4409937888195
83.26105810928014,4881.987577639751
83.26105810928014,4874.534161490683
83.26105810928014,4867.080745341615
83.26105810928014,4859.627329192546
83.26105810928014,4852.173913043478
83.26105810928014,4844.72049689441
83.26105810928014,4837.267080745341
83.26105810928014,4829.813664596273
83.26105810928014,4822.360248447205
83.26105810928014,4814.906832298137
83.26105810928014,4807.453416149068
83.26105810928014,4800.0
83.26105810928014,4792.546583850932
83.26105810928014,4785.093167701863
83.26105810928014,4777.639751552795
83.26105810928014,4770.186335403727
83.26105810928014,4762.732919254659
83.26105810928014,4755.27950310559
83.26105810928014,4747.826086956522
83.26105810928014,4740.372670807454
83.26105810928014,4732.919254658385
83.26105810928014,4725.465838509317
83.26105810928014,4718.012422360249
83.26105810928014,4710.5590062111805
83.26105810928014,4703.105590062112
83.26105810928014,4695.652173913043
83.26105810928014,4688.198757763975
83.26105810928014,4680.7453416149065
83.26105810928014,4673.291925465838
83.26105810928014,4665.83850931677
83.26105810928014,4658.385093167702
83.26105810928014,4650.931677018633
83.26105810928014,4643.478260869565
83.26105810928014,4636.024844720497
83.26105810928014,4628.571428571428
83.26105810928014,4621.11801242236
83.26105810928014,4613.664596273292
83.26105810928014,4606.211180124224
83.26105810928014,4598.757763975155
83.26105810928014,4591.304347826087
83.26105810928014,4583.850931677019
83.26105810928014,4576.39751552795
83.26105810928014,4568.944099378882
83.26105810928014,4561.490683229814
83.26105810928014,4554.037267080746
83.26105810928014,4546.583850931677
83.26105810928014,4539.130434782609
83.26105810928014,4531.677018633541
83.26105810928014,4524.223602484472
83.26105810928014,4516.770186335404
83.26105810928014,4509.316770186336
83.26105810928014,4501.8633540372675
83.26105810928014,4494.409937888198
83.26105810928014,4486.95652173913
83.26105810928014,4479.503105590062
83.26105810928014,4472.0496894409935
83.26105810928014,4464.596273291925
83.26105810928014,4457.142857142857
83.26105810928014,4449.689440993789
83.26105810928014,4442.23602484472
83.26105810928014,4434.782608695652
83.26105810928014,4427.329192546584
86.73026886383347,6499.378881987577
86.73026886383347,6491.925465838509
86.73026886383347,6484.472049689441
86.73026886383347,6477.018633540372
86.73026886383347,6469.565217391304
86.73026886383347,6462.111801242236
86.73026886383347,6454.658385093167
86.73026886383347,6447.204968944099
86.73026886383347,6439.751552795031
86.73026886383347,6432.298136645963
86.73026886383347,6424.844720496894
86.73026886383347,6417.391304347826
86.73026886383347,6409.937888198758
86.73026886383347,6402.484472049689
86.73026886383347,6395.031055900621
86.73026886383347,6387.577639751553
86.73026886383347,6380.124223602485
86.73026886383347,6372.670807453416
86.73026886383347,6365.217391304348
86.73026886383347,6357.76397515528
86.73026886383347,6350.310559006211
86.73026886383347,6342.857142857143
86.73026886383347,6335.403726708075
86.73026886383347,6327.9503105590065
86.73026886383347,6320.496894409938
86.73026886383347,6313.04347826087
86.73026886383347,6305.590062111802
86.73026886383347,6298.1366459627325
86.73026886383347,6290.683229813664
86.73026886383347,6283.229813664596
86.73026886383347,6275.776397515528
86.73026886383347,6268.322981366459
86.73026886383347,6260.869565217391
86.73026886383347,6253.416149068323
86.73026886383347,6245.962732919254
86.73026886383347,6238.509316770186
86.73026886383347,6231.055900621118
86.73026886383347,6223.60248447205
86.73026886383347,6216.149068322981
86.73026886383347,6208.695652173913
86.73026886383347,6201.242236024845
86.73026886383347,6193.788819875776
86.73026886383347,6186.335403726708
86.73026886383347,6178.88198757764
86.73026886383347,6171.428571428572
86.73026886383347,6163.975155279503
86.73026886383347,6156.521739130435
86.73026886383347,6149.068322981367
86.73026886383347,6141.614906832298
86.73026886383347,6134.16149068323
86.73026886383347,6126.708074534162
86.73026886383347,6119.2546583850935
86.73026886383347,6111.801242236025
86.73026886383347,6104.347826086957
86.73026886383347,6096.894409937888
86.73026886383347,6089.4409937888195
86.73026886383347,6081.987577639751
86.73026886383347,6074.534161490683
86.73026886383347,6067.080745341615
86.73026886383347,6059.627329192546
86.73026886383347,6052.173913043478
86.73026886383347,6044.72049689441
86.73026886383347,6037.267080745341
86.73026886383347,6029.813664596273
86.73026886383347,6022.360248447205
86.73026886383347,6014.906832298137
86.73026886383347,6007.453416149068
86.73026886383347,6000.0
86.73026886383347,5992.546583850932
86.73026886383347,5985.093167701863
86.73026886383347,5977.639751552795
86.73026886383347,5970.186335403727
86.73026886383347,5962.732919254659
86.73026886383347,5955.27950310559
86.73026886383347,5947.826086956522
86.73026886383347,5940.372670807454
86.73026886383347,5932.919254658385
86.73026886383347,5925.465838509317
86.73026886383347,5918.012422360249
86.73026886383347,5910.5590062111805
86.73026886383347,5903.105590062112
86.73026886383347,5895.652173913043
86.73026886383347,5888.198757763975
86.73026886383347,5880.7453416149065
86.73026886383347,5873.291925465838
86.73026886383347,5865.83850931677
86.73026886383347,5858.385093167702
86.73026886383347,5850.931677018633
86.73026886383347,5843.478260869565
86.73026886383347,5836.024844720497
86.73026886383347,5828.571428571428
86.73026886383347,5821.11801242236
86.73026886383347,5813.664596273292
86.73026886383347,5806.211180124224
86.73026886383347,5798.757763975155
86.73026886383347,5791.304347826087
86.73026886383347,5783.850931677019
86.73026886383347,5776.39751552795
86.73026886383347,5768.944099378882
86.73026886383347,5761.490683229814
86.73026886383347,5754.037267080746
86.73026886383347,5746.583850931677
86.73026886383347,5739.130434782609
86.73026886383347,5731.677018633541
86.73026886383347,5724.223602484472
86.73026886383347,5716.770186335404
86.73026886383347,5709.316770186336
86.73026886383347,5701.8633540372675
86.73026886383347,5694.409937888198
86.73026886383347,5686.95652173913
86.73026886383347,5679.503105590062
86.73026886383347,5672.0496894409935
86.73026886383347,5664.596273291925
86.73026886383347,5657.142857142857
86.73026886383347,5649.689440993789
86.73026886383347,5642.23602484472
86.73026886383347,5634.782608695652
86.73026886383347,5627.329192546584
86.73026886383347,5619.875776397515
86.73026886383347,5612.422360248447
86.73026886383347,5604.968944099379
86.73026886383347,5597.515527950311
86.73026886383347,5590.062111801242
86.73026886383347,5582.608695652174
86.73026886383347,5575.155279503106
86.73026886383347,5567.701863354037
86.73026886383347,5560.248447204969
86.73026886383347,5552.795031055901
86.73026886383347,5545.341614906833
86.73026886383347,5537.888198757764
86.73026886383347,5530.434782608696
86.73026886383347,5522.981366459628
86.73026886383347,5515.527950310559
86.73026886383347,5508.074534161491
86.73026886383347,5500.621118012423
86.73026886383347,5493.167701863354
86.73026886383347,5485.714285714285
86.73026886383347,5478.260869565217
86.73026886383347,5470.807453416149
86.73026886383347,5463.3540372670805
86.73026886383347,5455.900621118012
86.73026886383347,5448.447204968944
86.73026886383347,5440.993788819876
86.73026886383347,5433.540372670807
86.73026886383347,5426.086956521739
86.73026886383347,5418.633540372671
86.73026886383347,5411.180124223602
86.73026886383347,5403.726708074534
86.73026886383347,5396.273291925466
86.73026886383347,5388.819875776398
86.73026886383347,5381.366459627329
86.73026886383347,5373.913043478261
86.73026886383347,5366.459627329193
86.73026886383347,5359.006211180124
86.73026886383347,5351.552795031056
86.73026886383347,5344.099378881988
86.73026886383347,5336.6459627329195
86.73026886383347,5329.192546583851
86.73026886383347,5321.739130434783
86.73026886383347,5314.285714285715
86.73026886383347,5306.832298136646
86.73026886383347,5299.378881987577
86.73026886383347,5291.925465838509
86.73026886383347,5284.472049689441
86.73026886383347,5277.018633540372
86.73026886383347,5269.565217391304
86.73026886383347,5262.111801242236
86.73026886383347,5254.658385093167
86.73026886383347,5247.204968944099
86.73026886383347,5239.751552795031
86.73026886383347,5232.298136645963
86.73026886383347,5224.844720496894
86.73026886383347,5217.391304347826
86.73026886383347,5209.937888198758
86.73026886383347,5202.484472049689
86.73026886383347,5195.031055900621
86.73026886383347,5187.577639751553
86.73026886383347,5180.124223602485
86.73026886383347,5172.670807453416
86.73026886383347,5165.217391304348
86.73026886383347,5157.76397515528
86.73026886383347,5150.310559006211
86.73026886383347,5142.857142857143
86.73026886383347,5135.403726708075
86.73026886383347,5127.9503105590065
86.73026886383347,5120.496894409938
86.73026886383347,5113.04347826087
86.73026886383347,5105.590062111802
86.73026886383347,5098.1366459627325
86.73026886383347,5090.683229813664
86.73026886383347,5083.229813664596
86.73026886383347,5075.776397515528
86.73026886383347,5068.322981366459
86.73026886383347,5060.869565217391
86.73026886383347,5053.416149068323
86.73026886383347,5045.962732919254
86.73026886383347,5038.509316770186
86.73026886383347,5031.055900621118
86.73026886383347,5023.60248447205
86.73026886383347,5016.149068322981
86.73026886383347,5008.695652173913
86.73026886383347,5001.242236024845
86.73026886383347,4993.788819875776
86.73026886383347,4986.335403726708
86.73026886383347,4978.88198757764
86.73026886383347,4971.428571428572
86.73026886383347,4963.975155279503
86.73026886383347,4956.521739130435
86.73026886383347,4949.068322981367
86.73026886383347,4941.614906832298
86.73026886383347,4934.16149068323
86.73026886383347,4926.708074534162
86.73026886383347,4919.2546583850935
86.73026886383347,4911.801242236025
86.73026886383347,4904.347826086957
86.73026886383347,4896.894409937888
86.73026886383347,4889.4409937888195
86.73026886383347,4881.987577639751
86.73026886383347,4874.534161490683
86.73026886383347,4867.080745341615
86.73026886383347,4859.627329192546
86.73026886383347,4852.173913043478
86.73026886383347,4844.72049689441
86.73026886383347,4837.267080745341
86.73026886383347,4829.813664596273
86.73026886383347,4822.360248447205
86.73026886383347,4814.906832298137
86.73026886383347,4807.453416149068
86.73026886383347,4800.0
86.73026886383347,4792.546583850932
86.73026886383347,4785.093167701863
86.73026886383347,4777.639751552795
86.73026886383347,4770.186335403727
86.73026886383347,4762.732919254659
86.73026886383347,4755.27950310559
86.73026886383347,4747.826086956522
86.73026886383347,4740.372670807454
86.73026886383347,4732.919254658385
86.73026886383347,4725.465838509317
86.73026886383347,4718.012422360249
86.73026886383347,4710.5590062111805
86.73026886383347,4703.105590062112
86.73026886383347,4695.652173913043
86.73026886383347,4688.198757763975
86.73026886383347,4680.7453416149065
86.73026886383347,4673.291925465838
86.73026886383347,4665.83850931677
86.73026886383347,4658.385093167702
86.73026886383347,4650.931677018633
86.73026886383347,4643.478260869565
86.73026886383347,4636.024844720497
86.73026886383347,4628.571428571428
86.73026886383347,4621.11801242236
86.73026886383347,4613.664596273292
86.73026886383347,4606.211180124224
86.73026886383347,4598.757763975155
86.73026886383347,4591.304347826087
86.73026886383347,4583.850931677019
86.73026886383347,4576.39751552795
86.73026886383347,4568.944099378882
86.73026886383347,4561.490683229814
86.73026886383347,4554.037267080746
86.73026886383347,4546.583850931677
86.73026886383347,4539.130434782609
86.73026886383347,4531.677018633541
86.73026886383347,4524.223602484472
86.73026886383347,4516.770186335404
86.73026886383347,4509.316770186336
86.73026886383347,4501.8633540372675
86.73026886383347,4494.409937888198
86.73026886383347,4486.95652173913
86.73026886383347,4479.503105590062
86.73026886383347,4472.0496894409935
86.73026886383347,4464.596273291925
86.73026886383347,4457.142857142857
86.73026886383347,4449.689440993789
86.73026886383347,4442.23602484472
86.73026886383347,4434.782608695652
90.19947961838682,6499.378881987577
90.19947961838682,6491.925465838509
90.19947961838682,6484.472049689441
90.19947961838682,6477.018633540372
90.19947961838682,6469.565217391304
90.19947961838682,6462.111801242236
90.19947961838682,6454.658385093167
90.19947961838682,6447.204968944099
90.19947961838682,6439.751552795031
90.19947961838682,6432.298136645963
90.19947961838682,6424.844720496894
90.19947961838682,6417.391304347826
90.19947961838682,6409.937888198758
90.19947961838682,6402.484472049689
90.19947961838682,6395.031055900621
90.19947961838682,6387.577639751553
90.19947961838682,6380.124223602485
90.19947961838682,6372.670807453416
90.19947961838682,6365.217391304348
90.19947961838682,6357.76397515528
90.19947961838682,6350.310559006211
90.19947961838682,6342.857142857143
90.19947961838682,6335.403726708075
90.19947961838682,6327.9503105590065
90.19947961838682,6320.496894409938
90.19947961838682,6313.04347826087
90.19947961838682,6305.590062111802
90.19947961838682,6298.1366459627325
90.19947961838682,6290.683229813664
90.19947961838682,6283.229813664596
90.19947961838682,6275.776397515528
90.19947961838682,6268.322981366459
90.19947961838682,6260.869565217391
90.19947961838682,6253.416149068323
90.19947961838682,6245.962732919254
90.19947961838682,6238.509316770186
90.19947961838682,6231.055900621118
90.19947961838682,6223.60248447205
90.19947961838682,6216.149068322981
90.19947961838682,6208.695652173913
90.19947961838682,6201.242236024845
90.19947961838682,6193.788819875776
90.19947961838682,6186.335403726708
90.19947961838682,6178.88198757764
90.19947961838682,6171.428571428572
90.19947961838682,6163.975155279503
90.19947961838682,6156.521739130435
90.19947961838682,6149.068322981367
90.19947961838682,6141.614906832298
90.19947961838682,6134.16149068323
90.19947961838682,6126.708074534162
90.19947961838682,6119.2546583850935
90.19947961838682,6111.801242236025
90.19947961838682,6104.347826086957
90.19947961838682,6096.894409937888
90.19947961838682,6089.4409937888195
90.19947961838682,6081.987577639751
90.19947961838682,6074.534161490683
90.19947961838682,6067.080745341615
90.19947961838682,6059.627329192546
90.19947961838682,6052.173913043478
90.19947961838682,6044.72049689441
90.19947961838682,6037.267080745341
90.19947961838682,6029.813664596273
90.19947961838682,6022.360248447205
90.19947961838682,6014.906832298137
90.19947961838682,6007.453416149068
90.19947961838682,6000.0
90.19947961838682,5992.546583850932
90.19947961838682,5985.093167701863
90.19947961838682,5977.639751552795
90.19947961838682,5970.186335403727
90.19947961838682,5962.732919254659
90.19947961838682,5955.27950310559
90.19947961838682,5947.826086956522
90.19947961838682,5940.372670807454
90.19947961838682,5932.919254658385
90.19947961838682,5925.465838509317
90.19947961838682,5918.012422360249
90.19947961838682,5910.5590062111805
90.19947961838682,5903.105590062112
90.19947961838682,5895.652173913043
90.19947961838682,5888.198757763975
90.19947961838682,5880.7453416149065
90.19947961838682,5873.291925465838
90.19947961838682,5865.83850931677
90.19947961838682,5858.385093167702
90.19947961838682,5850.931677018633
90.19947961838682,5843.478260869565
90.19947961838682,5836.024844720497
90.19947961838682,5828.571428571428
90.19947961838682,5821.11801242236
90.19947961838682,5813.664596273292
90.19947961838682,5806.211180124224
90.19947961838682,5798.757763975155
90.19947961838682,5791.304347826087
90.19947961838682,5783.850931677019
90.19947961838682,5776.39751552795
90.19947961838682,5768.944099378882
90.19947961838682,5761.490683229814
90.19947961838682,5754.037267080746
90.19947961838682,5746.583850931677
90.19947961838682,5739.130434782609
90.19947961838682,5731.677018633541
90.19947961838682,5724.223602484472
90.19947961838682,5716.770186335404
90.19947961838682,5709.316770186336
90.19947961838682,5701.8633540372675
90.19947961838682,5694.409937888198
90.19947961838682,5686.95652173913
90.19947961838682,5679.503105590062
90.19947961838682,5672.0496894409935
90.19947961838682,5664.596273291925
90.19947961838682,5657.142857142857
90.19947961838682,5649.689440993789
90.19947961838682,5642.23602484472
90.19947961838682,5634.782608695652
90.19947961838682,5627.329192546584
90.19947961838682,5619.875776397515
90.19947961838682,5612.422360248447
90.19947961838682,5604.968944099379
90.19947961838682,5597.515527950311
90.19947961838682,5590.062111801242
90.19947961838682,5582.608695652174
90.19947961838682,5575.155279503106
90.19947961838682,5567.701863354037
90.19947961838682,5560.248447204969
90.19947961838682,5552.795031055901
90.19947961838682,5545.341614906833
90.19947961838682,5537.888198757764
90.19947961838682,5530.434782608696
90.19947961838682,5522.981366459628
90.19947961838682,5515.527950310559
90.19947961838682,5508.074534161491
90.19947961838682,5500.621118012423
90.19947961838682,5493.167701863354
90.19947961838682,5485.714285714285
90.19947961838682,5478.260869565217
90.19947961838682,5470.807453416149
90.19947961838682,5463.3540372670805
90.19947961838682,5455.900621118012
90.19947961838682,5448.447204968944
90.19947961838682,5440.993788819876
90.19947961838682,5433.540372670807
90.19947961838682,5426.086956521739
90.19947961838682,5418.633540372671
90.19947961838682,5411.180124223602
90.19947961838682,5403.726708074534
90.19947961838682,5396.273291925466
90.19947961838682,5388.819875776398
90.19947961838682,5381.366459627329
90.19947961838682,5373.913043478261
90.19947961838682,5366.459627329193
90.19947961838682,5359.006211180124
90.19947961838682,5351.552795031056
90.19947961838682,5344.099378881988
90.19947961838682,5336.6459627329195
90.19947961838682,5329.192546583851
90.19947961838682,5321.739130434783
90.19947961838682,5314.285714285715
93.66869037294016,6499.378881987577
93.66869037294016,6491.925465838509
93.66869037294016,6484.472049689441
93.66869037294016,6477.018633540372
93.66869037294016,6469.565217391304
93.66869037294016,6462.111801242236
93.66869037294016,6454.658385093167
93.66869037294016,6447.204968944099
93.66869037294016,6439.751552795031
93.66869037294016,6432.298136645963
93.66869037294016,6424.844720496894
93.66869037294016,6417.391304347826
93.66869037294016,6409.937888198758
93.66869037294016,6402.484472049689
93.66869037294016,6395.031055900621
93.66869037294016,6387.577639751553
93.66869037294016,6380.124223602485
93.66869037294016,6372.670807453416
93.66869037294016,6365.217391304348
93.66869037294016,6357.76397515528
93.66869037294016,6350.310559006211
93.66869037294016,6342.857142857143
93.66869037294016,6335.403726708075
93.66869037294016,6327.9503105590065
93.66869037294016,6320.496894409938
93.66869037294016,6313.04347826087
93.66869037294016,6305.590062111802
93.66869037294016,6298.1366459627325
93.66869037294016,6290.683229813664
93.66869037294016,6283.229813664596
93.66869037294016,6275.776397515528
93.66869037294016,6268.322981366459
93.66869037294016,6260.869565217391
93.66869037294016,6253.416149068323
93.66869037294016,6245.962732919254
93.66869037294016,6238.509316770186
93.66869037294016,6231.055900621118
93.66869037294016,6223.60248447205
93.66869037294016,6216.149068322981
93.66869037294016,6208.695652173913
93.66869037294016,6201.242236024845
93.66869037294016,6193.788819875776
93.66869037294016,6186.335403726708
93.66869037294016,6178.88198757764
93.66869037294016,6171.428571428572
93.66869037294016,6163.975155279503
93.66869037294016,6156.521739130435
93.66869037294016,6149.068322981367
93.66869037294016,6141.614906832298
93.66869037294016,6134.16149068323
93.66869037294016,6126.708074534162
93.66869037294016,6119.2546583850935
93.66869037294016,6111.801242236025
93.66869037294016,6104.347826086957
93.66869037294016,6096.894409937888
93.66869037294016,6089.4409937888195
93.66869037294016,6081.987577639751
93.66869037294016,6074.534161490683
93.66869037294016,6067.080745341615
93.66869037294016,6059.627329192546
93.66869037294016,6052.173913043478
93.66869037294016,6044.72049689441
93.66869037294016,6037.267080745341
93.66869037294016,6029.813664596273
93.66869037294016,6022.360248447205
93.66869037294016,6014.906832298137
93.66869037294016,6007.453416149068
97.13790112749349,6484.472049689441
97.13790112749349,6477.018633540372
97.13790112749349,6469.565217391304
97.13790112749349,6462.111801242236
97.13790112749349,6454.658385093167
97.13790112749349,6447.204968944099
97.13790112749349,6439.751552795031
97.13790112749349,6432.298136645963
97.13790112749349,6424.844720496894
97.13790112749349,6417.391304347826
97.13790112749349,6409.937888198758
97.13790112749349,6402.484472049689
97.13790112749349,6395.031055900621
97.13790112749349,6387.577639751553
97.13790112749349,6380.124223602485
97.13790112749349,6372.670807453416
97.13790112749349,6365.217391304348
97.13790112749349,6357.76397515528
97.13790112749349,6350.310559006211
97.13790112749349,6342.857142857143
97.13790112749349,6335.403726708075
97.13790112749349,6327.9503105590065
97.13790112749349,6320.496894409938
97.13790112749349,6313.04347826087
97.13790112749349,6305.590062111802
97.13790112749349,6298.1366459627325
97.13790112749349,6290.683229813664
97.13790112749349,6283.229813664596
97.13790112749349,6275.776397515528
97.13790112749349,6268.322981366459
97.13790112749349,6260.869565217391
97.13790112749349,6253.416149068323
97.13790112749349,6245.962732919254
97.13790112749349,6238.509316770186
97.13790112749349,6231.055900621118
97.13790112749349,6223.60248447205
97.13790112749349,6216.149068322981
97.13790112749349,6208.695652173913
97.13790112749349,6201.242236024845
97.13790112749349,6193.788819875776
97.13790112749349,6186.335403726708
97.13790112749349,6178.88198757764
97.13790112749349,6171.428571428572
97.13790112749349,6163.975155279503
97.13790112749349,6156.521739130435
97.13790112749349,6149.068322981367
97.13790112749349,6141.614906832298
97.13790112749349,6134.16149068323
97.13790112749349,6126.708074534162
97.13790112749349,6119.2546583850935
97.13790112749349,6111.801242236025
97.13790112749349,6104.347826086957
97.13790112749349,6096.894409937888
97.13790112749349,6089.4409937888195
97.13790112749349,6081.987577639751
97.13790112749349,6074.534161490683
97.13790112749349,6067.080745341615
97.13790112749349,6059.627329192546
97.13790112749349,6052.173913043478
97.13790112749349,6044.72049689441
97.13790112749349,6037.267080745341
97.13790112749349,6029.813664596273
97.13790112749349,6022.360248447205
97.13790112749349,6014.906832298137
97.13790112749349,6007.453416149068
97.13790112749349,6000.0
97.13790112749349,5992.546583850932
97.13790112749349,5985.093167701863
97.13790112749349,5977.639751552795
100.60711188204684,6387.577639751553
100.60711188204684,6380.124223602485
100.60711188204684,6372.670807453416
100.60711188204684,6365.217391304348
100.60711188204684,6357.76397515528
100.60711188204684,6350.310559006211
100.60711188204684,6342.857142857143
100.60711188204684,6335.403726708075
100.60711188204684,6327.9503105590065
100.60711188204684,6320.496894409938
100.60711188204684,6313.04347826087
100.60711188204684,6305.590062111802
100.60711188204684,6298.1366459627325
100.60711188204684,6290.683229813664
100.60711188204684,6283.229813664596
100.60711188204684,6275.776397515528
100.60711188204684,6268.322981366459
100.60711188204684,6260.869565217391
100.60711188204684,6253.416149068323
100.60711188204684,6245.962732919254
100.60711188204684,6238.509316770186
100.60711188204684,6231.055900621118
100.60711188204684,6223.60248447205
100.60711188204684,6216.149068322981
100.60711188204684,6208.695652173913
100.60711188204684,6201.242236024845
100.60711188204684,6193.788819875776
100.60711188204684,6186.335403726708
100.60711188204684,6178.88198757764
100.60711188204684,6171.428571428572
100.60711188204684,6163.975155279503
100.60711188204684,6156.521739130435
100.60711188204684,6149.068322981367
100.60711188204684,6141.614906832298
100.60711188204684,6134.16149068323
100.60711188204684,6126.708074534162
100.60711188204684,6119.2546583850935
100.60711188204684,6111.801242236025
100.60711188204684,6104.347826086957
100.60711188204684,6096.894409937888
100.60711188204684,6089.4409937888195
100.60711188204684,6081.987577639751
100.60711188204684,6074.534161490683
100.60711188204684,6067.080745341615
100.60711188204684,6059.627329192546
100.60711188204684,6052.173913043478
100.60711188204684,6044.72049689441
100.60711188204684,6037.267080745341
100.60711188204684,6029.813664596273
100.60711188204684,6022.360248447205
100.60711188204684,6014.906832298137
100.60711188204684,6007.453416149068
100.60711188204684,6000.0
100.60711188204684,5992.546583850932
100.60711188204684,5985.093167701863
100.60711188204684,5977.639751552795
104.07632263660017,6231.055900621118
104.07632263660017,6223.60248447205
104.07632263660017,6216.149068322981
104.07632263660017,6208.695652173913
104.07632263660017,6201.242236024845
104.07632263660017,6193.788819875776
104.07632263660017,6186.335403726708
104.07632263660017,6178.88198757764
104.07632263660017,6171.428571428572
104.07632263660017,6163.975155279503
104.07632263660017,6156.521739130435
104.07632263660017,6149.068322981367
104.07632263660017,6141.614906832298
104.07632263660017,6134.16149068323
104.07632263660017,6126.708074534162
104.07632263660017,6119.2546583850935
104.07632263660017,6111.801242236025
104.07632263660017,6104.347826086957
104.07632263660017,6096.894409937888
104.07632263660017,6089.4409937888195
104.07632263660017,6081.987577639751
104.07632263660017,6074.534161490683
104.07632263660017,6067.080745341615
104.07632263660017,6059.627329192546
104.07632263660017,6052.173913043478
104.07632263660017,6044.72049689441
104.07632263660017,6037.267080745341
104.07632263660017,6029.813664596273
104.07632263660017,6022.360248447205
104.07632263660017,6014.906832298137
104.07632263660017,6007.453416149068
104.07632263660017,6000.0
104.07632263660017,5992.546583850932
104.07632263660017,5985.093167701863
104.07632263660017,5977.639751552795
107.54553339115351,6111.801242236025
107.54553339115351,6104.347826086957
107.54553339115351,6096.894409937888
107.54553339115351,6089.4409937888195
107.54553339115351,6081.987577639751
107.54553339115351,6074.534161490683
107.54553339115351,6067.080745341615
107.54553339115351,6059.627329192546
107.54553339115351,6052.173913043478
107.54553339115351,6044.72049689441
107.54553339115351,6037.267080745341
107.54553339115351,6029.813664596273
107.54553339115351,6022.360248447205
107.54553339115351,6014.906832298137
107.54553339115351,6007.453416149068
107.54553339115351,6000.0
107.54553339115351,5992.546583850932
107.54553339115351,5985.093167701863
107.54553339115351,5977.639751552795
107.54553339115351,5970.186335403727
107.54553339115351,5962.732919254659
107.54553339115351,5955.27950310559
107.54553339115351,5947.826086956522
107.54553339115351,5940.372670807454
107.54553339115351,5932.919254658385
107.54553339115351,5925.465838509317
107.54553339115351,5918.012422360249
107.54553339115351,5910.5590062111805
107.54553339115351,5903.105590062112
107.54553339115351,5895.652173913043
107.54553339115351,5888.198757763975
107.54553339115351,5880.7453416149065
107.54553339115351,5873.291925465838
107.54553339115351,5865.83850931677
107.54553339115351,5858.385093167702
107.54553339115351,5850.931677018633
107.54553339115351,5843.478260869565
107.54553339115351,5836.024844720497
107.54553339115351,5828.571428571428
107.54553339115351,5821.11801242236
107.54553339115351,5813.664596273292
107.54553339115351,5806.211180124224
107.54553339115351,5798.757763975155
107.54553339115351,5791.304347826087
107.54553339115351,5783.850931677019
107.54553339115351,5776.39751552795
107.54553339115351,5768.944099378882
107.54553339115351,5761.490683229814
107.54553339115351,5754.037267080746
107.54553339115351,5746.583850931677
107.54553339115351,5739.130434782609
107.54553339115351,5731.677018633541
107.54553339115351,5724.223602484472
107.54553339115351,5716.770186335404
107.54553339115351,5709.316770186336
107.54553339115351,5701.8633540372675
107.54553339115351,5694.409937888198
107.54553339115351,5686.95652173913
107.54553339115351,5679.503105590062
107.54553339115351,5672.0496894409935
107.54553339115351,5664.596273291925
107.54553339115351,5657.142857142857
107.54553339115351,5649.689440993789
107.54553339115351,5642.23602484472
107.54553339115351,5634.782608695652
107.54553339115351,5627.329192546584
111.01474414570686,6111.801242236025
111.01474414570686,6104.347826086957
111.01474414570686,6096.894409937888
111.01474414570686,6089.4409937888195
111.01474414570686,6081.987577639751
111.01474414570686,6074.534161490683
111.01474414570686,6067.080745341615
111.01474414570686,6059.627329192546
111.01474414570686,6052.173913043478
111.01474414570686,6044.72049689441
111.01474414570686,6037.267080745341
111.01474414570686,6029.813664596273
111.01474414570686,6022.360248447205
111.01474414570686,6014.906832298137
111.01474414570686,6007.453416149068
111.01474414570686,6000.0
111.01474414570686,5992.546583850932
111.01474414570686,5985.093167701863
111.01474414570686,5977.639751552795
111.01474414570686,5970.186335403727
111.01474414570686,5962.732919254659
111.01474414570686,5955.27950310559
111.01474414570686,5947.826086956522
111.01474414570686,5940.372670807454
111.01474414570686,5932.919254658385
111.01474414570686,5925.465838509317
111.01474414570686,5918.012422360249
111.01474414570686,5910.5590062111805
111.01474414570686,5903.105590062112
111.01474414570686,5895.652173913043
111.01474414570686,5888.198757763975
111.01474414570686,5880.7453416149065
111.01474414570686,5873.291925465838
111.01474414570686,5865.83850931677
111.01474414570686,5858.385093167702
111.01474414570686,5850.931677018633
111.01474414570686,5843.478260869565
111.01474414570686,5836.024844720497
111.01474414570686,5828.571428571428
111.01474414570686,5821.11801242236
111.01474414570686,5813.664596273292
111.01474414570686,5806.211180124224
111.01474414570686,5798.757763975155
111.01474414570686,5791.304347826087
111.01474414570686,5783.850931677019
111.01474414570686,5776.39751552795
111.01474414570686,5768.944099378882
111.01474414570686,5761.490683229814
111.01474414570686,5754.037267080746
111.01474414570686,5746.583850931677
111.01474414570686,5739.130434782609
111.01474414570686,5731.677018633541
111.01474414570686,5724.223602484472
111.01474414570686,5716.770186335404
111.01474414570686,5709.316770186336
111.01474414570686,5701.8633540372675
111.01474414570686,5694.409937888198
111.01474414570686,5686.95652173913
111.01474414570686,5679.503105590062
111.01474414570686,5672.0496894409935
111.01474414570686,5664.596273291925
111.01474414570686,5657.142857142857
111.01474414570686,5649.689440993789
111.01474414570686,5642.23602484472
111.01474414570686,5634.782608695652
111.01474414570686,5627.329192546584
111.01474414570686,5619.875776397515
111.01474414570686,5612.422360248447
111.01474414570686,5604.968944099379
111.01474414570686,5597.515527950311
111.01474414570686,5590.062111801242
111.01474414570686,5582.608695652174
111.01474414570686,5575.155279503106
111.01474414570686,5567.701863354037
111.01474414570686,5560.248447204969
111.01474414570686,5552.795031055901
111.01474414570686,5545.341614906833
111.01474414570686,5537.888198757764
111.01474414570686,5530.434782608696
111.01474414570686,5522.981366459628
111.01474414570686,5515.527950310559
111.01474414570686,5508.074534161491
111.01474414570686,5500.621118012423
111.01474414570686,5493.167701863354
111.01474414570686,5485.714285714285
111.01474414570686,5478.260869565217
111.01474414570686,5470.807453416149
111.01474414570686,5463.3540372670805
111.01474414570686,5455.900621118012
111.01474414570686,5448.447204968944
111.01474414570686,5440.993788819876
111.01474414570686,5433.540372670807
111.01474414570686,5426.086956521739
111.01474414570686,5418.633540372671
111.01474414570686,5411.180124223602
111.01474414570686,5403.726708074534
111.01474414570686,5396.273291925466
111.01474414570686,5388.819875776398
111.01474414570686,5381.366459627329
111.01474414570686,5373.913043478261
111.01474414570686,5366.459627329193
111.01474414570686,5359.006211180124
111.01474414570686,5351.552795031056
111.01474414570686,5344.099378881988
111.01474414570686,5336.6459627329195
111.01474414570686,5329.192546583851
111.01474414570686,5321.739130434783
111.01474414570686,5314.285714285715
111.01474414570686,5306.832298136646
111.01474414570686,5299.378881987577
111.01474414570686,5291.925465838509
111.01474414570686,5284.472049689441
111.01474414570686,5277.018633540372
111.01474414570686,5269.565217391304
111.01474414570686,5262.111801242236
111.01474414570686,5254.658385093167
111.01474414570686,5247.204968944099
111.01474414570686,5239.751552795031
111.01474414570686,5232.298136645963
111.01474414570686,5224.844720496894
111.01474414570686,5217.391304347826
111.01474414570686,5209.937888198758
111.01474414570686,5202.484472049689
111.01474414570686,5195.031055900621
111.01474414570686,5187.577639751553
111.01474414570686,5180.124223602485
111.01474414570686,5172.670807453416
111.01474414570686,5165.217391304348
111.01474414570686,5157.76397515528
111.01474414570686,5150.310559006211
111.01474414570686,5142.857142857143
111.01474414570686,5135.403726708075
111.01474414570686,5127.9503105590065
111.01474414570686,5120.496894409938
111.01474414570686,5113.04347826087
111.01474414570686,5105.590062111802
114.48395490026019,6111.801242236025
114.48395490026019,6104.347826086957
114.48395490026019,6096.894409937888
114.48395490026019,6089.4409937888195
114.48395490026019,6081.987577639751
114.48395490026019,6074.534161490683
114.48395490026019,6067.080745341615
114.48395490026019,6059.627329192546
114.48395490026019,6052.173913043478
114.48395490026019,6044.72049689441
114.48395490026019,6037.267080745341
114.48395490026019,6029.813664596273
114.48395490026019,6022.360248447205
114.48395490026019,6014.906832298137
114.48395490026019,6007.453416149068
114.48395490026019,6000.0
114.48395490026019,5992.546583850932
114.48395490026019,5985.093167701863
114.48395490026019,5977.639751552795
114.48395490026019,5970.186335403727
114.48395490026019,5962.732919254659
114.48395490026019,5955.27950310559
114.48395490026019,5947.826086956522
114.48395490026019,5940.372670807454
114.48395490026019,5932.919254658385
114.48395490026019,5925.465838509317
114.48395490026019,5918.012422360249
114.48395490026019,5910.5590062111805
114.48395490026019,5903.105590062112
114.48395490026019,5895.652173913043
114.48395490026019,5888.198757763975
114.48395490026019,5880.7453416149065
114.48395490026019,5873.291925465838
114.48395490026019,5865.83850931677
114.48395490026019,5858.385093167702
114.48395490026019,5850.931677018633
114.48395490026019,5843.478260869565
114.48395490026019,5836.024844720497
114.48395490026019,5828.571428571428
114.48395490026019,5821.11801242236
114.48395490026019,5813.664596273292
114.48395490026019,5806.211180124224
114.48395490026019,5798.757763975155
114.48395490026019,5791.304347826087
114.48395490026019,5783.850931677019
114.48395490026019,5776.39751552795
114.48395490026019,5768.944099378882
114.48395490026019,5761.490683229814
114.48395490026019,5754.037267080746
114.48395490026019,5746.583850931677
114.48395490026019,5739.130434782609
114.48395490026019,5731.677018633541
114.48395490026019,5724.223602484472
114.48395490026019,5716.770186335404
114.48395490026019,5709.316770186336
114.48395490026019,5701.8633540372675
114.48395490026019,5694.409937888198
114.48395490026019,5686.95652173913
114.48395490026019,5679.503105590062
114.48395490026019,5672.0496894409935
114.48395490026019,5664.596273291925
114.48395490026019,5657.142857142857
114.48395490026019,5649.689440993789
114.48395490026019,5642.23602484472
114.48395490026019,5634.782608695652
114.48395490026019,5627.329192546584
114.48395490026019,5619.875776397515
114.48395490026019,5612.422360248447
114.48395490026019,5604.968944099379
114.48395490026019,5597.515527950311
114.48395490026019,5590.062111801242
114.48395490026019,5582.608695652174
114.48395490026019,5575.155279503106
114.48395490026019,5567.701863354037
114.48395490026019,5560.248447204969
114.48395490026019,5552.795031055901
114.48395490026019,5545.341614906833
114.48395490026019,5537.888198757764
114.48395490026019,5530.434782608696
114.48395490026019,5522.981366459628
114.48395490026019,5515.527950310559
114.48395490026019,5508.074534161491
114.48395490026019,5500.621118012423
114.48395490026019,5493.167701863354
114.48395490026019,5485.714285714285
114.48395490026019,5478.260869565217
114.48395490026019,5470.807453416149
114.48395490026019,5463.3540372670805
114.48395490026019,5455.900621118012
114.48395490026019,5448.447204968944
114.48395490026019,5440.993788819876
114.48395490026019,5433.540372670807
114.48395490026019,5426.086956521739
114.48395490026019,5418.633540372671
114.48395490026019,5411.180124223602
114.48395490026019,5403.726708074534
114.48395490026019,5396.273291925466
114.48395490026019,5388.819875776398
114.48395490026019,5381.366459627329
114.48395490026019,5373.913043478261
114.48395490026019,5366.459627329193
114.48395490026019,5359.006211180124
114.48395490026019,5351.552795031056
114.48395490026019,5344.099378881988
114.48395490026019,5336.6459627329195
114.48395490026019,5329.192546583851
114.48395490026019,5321.739130434783
114.48395490026019,5314.285714285715
114.48395490026019,5306.832298136646
114.48395490026019,5299.378881987577
114.48395490026019,5291.925465838509
114.48395490026019,5284.472049689441
114.48395490026019,5277.018633540372
114.48395490026019,5269.565217391304
114.48395490026019,5262.111801242236
114.48395490026019,5254.658385093167
114.48395490026019,5247.204968944099
114.48395490026019,5239.751552795031
114.48395490026019,5232.298136645963
114.48395490026019,5224.844720496894
114.48395490026019,5217.391304347826
114.48395490026019,5209.937888198758
114.48395490026019,5202.484472049689
114.48395490026019,5195.031055900621
114.48395490026019,5187.577639751553
114.48395490026019,5180.124223602485
114.48395490026019,5172.670807453416
114.48395490026019,5165.217391304348
114.48395490026019,5157.76397515528
114.48395490026019,5150.310559006211
114.48395490026019,5142.857142857143
114.48395490026019,5135.403726708075
114.48395490026019,5127.9503105590065
114.48395490026019,5120.496894409938
114.48395490026019,5113.04347826087
114.48395490026019,5105.590062111802
114.48395490026019,5098.1366459627325
114.48395490026019,5090.683229813664
114.48395490026019,5083.229813664596
114.48395490026019,5075.776397515528
114.48395490026019,5068.322981366459
114.48395490026019,5060.869565217391
114.48395490026019,5053.416149068323
114.48395490026019,5045.962732919254
114.48395490026019,5038.509316770186
114.48395490026019,5031.055900621118
114.48395490026019,5023.60248447205
114.48395490026019,5016.149068322981
114.48395490026019,5008.695652173913
114.48395490026019,5001.242236024845
114.48395490026019,4993.788819875776
114.48395490026019,4986.335403726708
114.48395490026019,4978.88198757764
114.48395490026019,4971.428571428572
114.48395490026019,4963.975155279503
114.48395490026019,4956.521739130435
114.48395490026019,4949.068322981367
114.48395490026019,4941.614906832298
114.48395490026019,4934.16149068323
114.48395490026019,4926.708074534162
114.48395490026019,4919.2546583850935
114.48395490026019,4911.801242236025
114.48395490026019,4904.347826086957
114.48395490026019,4896.894409937888
114.48395490026019,4889.4409937888195
114.48395490026019,4881.987577639751
114.48395490026019,4874.534161490683
114.48395490026019,4867.080745341615
114.48395490026019,4859.627329192546
114.48395490026019,4852.173913043478
114.48395490026019,4844.72049689441
114.48395490026019,4837.267080745341
114.48395490026019,4829.813664596273
114.48395490026019,4822.360248447205
114.48395490026019,4814.906832298137
114.48395490026019,4807.453416149068
114.48395490026019,4800.0
114.48395490026019,4792.546583850932
114.48395490026019,4785.093167701863
114.48395490026019,4777.639751552795
114.48395490026019,4770.186335403727
114.48395490026019,4762.732919254659
114.48395490026019,4755.27950310559
114.48395490026019,4747.826086956522
114.48395490026019,4740.372670807454
114.48395490026019,4732.919254658385
114.48395490026019,4725.465838509317
114.48395490026019,4718.012422360249
114.48395490026019,4710.5590062111805
114.48395490026019,4703.105590062112
114.48395490026019,4695.652173913043
114.48395490026019,4688.198757763975
114.48395490026019,4680.7453416149065
114.48395490026019,4673.291925465838
114.48395490026019,4665.83850931677
114.48395490026019,4658.385093167702
114.48395490026019,4650.931677018633
114.48395490026019,4643.478260869565
114.48395490026019,4636.024844720497
117.95316565481353,6081.987577639751
117.95316565481353,6074.534161490683
117.95316565481353,6067.080745341615
117.95316565481353,6059.627329192546
117.95316565481353,6052.173913043478
117.95316565481353,6044.72049689441
117.95316565481353,6037.267080745341
117.95316565481353,6029.813664596273
117.95316565481353,6022.360248447205
117.95316565481353,6014.906832298137
117.95316565481353,6007.453416149068
117.95316565481353,6000.0
117.95316565481353,5992.546583850932
117.95316565481353,5985.093167701863
117.95316565481353,5977.639751552795
117.95316565481353,5970.186335403727
117.95316565481353,5962.732919254659
117.95316565481353,5955.27950310559
117.95316565481353,5947.826086956522
117.95316565481353,5940.372670807454
117.95316565481353,5932.919254658385
117.95316565481353,5925.465838509317
117.95316565481353,5918.012422360249
117.95316565481353,5910.5590062111805
117.95316565481353,5903.105590062112
117.95316565481353,5895.652173913043
117.95316565481353,5888.198757763975
117.95316565481353,5880.7453416149065
117.95316565481353,5873.291925465838
117.95316565481353,5865.83850931677
117.95316565481353,5858.385093167702
117.95316565481353,5850.931677018633
117.95316565481353,5843.478260869565
117.95316565481353,5836.024844720497
117.95316565481353,5828.571428571428
117.95316565481353,5821.11801242236
117.95316565481353,5813.664596273292
117.95316565481353,5806.211180124224
117.95316565481353,5798.757763975155
117.95316565481353,5791.304347826087
117.95316565481353,5783.850931677019
117.95316565481353,5776.39751552795
117.95316565481353,5768.944099378882
117.95316565481353,5761.490683229814
117.95316565481353,5754.037267080746
117.95316565481353,5746.583850931677
117.95316565481353,5739.130434782609
117.95316565481353,5731.677018633541
117.95316565481353,5724.223602484472
117.95316565481353,5716.770186335404
117.95316565481353,5709.316770186336
117.95316565481353,5701.8633540372675
117.95316565481353,5694.409937888198
117.95316565481353,5686.95652173913
117.95316565481353,5679.503105590062
117.95316565481353,5672.0496894409935
117.95316565481353,5664.596273291925
117.95316565481353,5657.142857142857
117.95316565481353,5649.689440993789
117.95316565481353,5642.23602484472
117.95316565481353,5634.782608695652
117.95316565481353,5627.329192546584
117.95316565481353,5619.875776397515
117.95316565481353,5612.422360248447
117.95316565481353,5604.968944099379
117.95316565481353,5597.515527950311
117.95316565481353,5590.062111801242
117.95316565481353,5582.608695652174
117.95316565481353,5575.155279503106
117.95316565481353,5567.701863354037
117.95316565481353,5560.248447204969
117.95316565481353,5552.795031055901
117.95316565481353,5545.341614906833
117.95316565481353,5537.888198757764
117.95316565481353,5530.434782608696
117.95316565481353,5522.981366459628
117.95316565481353,5515.527950310559
117.95316565481353,5508.074534161491
117.95316565481353,5500.621118012423
117.95316565481353,5493.167701863354
117.95316565481353,5485.714285714285
117.95316565481353,5478.260869565217
117.95316565481353,5470.807453416149
117.95316565481353,5463.3540372670805
117.95316565481353,5455.900621118012
117.95316565481353,5448.447204968944
117.95316565481353,5440.993788819876
117.95316565481353,5433.540372670807
117.95316565481353,5426.086956521739
117.95316565481353,5418.633540372671
117.95316565481353,5411.180124223602
117.95316565481353,5403.726708074534
117.95316565481353,5396.273291925466
117.95316565481353,5388.819875776398
117.95316565481353,5381.366459627329
117.95316565481353,5373.913043478261
117.95316565481353,5366.459627329193
117.95316565481353,5359.006211180124
117.95316565481353,5351.552795031056
117.95316565481353,5344.099378881988
117.95316565481353,5336.6459627329195
117.95316565481353,5329.192546583851
117.95316565481353,5321.739130434783
117.95316565481353,5314.285714285715
117.95316565481353,5306.832298136646
117.95316565481353,5299.378881987577
117.95316565481353,5291.925465838509
117.95316565481353,5284.472049689441
117.95316565481353,5277.018633540372
117.95316565481353,5269.565217391304
117.95316565481353,5262.111801242236
117.95316565481353,5254.658385093167
117.95316565481353,5247.204968944099
117.95316565481353,5239.751552795031
117.95316565481353,5232.298136645963
117.95316565481353,5224.844720496894
117.95316565481353,5217.391304347826
117.95316565481353,5209.937888198758
117.95316565481353,5202.484472049689
117.95316565481353,5195.031055900621
117.95316565481353,5187.577639751553
117.95316565481353,5180.124223602485
117.95316565481353,5172.670807453416
117.95316565481353,5165.217391304348
117.95316565481353,5157.76397515528
117.95316565481353,5150.310559006211
117.95316565481353,5142.857142857143
117.95316565481353,5135.403726708075
117.95316565481353,5127.9503105590065
117.95316565481353,5120.496894409938
117.95316565481353,5113.04347826087
117.95316565481353,5105.590062111802
117.95316565481353,5098.1366459627325
117.95316565481353,5090.683229813664
117.95316565481353,5083.229813664596
117.95316565481353,5075.776397515528
117.95316565481353,5068.322981366459
117.95316565481353,5060.869565217391
117.95316565481353,5053.416149068323
117.95316565481353,5045.962732919254
117.95316565481353,5038.509316770186
117.95316565481353,5031.055900621118
117.95316565481353,5023.60248447205
117.95316565481353,5016.149068322981
117.95316565481353,5008.695652173913
117.95316565481353,5001.242236024845
117.95316565481353,4993.788819875776
117.95316565481353,4986.335403726708
117.95316565481353,4978.88198757764
117.95316565481353,4971.428571428572
117.95316565481353,4963.975155279503
117.95316565481353,4956.521739130435
117.95316565481353,4949.068322981367
117.95316565481353,4941.614906832298
117.95316565481353,4934.16149068323
117.95316565481353,4926.708074534162
117.95316565481353,4919.2546583850935
117.95316565481353,4911.801242236025
117.95316565481353,4904.347826086957
117.95316565481353,4896.894409937888
117.95316565481353,4889.4409937888195
117.95316565481353,4881.987577639751
117.95316565481353,4874.534161490683
117.95316565481353,4867.080745341615
117.95316565481353,4859.627329192546
117.95316565481353,4852.173913043478
117.95316565481353,4844.72049689441
117.95316565481353,4837.267080745341
117.95316565481353,4829.813664596273
117.95316565481353,4822.360248447205
117.95316565481353,4814.906832298137
117.95316565481353,4807.453416149068
117.95316565481353,4800.0
117.95316565481353,4792.546583850932
117.95316565481353,4785.093167701863
117.95316565481353,4777.639751552795
117.95316565481353,4770.186335403727
117.95316565481353,4762.732919254659
117.95316565481353,4755.27950310559
117.95316565481353,4747.826086956522
117.95316565481353,4740.372670807454
117.95316565481353,4732.919254658385
117.95316565481353,4725.465838509317
117.95316565481353,4718.012422360249
117.95316565481353,4710.5590062111805
117.95316565481353,4703.105590062112
117.95316565481353,4695.652173913043
117.95316565481353,4688.198757763975
117.95316565481353,4680.7453416149065
117.95316565481353,4673.291925465838
117.95316565481353,4665.83850931677
117.95316565481353,4658.385093167702
117.95316565481353,4650.931677018633
117.95316565481353,4643.478260869565
117.95316565481353,4636.024844720497
117.95316565481353,4628.571428571428
117.95316565481353,4621.11801242236
117.95316565481353,4613.664596273292
117.95316565481353,4606.211180124224
117.95316565481353,4598.757763975155
117.95316565481353,4591.304347826087
117.95316565481353,4583.850931677019
117.95316565481353,4576.39751552795
117.95316565481353,4568.944099378882
117.95316565481353,4561.490683229814
117.95316565481353,4554.037267080746
117.95316565481353,4546.583850931677
117.95316565481353,4539.130434782609
117.95316565481353,4531.677018633541
117.95316565481353,4524.223602484472
117.95316565481353,4516.770186335404
117.95316565481353,4509.316770186336
117.95316565481353,4501.8633540372675
117.95316565481353,4494.409937888198
117.95316565481353,4486.95652173913
117.95316565481353,4479.503105590062
117.95316565481353,4472.0496894409935
117.95316565481353,4464.596273291925
117.95316565481353,4457.142857142857
117.95316565481353,4449.689440993789
117.95316565481353,4442.23602484472
117.95316565481353,4434.782608695652
117.95316565481353,4427.329192546584
117.95316565481353,4419.875776397515
117.95316565481353,4412.422360248447
117.95316565481353,4404.968944099379
117.95316565481353,4397.515527950311
117.95316565481353,4390.062111801242
117.95316565481353,4382.608695652174
117.95316565481353,4375.155279503106
117.95316565481353,4367.701863354037
117.95316565481353,4360.248447204969
117.95316565481353,4352.795031055901
117.95316565481353,4345.341614906833
117.95316565481353,4337.888198757764
117.95316565481353,4330.434782608696
117.95316565481353,4322.981366459628
117.95316565481353,4315.527950310559
117.95316565481353,4308.074534161491
121.42237640936686,5739.130434782609
121.42237640936686,5731.677018633541
121.42237640936686,5724.223602484472
121.42237640936686,5716.770186335404
121.42237640936686,5709.316770186336
121.42237640936686,5701.8633540372675
121.42237640936686,5694.409937888198
121.42237640936686,5686.95652173913
121.42237640936686,5679.503105590062
121.42237640936686,5672.0496894409935
121.42237640936686,5664.596273291925
121.42237640936686,5657.142857142857
121.42237640936686,5649.689440993789
121.42237640936686,5642.23602484472
121.42237640936686,5634.782608695652
121.42237640936686,5627.329192546584
121.42237640936686,5619.875776397515
121.42237640936686,5612.422360248447
121.42237640936686,5604.968944099379
121.42237640936686,5597.515527950311
121.42237640936686,5590.062111801242
121.42237640936686,5582.608695652174
121.42237640936686,5575.155279503106
121.42237640936686,5567.701863354037
121.42237640936686,5560.248447204969
121.42237640936686,5552.795031055901
121.42237640936686,5545.341614906833
121.42237640936686,5537.888198757764
121.42237640936686,5530.434782608696
121.42237640936686,5522.981366459628
121.42237640936686,5515.527950310559
121.42237640936686,5508.074534161491
121.42237640936686,5500.621118012423
121.42237640936686,5493.167701863354
121.42237640936686,5485.714285714285
121.42237640936686,5478.260869565217
121.42237640936686,5470.807453416149
121.42237640936686,5463.3540372670805
121.42237640936686,5455.900621118012
121.42237640936686,5448.447204968944
121.42237640936686,5440.993788819876
121.42237640936686,5433.540372670807
121.42237640936686,5426.086956521739
121.42237640936686,5418.633540372671
121.42237640936686,5411.180124223602
121.42237640936686,5403.726708074534
121.42237640936686,5396.273291925466
121.42237640936686,5388.819875776398
121.42237640936686,5381.366459627329
121.42237640936686,5373.913043478261
121.42237640936686,5366.459627329193
121.42237640936686,5359.006211180124
121.42237640936686,5351.552795031056
121.42237640936686,5344.099378881988
121.42237640936686,5336.6459627329195
121.42237640936686,5329.192546583851
121.42237640936686,5321.739130434783
121.42237640936686,5314.285714285715
121.42237640936686,5306.832298136646
121.42237640936686,5299.378881987577
121.42237640936686,5291.925465838509
121.42237640936686,5284.472049689441
121.42237640936686,5277.018633540372
121.42237640936686,5269.565217391304
121.42237640936686,5262.111801242236
121.42237640936686,5254.658385093167
121.42237640936686,5247.204968944099
121.42237640936686,5239.751552795031
121.42237640936686,5232.298136645963
121.42237640936686,5224.844720496894
121.42237640936686,5217.391304347826
121.42237640936686,5209.937888198758
121.42237640936686,5202.484472049689
121.42237640936686,5195.031055900621
121.42237640936686,5187.577639751553
121.42237640936686,5180.124223602485
121.42237640936686,5172.670807453416
121.42237640936686,5165.217391304348
121.42237640936686,5157.76397515528
121.42237640936686,5150.310559006211
121.42237640936686,5142.857142857143
121.42237640936686,5135.403726708075
121.42237640936686,5127.9503105590065
121.42237640936686,5120.496894409938
121.42237640936686,5113.04347826087
121.42237640936686,5105.590062111802
121.42237640936686,5098.1366459627325
121.42237640936686,5090.683229813664
121.42237640936686,5083.229813664596
121.42237640936686,5075.776397515528
121.42237640936686,5068.322981366459
121.42237640936686,5060.869565217391
121.42237640936686,5053.416149068323
121.42237640936686,5045.962732919254
121.42237640936686,5038.509316770186
121.42237640936686,5031.055900621118
121.42237640936686,5023.60248447205
121.42237640936686,5016.149068322981
121.42237640936686,5008.695652173913
121.42237640936686,5001.242236024845
121.42237640936686,4993.788819875776
121.42237640936686,4986.335403726708
121.42237640936686,4978.88198757764
121.42237640936686,4971.428571428572
121.42237640936686,4963.975155279503
121.42237640936686,4956.521739130435
121.42237640936686,4949.068322981367
121.42237640936686,4941.614906832298
121.42237640936686,4934.16149068323
121.42237640936686,4926.708074534162
121.42237640936686,4919.2546583850935
121.42237640936686,4911.801242236025
121.42237640936686,4904.347826086957
121.42237640936686,4896.894409937888
121.42237640936686,4889.4409937888195
121.42237640936686,4881.987577639751
121.42237640936686,4874.534161490683
121.42237640936686,4867.080745341615
121.42237640936686,4859.627329192546
121.42237640936686,4852.173913043478
121.42237640936686,4844.72049689441
121.42237640936686,4837.267080745341
121.42237640936686,4829.813664596273
121.42237640936686,4822.360248447205
121.42237640936686,4814.906832298137
121.42237640936686,4807.453416149068
121.42237640936686,4800.0
121.42237640936686,4792.546583850932
121.42237640936686,4785.093167701863
121.42237640936686,4777.639751552795
121.42237640936686,4770.186335403727
121.42237640936686,4762.732919254659
121.42237640936686,4755.27950310559
121.42237640936686,4747.826086956522
121.42237640936686,4740.372670807454
121.42237640936686,4732.919254658385
121.42237640936686,4725.465838509317
121.42237640936686,4718.012422360249
121.42237640936686,4710.5590062111805
121.42237640936686,4703.105590062112
121.42237640936686,4695.652173913043
121.42237640936686,4688.198757763975
121.42237640936686,4680.7453416149065
121.42237640936686,4673.291925465838
121.42237640936686,4665.83850931677
121.42237640936686,4658.385093167702
121.42237640936686,4650.931677018633
121.42237640936686,4643.478260869565
121.42237640936686,4636.024844720497
121.42237640936686,4628.571428571428
121.42237640936686,4621.11801242236
121.42237640936686,4613.664596273292
121.42237640936686,4606.211180124224
121.42237640936686,4598.757763975155
121.42237640936686,4591.304347826087
121.42237640936686,4583.850931677019
121.42237640936686,4576.39751552795
121.42237640936686,4568.944099378882
121.42237640936686,4561.490683229814
121.42237640936686,4554.037267080746
121.42237640936686,4546.583850931677
121.42237640936686,4539.130434782609
121.42237640936686,4531.677018633541
121.42237640936686,4524.223602484472
121.42237640936686,4516.770186335404
121.42237640936686,4509.316770186336
121.42237640936686,4501.8633540372675
121.42237640936686,4494.409937888198
121.42237640936686,4486.95652173913
121.42237640936686,4479.503105590062
121.42237640936686,4472.0496894409935
121.42237640936686,4464.596273291925
121.42237640936686,4457.142857142857
121.42237640936686,4449.689440993789
121.42237640936686,4442.23602484472
121.42237640936686,4434.782608695652
121.42237640936686,4427.329192546584
121.42237640936686,4419.875776397515
121.42237640936686,4412.422360248447
121.42237640936686,4404.968944099379
121.42237640936686,4397.515527950311
121.42237640936686,4390.062111801242
121.42237640936686,4382.608695652174
121.42237640936686,4375.155279503106
121.42237640936686,4367.701863354037
121.42237640936686,4360.248447204969
121.42237640936686,4352.795031055901
121.42237640936686,4345.341614906833
121.42237640936686,4337.888198757764
121.42237640936686,4330.434782608696
121.42237640936686,4322.981366459628
121.42237640936686,4315.527950310559
121.42237640936686,4308.074534161491
121.42237640936686,4300.621118012423
121.42237640936686,4293.167701863354
121.42237640936686,4285.714285714285
121.42237640936686,4278.260869565217
121.42237640936686,4270.807453416149
121.42237640936686,4263.3540372670805
121.42237640936686,4255.900621118012
121.42237640936686,4248.447204968944
121.42237640936686,4240.993788819876
121.42237640936686,4233.540372670807
121.42237640936686,4226.086956521739
121.42237640936686,4218.633540372671
121.42237640936686,4211.180124223602
121.42237640936686,4203.726708074534
121.42237640936686,4196.273291925466
121.42237640936686,4188.819875776398
121.42237640936686,4181.366459627329
121.42237640936686,4173.913043478261
121.42237640936686,4166.459627329193
121.42237640936686,4159.006211180124
121.42237640936686,4151.552795031056
121.42237640936686,4144.099378881988
121.42237640936686,4136.6459627329195
121.42237640936686,4129.192546583851
121.42237640936686,4121.739130434783
124.8915871639202,5247.204968944099
124.8915871639202,5239.751552795031
124.8915871639202,5232.298136645963
124.8915871639202,5224.844720496894
124.8915871639202,5217.391304347826
124.8915871639202,5209.937888198758
124.8915871639202,5202.484472049689
124.8915871639202,5195.031055900621
124.8915871639202,5187.577639751553
124.8915871639202,5180.124223602485
124.8915871639202,5172.670807453416
124.8915871639202,5165.217391304348
124.8915871639202,5157.76397515528
124.8915871639202,5150.310559006211
124.8915871639202,5142.857142857143
124.8915871639202,5135.403726708075
124.8915871639202,5127.9503105590065
124.8915871639202,5120.496894409938
124.8915871639202,5113.04347826087
124.8915871639202,5105.590062111802
124.8915871639202,5098.1366459627325
124.8915871639202,5090.683229813664
124.8915871639202,5083.229813664596
124.8915871639202,5075.776397515528
124.8915871639202,5068.322981366459
124.8915871639202,5060.869565217391
124.8915871639202,5053.416149068323
124.8915871639202,5045.962732919254
124.8915871639202,5038.509316770186
124.8915871639202,5031.055900621118
124.8915871639202,5023.60248447205
124.8915871639202,5016.149068322981
124.8915871639202,5008.695652173913
124.8915871639202,5001.242236024845
124.8915871639202,4993.788819875776
124.8915871639202,4986.335403726708
124.8915871639202,4978.88198757764
124.8915871639202,4971.428571428572
124.8915871639202,4963.975155279503
124.8915871639202,4956.521739130435
124.8915871639202,4949.068322981367
124.8915871639202,4941.614906832298
124.8915871639202,4934.16149068323
124.8915871639202,4926.708074534162
124.8915871639202,4919.2546583850935
124.8915871639202,4911.801242236025
124.8915871639202,4904.347826086957
124.8915871639202,4896.894409937888
124.8915871639202,4889.4409937888195
124.8915871639202,4881.987577639751
124.8915871639202,4874.534161490683
124.8915871639202,4867.080745341615
124.8915871639202,4859.627329192546
124.8915871639202,4852.173913043478
124.8915871639202,4844.72049689441
124.8915871639202,4837.267080745341
124.8915871639202,4829.813664596273
124.8915871639202,4822.360248447205
124.8915871639202,4814.906832298137
124.8915871639202,4807.453416149068
124.8915871639202,4800.0
124.8915871639202,4792.546583850932
124.8915871639202,4785.093167701863
124.8915871639202,4777.639751552795
124.8915871639202,4770.186335403727
124.8915871639202,4762.732919254659
124.8915871639202,4755.27950310559
124.8915871639202,4747.826086956522
124.8915871639202,4740.372670807454
124.8915871639202,4732.919254658385
124.8915871639202,4725.465838509317
124.8915871639202,4718.012422360249
124.8915871639202,4710.5590062111805
124.8915871639202,4703.105590062112
124.8915871639202,4695.652173913043
124.8915871639202,4688.198757763975
124.8915871639202,4680.7453416149065
124.8915871639202,4673.291925465838
124.8915871639202,4665.83850931677
124.8915871639202,4658.385093167702
124.8915871639202,4650.931677018633
124.8915871639202,4643.478260869565
124.8915871639202,4636.024844720497
124.8915871639202,4628.571428571428
124.8915871639202,4621.11801242236
124.8915871639202,4613.664596273292
124.8915871639202,4606.211180124224
124.8915871639202,4598.757763975155
124.8915871639202,4591.304347826087
124.8915871639202,4583.850931677019
124.8915871639202,4576.39751552795
124.8915871639202,4568.944099378882
124.8915871639202,4561.490683229814
124.8915871639202,4554.037267080746
124.8915871639202,4546.583850931677
124.8915871639202,4539.130434782609
124.8915871639202,4531.677018633541
124.8915871639202,4524.223602484472
124.8915871639202,4516.770186335404
124.8915871639202,4509.316770186336
124.8915871639202,4501.8633540372675
124.8915871639202,4494.409937888198
124.8915871639202,4486.95652173913
124.8915871639202,4479.503105590062
124.8915871639202,4472.0496894409935
124.8915871639202,4464.596273291925
124.8915871639202,4457.142857142857
124.8915871639202,4449.689440993789
124.8915871639202,4442.23602484472
124.8915871639202,4434.782608695652
124.8915871639202,4427.329192546584
124.8915871639202,4419.875776397515
124.8915871639202,4412.422360248447
124.8915871639202,4404.968944099379
124.8915871639202,4397.515527950311
124.8915871639202,4390.062111801242
124.8915871639202,4382.608695652174
124.8915871639202,4375.155279503106
124.8915871639202,4367.701863354037
124.8915871639202,4360.248447204969
124.8915871639202,4352.795031055901
124.8915871639202,4345.341614906833
124.8915871639202,4337.888198757764
124.8915871639202,4330.434782608696
124.8915871639202,4322.981366459628
124.8915871639202,4315.527950310559
124.8915871639202,4308.074534161491
124.8915871639202,4300.621118012423
124.8915871639202,4293.167701863354
124.8915871639202,4285.714285714285
124.8915871639202,4278.260869565217
124.8915871639202,4270.807453416149
124.8915871639202,4263.3540372670805
124.8915871639202,4255.900621118012
124.8915871639202,4248.447204968944
124.8915871639202,4240.993788819876
124.8915871639202,4233.540372670807
124.8915871639202,4226.086956521739
124.8915871639202,4218.633540372671
124.8915871639202,4211.180124223602
124.8915871639202,4203.726708074534
124.8915871639202,4196.273291925466
124.8915871639202,4188.819875776398
124.8915871639202,4181.366459627329
124.8915871639202,4173.913043478261
124.8915871639202,4166.459627329193
124.8915871639202,4159.006211180124
124.8915871639202,4151.552795031056
124.8915871639202,4144.099378881988
124.8915871639202,4136.6459627329195
124.8915871639202,4129.192546583851
124.8915871639202,4121.739130434783
124.8915871639202,4114.285714285715
124.8915871639202,4106.832298136646
124.8915871639202,4099.378881987577
124.8915871639202,4091.9254658385094
124.8915871639202,4084.472049689441
124.8915871639202,4077.018633540373
124.8915871639202,4069.5652173913045
124.8915871639202,4062.111801242236
124.8915871639202,4054.658385093168
124.8915871639202,4047.204968944099
124.8915871639202,4039.751552795031
124.8915871639202,4032.2981366459626
124.8915871639202,4024.8447204968943
124.8915871639202,4017.391304347826
124.8915871639202,4009.9378881987577
124.8915871639202,4002.4844720496894
124.8915871639202,3995.031055900621
128.36079791847354,4740.372670807454
128.36079791847354,4732.919254658385
128.36079791847354,4725.465838509317
128.36079791847354,4718.012422360249
128.36079791847354,4710.5590062111805
128.36079791847354,4703.105590062112
128.36079791847354,4695.652173913043
128.36079791847354,4688.198757763975
128.36079791847354,4680.7453416149065
128.36079791847354,4673.291925465838
128.36079791847354,4665.83850931677
128.36079791847354,4658.385093167702
128.36079791847354,4650.931677018633
128.36079791847354,4643.478260869565
128.36079791847354,4636.024844720497
128.36079791847354,4628.571428571428
128.36079791847354,4621.11801242236
128.36079791847354,4613.664596273292
128.36079791847354,4606.211180124224
128.36079791847354,4598.757763975155
128.36079791847354,4591.304347826087
128.36079791847354,4583.850931677019
128.36079791847354,4576.39751552795
128.36079791847354,4568.944099378882
128.36079791847354,4561.490683229814
128.36079791847354,4554.037267080746
128.36079791847354,4546.583850931677
128.36079791847354,4539.130434782609
128.36079791847354,4531.677018633541
128.36079791847354,4524.223602484472
128.36079791847354,4516.770186335404
128.36079791847354,4509.316770186336
128.36079791847354,4501.8633540372675
128.36079791847354,4494.409937888198
128.36079791847354,4486.95652173913
128.36079791847354,4479.503105590062
128.36079791847354,4472.0496894409935
128.36079791847354,4464.596273291925
128.36079791847354,4457.142857142857
128.36079791847354,4449.689440993789
128.36079791847354,4442.23602484472
128.36079791847354,4434.782608695652
128.36079791847354,4427.329192546584
128.36079791847354,4419.875776397515
128.36079791847354,4412.422360248447
128.36079791847354,4404.968944099379
128.36079791847354,4397.515527950311
128.36079791847354,4390.062111801242
128.36079791847354,4382.608695652174
128.36079791847354,4375.155279503106
128.36079791847354,4367.701863354037
128.36079791847354,4360.248447204969
128.36079791847354,4352.795031055901
128.36079791847354,4345.341614906833
128.36079791847354,4337.888198757764
128.36079791847354,4330.434782608696
128.36079791847354,4322.981366459628
128.36079791847354,4315.527950310559
128.36079791847354,4308.074534161491
128.36079791847354,4300.621118012423
128.36079791847354,4293.167701863354
128.36079791847354,4285.714285714285
128.36079791847354,4278.260869565217
128.36079791847354,4270.807453416149
128.36079791847354,4263.3540372670805
128.36079791847354,4255.900621118012
128.36079791847354,4248.447204968944
128.36079791847354,4240.993788819876
128.36079791847354,4233.540372670807
128.36079791847354,4226.086956521739
128.36079791847354,4218.633540372671
128.36079791847354,4211.180124223602
128.36079791847354,4203.726708074534
128.36079791847354,4196.273291925466
128.36079791847354,4188.819875776398
128.36079791847354,4181.366459627329
128.36079791847354,4173.913043478261
128.36079791847354,4166.459627329193
128.36079791847354,4159.006211180124
128.36079791847354,4151.552795031056
128.36079791847354,4144.099378881988
128.36079791847354,4136.6459627329195
128.36079791847354,4129.192546583851
128.36079791847354,4121.739130434783
128.36079791847354,4114.285714285715
128.36079791847354,4106.832298136646
128.36079791847354,4099.378881987577
128.36079791847354,4091.9254658385094
128.36079791847354,4084.472049689441
128.36079791847354,4077.018633540373
128.36079791847354,4069.5652173913045
128.36079791847354,4062.111801242236
128.36079791847354,4054.658385093168
128.36079791847354,4047.204968944099
128.36079791847354,4039.751552795031
128.36079791847354,4032.2981366459626
128.36079791847354,4024.8447204968943
128.36079791847354,4017.391304347826
128.36079791847354,4009.9378881987577
128.36079791847354,4002.4844720496894
128.36079791847354,3995.031055900621
128.36079791847354,3987.577639751553
128.36079791847354,3980.1242236024846
128.36079791847354,3972.6708074534163
128.36079791847354,3965.217391304348
128.36079791847354,3957.7639751552797
128.36079791847354,3950.3105590062114
128.36079791847354,3942.8571428571427
131.8300086730269,4375.155279503106
131.8300086730269,4367.701863354037
131.8300086730269,4360.248447204969
131.8300086730269,4352.795031055901
131.8300086730269,4345.341614906833
131.8300086730269,4337.888198757764
131.8300086730269,4330.434782608696
131.8300086730269,4322.981366459628
131.8300086730269,4315.527950310559
131.8300086730269,4308.074534161491
131.8300086730269,4300.621118012423
131.8300086730269,4293.167701863354
131.8300086730269,4285.714285714285
131.8300086730269,4278.260869565217
131.8300086730269,4270.807453416149
131.8300086730269,4263.3540372670805
131.8300086730269,4255.900621118012
131.8300086730269,4248.447204968944
131.8300086730269,4240.993788819876
131.8300086730269,4233.540372670807
131.8300086730269,4226.086956521739
131.8300086730269,4218.633540372671
131.8300086730269,4211.180124223602
131.8300086730269,4203.726708074534
131.8300086730269,4196.273291925466
131.8300086730269,4188.819875776398
131.8300086730269,4181.366459627329
131.8300086730269,4173.913043478261
131.8300086730269,4166.459627329193
131.8300086730269,4159.006211180124
131.8300086730269,4151.552795031056
131.8300086730269,4144.099378881988
131.8300086730269,4136.6459627329195
131.8300086730269,4129.192546583851
131.8300086730269,4121.739130434783
131.8300086730269,4114.285714285715
131.8300086730269,4106.832298136646
131.8300086730269,4099.378881987577
131.8300086730269,4091.9254658385094
131.8300086730269,4084.472049689441
131.8300086730269,4077.018633540373
131.8300086730269,4069.5652173913045
131.8300086730269,4062.111801242236
131.8300086730269,4054.658385093168
131.8300086730269,4047.204968944099
131.8300086730269,4039.751552795031
131.8300086730269,4032.2981366459626
131.8300086730269,4024.8447204968943
131.8300086730269,4017.391304347826
131.8300086730269,4009.9378881987577
131.8300086730269,4002.4844720496894
131.8300086730269,3995.031055900621
131.8300086730269,3987.577639751553
131.8300086730269,3980.1242236024846
131.8300086730269,3972.6708074534163
131.8300086730269,3965.217391304348
131.8300086730269,3957.7639751552797
131.8300086730269,3950.3105590062114
131.8300086730269,3942.8571428571427
131.8300086730269,3935.4037267080744
131.8300086730269,3927.950310559006
131.8300086730269,3920.496894409938
131.8300086730269,3913.0434782608695
131.8300086730269,3905.590062111801
131.8300086730269,3898.136645962733
131.8300086730269,3890.6832298136646
135.29921942758023,4166.459627329193
135.29921942758023,4159.006211180124
135.29921942758023,4151.552795031056
135.29921942758023,4144.099378881988
135.29921942758023,4136.6459627329195
135.29921942758023,4129.192546583851
135.29921942758023,4121.739130434783
135.29921942758023,4114.285714285715
135.29921942758023,4106.832298136646
135.29921942758023,4099.378881987577
135.29921942758023,4091.9254658385094
135.29921942758023,4084.472049689441
135.29921942758023,4077.018633540373
135.29921942758023,4069.5652173913045
135.29921942758023,4062.111801242236
135.29921942758023,4054.658385093168
135.29921942758023,4047.204968944099
135.29921942758023,4039.751552795031
135.29921942758023,4032.2981366459626
135.29921942758023,4024.8447204968943
135.29921942758023,4017.391304347826
135.29921942758023,4009.9378881987577
135.29921942758023,4002.4844720496894
135.29921942758023,3995.031055900621
135.29921942758023,3987.577639751553
135.29921942758023,3980.1242236024846
135.29921942758023,3972.6708074534163
135.29921942758023,3965.217391304348
135.29921942758023,3957.7639751552797
135.29921942758023,3950.3105590062114
135.29921942758023,3942.8571428571427
135.29921942758023,3935.4037267080744
135.29921942758023,3927.950310559006
135.29921942758023,3920.496894409938
135.29921942758023,3913.0434782608695
135.29921942758023,3905.590062111801
135.29921942758023,3898.136645962733
135.29921942758023,3890.6832298136646
135.29921942758023,3883.2298136645963
135.29921942758023,3875.776397515528
135.29921942758023,3868.3229813664598
135.29921942758023,3860.8695652173915
135.29921942758023,3853.416149068323
135.29921942758023,3845.9627329192544
135.29921942758023,3838.509316770186
135.29921942758023,3831.055900621118
135.29921942758023,3823.6024844720496
135.29921942758023,3816.1490683229813
135.29921942758023,3808.695652173913
135.29921942758023,3801.2422360248447
135.29921942758023,3793.7888198757764
135.29921942758023,3786.335403726708
135.29921942758023,3778.88198757764
135.29921942758023,3771.4285714285716
135.29921942758023,3763.9751552795033
135.29921942758023,3756.521739130435
135.29921942758023,3749.0683229813662
135.29921942758023,3741.614906832298
135.29921942758023,3734.1614906832297
138.76843018213356,4017.391304347826
138.76843018213356,4009.9378881987577
138.76843018213356,4002.4844720496894
138.76843018213356,3995.031055900621
138.76843018213356,3987.577639751553
138.76843018213356,3980.1242236024846
138.76843018213356,3972.6708074534163
138.76843018213356,3965.217391304348
138.76843018213356,3957.7639751552797
138.76843018213356,3950.3105590062114
138.76843018213356,3942.8571428571427
138.76843018213356,3935.4037267080744
138.76843018213356,3927.950310559006
138.76843018213356,3920.496894409938
138.76843018213356,3913.0434782608695
138.76843018213356,3905.590062111801
138.76843018213356,3898.136645962733
138.76843018213356,3890.6832298136646
138.76843018213356,3883.2298136645963
138.76843018213356,3875.776397515528
138.76843018213356,3868.3229813664598
138.76843018213356,3860.8695652173915
138.76843018213356,3853.416149068323
138.76843018213356,3845.9627329192544
138.76843018213356,3838.509316770186
138.76843018213356,3831.055900621118
138.76843018213356,3823.6024844720496
138.76843018213356,3816.1490683229813
138.76843018213356,3808.695652173913
138.76843018213356,3801.2422360248447
138.76843018213356,3793.7888198757764
138.76843018213356,3786.335403726708
138.76843018213356,3778.88198757764
138.76843018213356,3771.4285714285716
138.76843018213356,3763.9751552795033
138.76843018213356,3756.521739130435
138.76843018213356,3749.0683229813662
138.76843018213356,3741.614906832298
138.76843018213356,3734.1614906832297
138.76843018213356,3726.7080745341614
138.76843018213356,3719.254658385093
138.76843018213356,3711.801242236025
138.76843018213356,3704.3478260869565
138.76843018213356,3696.894409937888
138.76843018213356,3689.44099378882
138.76843018213356,3681.9875776397516
138.76843018213356,3674.5341614906833
138.76843018213356,3667.080745341615
138.76843018213356,3659.6273291925468
138.76843018213356,3652.1739130434785
138.76843018213356,3644.7204968944097
138.76843018213356,3637.2670807453414
138.76843018213356,3629.813664596273
138.76843018213356,3622.360248447205
138.76843018213356,3614.9068322981366
138.76843018213356,3607.4534161490683
138.76843018213356,3600.0
138.76843018213356,3592.5465838509317
138.76843018213356,3585.0931677018634
138.76843018213356,3577.639751552795
138.76843018213356,3570.186335403727
138.76843018213356,3562.7329192546586
138.76843018213356,3555.2795031055903
138.76843018213356,3547.8260869565215
138.76843018213356,3540.3726708074532
138.76843018213356,3532.919254658385
138.76843018213356,3525.4658385093167
138.76843018213356,3518.0124223602484
138.76843018213356,3510.55900621118
138.76843018213356,3503.105590062112
138.76843018213356,3495.6521739130435
138.76843018213356,3488.198757763975
138.76843018213356,3480.745341614907
138.76843018213356,3473.2919254658386
138.76843018213356,3465.8385093167703
138.76843018213356,3458.385093167702
138.76843018213356,3450.9316770186338
138.76843018213356,3443.478260869565
138.76843018213356,3436.0248447204967
138.76843018213356,3428.5714285714284
138.76843018213356,3421.11801242236
142.23764093668692,3950.3105590062114
142.23764093668692,3942.8571428571427
142.23764093668692,3935.4037267080744
142.23764093668692,3927.950310559006
142.23764093668692,3920.496894409938
142.23764093668692,3913.0434782608695
142.23764093668692,3905.590062111801
142.23764093668692,3898.136645962733
142.23764093668692,3890.6832298136646
142.23764093668692,3883.2298136645963
142.23764093668692,3875.776397515528
142.23764093668692,3868.3229813664598
142.23764093668692,3860.8695652173915
142.23764093668692,3853.416149068323
142.23764093668692,3845.9627329192544
142.23764093668692,3838.509316770186
142.23764093668692,3831.055900621118
142.23764093668692,3823.6024844720496
142.23764093668692,3816.1490683229813
142.23764093668692,3808.695652173913
142.23764093668692,3801.2422360248447
142.23764093668692,3793.7888198757764
142.23764093668692,3786.335403726708
142.23764093668692,3778.88198757764
142.23764093668692,3771.4285714285716
142.23764093668692,3763.9751552795033
142.23764093668692,3756.521739130435
142.23764093668692,3749.0683229813662
142.23764093668692,3741.614906832298
142.23764093668692,3734.1614906832297
142.23764093668692,3726.7080745341614
142.23764093668692,3719.254658385093
142.23764093668692,3711.801242236025
142.23764093668692,3704.3478260869565
142.23764093668692,3696.894409937888
142.23764093668692,3689.44099378882
142.23764093668692,3681.9875776397516
142.23764093668692,3674.5341614906833
142.23764093668692,3667.080745341615
142.23764093668692,3659.6273291925468
142.23764093668692,3652.1739130434785
142.23764093668692,3644.7204968944097
142.23764093668692,3637.2670807453414
142.23764093668692,3629.813664596273
142.23764093668692,3622.360248447205
142.23764093668692,3614.9068322981366
142.23764093668692,3607.4534161490683
142.23764093668692,3600.0
142.23764093668692,3592.5465838509317
142.23764093668692,3585.0931677018634
142.23764093668692,3577.639751552795
142.23764093668692,3570.186335403727
142.23764093668692,3562.7329192546586
142.23764093668692,3555.2795031055903
142.23764093668692,3547.8260869565215
142.23764093668692,3540.3726708074532
142.23764093668692,3532.919254658385
142.23764093668692,3525.4658385093167
142.23764093668692,3518.0124223602484
142.23764093668692,3510.55900621118
142.23764093668692,3503.105590062112
142.23764093668692,3495.6521739130435
142.23764093668692,3488.198757763975
142.23764093668692,3480.745341614907
142.23764093668692,3473.2919254658386
142.23764093668692,3465.8385093167703
142.23764093668692,3458.385093167702
142.23764093668692,3450.9316770186338
142.23764093668692,3443.478260869565
142.23764093668692,3436.0248447204967
142.23764093668692,3428.5714285714284
142.23764093668692,3421.11801242236
142.23764093668692,3413.664596273292
142.23764093668692,3406.2111801242236
142.23764093668692,3398.7577639751553
142.23764093668692,3391.304347826087
142.23764093668692,3383.8509316770187
142.23764093668692,3376.3975155279504
142.23764093668692,3368.944099378882
142.23764093668692,3361.490683229814
142.23764093668692,3354.0372670807456
142.23764093668692,3346.583850931677
142.23764093668692,3339.1304347826085
142.23764093668692,3331.6770186335402
142.23764093668692,3324.223602484472
142.23764093668692,3316.7701863354037
142.23764093668692,3309.3167701863354
142.23764093668692,3301.863354037267
142.23764093668692,3294.409937888199
142.23764093668692,3286.9565217391305
142.23764093668692,3279.503105590062
142.23764093668692,3272.049689440994
142.23764093668692,3264.5962732919256
142.23764093668692,3257.1428571428573
142.23764093668692,3249.6894409937886
142.23764093668692,3242.2360248447203
142.23764093668692,3234.782608695652
142.23764093668692,3227.3291925465837
142.23764093668692,3219.8757763975154
142.23764093668692,3212.422360248447
142.23764093668692,3204.968944099379
142.23764093668692,3197.5155279503106
142.23764093668692,3190.0621118012423
142.23764093668692,3182.608695652174
142.23764093668692,3175.1552795031057
142.23764093668692,3167.7018633540374
142.23764093668692,3160.248447204969
142.23764093668692,3152.795031055901
142.23764093668692,3145.341614906832
142.23764093668692,3137.888198757764
142.23764093668692,3130.4347826086955
142.23764093668692,3122.981366459627
142.23764093668692,3115.527950310559
142.23764093668692,3108.0745341614906
142.23764093668692,3100.6211180124224
142.23764093668692,3093.167701863354
142.23764093668692,3085.714285714286
142.23764093668692,3078.2608695652175
142.23764093668692,3070.807453416149
142.23764093668692,3063.354037267081
142.23764093668692,3055.9006211180126
142.23764093668692,3048.447204968944
142.23764093668692,3040.9937888198756
145.70685169124025,3898.136645962733
145.70685169124025,3890.6832298136646
145.70685169124025,3883.2298136645963
145.70685169124025,3875.776397515528
145.70685169124025,3868.3229813664598
145.70685169124025,3860.8695652173915
145.70685169124025,3853.416149068323
145.70685169124025,3845.9627329192544
145.70685169124025,3838.509316770186
145.70685169124025,3831.055900621118
145.70685169124025,3823.6024844720496
145.70685169124025,3816.1490683229813
145.70685169124025,3808.695652173913
145.70685169124025,3801.2422360248447
145.70685169124025,3793.7888198757764
145.70685169124025,3786.335403726708
145.70685169124025,3778.88198757764
145.70685169124025,3771.4285714285716
145.70685169124025,3763.9751552795033
145.70685169124025,3756.521739130435
145.70685169124025,3749.0683229813662
145.70685169124025,3741.614906832298
145.70685169124025,3734.1614906832297
145.70685169124025,3726.7080745341614
145.70685169124025,3719.254658385093
145.70685169124025,3711.801242236025
145.70685169124025,3704.3478260869565
145.70685169124025,3696.894409937888
145.70685169124025,3689.44099378882
145.70685169124025,3681.9875776397516
145.70685169124025,3674.5341614906833
145.70685169124025,3667.080745341615
145.70685169124025,3659.6273291925468
145.70685169124025,3652.1739130434785
145.70685169124025,3644.7204968944097
145.70685169124025,3637.2670807453414
145.70685169124025,3629.813664596273
145.70685169124025,3622.360248447205
145.70685169124025,3614.9068322981366
145.70685169124025,3607.4534161490683
145.70685169124025,3600.0
145.70685169124025,3592.5465838509317
145.70685169124025,3585.0931677018634
145.70685169124025,3577.639751552795
145.70685169124025,3570.186335403727
145.70685169124025,3562.7329192546586
145.70685169124025,3555.2795031055903
145.70685169124025,3547.8260869565215
145.70685169124025,3540.3726708074532
145.70685169124025,3532.919254658385
145.70685169124025,3525.4658385093167
145.70685169124025,3518.0124223602484
145.70685169124025,3510.55900621118
145.70685169124025,3503.105590062112
145.70685169124025,3495.6521739130435
145.70685169124025,3488.198757763975
145.70685169124025,3480.745341614907
145.70685169124025,3473.2919254658386
145.70685169124025,3465.8385093167703
145.70685169124025,3458.385093167702
145.70685169124025,3450.9316770186338
145.70685169124025,3443.478260869565
145.70685169124025,3436.0248447204967
145.70685169124025,3428.5714285714284
145.70685169124025,3421.11801242236
145.70685169124025,3413.664596273292
145.70685169124025,3406.2111801242236
145.70685169124025,3398.7577639751553
145.70685169124025,3391.304347826087
145.70685169124025,3383.8509316770187
145.70685169124025,3376.3975155279504
145.70685169124025,3368.944099378882
145.70685169124025,3361.490683229814
145.70685169124025,3354.0372670807456
145.70685169124025,3346.583850931677
145.70685169124025,3339.1304347826085
145.70685169124025,3331.6770186335402
145.70685169124025,3324.223602484472
145.70685169124025,3316.7701863354037
145.70685169124025,3309.3167701863354
145.70685169124025,3301.863354037267
145.70685169124025,3294.409937888199
145.70685169124025,3286.9565217391305
145.70685169124025,3279.503105590062
145.70685169124025,3272.049689440994
145.70685169124025,3264.5962732919256
145.70685169124025,3257.1428571428573
145.70685169124025,3249.6894409937886
145.70685169124025,3242.2360248447203
145.70685169124025,3234.782608695652
145.70685169124025,3227.3291925465837
145.70685169124025,3219.8757763975154
145.70685169124025,3212.422360248447
145.70685169124025,3204.968944099379
145.70685169124025,3197.5155279503106
145.70685169124025,3190.0621118012423
145.70685169124025,3182.608695652174
145.70685169124025,3175.1552795031057
145.70685169124025,3167.7018633540374
145.70685169124025,3160.248447204969
145.70685169124025,3152.795031055901
145.70685169124025,3145.341614906832
145.70685169124025,3137.888198757764
145.70685169124025,3130.4347826086955
145.70685169124025,3122.981366459627
145.70685169124025,3115.527950310559
145.70685169124025,3108.0745341614906
145.70685169124025,3100.6211180124224
145.70685169124025,3093.167701863354
145.70685169124025,3085.714285714286
145.70685169124025,3078.2608695652175
145.70685169124025,3070.807453416149
145.70685169124025,3063.354037267081
145.70685169124025,3055.9006211180126
145.70685169124025,3048.447204968944
145.70685169124025,3040.9937888198756
145.70685169124025,3033.5403726708073
145.70685169124025,3026.086956521739
145.70685169124025,3018.6335403726707
145.70685169124025,3011.1801242236024
145.70685169124025,3003.726708074534
145.70685169124025,2996.273291925466
145.70685169124025,2988.8198757763976
145.70685169124025,2981.3664596273293
145.70685169124025,2973.913043478261
145.70685169124025,2966.4596273291927
145.70685169124025,2959.0062111801244
145.70685169124025,2951.552795031056
145.70685169124025,2944.0993788819874
145.70685169124025,2936.645962732919
145.70685169124025,2929.192546583851
145.70685169124025,2921.7391304347825
145.70685169124025,2914.285714285714
145.70685169124025,2906.832298136646
145.70685169124025,2899.3788819875776
145.70685169124025,2891.9254658385094
145.70685169124025,2884.472049689441
145.70685169124025,2877.018633540373
145.70685169124025,2869.5652173913045
145.70685169124025,2862.111801242236
145.70685169124025,2854.658385093168
145.70685169124025,2847.204968944099
145.70685169124025,2839.751552795031
145.70685169124025,2832.2981366459626
145.70685169124025,2824.8447204968943
145.70685169124025,2817.391304347826
145.70685169124025,2809.9378881987577
145.70685169124025,2802.4844720496894
145.70685169124025,2795.031055900621
145.70685169124025,2787.577639751553
145.70685169124025,2780.1242236024846
145.70685169124025,2772.6708074534163
145.70685169124025,2765.217391304348
145.70685169124025,2757.7639751552797
145.70685169124025,2750.3105590062114
145.70685169124025,2742.8571428571427
145.70685169124025,2735.4037267080744
145.70685169124025,2727.950310559006
145.70685169124025,2720.496894409938
145.70685169124025,2713.0434782608695
149.17606244579358,3786.335403726708
149.17606244579358,3778.88198757764
149.17606244579358,3771.4285714285716
149.17606244579358,3763.9751552795033
149.17606244579358,3756.521739130435
149.17606244579358,3749.0683229813662
149.17606244579358,3741.614906832298
149.17606244579358,3734.1614906832297
149.17606244579358,3726.7080745341614
149.17606244579358,3719.254658385093
149.17606244579358,3711.801242236025
149.17606244579358,3704.3478260869565
149.17606244579358,3696.894409937888
149.17606244579358,3689.44099378882
149.17606244579358,3681.9875776397516
149.17606244579358,3674.5341614906833
149.17606244579358,3667.080745341615
149.17606244579358,3659.6273291925468
149.17606244579358,3652.1739130434785
149.17606244579358,3644.7204968944097
149.17606244579358,3637.2670807453414
149.17606244579358,3629.813664596273
149.17606244579358,3622.360248447205
149.17606244579358,3614.9068322981366
149.17606244579358,3607.4534161490683
149.17606244579358,3600.0
149.17606244579358,3592.5465838509317
149.17606244579358,3585.0931677018634
149.17606244579358,3577.639751552795
149.17606244579358,3570.186335403727
149.17606244579358,3562.7329192546586
149.17606244579358,3555.2795031055903
149.17606244579358,3547.8260869565215
149.17606244579358,3540.3726708074532
149.17606244579358,3532.919254658385
149.17606244579358,3525.4658385093167
149.17606244579358,3518.0124223602484
149.17606244579358,3510.55900621118
149.17606244579358,3503.105590062112
149.17606244579358,3495.6521739130435
149.17606244579358,3488.198757763975
149.17606244579358,3480.745341614907
149.17606244579358,3473.2919254658386
149.17606244579358,3465.8385093167703
149.17606244579358,3458.385093167702
149.17606244579358,3450.9316770186338
149.17606244579358,3443.478260869565
149.17606244579358,3436.0248447204967
149.17606244579358,3428.5714285714284
149.17606244579358,3421.11801242236
149.17606244579358,3413.664596273292
149.17606244579358,3406.2111801242236
149.17606244579358,3398.7577639751553
149.17606244579358,3391.304347826087
149.17606244579358,3383.8509316770187
149.17606244579358,3376.3975155279504
149.17606244579358,3368.944099378882
149.17606244579358,3361.490683229814
149.17606244579358,3354.0372670807456
149.17606244579358,3346.583850931677
149.17606244579358,3339.1304347826085
149.17606244579358,3331.6770186335402
149.17606244579358,3324.223602484472
149.17606244579358,3316.7701863354037
149.17606244579358,3309.3167701863354
149.17606244579358,3301.863354037267
149.17606244579358,3294.409937888199
149.17606244579358,3286.9565217391305
149.17606244579358,3279.503105590062
149.17606244579358,3272.049689440994
149.17606244579358,3264.5962732919256
149.17606244579358,3257.1428571428573
149.17606244579358,3249.6894409937886
149.17606244579358,3242.2360248447203
149.17606244579358,3234.782608695652
149.17606244579358,3227.3291925465837
149.17606244579358,3219.8757763975154
149.17606244579358,3212.422360248447
149.17606244579358,3204.968944099379
149.17606244579358,3197.5155279503106
149.17606244579358,3190.0621118012423
149.17606244579358,3182.608695652174
149.17606244579358,3175.1552795031057
149.17606244579358,3167.7018633540374
149.17606244579358,3160.248447204969
149.17606244579358,3152.795031055901
149.17606244579358,3145.341614906832
149.17606244579358,3137.888198757764
149.17606244579358,3130.4347826086955
149.17606244579358,3122.981366459627
149.17606244579358,3115.527950310559
149.17606244579358,3108.0745341614906
149.17606244579358,3100.6211180124224
149.17606244579358,3093.167701863354
149.17606244579358,3085.714285714286
149.17606244579358,3078.2608695652175
149.17606244579358,3070.807453416149
149.17606244579358,3063.354037267081
149.17606244579358,3055.9006211180126
149.17606244579358,3048.447204968944
149.17606244579358,3040.9937888198756
149.17606244579358,3033.5403726708073
149.17606244579358,3026.086956521739
149.17606244579358,3018.6335403726707
149.17606244579358,3011.1801242236024
149.17606244579358,3003.726708074534
149.17606244579358,2996.273291925466
149.17606244579358,2988.8198757763976
149.17606244579358,2981.3664596273293
149.17606244579358,2973.913043478261
149.17606244579358,2966.4596273291927
149.17606244579358,2959.0062111801244
149.17606244579358,2951.552795031056
149.17606244579358,2944.0993788819874
149.17606244579358,2936.645962732919
149.17606244579358,2929.192546583851
149.17606244579358,2921.7391304347825
149.17606244579358,2914.285714285714
149.17606244579358,2906.832298136646
149.17606244579358,2899.3788819875776
149.17606244579358,2891.9254658385094
149.17606244579358,2884.472049689441
149.17606244579358,2877.018633540373
149.17606244579358,2869.5652173913045
149.17606244579358,2862.111801242236
149.17606244579358,2854.658385093168
149.17606244579358,2847.204968944099
149.17606244579358,2839.751552795031
149.17606244579358,2832.2981366459626
149.17606244579358,2824.8447204968943
149.17606244579358,2817.391304347826
149.17606244579358,2809.9378881987577
149.17606244579358,2802.4844720496894
149.17606244579358,2795.031055900621
149.17606244579358,2787.577639751553
149.17606244579358,2780.1242236024846
149.17606244579358,2772.6708074534163
149.17606244579358,2765.217391304348
149.17606244579358,2757.7639751552797
149.17606244579358,2750.3105590062114
149.17606244579358,2742.8571428571427
149.17606244579358,2735.4037267080744
149.17606244579358,2727.950310559006
149.17606244579358,2720.496894409938
149.17606244579358,2713.0434782608695
149.17606244579358,2705.590062111801
149.17606244579358,2698.136645962733
149.17606244579358,2690.6832298136646
149.17606244579358,2683.2298136645963
149.17606244579358,2675.776397515528
149.17606244579358,2668.3229813664598
149.17606244579358,2660.8695652173915
149.17606244579358,2653.416149068323
149.17606244579358,2645.9627329192544
149.17606244579358,2638.509316770186
149.17606244579358,2631.055900621118
149.17606244579358,2623.6024844720496
149.17606244579358,2616.1490683229813
149.17606244579358,2608.695652173913
149.17606244579358,2601.2422360248447
149.17606244579358,2593.7888198757764
149.17606244579358,2586.335403726708
149.17606244579358,2578.88198757764
149.17606244579358,2571.4285714285716
149.17606244579358,2563.9751552795033
149.17606244579358,2556.521739130435
149.17606244579358,2549.0683229813662
149.17606244579358,2541.614906832298
149.17606244579358,2534.1614906832297
149.17606244579358,2526.7080745341614
152.64527320034694,3503.105590062112
152.64527320034694,3495.6521739130435
152.64527320034694,3488.198757763975
152.64527320034694,3480.745341614907
152.64527320034694,3473.2919254658386
152.64527320034694,3465.8385093167703
152.64527320034694,3458.385093167702
152.64527320034694,3450.9316770186338
152.64527320034694,3443.478260869565
152.64527320034694,3436.0248447204967
152.64527320034694,3428.5714285714284
152.64527320034694,3421.11801242236
152.64527320034694,3413.664596273292
152.64527320034694,3406.2111801242236
152.64527320034694,3398.7577639751553
152.64527320034694,3391.304347826087
152.64527320034694,3383.8509316770187
152.64527320034694,3376.3975155279504
152.64527320034694,3368.944099378882
152.64527320034694,3361.490683229814
152.64527320034694,3354.0372670807456
152.64527320034694,3346.583850931677
152.64527320034694,3339.1304347826085
152.64527320034694,3331.6770186335402
152.64527320034694,3324.223602484472
152.64527320034694,3316.7701863354037
152.64527320034694,3309.3167701863354
152.64527320034694,3301.863354037267
152.64527320034694,3294.409937888199
152.64527320034694,3286.9565217391305
152.64527320034694,3279.503105590062
152.64527320034694,3272.049689440994
152.64527320034694,3264.5962732919256
152.64527320034694,3257.1428571428573
152.64527320034694,3249.6894409937886
152.64527320034694,3242.2360248447203
152.64527320034694,3234.782608695652
152.64527320034694,3227.3291925465837
152.64527320034694,3219.8757763975154
152.64527320034694,3212.422360248447
152.64527320034694,3204.968944099379
152.64527320034694,3197.5155279503106
152.64527320034694,3190.0621118012423
152.64527320034694,3182.608695652174
152.64527320034694,3175.1552795031057
152.64527320034694,3167.7018633540374
152.64527320034694,3160.248447204969
152.64527320034694,3152.795031055901
152.64527320034694,3145.341614906832
152.64527320034694,3137.888198757764
152.64527320034694,3130.4347826086955
152.64527320034694,3122.981366459627
152.64527320034694,3115.527950310559
152.64527320034694,3108.0745341614906
152.64527320034694,3100.6211180124224
152.64527320034694,3093.167701863354
152.64527320034694,3085.714285714286
152.64527320034694,3078.2608695652175
152.64527320034694,3070.807453416149
152.64527320034694,3063.354037267081
152.64527320034694,3055.9006211180126
152.64527320034694,3048.447204968944
152.64527320034694,3040.9937888198756
152.64527320034694,3033.5403726708073
152.64527320034694,3026.086956521739
152.64527320034694,3018.6335403726707
152.64527320034694,3011.1801242236024
152.64527320034694,3003.726708074534
152.64527320034694,2996.273291925466
152.64527320034694,2988.8198757763976
152.64527320034694,2981.3664596273293
152.64527320034694,2973.913043478261
152.64527320034694,2966.4596273291927
152.64527320034694,2959.0062111801244
152.64527320034694,2951.552795031056
152.64527320034694,2944.0993788819874
152.64527320034694,2936.645962732919
152.64527320034694,2929.192546583851
152.64527320034694,2921.7391304347825
152.64527320034694,2914.285714285714
152.64527320034694,2906.832298136646
152.64527320034694,2899.3788819875776
152.64527320034694,2891.9254658385094
152.64527320034694,2884.472049689441
152.64527320034694,2877.018633540373
152.64527320034694,2869.5652173913045
152.64527320034694,2862.111801242236
152.64527320034694,2854.658385093168
152.64527320034694,2847.204968944099
152.64527320034694,2839.751552795031
152.64527320034694,2832.2981366459626
152.64527320034694,2824.8447204968943
152.64527320034694,2817.391304347826
152.64527320034694,2809.9378881987577
152.64527320034694,2802.4844720496894
152.64527320034694,2795.031055900621
152.64527320034694,2787.577639751553
152.64527320034694,2780.1242236024846
152.64527320034694,2772.6708074534163
152.64527320034694,2765.217391304348
152.64527320034694,2757.7639751552797
152.64527320034694,2750.3105590062114
152.64527320034694,2742.8571428571427
152.64527320034694,2735.4037267080744
152.64527320034694,2727.950310559006
152.64527320034694,2720.496894409938
152.64527320034694,2713.0434782608695
152.64527320034694,2705.590062111801
152.64527320034694,2698.136645962733
152.64527320034694,2690.6832298136646
152.64527320034694,2683.2298136645963
152.64527320034694,2675.776397515528
152.64527320034694,2668.3229813664598
152.64527320034694,2660.8695652173915
152.64527320034694,2653.416149068323
152.64527320034694,2645.9627329192544
152.64527320034694,2638.509316770186
152.64527320034694,2631.055900621118
152.64527320034694,2623.6024844720496
152.64527320034694,2616.1490683229813
152.64527320034694,2608.695652173913
152.64527320034694,2601.2422360248447
152.64527320034694,2593.7888198757764
152.64527320034694,2586.335403726708
152.64527320034694,2578.88198757764
152.64527320034694,2571.4285714285716
152.64527320034694,2563.9751552795033
152.64527320034694,2556.521739130435
152.64527320034694,2549.0683229813662
152.64527320034694,2541.614906832298
152.64527320034694,2534.1614906832297
152.64527320034694,2526.7080745341614
152.64527320034694,2519.254658385093
152.64527320034694,2511.801242236025
152.64527320034694,2504.3478260869565
156.11448395490027,3145.341614906832
156.11448395490027,3137.888198757764
156.11448395490027,3130.4347826086955
156.11448395490027,3122.981366459627
156.11448395490027,3115.527950310559
156.11448395490027,3108.0745341614906
156.11448395490027,3100.6211180124224
156.11448395490027,3093.167701863354
156.11448395490027,3085.714285714286
156.11448395490027,3078.2608695652175
156.11448395490027,3070.807453416149
156.11448395490027,3063.354037267081
156.11448395490027,3055.9006211180126
156.11448395490027,3048.447204968944
156.11448395490027,3040.9937888198756
156.11448395490027,3033.5403726708073
156.11448395490027,3026.086956521739
156.11448395490027,3018.6335403726707
156.11448395490027,3011.1801242236024
156.11448395490027,3003.726708074534
156.11448395490027,2996.273291925466
156.11448395490027,2988.8198757763976
156.11448395490027,2981.3664596273293
156.11448395490027,2973.913043478261
156.11448395490027,2966.4596273291927
156.11448395490027,2959.0062111801244
156.11448395490027,2951.552795031056
156.11448395490027,2944.0993788819874
156.11448395490027,2936.645962732919
156.11448395490027,2929.192546583851
156.11448395490027,2921.7391304347825
156.11448395490027,2914.285714285714
156.11448395490027,2906.832298136646
156.11448395490027,2899.3788819875776
156.11448395490027,2891.9254658385094
156.11448395490027,2884.472049689441
156.11448395490027,2877.018633540373
156.11448395490027,2869.5652173913045
156.11448395490027,2862.111801242236
156.11448395490027,2854.658385093168
156.11448395490027,2847.204968944099
156.11448395490027,2839.751552795031
156.11448395490027,2832.2981366459626
156.11448395490027,2824.8447204968943
156.11448395490027,2817.391304347826
156.11448395490027,2809.9378881987577
156.11448395490027,2802.4844720496894
156.11448395490027,2795.031055900621
156.11448395490027,2787.577639751553
156.11448395490027,2780.1242236024846
156.11448395490027,2772.6708074534163
156.11448395490027,2765.217391304348
156.11448395490027,2757.7639751552797
156.11448395490027,2750.3105590062114
156.11448395490027,2742.8571428571427
156.11448395490027,2735.4037267080744
156.11448395490027,2727.950310559006
156.11448395490027,2720.496894409938
156.11448395490027,2713.0434782608695
156.11448395490027,2705.590062111801
156.11448395490027,2698.136645962733
156.11448395490027,2690.6832298136646
156.11448395490027,2683.2298136645963
156.11448395490027,2675.776397515528
156.11448395490027,2668.3229813664598
156.11448395490027,2660.8695652173915
156.11448395490027,2653.416149068323
156.11448395490027,2645.9627329192544
156.11448395490027,2638.509316770186
156.11448395490027,2631.055900621118
156.11448395490027,2623.6024844720496
156.11448395490027,2616.1490683229813
156.11448395490027,2608.695652173913
156.11448395490027,2601.2422360248447
156.11448395490027,2593.7888198757764
156.11448395490027,2586.335403726708
156.11448395490027,2578.88198757764
156.11448395490027,2571.4285714285716
156.11448395490027,2563.9751552795033
156.11448395490027,2556.521739130435
156.11448395490027,2549.0683229813662
156.11448395490027,2541.614906832298
156.11448395490027,2534.1614906832297
156.11448395490027,2526.7080745341614
156.11448395490027,2519.254658385093
156.11448395490027,2511.801242236025
156.11448395490027,2504.3478260869565
156.11448395490027,2496.894409937888
159.5836947094536,2884.472049689441
159.5836947094536,2877.018633540373
159.5836947094536,2869.5652173913045
159.5836947094536,2862.111801242236
159.5836947094536,2854.658385093168
159.5836947094536,2847.204968944099
159.5836947094536,2839.751552795031
159.5836947094536,2832.2981366459626
159.5836947094536,2824.8447204968943
159.5836947094536,2817.391304347826
159.5836947094536,2809.9378881987577
159.5836947094536,2802.4844720496894
159.5836947094536,2795.031055900621
159.5836947094536,2787.577639751553
159.5836947094536,2780.1242236024846
159.5836947094536,2772.6708074534163
159.5836947094536,2765.217391304348
159.5836947094536,2757.7639751552797
159.5836947094536,2750.3105590062114
159.5836947094536,2742.8571428571427
159.5836947094536,2735.4037267080744
159.5836947094536,2727.950310559006
159.5836947094536,2720.496894409938
159.5836947094536,2713.0434782608695
159.5836947094536,2705.590062111801
159.5836947094536,2698.136645962733
159.5836947094536,2690.6832298136646
159.5836947094536,2683.2298136645963
159.5836947094536,2675.776397515528
159.5836947094536,2668.3229813664598
159.5836947094536,2660.8695652173915
159.5836947094536,2653.416149068323
159.5836947094536,2645.9627329192544
159.5836947094536,2638.509316770186
159.5836947094536,2631.055900621118
159.5836947094536,2623.6024844720496
159.5836947094536,2616.1490683229813
159.5836947094536,2608.695652173913
159.5836947094536,2601.2422360248447
159.5836947094536,2593.7888198757764
159.5836947094536,2586.335403726708
159.5836947094536,2578.88198757764
159.5836947094536,2571.4285714285716
159.5836947094536,2563.9751552795033
159.5836947094536,2556.521739130435
159.5836947094536,2549.0683229813662
159.5836947094536,2541.614906832298
159.5836947094536,2534.1614906832297
159.5836947094536,2526.7080745341614
159.5836947094536,2519.254658385093
159.5836947094536,2511.801242236025
159.5836947094536,2504.3478260869565
159.5836947094536,2496.894409937888
163.05290546400693,3033.5403726708073
163.05290546400693,3026.086956521739
163.05290546400693,3018.6335403726707
163.05290546400693,3011.1801242236024
163.05290546400693,3003.726708074534
163.05290546400693,2996.273291925466
163.05290546400693,2988.8198757763976
163.05290546400693,2981.3664596273293
163.05290546400693,2973.913043478261
163.05290546400693,2966.4596273291927
163.05290546400693,2959.0062111801244
163.05290546400693,2951.552795031056
163.05290546400693,2944.0993788819874
163.05290546400693,2936.645962732919
163.05290546400693,2929.192546583851
163.05290546400693,2921.7391304347825
163.05290546400693,2914.285714285714
163.05290546400693,2906.832298136646
163.05290546400693,2899.3788819875776
163.05290546400693,2891.9254658385094
163.05290546400693,2884.472049689441
163.05290546400693,2877.018633540373
163.05290546400693,2869.5652173913045
163.05290546400693,2862.111801242236
163.05290546400693,2854.658385093168
163.05290546400693,2847.204968944099
163.05290546400693,2839.751552795031
163.05290546400693,2832.2981366459626
163.05290546400693,2824.8447204968943
163.05290546400693,2817.391304347826
163.05290546400693,2809.9378881987577
163.05290546400693,2802.4844720496894
163.05290546400693,2795.031055900621
163.05290546400693,2787.577639751553
163.05290546400693,2780.1242236024846
163.05290546400693,2772.6708074534163
163.05290546400693,2765.217391304348
163.05290546400693,2757.7639751552797
163.05290546400693,2750.3105590062114
163.05290546400693,2742.8571428571427
163.05290546400693,2735.4037267080744
163.05290546400693,2727.950310559006
163.05290546400693,2720.496894409938
163.05290546400693,2713.0434782608695
163.05290546400693,2705.590062111801
163.05290546400693,2698.136645962733
163.05290546400693,2690.6832298136646
163.05290546400693,2683.2298136645963
163.05290546400693,2675.776397515528
163.05290546400693,2668.3229813664598
163.05290546400693,2660.8695652173915
163.05290546400693,2653.416149068323
163.05290546400693,2645.9627329192544
163.05290546400693,2638.509316770186
163.05290546400693,2631.055900621118
163.05290546400693,2623.6024844720496
163.05290546400693,2616.1490683229813
163.05290546400693,2608.695652173913
163.05290546400693,2601.2422360248447
163.05290546400693,2593.7888198757764
163.05290546400693,2586.335403726708
163.05290546400693,2578.88198757764
163.05290546400693,2571.4285714285716
163.05290546400693,2563.9751552795033
163.05290546400693,2556.521739130435
163.05290546400693,2549.0683229813662
163.05290546400693,2541.614906832298
163.05290546400693,2534.1614906832297
163.05290546400693,2526.7080745341614
163.05290546400693,2519.254658385093
163.05290546400693,2511.801242236025
163.05290546400693,2504.3478260869565
163.05290546400693,2496.894409937888
166.52211621856029,3122.981366459627
166.52211621856029,3115.527950310559
166.52211621856029,3108.0745341614906
166.52211621856029,3100.6211180124224
166.52211621856029,3093.167701863354
166.52211621856029,3085.714285714286
166.52211621856029,3078.2608695652175
166.52211621856029,3070.807453416149
166.52211621856029,3063.354037267081
166.52211621856029,3055.9006211180126
166.52211621856029,3048.447204968944
166.52211621856029,3040.9937888198756
166.52211621856029,3033.5403726708073
166.52211621856029,3026.086956521739
166.52211621856029,3018.6335403726707
166.52211621856029,3011.1801242236024
166.52211621856029,3003.726708074534
166.52211621856029,2996.273291925466
166.52211621856029,2988.8198757763976
166.52211621856029,2981.3664596273293
166.52211621856029,2973.913043478261
166.52211621856029,2966.4596273291927
166.52211621856029,2959.0062111801244
166.52211621856029,2951.552795031056
166.52211621856029,2944.0993788819874
166.52211621856029,2936.645962732919
166.52211621856029,2929.192546583851
166.52211621856029,2921.7391304347825
166.52211621856029,2914.285714285714
166.52211621856029,2906.832298136646
166.52211621856029,2899.3788819875776
166.52211621856029,2891.9254658385094
166.52211621856029,2884.472049689441
166.52211621856029,2877.018633540373
166.52211621856029,2869.5652173913045
166.52211621856029,2862.111801242236
166.52211621856029,2854.658385093168
166.52211621856029,2847.204968944099
166.52211621856029,2839.751552795031
166.52211621856029,2832.2981366459626
166.52211621856029,2824.8447204968943
166.52211621856029,2817.391304347826
166.52211621856029,2809.9378881987577
166.52211621856029,2802.4844720496894
166.52211621856029,2795.031055900621
166.52211621856029,2787.577639751553
166.52211621856029,2780.1242236024846
166.52211621856029,2772.6708074534163
166.52211621856029,2765.217391304348
166.52211621856029,2757.7639751552797
166.52211621856029,2750.3105590062114
166.52211621856029,2742.8571428571427
166.52211621856029,2735.4037267080744
166.52211621856029,2727.950310559006
166.52211621856029,2720.496894409938
166.52211621856029,2713.0434782608695
166.52211621856029,2705.590062111801
166.52211621856029,2698.136645962733
166.52211621856029,2690.6832298136646
166.52211621856029,2683.2298136645963
166.52211621856029,2675.776397515528
166.52211621856029,2668.3229813664598
166.52211621856029,2660.8695652173915
166.52211621856029,2653.416149068323
166.52211621856029,2645.9627329192544
166.52211621856029,2638.509316770186
166.52211621856029,2631.055900621118
166.52211621856029,2623.6024844720496
166.52211621856029,2616.1490683229813
166.52211621856029,2608.695652173913
166.52211621856029,2601.2422360248447
166.52211621856029,2593.7888198757764
166.52211621856029,2586.335403726708
166.52211621856029,2578.88198757764
166.52211621856029,2571.4285714285716
166.52211621856029,2563.9751552795033
166.52211621856029,2556.521739130435
166.52211621856029,2549.0683229813662
166.52211621856029,2541.614906832298
166.52211621856029,2534.1614906832297
166.52211621856029,2526.7080745341614
166.52211621856029,2519.254658385093
166.52211621856029,2511.801242236025
169.99132697311362,3145.341614906832
169.99132697311362,3137.888198757764
169.99132697311362,3130.4347826086955
169.99132697311362,3122.981366459627
169.99132697311362,3115.527950310559
169.99132697311362,3108.0745341614906
169.99132697311362,3100.6211180124224
169.99132697311362,3093.167701863354
169.99132697311362,3085.714285714286
169.99132697311362,3078.2608695652175
169.99132697311362,3070.807453416149
169.99132697311362,3063.354037267081
169.99132697311362,3055.9006211180126
169.99132697311362,3048.447204968944
169.99132697311362,3040.9937888198756
169.99132697311362,3033.5403726708073
169.99132697311362,3026.086956521739
169.99132697311362,3018.6335403726707
169.99132697311362,3011.1801242236024
169.99132697311362,3003.726708074534
169.99132697311362,2996.273291925466
169.99132697311362,2988.8198757763976
169.99132697311362,2981.3664596273293
169.99132697311362,2973.913043478261
169.99132697311362,2966.4596273291927
169.99132697311362,2959.0062111801244
169.99132697311362,2951.552795031056
169.99132697311362,2944.0993788819874
169.99132697311362,2936.645962732919
169.99132697311362,2929.192546583851
169.99132697311362,2921.7391304347825
169.99132697311362,2914.285714285714
169.99132697311362,2906.832298136646
169.99132697311362,2899.3788819875776
169.99132697311362,2891.9254658385094
169.99132697311362,2884.472049689441
169.99132697311362,2877.018633540373
169.99132697311362,2869.5652173913045
169.99132697311362,2862.111801242236
169.99132697311362,2854.658385093168
169.99132697311362,2847.204968944099
169.99132697311362,2839.751552795031
169.99132697311362,2832.2981366459626
169.99132697311362,2824.8447204968943
169.99132697311362,2817.391304347826
169.99132697311362,2809.9378881987577
169.99132697311362,2802.4844720496894
169.99132697311362,2795.031055900621
169.99132697311362,2787.577639751553
169.99132697311362,2780.1242236024846
169.99132697311362,2772.6708074534163
169.99132697311362,2765.217391304348
169.99132697311362,2757.7639751552797
169.99132697311362,2750.3105590062114
169.99132697311362,2742.8571428571427
169.99132697311362,2735.4037267080744
169.99132697311362,2727.950310559006
169.99132697311362,2720.496894409938
169.99132697311362,2713.0434782608695
169.99132697311362,2705.590062111801
169.99132697311362,2698.136645962733
169.99132697311362,2690.6832298136646
169.99132697311362,2683.2298136645963
169.99132697311362,2675.776397515528
169.99132697311362,2668.3229813664598
169.99132697311362,2660.8695652173915
169.99132697311362,2653.416149068323
169.99132697311362,2645.9627329192544
169.99132697311362,2638.509316770186
169.99132697311362,2631.055900621118
169.99132697311362,2623.6024844720496
169.99132697311362,2616.1490683229813
173.46053772766695,3152.795031055901
173.46053772766695,3145.341614906832
173.46053772766695,3137.888198757764
173.46053772766695,3130.4347826086955
173.46053772766695,3122.981366459627
173.46053772766695,3115.527950310559
173.46053772766695,3108.0745341614906
173.46053772766695,3100.6211180124224
173.46053772766695,3093.167701863354
173.46053772766695,3085.714285714286
173.46053772766695,3078.2608695652175
173.46053772766695,3070.807453416149
173.46053772766695,3063.354037267081
173.46053772766695,3055.9006211180126
173.46053772766695,3048.447204968944
173.46053772766695,3040.9937888198756
173.46053772766695,3033.5403726708073
173.46053772766695,3026.086956521739
173.46053772766695,3018.6335403726707
173.46053772766695,3011.1801242236024
173.46053772766695,3003.726708074534
173.46053772766695,2996.273291925466
173.46053772766695,2988.8198757763976
173.46053772766695,2981.3664596273293
173.46053772766695,2973.913043478261
173.46053772766695,2966.4596273291927
173.46053772766695,2959.0062111801244
173.46053772766695,2951.552795031056
173.46053772766695,2944.0993788819874
173.46053772766695,2936.645962732919
173.46053772766695,2929.192546583851
173.46053772766695,2921.7391304347825
173.46053772766695,2914.285714285714
173.46053772766695,2906.832298136646
173.46053772766695,2899.3788819875776
173.46053772766695,2891.9254658385094
173.46053772766695,2884.472049689441
173.46053772766695,2877.018633540373
173.46053772766695,2869.5652173913045
173.46053772766695,2862.111801242236
173.46053772766695,2854.658385093168
173.46053772766695,2847.204968944099
173.46053772766695,2839.751552795031
173.46053772766695,2832.2981366459626
173.46053772766695,2824.8447204968943
173.46053772766695,2817.391304347826
173.46053772766695,2809.9378881987577
173.46053772766695,2802.4844720496894
176.9297484822203,3212.422360248447
176.9297484822203,3204.968944099379
176.9297484822203,3197.5155279503106
176.9297484822203,3190.0621118012423
176.9297484822203,3182.608695652174
176.9297484822203,3175.1552795031057
176.9297484822203,3167.7018633540374
176.9297484822203,3160.248447204969
176.9297484822203,3152.795031055901
176.9297484822203,3145.341614906832
176.9297484822203,3137.888198757764
176.9297484822203,3130.4347826086955
176.9297484822203,3122.981366459627
176.9297484822203,3115.527950310559
176.9297484822203,3108.0745341614906
176.9297484822203,3100.6211180124224
176.9297484822203,3093.167701863354
176.9297484822203,3085.714285714286
176.9297484822203,3078.2608695652175
176.9297484822203,3070.807453416149
176.9297484822203,3063.354037267081
176.9297484822203,3055.9006211180126
176.9297484822203,3048.447204968944
176.9297484822203,3040.9937888198756
176.9297484822203,3033.5403726708073
176.9297484822203,3026.086956521739
176.9297484822203,3018.6335403726707
176.9297484822203,3011.1801242236024
176.9297484822203,3003.726708074534
176.9297484822203,2996.273291925466
180.39895923677363,3391.304347826087
180.39895923677363,3383.8509316770187
180.39895923677363,3376.3975155279504
180.39895923677363,3368.944099378882
180.39895923677363,3361.490683229814
180.39895923677363,3354.0372670807456
180.39895923677363,3346.583850931677
180.39895923677363,3339.1304347826085
180.39895923677363,3331.6770186335402
180.39895923677363,3324.223602484472
180.39895923677363,3316.7701863354037
180.39895923677363,3309.3167701863354
180.39895923677363,3301.863354037267
180.39895923677363,3294.409937888199
180.39895923677363,3286.9565217391305
180.39895923677363,3279.503105590062
180.39895923677363,3272.049689440994
180.39895923677363,3264.5962732919256
180.39895923677363,3257.1428571428573
180.39895923677363,3249.6894409937886
180.39895923677363,3242.2360248447203
180.39895923677363,3234.782608695652
180.39895923677363,3227.3291925465837
180.39895923677363,3219.8757763975154
180.39895923677363,3212.422360248447
180.39895923677363,3204.968944099379
180.39895923677363,3197.5155279503106
180.39895923677363,3190.0621118012423
180.39895923677363,3182.608695652174
180.39895923677363,3175.1552795031057
180.39895923677363,3167.7018633540374
180.39895923677363,3160.248447204969
180.39895923677363,3152.795031055901
180.39895923677363,3145.341614906832
180.39895923677363,3137.888198757764
180.39895923677363,3130.4347826086955
180.39895923677363,3122.981366459627
180.39895923677363,3115.527950310559
180.39895923677363,3108.0745341614906
183.86816999132697,3696.894409937888
183.86816999132697,3689.44099378882
183.86816999132697,3681.9875776397516
183.86816999132697,3674.5341614906833
183.86816999132697,3667.080745341615
183.86816999132697,3659.6273291925468
183.86816999132697,3652.1739130434785
183.86816999132697,3644.7204968944097
183.86816999132697,3637.2670807453414
183.86816999132697,3629.813664596273
183.86816999132697,3622.360248447205
183.86816999132697,3614.9068322981366
183.86816999132697,3607.4534161490683
183.86816999132697,3600.0
183.86816999132697,3592.5465838509317
183.86816999132697,3585.0931677018634
183.86816999132697,3577.639751552795
183.86816999132697,3570.186335403727
183.86816999132697,3562.7329192546586
183.86816999132697,3555.2795031055903
183.86816999132697,3547.8260869565215
183.86816999132697,3540.3726708074532
183.86816999132697,3532.919254658385
183.86816999132697,3525.4658385093167
183.86816999132697,3518.0124223602484
183.86816999132697,3510.55900621118
183.86816999132697,3503.105590062112
183.86816999132697,3495.6521739130435
183.86816999132697,3488.198757763975
183.86816999132697,3480.745341614907
183.86816999132697,3473.2919254658386
183.86816999132697,3465.8385093167703
183.86816999132697,3458.385093167702
183.86816999132697,3450.9316770186338
183.86816999132697,3443.478260869565
183.86816999132697,3436.0248447204967
183.86816999132697,3428.5714285714284
183.86816999132697,3421.11801242236
183.86816999132697,3413.664596273292
183.86816999132697,3406.2111801242236
183.86816999132697,3398.7577639751553
183.86816999132697,3391.304347826087
183.86816999132697,3383.8509316770187
183.86816999132697,3376.3975155279504
183.86816999132697,3368.944099378882
183.86816999132697,3361.490683229814
183.86816999132697,3354.0372670807456
183.86816999132697,3346.583850931677
183.86816999132697,3339.1304347826085
183.86816999132697,3331.6770186335402
183.86816999132697,3324.223602484472
183.86816999132697,3316.7701863354037
183.86816999132697,3309.3167701863354
183.86816999132697,3301.863354037267
183.86816999132697,3294.409937888199
183.86816999132697,3286.9565217391305
183.86816999132697,3279.503105590062
183.86816999132697,3272.049689440994
183.86816999132697,3264.5962732919256
183.86816999132697,3257.1428571428573
183.86816999132697,3249.6894409937886
183.86816999132697,3242.2360248447203
183.86816999132697,3234.782608695652
183.86816999132697,3227.3291925465837
183.86816999132697,3219.8757763975154
183.86816999132697,3212.422360248447
183.86816999132697,3204.968944099379
183.86816999132697,3197.5155279503106
183.86816999132697,3190.0621118012423
183.86816999132697,3182.608695652174
183.86816999132697,3175.1552795031057
183.86816999132697,3167.7018633540374
183.86816999132697,3160.248447204969
183.86816999132697,3152.795031055901
183.86816999132697,3145.341614906832
183.86816999132697,3137.888198757764
183.86816999132697,3130.4347826086955
187.33738074588032,4121.739130434783
187.33738074588032,4114.285714285715
187.33738074588032,4106.832298136646
187.33738074588032,4099.378881987577
187.33738074588032,4091.9254658385094
187.33738074588032,4084.472049689441
187.33738074588032,4077.018633540373
187.33738074588032,4069.5652173913045
187.33738074588032,4062.111801242236
187.33738074588032,4054.658385093168
187.33738074588032,4047.204968944099
187.33738074588032,4039.751552795031
187.33738074588032,4032.2981366459626
187.33738074588032,4024.8447204968943
187.33738074588032,4017.391304347826
187.33738074588032,4009.9378881987577
187.33738074588032,4002.4844720496894
187.33738074588032,3995.031055900621
187.33738074588032,3987.577639751553
187.33738074588032,3980.1242236024846
187.33738074588032,3972.6708074534163
187.33738074588032,3965.217391304348
187.33738074588032,3957.7639751552797
187.33738074588032,3950.3105590062114
187.33738074588032,3942.8571428571427
187.33738074588032,3935.4037267080744
187.33738074588032,3927.950310559006
187.33738074588032,3920.496894409938
187.33738074588032,3913.0434782608695
187.33738074588032,3905.590062111801
187.33738074588032,3898.136645962733
187.33738074588032,3890.6832298136646
187.33738074588032,3883.2298136645963
187.33738074588032,3875.776397515528
187.33738074588032,3868.3229813664598
187.33738074588032,3860.8695652173915
187.33738074588032,3853.416149068323
187.33738074588032,3845.9627329192544
187.33738074588032,3838.509316770186
187.33738074588032,3831.055900621118
187.33738074588032,3823.6024844720496
187.33738074588032,3816.1490683229813
187.33738074588032,3808.695652173913
187.33738074588032,3801.2422360248447
187.33738074588032,3793.7888198757764
187.33738074588032,3786.335403726708
187.33738074588032,3778.88198757764
187.33738074588032,3771.4285714285716
187.33738074588032,3763.9751552795033
187.33738074588032,3756.521739130435
187.33738074588032,3749.0683229813662
187.33738074588032,3741.614906832298
187.33738074588032,3734.1614906832297
187.33738074588032,3726.7080745341614
187.33738074588032,3719.254658385093
187.33738074588032,3711.801242236025
187.33738074588032,3704.3478260869565
187.33738074588032,3696.894409937888
187.33738074588032,3689.44099378882
187.33738074588032,3681.9875776397516
187.33738074588032,3674.5341614906833
187.33738074588032,3667.080745341615
187.33738074588032,3659.6273291925468
187.33738074588032,3652.1739130434785
187.33738074588032,3644.7204968944097
187.33738074588032,3637.2670807453414
187.33738074588032,3629.813664596273
187.33738074588032,3622.360248447205
187.33738074588032,3614.9068322981366
187.33738074588032,3607.4534161490683
187.33738074588032,3600.0
187.33738074588032,3592.5465838509317
187.33738074588032,3585.0931677018634
187.33738074588032,3577.639751552795
187.33738074588032,3570.186335403727
187.33738074588032,3562.7329192546586
187.33738074588032,3555.2795031055903
187.33738074588032,3547.8260869565215
187.33738074588032,3540.3726708074532
187.33738074588032,3532.919254658385
187.33738074588032,3525.4658385093167
187.33738074588032,3518.0124223602484
187.33738074588032,3510.55900621118
187.33738074588032,3503.105590062112
187.33738074588032,3495.6521739130435
187.33738074588032,3488.198757763975
187.33738074588032,3480.745341614907
187.33738074588032,3473.2919254658386
187.33738074588032,3465.8385093167703
187.33738074588032,3458.385093167702
187.33738074588032,3450.9316770186338
187.33738074588032,3443.478260869565
187.33738074588032,3436.0248447204967
187.33738074588032,3428.5714285714284
187.33738074588032,3421.11801242236
187.33738074588032,3413.664596273292
187.33738074588032,3406.2111801242236
187.33738074588032,3398.7577639751553
187.33738074588032,3391.304347826087
187.33738074588032,3383.8509316770187
187.33738074588032,3376.3975155279504
187.33738074588032,3368.944099378882
187.33738074588032,3361.490683229814
187.33738074588032,3354.0372670807456
187.33738074588032,3346.583850931677
187.33738074588032,3339.1304347826085
187.33738074588032,3331.6770186335402
187.33738074588032,3324.223602484472
187.33738074588032,3316.7701863354037
187.33738074588032,3309.3167701863354
187.33738074588032,3301.863354037267
187.33738074588032,3294.409937888199
187.33738074588032,3286.9565217391305
187.33738074588032,3279.503105590062
187.33738074588032,3272.049689440994
187.33738074588032,3264.5962732919256
187.33738074588032,3257.1428571428573
187.33738074588032,3249.6894409937886
187.33738074588032,3242.2360248447203
187.33738074588032,3234.782608695652
187.33738074588032,3227.3291925465837
187.33738074588032,3219.8757763975154
187.33738074588032,3212.422360248447
187.33738074588032,3204.968944099379
187.33738074588032,3197.5155279503106
187.33738074588032,3190.0621118012423
187.33738074588032,3182.608695652174
187.33738074588032,3175.1552795031057
187.33738074588032,3167.7018633540374
187.33738074588032,3160.248447204969
187.33738074588032,3152.795031055901
187.33738074588032,3145.341614906832
187.33738074588032,3137.888198757764
190.80659150043365,4546.583850931677
190.80659150043365,4539.130434782609
190.80659150043365,4531.677018633541
190.80659150043365,4524.223602484472
190.80659150043365,4516.770186335404
190.80659150043365,4509.316770186336
190.80659150043365,4501.8633540372675
190.80659150043365,4494.409937888198
190.80659150043365,4486.95652173913
190.80659150043365,4479.503105590062
190.80659150043365,4472.0496894409935
190.80659150043365,4464.596273291925
190.80659150043365,4457.142857142857
190.80659150043365,4449.689440993789
190.80659150043365,4442.23602484472
190.80659150043365,4434.782608695652
190.80659150043365,4427.329192546584
190.80659150043365,4419.875776397515
190.80659150043365,4412.422360248447
190.80659150043365,4404.968944099379
190.80659150043365,4397.515527950311
190.80659150043365,4390.062111801242
190.80659150043365,4382.608695652174
190.80659150043365,4375.155279503106
190.80659150043365,4367.701863354037
190.80659150043365,4360.248447204969
190.80659150043365,4352.795031055901
190.80659150043365,4345.341614906833
190.80659150043365,4337.888198757764
190.80659150043365,4330.434782608696
190.80659150043365,4322.981366459628
190.80659150043365,4315.527950310559
190.80659150043365,4308.074534161491
190.80659150043365,4300.621118012423
190.80659150043365,4293.167701863354
190.80659150043365,4285.714285714285
190.80659150043365,4278.260869565217
190.80659150043365,4270.807453416149
190.80659150043365,4263.3540372670805
190.80659150043365,4255.900621118012
190.80659150043365,4248.447204968944
190.80659150043365,4240.993788819876
190.80659150043365,4233.540372670807
190.80659150043365,4226.086956521739
190.80659150043365,4218.633540372671
190.80659150043365,4211.180124223602
190.80659150043365,4203.726708074534
190.80659150043365,4196.273291925466
190.80659150043365,4188.819875776398
190.80659150043365,4181.366459627329
190.80659150043365,4173.913043478261
190.80659150043365,4166.459627329193
190.80659150043365,4159.006211180124
190.80659150043365,4151.552795031056
190.80659150043365,4144.099378881988
190.80659150043365,4136.6459627329195
190.80659150043365,4129.192546583851
190.80659150043365,4121.739130434783
190.80659150043365,4114.285714285715
190.80659150043365,4106.832298136646
190.80659150043365,4099.378881987577
190.80659150043365,4091.9254658385094
190.80659150043365,4084.472049689441
190.80659150043365,4077.018633540373
190.80659150043365,4069.5652173913045
190.80659150043365,4062.111801242236
190.80659150043365,4054.658385093168
190.80659150043365,4047.204968944099
190.80659150043365,4039.751552795031
190.80659150043365,4032.2981366459626
190.80659150043365,4024.8447204968943
190.80659150043365,4017.391304347826
190.80659150043365,4009.9378881987577
190.80659150043365,4002.4844720496894
190.80659150043365,3995.031055900621
190.80659150043365,3987.577639751553
190.80659150043365,3980.1242236024846
190.80659150043365,3972.6708074534163
190.80659150043365,3965.217391304348
190.80659150043365,3957.7639751552797
190.80659150043365,3950.3105590062114
190.80659150043365,3942.8571428571427
190.80659150043365,3935.4037267080744
190.80659150043365,3927.950310559006
190.80659150043365,3920.496894409938
190.80659150043365,3913.0434782608695
190.80659150043365,3905.590062111801
190.80659150043365,3898.136645962733
190.80659150043365,3890.6832298136646
190.80659150043365,3883.2298136645963
190.80659150043365,3875.776397515528
190.80659150043365,3868.3229813664598
190.80659150043365,3860.8695652173915
190.80659150043365,3853.416149068323
190.80659150043365,3845.9627329192544
190.80659150043365,3838.509316770186
190.80659150043365,3831.055900621118
190.80659150043365,3823.6024844720496
190.80659150043365,3816.1490683229813
190.80659150043365,3808.695652173913
190.80659150043365,3801.2422360248447
190.80659150043365,3793.7888198757764
190.80659150043365,3786.335403726708
190.80659150043365,3778.88198757764
190.80659150043365,3771.4285714285716
190.80659150043365,3763.9751552795033
190.80659150043365,3756.521739130435
190.80659150043365,3749.0683229813662
190.80659150043365,3741.614906832298
190.80659150043365,3734.1614906832297
190.80659150043365,3726.7080745341614
190.80659150043365,3719.254658385093
190.80659150043365,3711.801242236025
190.80659150043365,3704.3478260869565
190.80659150043365,3696.894409937888
190.80659150043365,3689.44099378882
190.80659150043365,3681.9875776397516
190.80659150043365,3674.5341614906833
190.80659150043365,3667.080745341615
190.80659150043365,3659.6273291925468
190.80659150043365,3652.1739130434785
190.80659150043365,3644.7204968944097
190.80659150043365,3637.2670807453414
190.80659150043365,3629.813664596273
190.80659150043365,3622.360248447205
190.80659150043365,3614.9068322981366
190.80659150043365,3607.4534161490683
190.80659150043365,3600.0
190.80659150043365,3592.5465838509317
190.80659150043365,3585.0931677018634
190.80659150043365,3577.639751552795
190.80659150043365,3570.186335403727
190.80659150043365,3562.7329192546586
190.80659150043365,3555.2795031055903
190.80659150043365,3547.8260869565215
190.80659150043365,3540.3726708074532
190.80659150043365,3532.919254658385
190.80659150043365,3525.4658385093167
190.80659150043365,3518.0124223602484
190.80659150043365,3510.55900621118
190.80659150043365,3503.105590062112
190.80659150043365,3495.6521739130435
190.80659150043365,3488.198757763975
190.80659150043365,3480.745341614907
190.80659150043365,3473.2919254658386
190.80659150043365,3465.8385093167703
190.80659150043365,3458.385093167702
190.80659150043365,3450.9316770186338
190.80659150043365,3443.478260869565
190.80659150043365,3436.0248447204967
190.80659150043365,3428.5714285714284
190.80659150043365,3421.11801242236
190.80659150043365,3413.664596273292
190.80659150043365,3406.2111801242236
190.80659150043365,3398.7577639751553
190.80659150043365,3391.304347826087
190.80659150043365,3383.8509316770187
190.80659150043365,3376.3975155279504
190.80659150043365,3368.944099378882
190.80659150043365,3361.490683229814
190.80659150043365,3354.0372670807456
190.80659150043365,3346.583850931677
190.80659150043365,3339.1304347826085
190.80659150043365,3331.6770186335402
190.80659150043365,3324.223602484472
190.80659150043365,3316.7701863354037
190.80659150043365,3309.3167701863354
190.80659150043365,3301.863354037267
190.80659150043365,3294.409937888199
190.80659150043365,3286.9565217391305
190.80659150043365,3279.503105590062
190.80659150043365,3272.049689440994
190.80659150043365,3264.5962732919256
190.80659150043365,3257.1428571428573
190.80659150043365,3249.6894409937886
190.80659150043365,3242.2360248447203
190.80659150043365,3234.782608695652
190.80659150043365,3227.3291925465837
190.80659150043365,3219.8757763975154
190.80659150043365,3212.422360248447
190.80659150043365,3204.968944099379
190.80659150043365,3197.5155279503106
190.80659150043365,3190.0621118012423
194.27580225498698,4740.372670807454
194.27580225498698,4732.919254658385
194.27580225498698,4725.465838509317
194.27580225498698,4718.012422360249
194.27580225498698,4710.5590062111805
194.27580225498698,4703.105590062112
194.27580225498698,4695.652173913043
194.27580225498698,4688.198757763975
194.27580225498698,4680.7453416149065
194.27580225498698,4673.291925465838
194.27580225498698,4665.83850931677
194.27580225498698,4658.385093167702
194.27580225498698,4650.931677018633
194.27580225498698,4643.478260869565
194.27580225498698,4636.024844720497
194.27580225498698,4628.571428571428
194.27580225498698,4621.11801242236
194.27580225498698,4613.664596273292
194.27580225498698,4606.211180124224
194.27580225498698,4598.757763975155
194.27580225498698,4591.304347826087
194.27580225498698,4583.850931677019
194.27580225498698,4576.39751552795
194.27580225498698,4568.944099378882
194.27580225498698,4561.490683229814
194.27580225498698,4554.037267080746
194.27580225498698,4546.583850931677
194.27580225498698,4539.130434782609
194.27580225498698,4531.677018633541
194.27580225498698,4524.223602484472
194.27580225498698,4516.770186335404
194.27580225498698,4509.316770186336
194.27580225498698,4501.8633540372675
194.27580225498698,4494.409937888198
194.27580225498698,4486.95652173913
194.27580225498698,4479.503105590062
194.27580225498698,4472.0496894409935
194.27580225498698,4464.596273291925
194.27580225498698,4457.142857142857
194.27580225498698,4449.689440993789
194.27580225498698,4442.23602484472
194.27580225498698,4434.782608695652
194.27580225498698,4427.329192546584
194.27580225498698,4419.875776397515
194.27580225498698,4412.422360248447
194.27580225498698,4404.968944099379
194.27580225498698,4397.515527950311
194.27580225498698,4390.062111801242
194.27580225498698,4382.608695652174
194.27580225498698,4375.155279503106
194.27580225498698,4367.701863354037
194.27580225498698,4360.248447204969
194.27580225498698,4352.795031055901
194.27580225498698,4345.341614906833
194.27580225498698,4337.888198757764
194.27580225498698,4330.434782608696
194.27580225498698,4322.981366459628
194.27580225498698,4315.527950310559
194.27580225498698,4308.074534161491
194.27580225498698,4300.621118012423
194.27580225498698,4293.167701863354
194.27580225498698,4285.714285714285
194.27580225498698,4278.260869565217
194.27580225498698,4270.807453416149
194.27580225498698,4263.3540372670805
194.27580225498698,4255.900621118012
194.27580225498698,4248.447204968944
194.27580225498698,4240.993788819876
194.27580225498698,4233.540372670807
194.27580225498698,4226.086956521739
194.27580225498698,4218.633540372671
194.27580225498698,4211.180124223602
194.27580225498698,4203.726708074534
194.27580225498698,4196.273291925466
194.27580225498698,4188.819875776398
194.27580225498698,4181.366459627329
194.27580225498698,4173.913043478261
194.27580225498698,4166.459627329193
194.27580225498698,4159.006211180124
194.27580225498698,4151.552795031056
194.27580225498698,4144.099378881988
194.27580225498698,4136.6459627329195
194.27580225498698,4129.192546583851
194.27580225498698,4121.739130434783
194.27580225498698,4114.285714285715
194.27580225498698,4106.832298136646
194.27580225498698,4099.378881987577
194.27580225498698,4091.9254658385094
194.27580225498698,4084.472049689441
194.27580225498698,4077.018633540373
194.27580225498698,4069.5652173913045
194.27580225498698,4062.111801242236
194.27580225498698,4054.658385093168
194.27580225498698,4047.204968944099
194.27580225498698,4039.751552795031
194.27580225498698,4032.2981366459626
194.27580225498698,4024.8447204968943
194.27580225498698,4017.391304347826
194.27580225498698,4009.9378881987577
194.27580225498698,4002.4844720496894
194.27580225498698,3995.031055900621
194.27580225498698,3987.577639751553
194.27580225498698,3980.1242236024846
194.27580225498698,3972.6708074534163
194.27580225498698,3965.217391304348
194.27580225498698,3957.7639751552797
194.27580225498698,3950.3105590062114
194.27580225498698,3942.8571428571427
194.27580225498698,3935.4037267080744
194.27580225498698,3927.950310559006
194.27580225498698,3920.496894409938
194.27580225498698,3913.0434782608695
194.27580225498698,3905.590062111801
194.27580225498698,3898.136645962733
194.27580225498698,3890.6832298136646
194.27580225498698,3883.2298136645963
194.27580225498698,3875.776397515528
194.27580225498698,3868.3229813664598
194.27580225498698,3860.8695652173915
194.27580225498698,3853.416149068323
194.27580225498698,3845.9627329192544
194.27580225498698,3838.509316770186
194.27580225498698,3831.055900621118
194.27580225498698,3823.6024844720496
194.27580225498698,3816.1490683229813
194.27580225498698,3808.695652173913
194.27580225498698,3801.2422360248447
194.27580225498698,3793.7888198757764
194.27580225498698,3786.335403726708
194.27580225498698,3778.88198757764
194.27580225498698,3771.4285714285716
194.27580225498698,3763.9751552795033
194.27580225498698,3756.521739130435
194.27580225498698,3749.0683229813662
194.27580225498698,3741.614906832298
194.27580225498698,3734.1614906832297
194.27580225498698,3726.7080745341614
194.27580225498698,3719.254658385093
194.27580225498698,3711.801242236025
194.27580225498698,3704.3478260869565
194.27580225498698,3696.894409937888
194.27580225498698,3689.44099378882
194.27580225498698,3681.9875776397516
194.27580225498698,3674.5341614906833
194.27580225498698,3667.080745341615
194.27580225498698,3659.6273291925468
194.27580225498698,3652.1739130434785
194.27580225498698,3644.7204968944097
194.27580225498698,3637.2670807453414
194.27580225498698,3629.813664596273
194.27580225498698,3622.360248447205
194.27580225498698,3614.9068322981366
194.27580225498698,3607.4534161490683
194.27580225498698,3600.0
194.27580225498698,3592.5465838509317
194.27580225498698,3585.0931677018634
194.27580225498698,3577.639751552795
194.27580225498698,3570.186335403727
194.27580225498698,3562.7329192546586
194.27580225498698,3555.2795031055903
194.27580225498698,3547.8260869565215
194.27580225498698,3540.3726708074532
194.27580225498698,3532.919254658385
194.27580225498698,3525.4658385093167
194.27580225498698,3518.0124223602484
194.27580225498698,3510.55900621118
194.27580225498698,3503.105590062112
194.27580225498698,3495.6521739130435
194.27580225498698,3488.198757763975
194.27580225498698,3480.745341614907
194.27580225498698,3473.2919254658386
194.27580225498698,3465.8385093167703
194.27580225498698,3458.385093167702
194.27580225498698,3450.9316770186338
194.27580225498698,3443.478260869565
194.27580225498698,3436.0248447204967
194.27580225498698,3428.5714285714284
194.27580225498698,3421.11801242236
194.27580225498698,3413.664596273292
194.27580225498698,3406.2111801242236
194.27580225498698,3398.7577639751553
194.27580225498698,3391.304347826087
194.27580225498698,3383.8509316770187
194.27580225498698,3376.3975155279504
194.27580225498698,3368.944099378882
194.27580225498698,3361.490683229814
194.27580225498698,3354.0372670807456
194.27580225498698,3346.583850931677
194.27580225498698,3339.1304347826085
197.74501300954034,4747.826086956522
197.74501300954034,4740.372670807454
197.74501300954034,4732.919254658385
197.74501300954034,4725.465838509317
197.74501300954034,4718.012422360249
197.74501300954034,4710.5590062111805
197.74501300954034,4703.105590062112
197.74501300954034,4695.652173913043
197.74501300954034,4688.198757763975
197.74501300954034,4680.7453416149065
197.74501300954034,4673.291925465838
197.74501300954034,4665.83850931677
197.74501300954034,4658.385093167702
197.74501300954034,4650.931677018633
197.74501300954034,4643.478260869565
197.74501300954034,4636.024844720497
197.74501300954034,4628.571428571428
197.74501300954034,4621.11801242236
197.74501300954034,4613.664596273292
197.74501300954034,4606.211180124224
197.74501300954034,4598.757763975155
197.74501300954034,4591.304347826087
197.74501300954034,4583.850931677019
197.74501300954034,4576.39751552795
197.74501300954034,4568.944099378882
197.74501300954034,4561.490683229814
197.74501300954034,4554.037267080746
197.74501300954034,4546.583850931677
197.74501300954034,4539.130434782609
197.74501300954034,4531.677018633541
197.74501300954034,4524.223602484472
197.74501300954034,4516.770186335404
197.74501300954034,4509.316770186336
197.74501300954034,4501.8633540372675
197.74501300954034,4494.409937888198
197.74501300954034,4486.95652173913
197.74501300954034,4479.503105590062
197.74501300954034,4472.0496894409935
197.74501300954034,4464.596273291925
197.74501300954034,4457.142857142857
197.74501300954034,4449.689440993789
197.74501300954034,4442.23602484472
197.74501300954034,4434.782608695652
197.74501300954034,4427.329192546584
197.74501300954034,4419.875776397515
197.74501300954034,4412.422360248447
197.74501300954034,4404.968944099379
197.74501300954034,4397.515527950311
197.74501300954034,4390.062111801242
197.74501300954034,4382.608695652174
197.74501300954034,4375.155279503106
197.74501300954034,4367.701863354037
197.74501300954034,4360.248447204969
197.74501300954034,4352.795031055901
197.74501300954034,4345.341614906833
197.74501300954034,4337.888198757764
197.74501300954034,4330.434782608696
197.74501300954034,4322.981366459628
197.74501300954034,4315.527950310559
197.74501300954034,4308.074534161491
197.74501300954034,4300.621118012423
197.74501300954034,4293.167701863354
197.74501300954034,4285.714285714285
197.74501300954034,4278.260869565217
197.74501300954034,4270.807453416149
197.74501300954034,4263.3540372670805
197.74501300954034,4255.900621118012
197.74501300954034,4248.447204968944
197.74501300954034,4240.993788819876
197.74501300954034,4233.540372670807
197.74501300954034,4226.086956521739
197.74501300954034,4218.633540372671
197.74501300954034,4211.180124223602
197.74501300954034,4203.726708074534
197.74501300954034,4196.273291925466
197.74501300954034,4188.819875776398
197.74501300954034,4181.366459627329
197.74501300954034,4173.913043478261
197.74501300954034,4166.459627329193
197.74501300954034,4159.006211180124
197.74501300954034,4151.552795031056
197.74501300954034,4144.099378881988
197.74501300954034,4136.6459627329195
197.74501300954034,4129.192546583851
197.74501300954034,4121.739130434783
197.74501300954034,4114.285714285715
197.74501300954034,4106.832298136646
197.74501300954034,4099.378881987577
197.74501300954034,4091.9254658385094
197.74501300954034,4084.472049689441
197.74501300954034,4077.018633540373
197.74501300954034,4069.5652173913045
197.74501300954034,4062.111801242236
197.74501300954034,4054.658385093168
197.74501300954034,4047.204968944099
197.74501300954034,4039.751552795031
197.74501300954034,4032.2981366459626
197.74501300954034,4024.8447204968943
197.74501300954034,4017.391304347826
197.74501300954034,4009.9378881987577
197.74501300954034,4002.4844720496894
197.74501300954034,3995.031055900621
197.74501300954034,3987.577639751553
197.74501300954034,3980.1242236024846
197.74501300954034,3972.6708074534163
197.74501300954034,3965.217391304348
197.74501300954034,3957.7639751552797
197.74501300954034,3950.3105590062114
197.74501300954034,3942.8571428571427
197.74501300954034,3935.4037267080744
197.74501300954034,3927.950310559006
197.74501300954034,3920.496894409938
197.74501300954034,3913.0434782608695
197.74501300954034,3905.590062111801
197.74501300954034,3898.136645962733
197.74501300954034,3890.6832298136646
197.74501300954034,3883.2298136645963
197.74501300954034,3875.776397515528
197.74501300954034,3868.3229813664598
197.74501300954034,3860.8695652173915
197.74501300954034,3853.416149068323
197.74501300954034,3845.9627329192544
197.74501300954034,3838.509316770186
197.74501300954034,3831.055900621118
197.74501300954034,3823.6024844720496
197.74501300954034,3816.1490683229813
197.74501300954034,3808.695652173913
197.74501300954034,3801.2422360248447
197.74501300954034,3793.7888198757764
197.74501300954034,3786.335403726708
197.74501300954034,3778.88198757764
197.74501300954034,3771.4285714285716
197.74501300954034,3763.9751552795033
197.74501300954034,3756.521739130435
197.74501300954034,3749.0683229813662
197.74501300954034,3741.614906832298
197.74501300954034,3734.1614906832297
197.74501300954034,3726.7080745341614
197.74501300954034,3719.254658385093
197.74501300954034,3711.801242236025
197.74501300954034,3704.3478260869565
197.74501300954034,3696.894409937888
197.74501300954034,3689.44099378882
197.74501300954034,3681.9875776397516
197.74501300954034,3674.5341614906833
197.74501300954034,3667.080745341615
197.74501300954034,3659.6273291925468
197.74501300954034,3652.1739130434785
197.74501300954034,3644.7204968944097
197.74501300954034,3637.2670807453414
197.74501300954034,3629.813664596273
197.74501300954034,3622.360248447205
197.74501300954034,3614.9068322981366
201.21422376409367,4755.27950310559
201.21422376409367,4747.826086956522
201.21422376409367,4740.372670807454
201.21422376409367,4732.919254658385
201.21422376409367,4725.465838509317
201.21422376409367,4718.012422360249
201.21422376409367,4710.5590062111805
201.21422376409367,4703.105590062112
201.21422376409367,4695.652173913043
201.21422376409367,4688.198757763975
201.21422376409367,4680.7453416149065
201.21422376409367,4673.291925465838
201.21422376409367,4665.83850931677
201.21422376409367,4658.385093167702
201.21422376409367,4650.931677018633
201.21422376409367,4643.478260869565
201.21422376409367,4636.024844720497
201.21422376409367,4628.571428571428
201.21422376409367,4621.11801242236
201.21422376409367,4613.664596273292
201.21422376409367,4606.211180124224
201.21422376409367,4598.757763975155
201.21422376409367,4591.304347826087
201.21422376409367,4583.850931677019
201.21422376409367,4576.39751552795
201.21422376409367,4568.944099378882
201.21422376409367,4561.490683229814
201.21422376409367,4554.037267080746
201.21422376409367,4546.583850931677
201.21422376409367,4539.130434782609
201.21422376409367,4531.677018633541
201.21422376409367,4524.223602484472
201.21422376409367,4516.770186335404
201.21422376409367,4509.316770186336
201.21422376409367,4501.8633540372675
201.21422376409367,4494.409937888198
201.21422376409367,4486.95652173913
201.21422376409367,4479.503105590062
201.21422376409367,4472.0496894409935
201.21422376409367,4464.596273291925
201.21422376409367,4457.142857142857
201.21422376409367,4449.689440993789
201.21422376409367,4442.23602484472
201.21422376409367,4434.782608695652
201.21422376409367,4427.329192546584
201.21422376409367,4419.875776397515
201.21422376409367,4412.422360248447
201.21422376409367,4404.968944099379
201.21422376409367,4397.515527950311
201.21422376409367,4390.062111801242
201.21422376409367,4382.608695652174
201.21422376409367,4375.155279503106
201.21422376409367,4367.701863354037
201.21422376409367,4360.248447204969
201.21422376409367,4352.795031055901
201.21422376409367,4345.341614906833
201.21422376409367,4337.888198757764
201.21422376409367,4330.434782608696
201.21422376409367,4322.981366459628
201.21422376409367,4315.527950310559
201.21422376409367,4308.074534161491
201.21422376409367,4300.621118012423
201.21422376409367,4293.167701863354
201.21422376409367,4285.714285714285
201.21422376409367,4278.260869565217
201.21422376409367,4270.807453416149
201.21422376409367,4263.3540372670805
201.21422376409367,4255.900621118012
201.21422376409367,4248.447204968944
201.21422376409367,4240.993788819876
201.21422376409367,4233.540372670807
201.21422376409367,4226.086956521739
201.21422376409367,4218.633540372671
201.21422376409367,4211.180124223602
201.21422376409367,4203.726708074534
201.21422376409367,4196.273291925466
201.21422376409367,4188.819875776398
201.21422376409367,4181.366459627329
201.21422376409367,4173.913043478261
201.21422376409367,4166.459627329193
201.21422376409367,4159.006211180124
201.21422376409367,4151.552795031056
201.21422376409367,4144.099378881988
201.21422376409367,4136.6459627329195
201.21422376409367,4129.192546583851
201.21422376409367,4121.739130434783
201.21422376409367,4114.285714285715
201.21422376409367,4106.832298136646
201.21422376409367,4099.378881987577
201.21422376409367,4091.9254658385094
201.21422376409367,4084.472049689441
201.21422376409367,4077.018633540373
201.21422376409367,4069.5652173913045
201.21422376409367,4062.111801242236
201.21422376409367,4054.658385093168
201.21422376409367,4047.204968944099
201.21422376409367,4039.751552795031
201.21422376409367,4032.2981366459626
201.21422376409367,4024.8447204968943
201.21422376409367,4017.391304347826
201.21422376409367,4009.9378881987577
201.21422376409367,4002.4844720496894
201.21422376409367,3995.031055900621
201.21422376409367,3987.577639751553
201.21422376409367,3980.1242236024846
201.21422376409367,3972.6708074534163
201.21422376409367,3965.217391304348
201.21422376409367,3957.7639751552797
201.21422376409367,3950.3105590062114
201.21422376409367,3942.8571428571427
201.21422376409367,3935.4037267080744
201.21422376409367,3927.950310559006
201.21422376409367,3920.496894409938
201.21422376409367,3913.0434782608695
201.21422376409367,3905.590062111801
201.21422376409367,3898.136645962733
201.21422376409367,3890.6832298136646
201.21422376409367,3883.2298136645963
201.21422376409367,3875.776397515528
201.21422376409367,3868.3229813664598
201.21422376409367,3860.8695652173915
201.21422376409367,3853.416149068323
201.21422376409367,3845.9627329192544
201.21422376409367,3838.509316770186
201.21422376409367,3831.055900621118
201.21422376409367,3823.6024844720496
204.683434518647,4747.826086956522
204.683434518647,4740.372670807454
204.683434518647,4732.919254658385
204.683434518647,4725.465838509317
204.683434518647,4718.012422360249
204.683434518647,4710.5590062111805
204.683434518647,4703.105590062112
204.683434518647,4695.652173913043
204.683434518647,4688.198757763975
204.683434518647,4680.7453416149065
204.683434518647,4673.291925465838
204.683434518647,4665.83850931677
204.683434518647,4658.385093167702
204.683434518647,4650.931677018633
204.683434518647,4643.478260869565
204.683434518647,4636.024844720497
204.683434518647,4628.571428571428
204.683434518647,4621.11801242236
204.683434518647,4613.664596273292
204.683434518647,4606.211180124224
204.683434518647,4598.757763975155
204.683434518647,4591.304347826087
204.683434518647,4583.850931677019
204.683434518647,4576.39751552795
204.683434518647,4568.944099378882
204.683434518647,4561.490683229814
204.683434518647,4554.037267080746
204.683434518647,4546.583850931677
204.683434518647,4539.130434782609
204.683434518647,4531.677018633541
204.683434518647,4524.223602484472
204.683434518647,4516.770186335404
204.683434518647,4509.316770186336
204.683434518647,4501.8633540372675
204.683434518647,4494.409937888198
204.683434518647,4486.95652173913
204.683434518647,4479.503105590062
204.683434518647,4472.0496894409935
204.683434518647,4464.596273291925
204.683434518647,4457.142857142857
204.683434518647,4449.689440993789
204.683434518647,4442.23602484472
204.683434518647,4434.782608695652
204.683434518647,4427.329192546584
204.683434518647,4419.875776397515
204.683434518647,4412.422360248447
204.683434518647,4404.968944099379
204.683434518647,4397.515527950311
204.683434518647,4390.062111801242
204.683434518647,4382.608695652174
204.683434518647,4375.155279503106
204.683434518647,4367.701863354037
204.683434518647,4360.248447204969
204.683434518647,4352.795031055901
204.683434518647,4345.341614906833
204.683434518647,4337.888198757764
204.683434518647,4330.434782608696
204.683434518647,4322.981366459628
204.683434518647,4315.527950310559
204.683434518647,4308.074534161491
204.683434518647,4300.621118012423
204.683434518647,4293.167701863354
204.683434518647,4285.714285714285
204.683434518647,4278.260869565217
204.683434518647,4270.807453416149
204.683434518647,4263.3540372670805
204.683434518647,4255.900621118012
204.683434518647,4248.447204968944
204.683434518647,4240.993788819876
204.683434518647,4233.540372670807
204.683434518647,4226.086956521739
204.683434518647,4218.633540372671
204.683434518647,4211.180124223602
204.683434518647,4203.726708074534
204.683434518647,4196.273291925466
204.683434518647,4188.819875776398
204.683434518647,4181.366459627329
204.683434518647,4173.913043478261
204.683434518647,4166.459627329193
204.683434518647,4159.006211180124
204.683434518647,4151.552795031056
204.683434518647,4144.099378881988
204.683434518647,4136.6459627329195
204.683434518647,4129.192546583851
204.683434518647,4121.739130434783
204.683434518647,4114.285714285715
204.683434518647,4106.832298136646
204.683434518647,4099.378881987577
204.683434518647,4091.9254658385094
204.683434518647,4084.472049689441
204.683434518647,4077.018633540373
204.683434518647,4069.5652173913045
204.683434518647,4062.111801242236
204.683434518647,4054.658385093168
204.683434518647,4047.204968944099
204.683434518647,4039.751552795031
204.683434518647,4032.2981366459626
204.683434518647,4024.8447204968943
204.683434518647,4017.391304347826
204.683434518647,4009.9378881987577
204.683434518647,4002.4844720496894
204.683434518647,3995.031055900621
204.683434518647,3987.577639751553
204.683434518647,3980.1242236024846
204.683434518647,3972.6708074534163
204.683434518647,3965.217391304348
204.683434518647,3957.7639751552797
204.683434518647,3950.3105590062114
204.683434518647,3942.8571428571427
204.683434518647,3935.4037267080744
204.683434518647,3927.950310559006
204.683434518647,3920.496894409938
204.683434518647,3913.0434782608695
204.683434518647,3905.590062111801
204.683434518647,3898.136645962733
204.683434518647,3890.6832298136646
204.683434518647,3883.2298136645963
204.683434518647,3875.776397515528
204.683434518647,3868.3229813664598
204.683434518647,3860.8695652173915
204.683434518647,3853.416149068323
204.683434518647,3845.9627329192544
204.683434518647,3838.509316770186
204.683434518647,3831.055900621118
204.683434518647,3823.6024844720496
204.683434518647,3816.1490683229813
204.683434518647,3808.695652173913
204.683434518647,3801.2422360248447
204.683434518647,3793.7888198757764
204.683434518647,3786.335403726708
204.683434518647,3778.88198757764
204.683434518647,3771.4285714285716
204.683434518647,3763.9751552795033
204.683434518647,3756.521739130435
204.683434518647,3749.0683229813662
204.683434518647,3741.614906832298
204.683434518647,3734.1614906832297
204.683434518647,3726.7080745341614
204.683434518647,3719.254658385093
204.683434518647,3711.801242236025
204.683434518647,3704.3478260869565
204.683434518647,3696.894409937888
204.683434518647,3689.44099378882
204.683434518647,3681.9875776397516
204.683434518647,3674.5341614906833
204.683434518647,3667.080745341615
204.683434518647,3659.6273291925468
204.683434518647,3652.1739130434785
204.683434518647,3644.7204968944097
204.683434518647,3637.2670807453414
204.683434518647,3629.813664596273
204.683434518647,3622.360248447205
204.683434518647,3614.9068322981366
204.683434518647,3607.4534161490683
204.683434518647,3600.0
204.683434518647,3592.5465838509317
204.683434518647,3585.0931677018634
204.683434518647,3577.639751552795
204.683434518647,3570.186335403727
204.683434518647,3562.7329192546586
204.683434518647,3555.2795031055903
204.683434518647,3547.8260869565215
204.683434518647,3540.3726708074532
204.683434518647,3532.919254658385
204.683434518647,3525.4658385093167
204.683434518647,3518.0124223602484
204.683434518647,3510.55900621118
204.683434518647,3503.105590062112
204.683434518647,3495.6521739130435
204.683434518647,3488.198757763975
204.683434518647,3480.745341614907
204.683434518647,3473.2919254658386
204.683434518647,3465.8385093167703
204.683434518647,3458.385093167702
204.683434518647,3450.9316770186338
204.683434518647,3443.478260869565
204.683434518647,3436.0248447204967
204.683434518647,3428.5714285714284
204.683434518647,3421.11801242236
204.683434518647,3413.664596273292
204.683434518647,3406.2111801242236
204.683434518647,3398.7577639751553
204.683434518647,3391.304347826087
204.683434518647,3383.8509316770187
204.683434518647,3376.3975155279504
204.683434518647,3368.944099378882
204.683434518647,3361.490683229814
204.683434518647,3354.0372670807456
204.683434518647,3346.583850931677
204.683434518647,3339.1304347826085
204.683434518647,3331.6770186335402
204.683434518647,3324.223602484472
204.683434518647,3316.7701863354037
204.683434518647,3309.3167701863354
204.683434518647,3301.863354037267
204.683434518647,3294.409937888199
204.683434518647,3286.9565217391305
204.683434518647,3279.503105590062
204.683434518647,3272.049689440994
204.683434518647,3264.5962732919256
204.683434518647,3257.1428571428573
204.683434518647,3249.6894409937886
204.683434518647,3242.2360248447203
204.683434518647,3234.782608695652
204.683434518647,3227.3291925465837
204.683434518647,3219.8757763975154
204.683434518647,3212.422360248447
204.683434518647,3204.968944099379
204.683434518647,3197.5155279503106
204.683434518647,3190.0621118012423
204.683434518647,3182.608695652174
204.683434518647,3175.1552795031057
204.683434518647,3167.7018633540374
204.683434518647,3160.248447204969
204.683434518647,3152.795031055901
204.683434518647,3145.341614906832
204.683434518647,3137.888198757764
204.683434518647,3130.4347826086955
204.683434518647,3122.981366459627
204.683434518647,3115.527950310559
204.683434518647,3108.0745341614906
204.683434518647,3100.6211180124224
204.683434518647,3093.167701863354
204.683434518647,3085.714285714286
204.683434518647,3078.2608695652175
204.683434518647,3070.807453416149
208.15264527320033,4740.372670807454
208.15264527320033,4732.919254658385
208.15264527320033,4725.465838509317
208.15264527320033,4718.012422360249
208.15264527320033,4710.5590062111805
208.15264527320033,4703.105590062112
208.15264527320033,4695.652173913043
208.15264527320033,4688.198757763975
208.15264527320033,4680.7453416149065
208.15264527320033,4673.291925465838
208.15264527320033,4665.83850931677
208.15264527320033,4658.385093167702
208.15264527320033,4650.931677018633
208.15264527320033,4643.478260869565
208.15264527320033,4636.024844720497
208.15264527320033,4628.571428571428
208.15264527320033,4621.11801242236
208.15264527320033,4613.664596273292
208.15264527320033,4606.211180124224
208.15264527320033,4598.757763975155
208.15264527320033,4591.304347826087
208.15264527320033,4583.850931677019
208.15264527320033,4576.39751552795
208.15264527320033,4568.944099378882
208.15264527320033,4561.490683229814
208.15264527320033,4554.037267080746
208.15264527320033,4546.583850931677
208.15264527320033,4539.130434782609
208.15264527320033,4531.677018633541
208.15264527320033,4524.223602484472
208.15264527320033,4516.770186335404
208.15264527320033,4509.316770186336
208.15264527320033,4501.8633540372675
208.15264527320033,4494.409937888198
208.15264527320033,4486.95652173913
208.15264527320033,4479.503105590062
208.15264527320033,4472.0496894409935
208.15264527320033,4464.596273291925
208.15264527320033,4457.142857142857
208.15264527320033,4449.689440993789
208.15264527320033,4442.23602484472
208.15264527320033,4434.782608695652
208.15264527320033,4427.329192546584
208.15264527320033,4419.875776397515
208.15264527320033,4412.422360248447
208.15264527320033,4404.968944099379
208.15264527320033,4397.515527950311
208.15264527320033,4390.062111801242
208.15264527320033,4382.608695652174
208.15264527320033,4375.155279503106
208.15264527320033,4367.701863354037
208.15264527320033,4360.248447204969
208.15264527320033,4352.795031055901
208.15264527320033,4345.341614906833
208.15264527320033,4337.888198757764
208.15264527320033,4330.434782608696
208.15264527320033,4322.981366459628
208.15264527320033,4315.527950310559
208.15264527320033,4308.074534161491
208.15264527320033,4300.621118012423
208.15264527320033,4293.167701863354
208.15264527320033,4285.714285714285
208.15264527320033,4278.260869565217
208.15264527320033,4270.807453416149
208.15264527320033,4263.3540372670805
208.15264527320033,4255.900621118012
208.15264527320033,4248.447204968944
208.15264527320033,4240.993788819876
208.15264527320033,4233.540372670807
208.15264527320033,4226.086956521739
208.15264527320033,4218.633540372671
208.15264527320033,4211.180124223602
208.15264527320033,4203.726708074534
208.15264527320033,4196.273291925466
208.15264527320033,4188.819875776398
208.15264527320033,4181.366459627329
208.15264527320033,4173.913043478261
208.15264527320033,4166.459627329193
208.15264527320033,4159.006211180124
208.15264527320033,4151.552795031056
208.15264527320033,4144.099378881988
208.15264527320033,4136.6459627329195
208.15264527320033,4129.192546583851
208.15264527320033,4121.739130434783
208.15264527320033,4114.285714285715
208.15264527320033,4106.832298136646
208.15264527320033,4099.378881987577
208.15264527320033,4091.9254658385094
208.15264527320033,4084.472049689441
208.15264527320033,4077.018633540373
208.15264527320033,4069.5652173913045
208.15264527320033,4062.111801242236
208.15264527320033,4054.658385093168
208.15264527320033,4047.204968944099
208.15264527320033,4039.751552795031
208.15264527320033,4032.2981366459626
208.15264527320033,4024.8447204968943
208.15264527320033,4017.391304347826
208.15264527320033,4009.9378881987577
208.15264527320033,4002.4844720496894
208.15264527320033,3995.031055900621
208.15264527320033,3987.577639751553
208.15264527320033,3980.1242236024846
208.15264527320033,3972.6708074534163
208.15264527320033,3965.217391304348
208.15264527320033,3957.7639751552797
208.15264527320033,3950.3105590062114
208.15264527320033,3942.8571428571427
208.15264527320033,3935.4037267080744
208.15264527320033,3927.950310559006
208.15264527320033,3920.496894409938
208.15264527320033,3913.0434782608695
208.15264527320033,3905.590062111801
208.15264527320033,3898.136645962733
208.15264527320033,3890.6832298136646
208.15264527320033,3883.2298136645963
208.15264527320033,3875.776397515528
208.15264527320033,3868.3229813664598
208.15264527320033,3860.8695652173915
208.15264527320033,3853.416149068323
208.15264527320033,3845.9627329192544
208.15264527320033,3838.509316770186
208.15264527320033,3831.055900621118
208.15264527320033,3823.6024844720496
208.15264527320033,3816.1490683229813
208.15264527320033,3808.695652173913
208.15264527320033,3801.2422360248447
208.15264527320033,3793.7888198757764
208.15264527320033,3786.335403726708
208.15264527320033,3778.88198757764
208.15264527320033,3771.4285714285716
208.15264527320033,3763.9751552795033
208.15264527320033,3756.521739130435
208.15264527320033,3749.0683229813662
208.15264527320033,3741.614906832298
208.15264527320033,3734.1614906832297
208.15264527320033,3726.7080745341614
208.15264527320033,3719.254658385093
208.15264527320033,3711.801242236025
208.15264527320033,3704.3478260869565
208.15264527320033,3696.894409937888
208.15264527320033,3689.44099378882
208.15264527320033,3681.9875776397516
208.15264527320033,3674.5341614906833
208.15264527320033,3667.080745341615
208.15264527320033,3659.6273291925468
208.15264527320033,3652.1739130434785
208.15264527320033,3644.7204968944097
208.15264527320033,3637.2670807453414
208.15264527320033,3629.813664596273
208.15264527320033,3622.360248447205
208.15264527320033,3614.9068322981366
208.15264527320033,3607.4534161490683
208.15264527320033,3600.0
208.15264527320033,3592.5465838509317
208.15264527320033,3585.0931677018634
208.15264527320033,3577.639751552795
208.15264527320033,3570.186335403727
208.15264527320033,3562.7329192546586
208.15264527320033,3555.2795031055903
208.15264527320033,3547.8260869565215
208.15264527320033,3540.3726708074532
208.15264527320033,3532.919254658385
208.15264527320033,3525.4658385093167
208.15264527320033,3518.0124223602484
208.15264527320033,3510.55900621118
208.15264527320033,3503.105590062112
208.15264527320033,3495.6521739130435
208.15264527320033,3488.198757763975
208.15264527320033,3480.745341614907
208.15264527320033,3473.2919254658386
208.15264527320033,3465.8385093167703
208.15264527320033,3458.385093167702
208.15264527320033,3450.9316770186338
208.15264527320033,3443.478260869565
208.15264527320033,3436.0248447204967
208.15264527320033,3428.5714285714284
208.15264527320033,3421.11801242236
208.15264527320033,3413.664596273292
208.15264527320033,3406.2111801242236
208.15264527320033,3398.7577639751553
208.15264527320033,3391.304347826087
208.15264527320033,3383.8509316770187
208.15264527320033,3376.3975155279504
208.15264527320033,3368.944099378882
208.15264527320033,3361.490683229814
208.15264527320033,3354.0372670807456
208.15264527320033,3346.583850931677
208.15264527320033,3339.1304347826085
208.15264527320033,3331.6770186335402
208.15264527320033,3324.223602484472
208.15264527320033,3316.7701863354037
208.15264527320033,3309.3167701863354
208.15264527320033,3301.863354037267
208.15264527320033,3294.409937888199
208.15264527320033,3286.9565217391305
208.15264527320033,3279.503105590062
208.15264527320033,3272.049689440994
208.15264527320033,3264.5962732919256
208.15264527320033,3257.1428571428573
208.15264527320033,3249.6894409937886
208.15264527320033,3242.2360248447203
208.15264527320033,3234.782608695652
208.15264527320033,3227.3291925465837
208.15264527320033,3219.8757763975154
208.15264527320033,3212.422360248447
208.15264527320033,3204.968944099379
208.15264527320033,3197.5155279503106
208.15264527320033,3190.0621118012423
208.15264527320033,3182.608695652174
208.15264527320033,3175.1552795031057
208.15264527320033,3167.7018633540374
208.15264527320033,3160.248447204969
208.15264527320033,3152.795031055901
208.15264527320033,3145.341614906832
208.15264527320033,3137.888198757764
208.15264527320033,3130.4347826086955
208.15264527320033,3122.981366459627
208.15264527320033,3115.527950310559
208.15264527320033,3108.0745341614906
208.15264527320033,3100.6211180124224
208.15264527320033,3093.167701863354
208.15264527320033,3085.714285714286
208.15264527320033,3078.2608695652175
208.15264527320033,3070.807453416149
208.15264527320033,3063.354037267081
208.15264527320033,3055.9006211180126
208.15264527320033,3048.447204968944
208.15264527320033,3040.9937888198756
208.15264527320033,3033.5403726708073
208.15264527320033,3026.086956521739
208.15264527320033,3018.6335403726707
208.15264527320033,3011.1801242236024
208.15264527320033,3003.726708074534
208.15264527320033,2996.273291925466
208.15264527320033,2988.8198757763976
208.15264527320033,2981.3664596273293
208.15264527320033,2973.913043478261
208.15264527320033,2966.4596273291927
208.15264527320033,2959.0062111801244
208.15264527320033,2951.552795031056
208.15264527320033,2944.0993788819874
208.15264527320033,2936.645962732919
208.15264527320033,2929.192546583851
208.15264527320033,2921.7391304347825
208.15264527320033,2914.285714285714
208.15264527320033,2906.832298136646
208.15264527320033,2899.3788819875776
208.15264527320033,2891.9254658385094
208.15264527320033,2884.472049689441
208.15264527320033,2877.018633540373
208.15264527320033,2869.5652173913045
208.15264527320033,2862.111801242236
208.15264527320033,2854.658385093168
208.15264527320033,2847.204968944099
208.15264527320033,2839.751552795031
208.15264527320033,2832.2981366459626
208.15264527320033,2824.8447204968943
208.15264527320033,2817.391304347826
208.15264527320033,2809.9378881987577
208.15264527320033,2802.4844720496894
208.15264527320033,2795.031055900621
208.15264527320033,2787.577639751553
208.15264527320033,2780.1242236024846
208.15264527320033,2772.6708074534163
208.15264527320033,2765.217391304348
208.15264527320033,2757.7639751552797
208.15264527320033,2750.3105590062114
208.15264527320033,2742.8571428571427
208.15264527320033,2735.4037267080744
208.15264527320033,2727.950310559006
208.15264527320033,2720.496894409938
208.15264527320033,2713.0434782608695
208.15264527320033,2705.590062111801
208.15264527320033,2698.136645962733
208.15264527320033,2690.6832298136646
208.15264527320033,2683.2298136645963
208.15264527320033,2675.776397515528
208.15264527320033,2668.3229813664598
208.15264527320033,2660.8695652173915
208.15264527320033,2653.416149068323
208.15264527320033,2645.9627329192544
208.15264527320033,2638.509316770186
208.15264527320033,2631.055900621118
208.15264527320033,2623.6024844720496
208.15264527320033,2616.1490683229813
208.15264527320033,2608.695652173913
208.15264527320033,2601.2422360248447
208.15264527320033,2593.7888198757764
208.15264527320033,2586.335403726708
208.15264527320033,2578.88198757764
208.15264527320033,2571.4285714285716
208.15264527320033,2563.9751552795033
208.15264527320033,2556.521739130435
208.15264527320033,2549.0683229813662
208.15264527320033,2541.614906832298
208.15264527320033,2534.1614906832297
208.15264527320033,2526.7080745341614
208.15264527320033,2519.254658385093
208.15264527320033,2511.801242236025
208.15264527320033,2504.3478260869565
208.15264527320033,2496.894409937888
208.15264527320033,2489.44099378882
208.15264527320033,2481.9875776397516
211.6218560277537,4591.304347826087
211.6218560277537,4583.850931677019
211.6218560277537,4576.39751552795
211.6218560277537,4568.944099378882
211.6218560277537,4561.490683229814
211.6218560277537,4554.037267080746
211.6218560277537,4546.583850931677
211.6218560277537,4539.130434782609
211.6218560277537,4531.677018633541
211.6218560277537,4524.223602484472
211.6218560277537,4516.770186335404
211.6218560277537,4509.316770186336
211.6218560277537,4501.8633540372675
211.6218560277537,4494.409937888198
211.6218560277537,4486.95652173913
211.6218560277537,4479.503105590062
211.6218560277537,4472.0496894409935
211.6218560277537,4464.596273291925
211.6218560277537,4457.142857142857
211.6218560277537,4449.689440993789
211.6218560277537,4442.23602484472
211.6218560277537,4434.782608695652
211.6218560277537,4427.329192546584
211.6218560277537,4419.875776397515
211.6218560277537,4412.422360248447
211.6218560277537,4404.968944099379
211.6218560277537,4397.515527950311
211.6218560277537,4390.062111801242
211.6218560277537,4382.608695652174
211.6218560277537,4375.155279503106
211.6218560277537,4367.701863354037
211.6218560277537,4360.248447204969
211.6218560277537,4352.795031055901
211.6218560277537,4345.341614906833
211.6218560277537,4337.888198757764
211.6218560277537,4330.434782608696
211.6218560277537,4322.981366459628
211.6218560277537,4315.527950310559
211.6218560277537,4308.074534161491
211.6218560277537,4300.621118012423
211.6218560277537,4293.167701863354
211.6218560277537,4285.714285714285
211.6218560277537,4278.260869565217
211.6218560277537,4270.807453416149
211.6218560277537,4263.3540372670805
211.6218560277537,4255.900621118012
211.6218560277537,4248.447204968944
211.6218560277537,4240.993788819876
211.6218560277537,4233.540372670807
211.6218560277537,4226.086956521739
211.6218560277537,4218.633540372671
211.6218560277537,4211.180124223602
211.6218560277537,4203.726708074534
211.6218560277537,4196.273291925466
211.6218560277537,4188.819875776398
211.6218560277537,4181.366459627329
211.6218560277537,4173.913043478261
211.6218560277537,4166.459627329193
211.6218560277537,4159.006211180124
211.6218560277537,4151.552795031056
211.6218560277537,4144.099378881988
211.6218560277537,4136.6459627329195
211.6218560277537,4129.192546583851
211.6218560277537,4121.739130434783
211.6218560277537,4114.285714285715
211.6218560277537,4106.832298136646
211.6218560277537,4099.378881987577
211.6218560277537,4091.9254658385094
211.6218560277537,4084.472049689441
211.6218560277537,4077.018633540373
211.6218560277537,4069.5652173913045
211.6218560277537,4062.111801242236
211.6218560277537,4054.658385093168
211.6218560277537,4047.204968944099
211.6218560277537,4039.751552795031
211.6218560277537,4032.2981366459626
211.6218560277537,4024.8447204968943
211.6218560277537,4017.391304347826
211.6218560277537,4009.9378881987577
211.6218560277537,4002.4844720496894
211.6218560277537,3995.031055900621
211.6218560277537,3987.577639751553
211.6218560277537,3980.1242236024846
211.6218560277537,3972.6708074534163
211.6218560277537,3965.217391304348
211.6218560277537,3957.7639751552797
211.6218560277537,3950.3105590062114
211.6218560277537,3942.8571428571427
211.6218560277537,3935.4037267080744
211.6218560277537,3927.950310559006
211.6218560277537,3920.496894409938
211.6218560277537,3913.0434782608695
211.6218560277537,3905.590062111801
211.6218560277537,3898.136645962733
211.6218560277537,3890.6832298136646
211.6218560277537,3883.2298136645963
211.6218560277537,3875.776397515528
211.6218560277537,3868.3229813664598
211.6218560277537,3860.8695652173915
211.6218560277537,3853.416149068323
211.6218560277537,3845.9627329192544
211.6218560277537,3838.509316770186
211.6218560277537,3831.055900621118
211.6218560277537,3823.6024844720496
211.6218560277537,3816.1490683229813
211.6218560277537,3808.695652173913
211.6218560277537,3801.2422360248447
211.6218560277537,3793.7888198757764
211.6218560277537,3786.335403726708
211.6218560277537,3778.88198757764
211.6218560277537,3771.4285714285716
211.6218560277537,3763.9751552795033
211.6218560277537,3756.521739130435
211.6218560277537,3749.0683229813662
211.6218560277537,3741.614906832298
211.6218560277537,3734.1614906832297
211.6218560277537,3726.7080745341614
211.6218560277537,3719.254658385093
211.6218560277537,3711.801242236025
211.6218560277537,3704.3478260869565
211.6218560277537,3696.894409937888
211.6218560277537,3689.44099378882
211.6218560277537,3681.9875776397516
211.6218560277537,3674.5341614906833
211.6218560277537,3667.080745341615
211.6218560277537,3659.6273291925468
211.6218560277537,3652.1739130434785
211.6218560277537,3644.7204968944097
211.6218560277537,3637.2670807453414
211.6218560277537,3629.813664596273
211.6218560277537,3622.360248447205
211.6218560277537,3614.9068322981366
211.6218560277537,3607.4534161490683
211.6218560277537,3600.0
211.6218560277537,3592.5465838509317
211.6218560277537,3585.0931677018634
211.6218560277537,3577.639751552795
211.6218560277537,3570.186335403727
211.6218560277537,3562.7329192546586
211.6218560277537,3555.2795031055903
211.6218560277537,3547.8260869565215
211.6218560277537,3540.3726708074532
211.6218560277537,3532.919254658385
211.6218560277537,3525.4658385093167
211.6218560277537,3518.0124223602484
211.6218560277537,3510.55900621118
211.6218560277537,3503.105590062112
211.6218560277537,3495.6521739130435
211.6218560277537,3488.198757763975
211.6218560277537,3480.745341614907
211.6218560277537,3473.2919254658386
211.6218560277537,3465.8385093167703
211.6218560277537,3458.385093167702
211.6218560277537,3450.9316770186338
211.6218560277537,3443.478260869565
211.6218560277537,3436.0248447204967
211.6218560277537,3428.5714285714284
211.6218560277537,3421.11801242236
211.6218560277537,3413.664596273292
211.6218560277537,3406.2111801242236
211.6218560277537,3398.7577639751553
211.6218560277537,3391.304347826087
211.6218560277537,3383.8509316770187
211.6218560277537,3376.3975155279504
211.6218560277537,3368.944099378882
211.6218560277537,3361.490683229814
211.6218560277537,3354.0372670807456
211.6218560277537,3346.583850931677
211.6218560277537,3339.1304347826085
211.6218560277537,3331.6770186335402
211.6218560277537,3324.223602484472
211.6218560277537,3316.7701863354037
211.6218560277537,3309.3167701863354
211.6218560277537,3301.863354037267
211.6218560277537,3294.409937888199
211.6218560277537,3286.9565217391305
211.6218560277537,3279.503105590062
211.6218560277537,3272.049689440994
211.6218560277537,3264.5962732919256
211.6218560277537,3257.1428571428573
211.6218560277537,3249.6894409937886
211.6218560277537,3242.2360248447203
211.6218560277537,3234.782608695652
211.6218560277537,3227.3291925465837
211.6218560277537,3219.8757763975154
211.6218560277537,3212.422360248447
211.6218560277537,3204.968944099379
211.6218560277537,3197.5155279503106
211.6218560277537,3190.0621118012423
211.6218560277537,3182.608695652174
211.6218560277537,3175.1552795031057
211.6218560277537,3167.7018633540374
211.6218560277537,3160.248447204969
211.6218560277537,3152.795031055901
211.6218560277537,3145.341614906832
211.6218560277537,3137.888198757764
211.6218560277537,3130.4347826086955
211.6218560277537,3122.981366459627
211.6218560277537,3115.527950310559
211.6218560277537,3108.0745341614906
211.6218560277537,3100.6211180124224
211.6218560277537,3093.167701863354
211.6218560277537,3085.714285714286
211.6218560277537,3078.2608695652175
211.6218560277537,3070.807453416149
211.6218560277537,3063.354037267081
211.6218560277537,3055.9006211180126
211.6218560277537,3048.447204968944
211.6218560277537,3040.9937888198756
211.6218560277537,3033.5403726708073
211.6218560277537,3026.086956521739
211.6218560277537,3018.6335403726707
211.6218560277537,3011.1801242236024
211.6218560277537,3003.726708074534
211.6218560277537,2996.273291925466
211.6218560277537,2988.8198757763976
211.6218560277537,2981.3664596273293
211.6218560277537,2973.913043478261
211.6218560277537,2966.4596273291927
211.6218560277537,2959.0062111801244
211.6218560277537,2951.552795031056
211.6218560277537,2944.0993788819874
211.6218560277537,2936.645962732919
211.6218560277537,2929.192546583851
211.6218560277537,2921.7391304347825
211.6218560277537,2914.285714285714
211.6218560277537,2906.832298136646
211.6218560277537,2899.3788819875776
211.6218560277537,2891.9254658385094
211.6218560277537,2884.472049689441
211.6218560277537,2877.018633540373
211.6218560277537,2869.5652173913045
211.6218560277537,2862.111801242236
211.6218560277537,2854.658385093168
211.6218560277537,2847.204968944099
211.6218560277537,2839.751552795031
211.6218560277537,2832.2981366459626
211.6218560277537,2824.8447204968943
211.6218560277537,2817.391304347826
211.6218560277537,2809.9378881987577
211.6218560277537,2802.4844720496894
211.6218560277537,2795.031055900621
211.6218560277537,2787.577639751553
211.6218560277537,2780.1242236024846
211.6218560277537,2772.6708074534163
211.6218560277537,2765.217391304348
211.6218560277537,2757.7639751552797
211.6218560277537,2750.3105590062114
211.6218560277537,2742.8571428571427
211.6218560277537,2735.4037267080744
211.6218560277537,2727.950310559006
211.6218560277537,2720.496894409938
211.6218560277537,2713.0434782608695
211.6218560277537,2705.590062111801
211.6218560277537,2698.136645962733
211.6218560277537,2690.6832298136646
211.6218560277537,2683.2298136645963
211.6218560277537,2675.776397515528
211.6218560277537,2668.3229813664598
211.6218560277537,2660.8695652173915
211.6218560277537,2653.416149068323
211.6218560277537,2645.9627329192544
211.6218560277537,2638.509316770186
211.6218560277537,2631.055900621118
211.6218560277537,2623.6024844720496
211.6218560277537,2616.1490683229813
211.6218560277537,2608.695652173913
211.6218560277537,2601.2422360248447
211.6218560277537,2593.7888198757764
211.6218560277537,2586.335403726708
211.6218560277537,2578.88198757764
211.6218560277537,2571.4285714285716
211.6218560277537,2563.9751552795033
211.6218560277537,2556.521739130435
211.6218560277537,2549.0683229813662
211.6218560277537,2541.614906832298
211.6218560277537,2534.1614906832297
211.6218560277537,2526.7080745341614
211.6218560277537,2519.254658385093
211.6218560277537,2511.801242236025
211.6218560277537,2504.3478260869565
211.6218560277537,2496.894409937888
211.6218560277537,2489.44099378882
211.6218560277537,2481.9875776397516
211.6218560277537,2474.5341614906833
211.6218560277537,2467.080745341615
211.6218560277537,2459.6273291925468
211.6218560277537,2452.1739130434785
211.6218560277537,2444.7204968944097
211.6218560277537,2437.2670807453414
211.6218560277537,2429.813664596273
211.6218560277537,2422.360248447205
211.6218560277537,2414.9068322981366
211.6218560277537,2407.4534161490683
211.6218560277537,2400.0
211.6218560277537,2392.5465838509317
211.6218560277537,2385.0931677018634
211.6218560277537,2377.639751552795
211.6218560277537,2370.186335403727
211.6218560277537,2362.7329192546586
211.6218560277537,2355.2795031055903
211.6218560277537,2347.8260869565215
211.6218560277537,2340.3726708074532
211.6218560277537,2332.919254658385
211.6218560277537,2325.4658385093167
211.6218560277537,2318.0124223602484
211.6218560277537,2310.55900621118
211.6218560277537,2303.105590062112
211.6218560277537,2295.6521739130435
211.6218560277537,2288.198757763975
211.6218560277537,2280.745341614907
211.6218560277537,2273.2919254658386
211.6218560277537,2265.8385093167703
211.6218560277537,2258.385093167702
211.6218560277537,2250.9316770186338
211.6218560277537,2243.478260869565
211.6218560277537,2236.0248447204967
211.6218560277537,2228.5714285714284
211.6218560277537,2221.11801242236
211.6218560277537,2213.664596273292
211.6218560277537,2206.2111801242236
211.6218560277537,2198.7577639751553
211.6218560277537,2191.304347826087
211.6218560277537,2183.8509316770187
211.6218560277537,2176.3975155279504
211.6218560277537,2168.944099378882
211.6218560277537,2161.490683229814
211.6218560277537,2154.0372670807456
211.6218560277537,2146.583850931677
211.6218560277537,2139.1304347826085
211.6218560277537,2131.6770186335402
211.6218560277537,2124.223602484472
211.6218560277537,2116.7701863354037
211.6218560277537,2109.3167701863354
211.6218560277537,2101.863354037267
211.6218560277537,2094.409937888199
211.6218560277537,2086.9565217391305
211.6218560277537,2079.503105590062
215.09106678230702,4009.9378881987577
215.09106678230702,4002.4844720496894
215.09106678230702,3995.031055900621
215.09106678230702,3987.577639751553
215.09106678230702,3980.1242236024846
215.09106678230702,3972.6708074534163
215.09106678230702,3965.217391304348
215.09106678230702,3957.7639751552797
215.09106678230702,3950.3105590062114
215.09106678230702,3942.8571428571427
215.09106678230702,3935.4037267080744
215.09106678230702,3927.950310559006
215.09106678230702,3920.496894409938
215.09106678230702,3913.0434782608695
215.09106678230702,3905.590062111801
215.09106678230702,3898.136645962733
215.09106678230702,3890.6832298136646
215.09106678230702,3883.2298136645963
215.09106678230702,3875.776397515528
215.09106678230702,3868.3229813664598
215.09106678230702,3860.8695652173915
215.09106678230702,3853.416149068323
215.09106678230702,3845.9627329192544
215.09106678230702,3838.509316770186
215.09106678230702,3831.055900621118
215.09106678230702,3823.6024844720496
215.09106678230702,3816.1490683229813
215.09106678230702,3808.695652173913
215.09106678230702,3801.2422360248447
215.09106678230702,3793.7888198757764
215.09106678230702,3786.335403726708
215.09106678230702,3778.88198757764
215.09106678230702,3771.4285714285716
215.09106678230702,3763.9751552795033
215.09106678230702,3756.521739130435
215.09106678230702,3749.0683229813662
215.09106678230702,3741.614906832298
215.09106678230702,3734.1614906832297
215.09106678230702,3726.7080745341614
215.09106678230702,3719.254658385093
215.09106678230702,3711.801242236025
215.09106678230702,3704.3478260869565
215.09106678230702,3696.894409937888
215.09106678230702,3689.44099378882
215.09106678230702,3681.9875776397516
215.09106678230702,3674.5341614906833
215.09106678230702,3667.080745341615
215.09106678230702,3659.6273291925468
215.09106678230702,3652.1739130434785
215.09106678230702,3644.7204968944097
215.09106678230702,3637.2670807453414
215.09106678230702,3629.813664596273
215.09106678230702,3622.360248447205
215.09106678230702,3614.9068322981366
215.09106678230702,3607.4534161490683
215.09106678230702,3600.0
215.09106678230702,3592.5465838509317
215.09106678230702,3585.0931677018634
215.09106678230702,3577.639751552795
215.09106678230702,3570.186335403727
215.09106678230702,3562.7329192546586
215.09106678230702,3555.2795031055903
215.09106678230702,3547.8260869565215
215.09106678230702,3540.3726708074532
215.09106678230702,3532.919254658385
215.09106678230702,3525.4658385093167
215.09106678230702,3518.0124223602484
215.09106678230702,3510.55900621118
215.09106678230702,3503.105590062112
215.09106678230702,3495.6521739130435
215.09106678230702,3488.198757763975
215.09106678230702,3480.745341614907
215.09106678230702,3473.2919254658386
215.09106678230702,3465.8385093167703
215.09106678230702,3458.385093167702
215.09106678230702,3450.9316770186338
215.09106678230702,3443.478260869565
215.09106678230702,3436.0248447204967
215.09106678230702,3428.5714285714284
215.09106678230702,3421.11801242236
215.09106678230702,3413.664596273292
215.09106678230702,3406.2111801242236
215.09106678230702,3398.7577639751553
215.09106678230702,3391.304347826087
215.09106678230702,3383.8509316770187
215.09106678230702,3376.3975155279504
215.09106678230702,3368.944099378882
215.09106678230702,3361.490683229814
215.09106678230702,3354.0372670807456
215.09106678230702,3346.583850931677
215.09106678230702,3339.1304347826085
215.09106678230702,3331.6770186335402
215.09106678230702,3324.223602484472
215.09106678230702,3316.7701863354037
215.09106678230702,3309.3167701863354
215.09106678230702,3301.863354037267
215.09106678230702,3294.409937888199
215.09106678230702,3286.9565217391305
215.09106678230702,3279.503105590062
215.09106678230702,3272.049689440994
215.09106678230702,3264.5962732919256
215.09106678230702,3257.1428571428573
215.09106678230702,3249.6894409937886
215.09106678230702,3242.2360248447203
215.09106678230702,3234.782608695652
215.09106678230702,3227.3291925465837
215.09106678230702,3219.8757763975154
215.09106678230702,3212.422360248447
215.09106678230702,3204.968944099379
215.09106678230702,3197.5155279503106
215.09106678230702,3190.0621118012423
215.09106678230702,3182.608695652174
215.09106678230702,3175.1552795031057
215.09106678230702,3167.7018633540374
215.09106678230702,3160.248447204969
215.09106678230702,3152.795031055901
215.09106678230702,3145.341614906832
215.09106678230702,3137.888198757764
215.09106678230702,3130.4347826086955
215.09106678230702,3122.981366459627
215.09106678230702,3115.527950310559
215.09106678230702,3108.0745341614906
215.09106678230702,3100.6211180124224
215.09106678230702,3093.167701863354
215.09106678230702,3085.714285714286
215.09106678230702,3078.2608695652175
215.09106678230702,3070.807453416149
215.09106678230702,3063.354037267081
215.09106678230702,3055.9006211180126
215.09106678230702,3048.447204968944
215.09106678230702,3040.9937888198756
215.09106678230702,3033.5403726708073
215.09106678230702,3026.086956521739
215.09106678230702,3018.6335403726707
215.09106678230702,3011.1801242236024
215.09106678230702,3003.726708074534
215.09106678230702,2996.273291925466
215.09106678230702,2988.8198757763976
215.09106678230702,2981.3664596273293
215.09106678230702,2973.913043478261
215.09106678230702,2966.4596273291927
215.09106678230702,2959.0062111801244
215.09106678230702,2951.552795031056
215.09106678230702,2944.0993788819874
215.09106678230702,2936.645962732919
215.09106678230702,2929.192546583851
215.09106678230702,2921.7391304347825
215.09106678230702,2914.285714285714
215.09106678230702,2906.832298136646
215.09106678230702,2899.3788819875776
215.09106678230702,2891.9254658385094
215.09106678230702,2884.472049689441
215.09106678230702,2877.018633540373
215.09106678230702,2869.5652173913045
215.09106678230702,2862.111801242236
215.09106678230702,2854.658385093168
215.09106678230702,2847.204968944099
215.09106678230702,2839.751552795031
215.09106678230702,2832.2981366459626
215.09106678230702,2824.8447204968943
215.09106678230702,2817.391304347826
215.09106678230702,2809.9378881987577
215.09106678230702,2802.4844720496894
215.09106678230702,2795.031055900621
215.09106678230702,2787.577639751553
215.09106678230702,2780.1242236024846
215.09106678230702,2772.6708074534163
215.09106678230702,2765.217391304348
215.09106678230702,2757.7639751552797
215.09106678230702,2750.3105590062114
215.09106678230702,2742.8571428571427
215.09106678230702,2735.4037267080744
215.09106678230702,2727.950310559006
215.09106678230702,2720.496894409938
215.09106678230702,2713.0434782608695
215.09106678230702,2705.590062111801
215.09106678230702,2698.136645962733
215.09106678230702,2690.6832298136646
215.09106678230702,2683.2298136645963
215.09106678230702,2675.776397515528
215.09106678230702,2668.3229813664598
215.09106678230702,2660.8695652173915
215.09106678230702,2653.416149068323
215.09106678230702,2645.9627329192544
215.09106678230702,2638.509316770186
215.09106678230702,2631.055900621118
215.09106678230702,2623.6024844720496
215.09106678230702,2616.1490683229813
215.09106678230702,2608.695652173913
215.09106678230702,2601.2422360248447
215.09106678230702,2593.7888198757764
215.09106678230702,2586.335403726708
215.09106678230702,2578.88198757764
215.09106678230702,2571.4285714285716
215.09106678230702,2563.9751552795033
215.09106678230702,2556.521739130435
215.09106678230702,2549.0683229813662
215.09106678230702,2541.614906832298
215.09106678230702,2534.1614906832297
215.09106678230702,2526.7080745341614
215.09106678230702,2519.254658385093
215.09106678230702,2511.801242236025
215.09106678230702,2504.3478260869565
215.09106678230702,2496.894409937888
215.09106678230702,2489.44099378882
215.09106678230702,2481.9875776397516
215.09106678230702,2474.5341614906833
215.09106678230702,2467.080745341615
215.09106678230702,2459.6273291925468
215.09106678230702,2452.1739130434785
215.09106678230702,2444.7204968944097
215.09106678230702,2437.2670807453414
215.09106678230702,2429.813664596273
215.09106678230702,2422.360248447205
215.09106678230702,2414.9068322981366
215.09106678230702,2407.4534161490683
215.09106678230702,2400.0
215.09106678230702,2392.5465838509317
215.09106678230702,2385.0931677018634
215.09106678230702,2377.639751552795
215.09106678230702,2370.186335403727
215.09106678230702,2362.7329192546586
215.09106678230702,2355.2795031055903
215.09106678230702,2347.8260869565215
215.09106678230702,2340.3726708074532
215.09106678230702,2332.919254658385
215.09106678230702,2325.4658385093167
215.09106678230702,2318.0124223602484
215.09106678230702,2310.55900621118
215.09106678230702,2303.105590062112
215.09106678230702,2295.6521739130435
215.09106678230702,2288.198757763975
215.09106678230702,2280.745341614907
215.09106678230702,2273.2919254658386
215.09106678230702,2265.8385093167703
215.09106678230702,2258.385093167702
215.09106678230702,2250.9316770186338
215.09106678230702,2243.478260869565
215.09106678230702,2236.0248447204967
215.09106678230702,2228.5714285714284
215.09106678230702,2221.11801242236
215.09106678230702,2213.664596273292
215.09106678230702,2206.2111801242236
215.09106678230702,2198.7577639751553
215.09106678230702,2191.304347826087
215.09106678230702,2183.8509316770187
215.09106678230702,2176.3975155279504
215.09106678230702,2168.944099378882
215.09106678230702,2161.490683229814
215.09106678230702,2154.0372670807456
215.09106678230702,2146.583850931677
215.09106678230702,2139.1304347826085
215.09106678230702,2131.6770186335402
215.09106678230702,2124.223602484472
215.09106678230702,2116.7701863354037
215.09106678230702,2109.3167701863354
215.09106678230702,2101.863354037267
215.09106678230702,2094.409937888199
215.09106678230702,2086.9565217391305
215.09106678230702,2079.503105590062
215.09106678230702,2072.049689440994
215.09106678230702,2064.5962732919256
215.09106678230702,2057.1428571428573
215.09106678230702,2049.6894409937886
215.09106678230702,2042.2360248447205
215.09106678230702,2034.7826086956522
215.09106678230702,2027.329192546584
215.09106678230702,2019.8757763975154
215.09106678230702,2012.4223602484471
215.09106678230702,2004.9689440993789
215.09106678230702,1997.5155279503106
215.09106678230702,1990.0621118012423
215.09106678230702,1982.608695652174
215.09106678230702,1975.1552795031057
215.09106678230702,1967.7018633540372
215.09106678230702,1960.248447204969
215.09106678230702,1952.7950310559006
215.09106678230702,1945.3416149068323
215.09106678230702,1937.888198757764
215.09106678230702,1930.4347826086957
215.09106678230702,1922.9813664596272
215.09106678230702,1915.527950310559
215.09106678230702,1908.0745341614906
215.09106678230702,1900.6211180124224
215.09106678230702,1893.167701863354
215.09106678230702,1885.7142857142858
215.09106678230702,1878.2608695652175
215.09106678230702,1870.807453416149
215.09106678230702,1863.3540372670807
218.56027753686035,3272.049689440994
218.56027753686035,3264.5962732919256
218.56027753686035,3257.1428571428573
218.56027753686035,3249.6894409937886
218.56027753686035,3242.2360248447203
218.56027753686035,3234.782608695652
218.56027753686035,3227.3291925465837
218.56027753686035,3219.8757763975154
218.56027753686035,3212.422360248447
218.56027753686035,3204.968944099379
218.56027753686035,3197.5155279503106
218.56027753686035,3190.0621118012423
218.56027753686035,3182.608695652174
218.56027753686035,3175.1552795031057
218.56027753686035,3167.7018633540374
218.56027753686035,3160.248447204969
218.56027753686035,3152.795031055901
218.56027753686035,3145.341614906832
218.56027753686035,3137.888198757764
218.56027753686035,3130.4347826086955
218.56027753686035,3122.981366459627
218.56027753686035,3115.527950310559
218.56027753686035,3108.0745341614906
218.56027753686035,3100.6211180124224
218.56027753686035,3093.167701863354
218.56027753686035,3085.714285714286
218.56027753686035,3078.2608695652175
218.56027753686035,3070.807453416149
218.56027753686035,3063.354037267081
218.56027753686035,3055.9006211180126
218.56027753686035,3048.447204968944
218.56027753686035,3040.9937888198756
218.56027753686035,3033.5403726708073
218.56027753686035,3026.086956521739
218.56027753686035,3018.6335403726707
218.56027753686035,3011.1801242236024
218.56027753686035,3003.726708074534
218.56027753686035,2996.273291925466
218.56027753686035,2988.8198757763976
218.56027753686035,2981.3664596273293
218.56027753686035,2973.913043478261
218.56027753686035,2966.4596273291927
218.56027753686035,2959.0062111801244
218.56027753686035,2951.552795031056
218.56027753686035,2944.0993788819874
218.56027753686035,2936.645962732919
218.56027753686035,2929.192546583851
218.56027753686035,2921.7391304347825
218.56027753686035,2914.285714285714
218.56027753686035,2906.832298136646
218.56027753686035,2899.3788819875776
218.56027753686035,2891.9254658385094
218.56027753686035,2884.472049689441
218.56027753686035,2877.018633540373
218.56027753686035,2869.5652173913045
218.56027753686035,2862.111801242236
218.56027753686035,2854.658385093168
218.56027753686035,2847.204968944099
218.56027753686035,2839.751552795031
218.56027753686035,2832.2981366459626
218.56027753686035,2824.8447204968943
218.56027753686035,2817.391304347826
218.56027753686035,2809.9378881987577
218.56027753686035,2802.4844720496894
218.56027753686035,2795.031055900621
218.56027753686035,2787.577639751553
218.56027753686035,2780.1242236024846
218.56027753686035,2772.6708074534163
218.56027753686035,2765.217391304348
218.56027753686035,2757.7639751552797
218.56027753686035,2750.3105590062114
218.56027753686035,2742.8571428571427
218.56027753686035,2735.4037267080744
218.56027753686035,2727.950310559006
218.56027753686035,2720.496894409938
218.56027753686035,2713.0434782608695
218.56027753686035,2705.590062111801
218.56027753686035,2698.136645962733
218.56027753686035,2690.6832298136646
218.56027753686035,2683.2298136645963
218.56027753686035,2675.776397515528
218.56027753686035,2668.3229813664598
218.56027753686035,2660.8695652173915
218.56027753686035,2653.416149068323
218.56027753686035,2645.9627329192544
218.56027753686035,2638.509316770186
218.56027753686035,2631.055900621118
218.56027753686035,2623.6024844720496
218.56027753686035,2616.1490683229813
218.56027753686035,2608.695652173913
218.56027753686035,2601.2422360248447
218.56027753686035,2593.7888198757764
218.56027753686035,2586.335403726708
218.56027753686035,2578.88198757764
218.56027753686035,2571.4285714285716
218.56027753686035,2563.9751552795033
218.56027753686035,2556.521739130435
218.56027753686035,2549.0683229813662
218.56027753686035,2541.614906832298
218.56027753686035,2534.1614906832297
218.56027753686035,2526.7080745341614
218.56027753686035,2519.254658385093
218.56027753686035,2511.801242236025
218.56027753686035,2504.3478260869565
218.56027753686035,2496.894409937888
218.56027753686035,2489.44099378882
218.56027753686035,2481.9875776397516
218.56027753686035,2474.5341614906833
218.56027753686035,2467.080745341615
218.56027753686035,2459.6273291925468
218.56027753686035,2452.1739130434785
218.56027753686035,2444.7204968944097
218.56027753686035,2437.2670807453414
218.56027753686035,2429.813664596273
218.56027753686035,2422.360248447205
218.56027753686035,2414.9068322981366
218.56027753686035,2407.4534161490683
218.56027753686035,2400.0
218.56027753686035,2392.5465838509317
218.56027753686035,2385.0931677018634
218.56027753686035,2377.639751552795
218.56027753686035,2370.186335403727
218.56027753686035,2362.7329192546586
218.56027753686035,2355.2795031055903
218.56027753686035,2347.8260869565215
218.56027753686035,2340.3726708074532
218.56027753686035,2332.919254658385
218.56027753686035,2325.4658385093167
218.56027753686035,2318.0124223602484
218.56027753686035,2310.55900621118
218.56027753686035,2303.105590062112
218.56027753686035,2295.6521739130435
218.56027753686035,2288.198757763975
218.56027753686035,2280.745341614907
218.56027753686035,2273.2919254658386
218.56027753686035,2265.8385093167703
218.56027753686035,2258.385093167702
218.56027753686035,2250.9316770186338
218.56027753686035,2243.478260869565
218.56027753686035,2236.0248447204967
218.56027753686035,2228.5714285714284
218.56027753686035,2221.11801242236
218.56027753686035,2213.664596273292
218.56027753686035,2206.2111801242236
218.56027753686035,2198.7577639751553
218.56027753686035,2191.304347826087
218.56027753686035,2183.8509316770187
218.56027753686035,2176.3975155279504
218.56027753686035,2168.944099378882
218.56027753686035,2161.490683229814
218.56027753686035,2154.0372670807456
218.56027753686035,2146.583850931677
218.56027753686035,2139.1304347826085
218.56027753686035,2131.6770186335402
218.56027753686035,2124.223602484472
218.56027753686035,2116.7701863354037
218.56027753686035,2109.3167701863354
218.56027753686035,2101.863354037267
218.56027753686035,2094.409937888199
218.56027753686035,2086.9565217391305
218.56027753686035,2079.503105590062
218.56027753686035,2072.049689440994
218.56027753686035,2064.5962732919256
218.56027753686035,2057.1428571428573
218.56027753686035,2049.6894409937886
218.56027753686035,2042.2360248447205
218.56027753686035,2034.7826086956522
218.56027753686035,2027.329192546584
218.56027753686035,2019.8757763975154
218.56027753686035,2012.4223602484471
218.56027753686035,2004.9689440993789
218.56027753686035,1997.5155279503106
218.56027753686035,1990.0621118012423
218.56027753686035,1982.608695652174
218.56027753686035,1975.1552795031057
218.56027753686035,1967.7018633540372
218.56027753686035,1960.248447204969
218.56027753686035,1952.7950310559006
218.56027753686035,1945.3416149068323
218.56027753686035,1937.888198757764
218.56027753686035,1930.4347826086957
218.56027753686035,1922.9813664596272
218.56027753686035,1915.527950310559
218.56027753686035,1908.0745341614906
218.56027753686035,1900.6211180124224
218.56027753686035,1893.167701863354
218.56027753686035,1885.7142857142858
218.56027753686035,1878.2608695652175
218.56027753686035,1870.807453416149
218.56027753686035,1863.3540372670807
218.56027753686035,1855.9006211180124
218.56027753686035,1848.447204968944
218.56027753686035,1840.9937888198758
218.56027753686035,1833.5403726708075
218.56027753686035,1826.0869565217392
218.56027753686035,1818.6335403726707
218.56027753686035,1811.1801242236024
218.56027753686035,1803.7267080745341
218.56027753686035,1796.2732919254659
218.56027753686035,1788.8198757763976
218.56027753686035,1781.3664596273293
218.56027753686035,1773.9130434782608
218.56027753686035,1766.4596273291925
218.56027753686035,1759.0062111801242
218.56027753686035,1751.552795031056
218.56027753686035,1744.0993788819876
218.56027753686035,1736.6459627329193
222.0294882914137,2631.055900621118
222.0294882914137,2623.6024844720496
222.0294882914137,2616.1490683229813
222.0294882914137,2608.695652173913
222.0294882914137,2601.2422360248447
222.0294882914137,2593.7888198757764
222.0294882914137,2586.335403726708
222.0294882914137,2578.88198757764
222.0294882914137,2571.4285714285716
222.0294882914137,2563.9751552795033
222.0294882914137,2556.521739130435
222.0294882914137,2549.0683229813662
222.0294882914137,2541.614906832298
222.0294882914137,2534.1614906832297
222.0294882914137,2526.7080745341614
222.0294882914137,2519.254658385093
222.0294882914137,2511.801242236025
222.0294882914137,2504.3478260869565
222.0294882914137,2496.894409937888
222.0294882914137,2489.44099378882
222.0294882914137,2481.9875776397516
222.0294882914137,2474.5341614906833
222.0294882914137,2467.080745341615
222.0294882914137,2459.6273291925468
222.0294882914137,2452.1739130434785
222.0294882914137,2444.7204968944097
222.0294882914137,2437.2670807453414
222.0294882914137,2429.813664596273
222.0294882914137,2422.360248447205
222.0294882914137,2414.9068322981366
222.0294882914137,2407.4534161490683
222.0294882914137,2400.0
222.0294882914137,2392.5465838509317
222.0294882914137,2385.0931677018634
222.0294882914137,2377.639751552795
222.0294882914137,2370.186335403727
222.0294882914137,2362.7329192546586
222.0294882914137,2355.2795031055903
222.0294882914137,2347.8260869565215
222.0294882914137,2340.3726708074532
222.0294882914137,2332.919254658385
222.0294882914137,2325.4658385093167
222.0294882914137,2318.0124223602484
222.0294882914137,2310.55900621118
222.0294882914137,2303.105590062112
222.0294882914137,2295.6521739130435
222.0294882914137,2288.198757763975
222.0294882914137,2280.745341614907
222.0294882914137,2273.2919254658386
222.0294882914137,2265.8385093167703
222.0294882914137,2258.385093167702
222.0294882914137,2250.9316770186338
222.0294882914137,2243.478260869565
222.0294882914137,2236.0248447204967
222.0294882914137,2228.5714285714284
222.0294882914137,2221.11801242236
222.0294882914137,2213.664596273292
222.0294882914137,2206.2111801242236
222.0294882914137,2198.7577639751553
222.0294882914137,2191.304347826087
222.0294882914137,2183.8509316770187
222.0294882914137,2176.3975155279504
222.0294882914137,2168.944099378882
222.0294882914137,2161.490683229814
222.0294882914137,2154.0372670807456
222.0294882914137,2146.583850931677
222.0294882914137,2139.1304347826085
222.0294882914137,2131.6770186335402
222.0294882914137,2124.223602484472
222.0294882914137,2116.7701863354037
222.0294882914137,2109.3167701863354
222.0294882914137,2101.863354037267
222.0294882914137,2094.409937888199
222.0294882914137,2086.9565217391305
222.0294882914137,2079.503105590062
222.0294882914137,2072.049689440994
222.0294882914137,2064.5962732919256
222.0294882914137,2057.1428571428573
222.0294882914137,2049.6894409937886
222.0294882914137,2042.2360248447205
222.0294882914137,2034.7826086956522
222.0294882914137,2027.329192546584
222.0294882914137,2019.8757763975154
222.0294882914137,2012.4223602484471
222.0294882914137,2004.9689440993789
222.0294882914137,1997.5155279503106
222.0294882914137,1990.0621118012423
222.0294882914137,1982.608695652174
222.0294882914137,1975.1552795031057
222.0294882914137,1967.7018633540372
222.0294882914137,1960.248447204969
222.0294882914137,1952.7950310559006
222.0294882914137,1945.3416149068323
222.0294882914137,1937.888198757764
222.0294882914137,1930.4347826086957
222.0294882914137,1922.9813664596272
222.0294882914137,1915.527950310559
222.0294882914137,1908.0745341614906
222.0294882914137,1900.6211180124224
222.0294882914137,1893.167701863354
222.0294882914137,1885.7142857142858
222.0294882914137,1878.2608695652175
222.0294882914137,1870.807453416149
222.0294882914137,1863.3540372670807
222.0294882914137,1855.9006211180124
222.0294882914137,1848.447204968944
222.0294882914137,1840.9937888198758
222.0294882914137,1833.5403726708075
222.0294882914137,1826.0869565217392
222.0294882914137,1818.6335403726707
222.0294882914137,1811.1801242236024
222.0294882914137,1803.7267080745341
222.0294882914137,1796.2732919254659
222.0294882914137,1788.8198757763976
222.0294882914137,1781.3664596273293
222.0294882914137,1773.9130434782608
222.0294882914137,1766.4596273291925
222.0294882914137,1759.0062111801242
222.0294882914137,1751.552795031056
222.0294882914137,1744.0993788819876
222.0294882914137,1736.6459627329193
222.0294882914137,1729.192546583851
222.0294882914137,1721.7391304347825
222.0294882914137,1714.2857142857142
222.0294882914137,1706.832298136646
222.0294882914137,1699.3788819875776
222.0294882914137,1691.9254658385094
222.0294882914137,1684.472049689441
222.0294882914137,1677.0186335403728
222.0294882914137,1669.5652173913043
225.49869904596704,2154.0372670807456
225.49869904596704,2146.583850931677
225.49869904596704,2139.1304347826085
225.49869904596704,2131.6770186335402
225.49869904596704,2124.223602484472
225.49869904596704,2116.7701863354037
225.49869904596704,2109.3167701863354
225.49869904596704,2101.863354037267
225.49869904596704,2094.409937888199
225.49869904596704,2086.9565217391305
225.49869904596704,2079.503105590062
225.49869904596704,2072.049689440994
225.49869904596704,2064.5962732919256
225.49869904596704,2057.1428571428573
225.49869904596704,2049.6894409937886
225.49869904596704,2042.2360248447205
225.49869904596704,2034.7826086956522
225.49869904596704,2027.329192546584
225.49869904596704,2019.8757763975154
225.49869904596704,2012.4223602484471
225.49869904596704,2004.9689440993789
225.49869904596704,1997.5155279503106
225.49869904596704,1990.0621118012423
225.49869904596704,1982.608695652174
225.49869904596704,1975.1552795031057
225.49869904596704,1967.7018633540372
225.49869904596704,1960.248447204969
225.49869904596704,1952.7950310559006
225.49869904596704,1945.3416149068323
225.49869904596704,1937.888198757764
225.49869904596704,1930.4347826086957
225.49869904596704,1922.9813664596272
225.49869904596704,1915.527950310559
225.49869904596704,1908.0745341614906
225.49869904596704,1900.6211180124224
225.49869904596704,1893.167701863354
225.49869904596704,1885.7142857142858
225.49869904596704,1878.2608695652175
225.49869904596704,1870.807453416149
225.49869904596704,1863.3540372670807
225.49869904596704,1855.9006211180124
225.49869904596704,1848.447204968944
225.49869904596704,1840.9937888198758
225.49869904596704,1833.5403726708075
225.49869904596704,1826.0869565217392
225.49869904596704,1818.6335403726707
225.49869904596704,1811.1801242236024
225.49869904596704,1803.7267080745341
225.49869904596704,1796.2732919254659
225.49869904596704,1788.8198757763976
225.49869904596704,1781.3664596273293
225.49869904596704,1773.9130434782608
225.49869904596704,1766.4596273291925
225.49869904596704,1759.0062111801242
225.49869904596704,1751.552795031056
225.49869904596704,1744.0993788819876
225.49869904596704,1736.6459627329193
225.49869904596704,1729.192546583851
225.49869904596704,1721.7391304347825
225.49869904596704,1714.2857142857142
225.49869904596704,1706.832298136646
225.49869904596704,1699.3788819875776
225.49869904596704,1691.9254658385094
225.49869904596704,1684.472049689441
225.49869904596704,1677.0186335403728
225.49869904596704,1669.5652173913043
225.49869904596704,1662.111801242236
225.49869904596704,1654.6583850931677
225.49869904596704,1647.2049689440994
225.49869904596704,1639.751552795031
228.96790980052037,1908.0745341614906
228.96790980052037,1900.6211180124224
228.96790980052037,1893.167701863354
228.96790980052037,1885.7142857142858
228.96790980052037,1878.2608695652175
228.96790980052037,1870.807453416149
228.96790980052037,1863.3540372670807
228.96790980052037,1855.9006211180124
228.96790980052037,1848.447204968944
228.96790980052037,1840.9937888198758
228.96790980052037,1833.5403726708075
228.96790980052037,1826.0869565217392
228.96790980052037,1818.6335403726707
228.96790980052037,1811.1801242236024
228.96790980052037,1803.7267080745341
228.96790980052037,1796.2732919254659
228.96790980052037,1788.8198757763976
228.96790980052037,1781.3664596273293
228.96790980052037,1773.9130434782608
228.96790980052037,1766.4596273291925
228.96790980052037,1759.0062111801242
228.96790980052037,1751.552795031056
228.96790980052037,1744.0993788819876
228.96790980052037,1736.6459627329193
228.96790980052037,1729.192546583851
228.96790980052037,1721.7391304347825
228.96790980052037,1714.2857142857142
228.96790980052037,1706.832298136646
228.96790980052037,1699.3788819875776
228.96790980052037,1691.9254658385094
228.96790980052037,1684.472049689441
228.96790980052037,1677.0186335403728
228.96790980052037,1669.5652173913043
228.96790980052037,1662.111801242236
228.96790980052037,1654.6583850931677
228.96790980052037,1647.2049689440994
228.96790980052037,1639.751552795031
228.96790980052037,1632.2981366459628
232.43712055507373,1759.0062111801242
232.43712055507373,1751.552795031056
232.43712055507373,1744.0993788819876
232.43712055507373,1736.6459627329193
232.43712055507373,1729.192546583851
232.43712055507373,1721.7391304347825
232.43712055507373,1714.2857142857142
232.43712055507373,1706.832298136646
232.43712055507373,1699.3788819875776
232.43712055507373,1691.9254658385094
232.43712055507373,1684.472049689441
232.43712055507373,1677.0186335403728
232.43712055507373,1669.5652173913043
232.43712055507373,1662.111801242236
232.43712055507373,1654.6583850931677
232.43712055507373,1647.2049689440994
232.43712055507373,1639.751552795031
232.43712055507373,1632.2981366459628
232.43712055507373,1624.8447204968943
235.90633130962706,1796.2732919254659
235.90633130962706,1788.8198757763976
235.90633130962706,1781.3664596273293
235.90633130962706,1773.9130434782608
235.90633130962706,1766.4596273291925
235.90633130962706,1759.0062111801242
235.90633130962706,1751.552795031056
235.90633130962706,1744.0993788819876
235.90633130962706,1736.6459627329193
235.90633130962706,1729.192546583851
235.90633130962706,1721.7391304347825
235.90633130962706,1714.2857142857142
235.90633130962706,1706.832298136646
235.90633130962706,1699.3788819875776
235.90633130962706,1691.9254658385094
235.90633130962706,1684.472049689441
235.90633130962706,1677.0186335403728
235.90633130962706,1669.5652173913043
235.90633130962706,1662.111801242236
235.90633130962706,1654.6583850931677
235.90633130962706,1647.2049689440994
235.90633130962706,1639.751552795031
235.90633130962706,1632.2981366459628
235.90633130962706,1624.8447204968943
239.3755420641804,1885.7142857142858
239.3755420641804,1878.2608695652175
239.3755420641804,1870.807453416149
239.3755420641804,1863.3540372670807
239.3755420641804,1855.9006211180124
239.3755420641804,1848.447204968944
239.3755420641804,1840.9937888198758
239.3755420641804,1833.5403726708075
239.3755420641804,1826.0869565217392
239.3755420641804,1818.6335403726707
239.3755420641804,1811.1801242236024
239.3755420641804,1803.7267080745341
239.3755420641804,1796.2732919254659
239.3755420641804,1788.8198757763976
239.3755420641804,1781.3664596273293
239.3755420641804,1773.9130434782608
239.3755420641804,1766.4596273291925
239.3755420641804,1759.0062111801242
239.3755420641804,1751.552795031056
239.3755420641804,1744.0993788819876
239.3755420641804,1736.6459627329193
239.3755420641804,1729.192546583851
239.3755420641804,1721.7391304347825
239.3755420641804,1714.2857142857142
239.3755420641804,1706.832298136646
239.3755420641804,1699.3788819875776
239.3755420641804,1691.9254658385094
239.3755420641804,1684.472049689441
239.3755420641804,1677.0186335403728
239.3755420641804,1669.5652173913043
239.3755420641804,1662.111801242236
239.3755420641804,1654.6583850931677
239.3755420641804,1647.2049689440994
239.3755420641804,1639.751552795031
239.3755420641804,1632.2981366459628
242.84475281873372,1922.9813664596272
242.84475281873372,1915.527950310559
242.84475281873372,1908.0745341614906
242.84475281873372,1900.6211180124224
242.84475281873372,1893.167701863354
242.84475281873372,1885.7142857142858
242.84475281873372,1878.2608695652175
242.84475281873372,1870.807453416149
242.84475281873372,1863.3540372670807
242.84475281873372,1855.9006211180124
242.84475281873372,1848.447204968944
242.84475281873372,1840.9937888198758
242.84475281873372,1833.5403726708075
242.84475281873372,1826.0869565217392
242.84475281873372,1818.6335403726707
242.84475281873372,1811.1801242236024
242.84475281873372,1803.7267080745341
242.84475281873372,1796.2732919254659
242.84475281873372,1788.8198757763976
242.84475281873372,1781.3664596273293
242.84475281873372,1773.9130434782608
242.84475281873372,1766.4596273291925
242.84475281873372,1759.0062111801242
242.84475281873372,1751.552795031056
242.84475281873372,1744.0993788819876
242.84475281873372,1736.6459627329193
242.84475281873372,1729.192546583851
242.84475281873372,1721.7391304347825
242.84475281873372,1714.2857142857142
242.84475281873372,1706.832298136646
242.84475281873372,1699.3788819875776
242.84475281873372,1691.9254658385094
242.84475281873372,1684.472049689441
242.84475281873372,1677.0186335403728
242.84475281873372,1669.5652173913043
242.84475281873372,1662.111801242236
242.84475281873372,1654.6583850931677
242.84475281873372,1647.2049689440994
246.31396357328708,1937.888198757764
246.31396357328708,1930.4347826086957
246.31396357328708,1922.9813664596272
246.31396357328708,1915.527950310559
246.31396357328708,1908.0745341614906
246.31396357328708,1900.6211180124224
246.31396357328708,1893.167701863354
246.31396357328708,1885.7142857142858
246.31396357328708,1878.2608695652175
246.31396357328708,1870.807453416149
246.31396357328708,1863.3540372670807
246.31396357328708,1855.9006211180124
246.31396357328708,1848.447204968944
246.31396357328708,1840.9937888198758
246.31396357328708,1833.5403726708075
246.31396357328708,1826.0869565217392
246.31396357328708,1818.6335403726707
246.31396357328708,1811.1801242236024
246.31396357328708,1803.7267080745341
246.31396357328708,1796.2732919254659
246.31396357328708,1788.8198757763976
246.31396357328708,1781.3664596273293
246.31396357328708,1773.9130434782608
246.31396357328708,1766.4596273291925
246.31396357328708,1759.0062111801242
246.31396357328708,1751.552795031056
246.31396357328708,1744.0993788819876
246.31396357328708,1736.6459627329193
246.31396357328708,1729.192546583851
246.31396357328708,1721.7391304347825
246.31396357328708,1714.2857142857142
246.31396357328708,1706.832298136646
246.31396357328708,1699.3788819875776
249.7831743278404,1937.888198757764
249.7831743278404,1930.4347826086957
249.7831743278404,1922.9813664596272
249.7831743278404,1915.527950310559
249.7831743278404,1908.0745341614906
249.7831743278404,1900.6211180124224
249.7831743278404,1893.167701863354
249.7831743278404,1885.7142857142858
249.7831743278404,1878.2608695652175
249.7831743278404,1870.807453416149
249.7831743278404,1863.3540372670807
249.7831743278404,1855.9006211180124
249.7831743278404,1848.447204968944
249.7831743278404,1840.9937888198758
249.7831743278404,1833.5403726708075
249.7831743278404,1826.0869565217392
249.7831743278404,1818.6335403726707
249.7831743278404,1811.1801242236024
249.7831743278404,1803.7267080745341
249.7831743278404,1796.2732919254659
249.7831743278404,1788.8198757763976
249.7831743278404,1781.3664596273293
249.7831743278404,1773.9130434782608
249.7831743278404,1766.4596273291925
249.7831743278404,1759.0062111801242
249.7831743278404,1751.552795031056
249.7831743278404,1744.0993788819876
249.7831743278404,1736.6459627329193
249.7831743278404,1729.192546583851
249.7831743278404,1721.7391304347825
249.7831743278404,1714.2857142857142
249.7831743278404,1706.832298136646
249.7831743278404,1699.3788819875776
249.7831743278404,1691.9254658385094
249.7831743278404,1684.472049689441
249.7831743278404,1677.0186335403728
249.7831743278404,1669.5652173913043
249.7831743278404,1662.111801242236
249.7831743278404,1654.6583850931677
253.25238508239374,1937.888198757764
253.25238508239374,1930.4347826086957
253.25238508239374,1922.9813664596272
253.25238508239374,1915.527950310559
253.25238508239374,1908.0745341614906
253.25238508239374,1900.6211180124224
253.25238508239374,1893.167701863354
253.25238508239374,1885.7142857142858
253.25238508239374,1878.2608695652175
253.25238508239374,1870.807453416149
253.25238508239374,1863.3540372670807
253.25238508239374,1855.9006211180124
253.25238508239374,1848.447204968944
253.25238508239374,1840.9937888198758
253.25238508239374,1833.5403726708075
253.25238508239374,1826.0869565217392
253.25238508239374,1818.6335403726707
253.25238508239374,1811.1801242236024
253.25238508239374,1803.7267080745341
253.25238508239374,1796.2732919254659
253.25238508239374,1788.8198757763976
253.25238508239374,1781.3664596273293
253.25238508239374,1773.9130434782608
253.25238508239374,1766.4596273291925
253.25238508239374,1759.0062111801242
253.25238508239374,1751.552795031056
253.25238508239374,1744.0993788819876
253.25238508239374,1736.6459627329193
253.25238508239374,1729.192546583851
253.25238508239374,1721.7391304347825
253.25238508239374,1714.2857142857142
253.25238508239374,1706.832298136646
253.25238508239374,1699.3788819875776
253.25238508239374,1691.9254658385094
253.25238508239374,1684.472049689441
253.25238508239374,1677.0186335403728
253.25238508239374,1669.5652173913043
253.25238508239374,1662.111801242236
253.25238508239374,1654.6583850931677
253.25238508239374,1647.2049689440994
253.25238508239374,1639.751552795031
253.25238508239374,1632.2981366459628
253.25238508239374,1624.8447204968943
253.25238508239374,1617.391304347826
253.25238508239374,1609.9378881987577
253.25238508239374,1602.4844720496894
253.25238508239374,1595.0310559006211
253.25238508239374,1587.5776397515529
253.25238508239374,1580.1242236024846
253.25238508239374,1572.670807453416
253.25238508239374,1565.2173913043478
253.25238508239374,1557.7639751552795
253.25238508239374,1550.3105590062112
253.25238508239374,1542.857142857143
253.25238508239374,1535.4037267080746
253.25238508239374,1527.9503105590063
253.25238508239374,1520.4968944099378
253.25238508239374,1513.0434782608695
253.25238508239374,1505.5900621118012
253.25238508239374,1498.136645962733
253.25238508239374,1490.6832298136646
253.25238508239374,1483.2298136645963
253.25238508239374,1475.776397515528
253.25238508239374,1468.3229813664595
253.25238508239374,1460.8695652173913
253.25238508239374,1453.416149068323
253.25238508239374,1445.9627329192547
253.25238508239374,1438.5093167701864
253.25238508239374,1431.055900621118
253.25238508239374,1423.6024844720496
256.7215958369471,1930.4347826086957
256.7215958369471,1922.9813664596272
256.7215958369471,1915.527950310559
256.7215958369471,1908.0745341614906
256.7215958369471,1900.6211180124224
256.7215958369471,1893.167701863354
256.7215958369471,1885.7142857142858
256.7215958369471,1878.2608695652175
256.7215958369471,1870.807453416149
256.7215958369471,1863.3540372670807
256.7215958369471,1855.9006211180124
256.7215958369471,1848.447204968944
256.7215958369471,1840.9937888198758
256.7215958369471,1833.5403726708075
256.7215958369471,1826.0869565217392
256.7215958369471,1818.6335403726707
256.7215958369471,1811.1801242236024
256.7215958369471,1803.7267080745341
256.7215958369471,1796.2732919254659
256.7215958369471,1788.8198757763976
256.7215958369471,1781.3664596273293
256.7215958369471,1773.9130434782608
256.7215958369471,1766.4596273291925
256.7215958369471,1759.0062111801242
256.7215958369471,1751.552795031056
256.7215958369471,1744.0993788819876
256.7215958369471,1736.6459627329193
256.7215958369471,1729.192546583851
256.7215958369471,1721.7391304347825
256.7215958369471,1714.2857142857142
256.7215958369471,1706.832298136646
256.7215958369471,1699.3788819875776
256.7215958369471,1691.9254658385094
256.7215958369471,1684.472049689441
256.7215958369471,1677.0186335403728
256.7215958369471,1669.5652173913043
256.7215958369471,1662.111801242236
256.7215958369471,1654.6583850931677
256.7215958369471,1647.2049689440994
256.7215958369471,1639.751552795031
256.7215958369471,1632.2981366459628
256.7215958369471,1624.8447204968943
256.7215958369471,1617.391304347826
256.7215958369471,1609.9378881987577
256.7215958369471,1602.4844720496894
256.7215958369471,1595.0310559006211
256.7215958369471,1587.5776397515529
256.7215958369471,1580.1242236024846
256.7215958369471,1572.670807453416
256.7215958369471,1565.2173913043478
256.7215958369471,1557.7639751552795
256.7215958369471,1550.3105590062112
256.7215958369471,1542.857142857143
256.7215958369471,1535.4037267080746
256.7215958369471,1527.9503105590063
256.7215958369471,1520.4968944099378
256.7215958369471,1513.0434782608695
256.7215958369471,1505.5900621118012
256.7215958369471,1498.136645962733
256.7215958369471,1490.6832298136646
256.7215958369471,1483.2298136645963
256.7215958369471,1475.776397515528
256.7215958369471,1468.3229813664595
256.7215958369471,1460.8695652173913
256.7215958369471,1453.416149068323
256.7215958369471,1445.9627329192547
256.7215958369471,1438.5093167701864
256.7215958369471,1431.055900621118
256.7215958369471,1423.6024844720496
256.7215958369471,1416.1490683229813
256.7215958369471,1408.695652173913
256.7215958369471,1401.2422360248447
256.7215958369471,1393.7888198757764
256.7215958369471,1386.3354037267081
256.7215958369471,1378.8819875776398
256.7215958369471,1371.4285714285713
256.7215958369471,1363.975155279503
256.7215958369471,1356.5217391304348
256.7215958369471,1349.0683229813665
256.7215958369471,1341.6149068322982
256.7215958369471,1334.1614906832299
256.7215958369471,1326.7080745341616
256.7215958369471,1319.254658385093
256.7215958369471,1311.8012422360248
256.7215958369471,1304.3478260869565
256.7215958369471,1296.8944099378882
256.7215958369471,1289.44099378882
256.7215958369471,1281.9875776397516
256.7215958369471,1274.5341614906831
256.7215958369471,1267.0807453416148
256.7215958369471,1259.6273291925465
256.7215958369471,1252.1739130434783
256.7215958369471,1244.72049689441
256.7215958369471,1237.2670807453417
256.7215958369471,1229.8136645962734
256.7215958369471,1222.3602484472049
256.7215958369471,1214.9068322981366
256.7215958369471,1207.4534161490683
256.7215958369471,1200.0
256.7215958369471,1192.5465838509317
256.7215958369471,1185.0931677018634
260.19080659150046,1893.167701863354
260.19080659150046,1885.7142857142858
260.19080659150046,1878.2608695652175
260.19080659150046,1870.807453416149
260.19080659150046,1863.3540372670807
260.19080659150046,1855.9006211180124
260.19080659150046,1848.447204968944
260.19080659150046,1840.9937888198758
260.19080659150046,1833.5403726708075
260.19080659150046,1826.0869565217392
260.19080659150046,1818.6335403726707
260.19080659150046,1811.1801242236024
260.19080659150046,1803.7267080745341
260.19080659150046,1796.2732919254659
260.19080659150046,1788.8198757763976
260.19080659150046,1781.3664596273293
260.19080659150046,1773.9130434782608
260.19080659150046,1766.4596273291925
260.19080659150046,1759.0062111801242
260.19080659150046,1751.552795031056
260.19080659150046,1744.0993788819876
260.19080659150046,1736.6459627329193
260.19080659150046,1729.192546583851
260.19080659150046,1721.7391304347825
260.19080659150046,1714.2857142857142
260.19080659150046,1706.832298136646
260.19080659150046,1699.3788819875776
260.19080659150046,1691.9254658385094
260.19080659150046,1684.472049689441
260.19080659150046,1677.0186335403728
260.19080659150046,1669.5652173913043
260.19080659150046,1662.111801242236
260.19080659150046,1654.6583850931677
260.19080659150046,1647.2049689440994
260.19080659150046,1639.751552795031
260.19080659150046,1632.2981366459628
260.19080659150046,1624.8447204968943
260.19080659150046,1617.391304347826
260.19080659150046,1609.9378881987577
260.19080659150046,1602.4844720496894
260.19080659150046,1595.0310559006211
260.19080659150046,1587.5776397515529
260.19080659150046,1580.1242236024846
260.19080659150046,1572.670807453416
260.19080659150046,1565.2173913043478
260.19080659150046,1557.7639751552795
260.19080659150046,1550.3105590062112
260.19080659150046,1542.857142857143
260.19080659150046,1535.4037267080746
260.19080659150046,1527.9503105590063
260.19080659150046,1520.4968944099378
260.19080659150046,1513.0434782608695
260.19080659150046,1505.5900621118012
260.19080659150046,1498.136645962733
260.19080659150046,1490.6832298136646
260.19080659150046,1483.2298136645963
260.19080659150046,1475.776397515528
260.19080659150046,1468.3229813664595
260.19080659150046,1460.8695652173913
260.19080659150046,1453.416149068323
260.19080659150046,1445.9627329192547
260.19080659150046,1438.5093167701864
260.19080659150046,1431.055900621118
260.19080659150046,1423.6024844720496
260.19080659150046,1416.1490683229813
260.19080659150046,1408.695652173913
260.19080659150046,1401.2422360248447
260.19080659150046,1393.7888198757764
260.19080659150046,1386.3354037267081
260.19080659150046,1378.8819875776398
260.19080659150046,1371.4285714285713
260.19080659150046,1363.975155279503
260.19080659150046,1356.5217391304348
260.19080659150046,1349.0683229813665
260.19080659150046,1341.6149068322982
260.19080659150046,1334.1614906832299
260.19080659150046,1326.7080745341616
260.19080659150046,1319.254658385093
260.19080659150046,1311.8012422360248
260.19080659150046,1304.3478260869565
260.19080659150046,1296.8944099378882
260.19080659150046,1289.44099378882
260.19080659150046,1281.9875776397516
260.19080659150046,1274.5341614906831
260.19080659150046,1267.0807453416148
260.19080659150046,1259.6273291925465
260.19080659150046,1252.1739130434783
260.19080659150046,1244.72049689441
260.19080659150046,1237.2670807453417
260.19080659150046,1229.8136645962734
260.19080659150046,1222.3602484472049
260.19080659150046,1214.9068322981366
260.19080659150046,1207.4534161490683
260.19080659150046,1200.0
260.19080659150046,1192.5465838509317
260.19080659150046,1185.0931677018634
260.19080659150046,1177.6397515527951
260.19080659150046,1170.1863354037266
260.19080659150046,1162.7329192546583
260.19080659150046,1155.27950310559
260.19080659150046,1147.8260869565217
260.19080659150046,1140.3726708074535
260.19080659150046,1132.9192546583852
260.19080659150046,1125.4658385093169
260.19080659150046,1118.0124223602484
260.19080659150046,1110.55900621118
260.19080659150046,1103.1055900621118
260.19080659150046,1095.6521739130435
260.19080659150046,1088.1987577639752
260.19080659150046,1080.745341614907
260.19080659150046,1073.2919254658384
260.19080659150046,1065.8385093167701
260.19080659150046,1058.3850931677018
260.19080659150046,1050.9316770186335
260.19080659150046,1043.4782608695652
260.19080659150046,1036.024844720497
260.19080659150046,1028.5714285714287
260.19080659150046,1021.1180124223603
260.19080659150046,1013.664596273292
260.19080659150046,1006.2111801242236
260.19080659150046,998.7577639751553
260.19080659150046,991.304347826087
263.6600173460538,1706.832298136646
263.6600173460538,1699.3788819875776
263.6600173460538,1691.9254658385094
263.6600173460538,1684.472049689441
263.6600173460538,1677.0186335403728
263.6600173460538,1669.5652173913043
263.6600173460538,1662.111801242236
263.6600173460538,1654.6583850931677
263.6600173460538,1647.2049689440994
263.6600173460538,1639.751552795031
263.6600173460538,1632.2981366459628
263.6600173460538,1624.8447204968943
263.6600173460538,1617.391304347826
263.6600173460538,1609.9378881987577
263.6600173460538,1602.4844720496894
263.6600173460538,1595.0310559006211
263.6600173460538,1587.5776397515529
263.6600173460538,1580.1242236024846
263.6600173460538,1572.670807453416
263.6600173460538,1565.2173913043478
263.6600173460538,1557.7639751552795
263.6600173460538,1550.3105590062112
263.6600173460538,1542.857142857143
263.6600173460538,1535.4037267080746
263.6600173460538,1527.9503105590063
263.6600173460538,1520.4968944099378
263.6600173460538,1513.0434782608695
263.6600173460538,1505.5900621118012
263.6600173460538,1498.136645962733
263.6600173460538,1490.6832298136646
263.6600173460538,1483.2298136645963
263.6600173460538,1475.776397515528
263.6600173460538,1468.3229813664595
263.6600173460538,1460.8695652173913
263.6600173460538,1453.416149068323
263.6600173460538,1445.9627329192547
263.6600173460538,1438.5093167701864
263.6600173460538,1431.055900621118
263.6600173460538,1423.6024844720496
263.6600173460538,1416.1490683229813
263.6600173460538,1408.695652173913
263.6600173460538,1401.2422360248447
263.6600173460538,1393.7888198757764
263.6600173460538,1386.3354037267081
263.6600173460538,1378.8819875776398
263.6600173460538,1371.4285714285713
263.6600173460538,1363.975155279503
263.6600173460538,1356.5217391304348
263.6600173460538,1349.0683229813665
263.6600173460538,1341.6149068322982
263.6600173460538,1334.1614906832299
263.6600173460538,1326.7080745341616
263.6600173460538,1319.254658385093
263.6600173460538,1311.8012422360248
263.6600173460538,1304.3478260869565
263.6600173460538,1296.8944099378882
263.6600173460538,1289.44099378882
263.6600173460538,1281.9875776397516
263.6600173460538,1274.5341614906831
263.6600173460538,1267.0807453416148
263.6600173460538,1259.6273291925465
263.6600173460538,1252.1739130434783
263.6600173460538,1244.72049689441
263.6600173460538,1237.2670807453417
263.6600173460538,1229.8136645962734
263.6600173460538,1222.3602484472049
263.6600173460538,1214.9068322981366
263.6600173460538,1207.4534161490683
263.6600173460538,1200.0
263.6600173460538,1192.5465838509317
263.6600173460538,1185.0931677018634
263.6600173460538,1177.6397515527951
263.6600173460538,1170.1863354037266
263.6600173460538,1162.7329192546583
263.6600173460538,1155.27950310559
263.6600173460538,1147.8260869565217
263.6600173460538,1140.3726708074535
263.6600173460538,1132.9192546583852
263.6600173460538,1125.4658385093169
263.6600173460538,1118.0124223602484
263.6600173460538,1110.55900621118
263.6600173460538,1103.1055900621118
263.6600173460538,1095.6521739130435
263.6600173460538,1088.1987577639752
263.6600173460538,1080.745341614907
263.6600173460538,1073.2919254658384
263.6600173460538,1065.8385093167701
263.6600173460538,1058.3850931677018
263.6600173460538,1050.9316770186335
263.6600173460538,1043.4782608695652
263.6600173460538,1036.024844720497
263.6600173460538,1028.5714285714287
263.6600173460538,1021.1180124223603
263.6600173460538,1013.664596273292
263.6600173460538,1006.2111801242236
263.6600173460538,998.7577639751553
263.6600173460538,991.304347826087
263.6600173460538,983.8509316770186
263.6600173460538,976.3975155279503
263.6600173460538,968.944099378882
263.6600173460538,961.4906832298136
263.6600173460538,954.0372670807453
263.6600173460538,946.583850931677
263.6600173460538,939.1304347826087
263.6600173460538,931.6770186335403
263.6600173460538,924.223602484472
263.6600173460538,916.7701863354038
263.6600173460538,909.3167701863354
263.6600173460538,901.8633540372671
263.6600173460538,894.4099378881988
263.6600173460538,886.9565217391304
263.6600173460538,879.5031055900621
263.6600173460538,872.0496894409938
263.6600173460538,864.5962732919255
263.6600173460538,857.1428571428571
263.6600173460538,849.6894409937888
267.1292281006071,1483.2298136645963
267.1292281006071,1475.776397515528
267.1292281006071,1468.3229813664595
267.1292281006071,1460.8695652173913
267.1292281006071,1453.416149068323
267.1292281006071,1445.9627329192547
267.1292281006071,1438.5093167701864
267.1292281006071,1431.055900621118
267.1292281006071,1423.6024844720496
267.1292281006071,1416.1490683229813
267.1292281006071,1408.695652173913
267.1292281006071,1401.2422360248447
267.1292281006071,1393.7888198757764
267.1292281006071,1386.3354037267081
267.1292281006071,1378.8819875776398
267.1292281006071,1371.4285714285713
267.1292281006071,1363.975155279503
267.1292281006071,1356.5217391304348
267.1292281006071,1349.0683229813665
267.1292281006071,1341.6149068322982
267.1292281006071,1334.1614906832299
267.1292281006071,1326.7080745341616
267.1292281006071,1319.254658385093
267.1292281006071,1311.8012422360248
267.1292281006071,1304.3478260869565
267.1292281006071,1296.8944099378882
267.1292281006071,1289.44099378882
267.1292281006071,1281.9875776397516
267.1292281006071,1274.5341614906831
267.1292281006071,1267.0807453416148
267.1292281006071,1259.6273291925465
267.1292281006071,1252.1739130434783
267.1292281006071,1244.72049689441
267.1292281006071,1237.2670807453417
267.1292281006071,1229.8136645962734
267.1292281006071,1222.3602484472049
267.1292281006071,1214.9068322981366
267.1292281006071,1207.4534161490683
267.1292281006071,1200.0
267.1292281006071,1192.5465838509317
267.1292281006071,1185.0931677018634
267.1292281006071,1177.6397515527951
267.1292281006071,1170.1863354037266
267.1292281006071,1162.7329192546583
267.1292281006071,1155.27950310559
267.1292281006071,1147.8260869565217
267.1292281006071,1140.3726708074535
267.1292281006071,1132.9192546583852
267.1292281006071,1125.4658385093169
267.1292281006071,1118.0124223602484
267.1292281006071,1110.55900621118
267.1292281006071,1103.1055900621118
267.1292281006071,1095.6521739130435
267.1292281006071,1088.1987577639752
267.1292281006071,1080.745341614907
267.1292281006071,1073.2919254658384
267.1292281006071,1065.8385093167701
267.1292281006071,1058.3850931677018
267.1292281006071,1050.9316770186335
267.1292281006071,1043.4782608695652
267.1292281006071,1036.024844720497
267.1292281006071,1028.5714285714287
267.1292281006071,1021.1180124223603
267.1292281006071,1013.664596273292
267.1292281006071,1006.2111801242236
267.1292281006071,998.7577639751553
267.1292281006071,991.304347826087
267.1292281006071,983.8509316770186
267.1292281006071,976.3975155279503
267.1292281006071,968.944099378882
267.1292281006071,961.4906832298136
267.1292281006071,954.0372670807453
267.1292281006071,946.583850931677
267.1292281006071,939.1304347826087
267.1292281006071,931.6770186335403
267.1292281006071,924.223602484472
267.1292281006071,916.7701863354038
267.1292281006071,909.3167701863354
267.1292281006071,901.8633540372671
267.1292281006071,894.4099378881988
267.1292281006071,886.9565217391304
267.1292281006071,879.5031055900621
267.1292281006071,872.0496894409938
267.1292281006071,864.5962732919255
267.1292281006071,857.1428571428571
267.1292281006071,849.6894409937888
267.1292281006071,842.2360248447205
267.1292281006071,834.7826086956521
267.1292281006071,827.3291925465838
267.1292281006071,819.8757763975156
267.1292281006071,812.4223602484471
267.1292281006071,804.9689440993789
267.1292281006071,797.5155279503106
267.1292281006071,790.0621118012423
267.1292281006071,782.6086956521739
267.1292281006071,775.1552795031056
267.1292281006071,767.7018633540373
267.1292281006071,760.2484472049689
267.1292281006071,752.7950310559006
267.1292281006071,745.3416149068323
270.59843885516045,1244.72049689441
270.59843885516045,1237.2670807453417
270.59843885516045,1229.8136645962734
270.59843885516045,1222.3602484472049
270.59843885516045,1214.9068322981366
270.59843885516045,1207.4534161490683
270.59843885516045,1200.0
270.59843885516045,1192.5465838509317
270.59843885516045,1185.0931677018634
270.59843885516045,1177.6397515527951
270.59843885516045,1170.1863354037266
270.59843885516045,1162.7329192546583
270.59843885516045,1155.27950310559
270.59843885516045,1147.8260869565217
270.59843885516045,1140.3726708074535
270.59843885516045,1132.9192546583852
270.59843885516045,1125.4658385093169
270.59843885516045,1118.0124223602484
270.59843885516045,1110.55900621118
270.59843885516045,1103.1055900621118
270.59843885516045,1095.6521739130435
270.59843885516045,1088.1987577639752
270.59843885516045,1080.745341614907
270.59843885516045,1073.2919254658384
270.59843885516045,1065.8385093167701
270.59843885516045,1058.3850931677018
270.59843885516045,1050.9316770186335
270.59843885516045,1043.4782608695652
270.59843885516045,1036.024844720497
270.59843885516045,1028.5714285714287
270.59843885516045,1021.1180124223603
270.59843885516045,1013.664596273292
270.59843885516045,1006.2111801242236
270.59843885516045,998.7577639751553
270.59843885516045,991.304347826087
270.59843885516045,983.8509316770186
270.59843885516045,976.3975155279503
270.59843885516045,968.944099378882
270.59843885516045,961.4906832298136
270.59843885516045,954.0372670807453
270.59843885516045,946.583850931677
270.59843885516045,939.1304347826087
270.59843885516045,931.6770186335403
270.59843885516045,924.223602484472
270.59843885516045,916.7701863354038
270.59843885516045,909.3167701863354
270.59843885516045,901.8633540372671
270.59843885516045,894.4099378881988
270.59843885516045,886.9565217391304
270.59843885516045,879.5031055900621
270.59843885516045,872.0496894409938
270.59843885516045,864.5962732919255
270.59843885516045,857.1428571428571
270.59843885516045,849.6894409937888
270.59843885516045,842.2360248447205
270.59843885516045,834.7826086956521
270.59843885516045,827.3291925465838
270.59843885516045,819.8757763975156
270.59843885516045,812.4223602484471
270.59843885516045,804.9689440993789
270.59843885516045,797.5155279503106
270.59843885516045,790.0621118012423
270.59843885516045,782.6086956521739
270.59843885516045,775.1552795031056
270.59843885516045,767.7018633540373
270.59843885516045,760.2484472049689
270.59843885516045,752.7950310559006
270.59843885516045,745.3416149068323
270.59843885516045,737.888198757764
270.59843885516045,730.4347826086956
270.59843885516045,722.9813664596273
270.59843885516045,715.527950310559
270.59843885516045,708.0745341614906
270.59843885516045,700.6211180124224
270.59843885516045,693.1677018633541
270.59843885516045,685.7142857142857
270.59843885516045,678.2608695652174
270.59843885516045,670.8074534161491
274.0676496097138,1036.024844720497
274.0676496097138,1028.5714285714287
274.0676496097138,1021.1180124223603
274.0676496097138,1013.664596273292
274.0676496097138,1006.2111801242236
274.0676496097138,998.7577639751553
274.0676496097138,991.304347826087
274.0676496097138,983.8509316770186
274.0676496097138,976.3975155279503
274.0676496097138,968.944099378882
274.0676496097138,961.4906832298136
274.0676496097138,954.0372670807453
274.0676496097138,946.583850931677
274.0676496097138,939.1304347826087
274.0676496097138,931.6770186335403
274.0676496097138,924.223602484472
274.0676496097138,916.7701863354038
274.0676496097138,909.3167701863354
274.0676496097138,901.8633540372671
274.0676496097138,894.4099378881988
274.0676496097138,886.9565217391304
274.0676496097138,879.5031055900621
274.0676496097138,872.0496894409938
274.0676496097138,864.5962732919255
274.0676496097138,857.1428571428571
274.0676496097138,849.6894409937888
274.0676496097138,842.2360248447205
274.0676496097138,834.7826086956521
274.0676496097138,827.3291925465838
274.0676496097138,819.8757763975156
274.0676496097138,812.4223602484471
274.0676496097138,804.9689440993789
274.0676496097138,797.5155279503106
274.0676496097138,790.0621118012423
274.0676496097138,782.6086956521739
274.0676496097138,775.1552795031056
274.0676496097138,767.7018633540373
274.0676496097138,760.2484472049689
274.0676496097138,752.7950310559006
274.0676496097138,745.3416149068323
274.0676496097138,737.888198757764
274.0676496097138,730.4347826086956
274.0676496097138,722.9813664596273
274.0676496097138,715.527950310559
274.0676496097138,708.0745341614906
274.0676496097138,700.6211180124224
274.0676496097138,693.1677018633541
274.0676496097138,685.7142857142857
274.0676496097138,678.2608695652174
274.0676496097138,670.8074534161491
274.0676496097138,663.3540372670808
274.0676496097138,655.9006211180124
274.0676496097138,648.4472049689441
274.0676496097138,640.9937888198758
274.0676496097138,633.5403726708074
274.0676496097138,626.0869565217391
274.0676496097138,618.6335403726708
277.5368603642671,879.5031055900621
277.5368603642671,872.0496894409938
277.5368603642671,864.5962732919255
277.5368603642671,857.1428571428571
277.5368603642671,849.6894409937888
277.5368603642671,842.2360248447205
277.5368603642671,834.7826086956521
277.5368603642671,827.3291925465838
277.5368603642671,819.8757763975156
277.5368603642671,812.4223602484471
277.5368603642671,804.9689440993789
277.5368603642671,797.5155279503106
277.5368603642671,790.0621118012423
277.5368603642671,782.6086956521739
277.5368603642671,775.1552795031056
277.5368603642671,767.7018633540373
277.5368603642671,760.2484472049689
277.5368603642671,752.7950310559006
277.5368603642671,745.3416149068323
277.5368603642671,737.888198757764
277.5368603642671,730.4347826086956
277.5368603642671,722.9813664596273
277.5368603642671,715.527950310559
277.5368603642671,708.0745341614906
277.5368603642671,700.6211180124224
277.5368603642671,693.1677018633541
277.5368603642671,685.7142857142857
277.5368603642671,678.2608695652174
277.5368603642671,670.8074534161491
277.5368603642671,663.3540372670808
277.5368603642671,655.9006211180124
277.5368603642671,648.4472049689441
277.5368603642671,640.9937888198758
277.5368603642671,633.5403726708074
277.5368603642671,626.0869565217391
277.5368603642671,618.6335403726708
277.5368603642671,611.1801242236024
277.5368603642671,603.7267080745341
277.5368603642671,596.2732919254659
277.5368603642671,588.8198757763976
277.5368603642671,581.3664596273292
277.5368603642671,573.9130434782609
281.00607111882044,767.7018633540373
281.00607111882044,760.2484472049689
281.00607111882044,752.7950310559006
281.00607111882044,745.3416149068323
281.00607111882044,737.888198757764
281.00607111882044,730.4347826086956
281.00607111882044,722.9813664596273
281.00607111882044,715.527950310559
281.00607111882044,708.0745341614906
281.00607111882044,700.6211180124224
281.00607111882044,693.1677018633541
281.00607111882044,685.7142857142857
281.00607111882044,678.2608695652174
281.00607111882044,670.8074534161491
281.00607111882044,663.3540372670808
281.00607111882044,655.9006211180124
281.00607111882044,648.4472049689441
281.00607111882044,640.9937888198758
281.00607111882044,633.5403726708074
281.00607111882044,626.0869565217391
281.00607111882044,618.6335403726708
281.00607111882044,611.1801242236024
281.00607111882044,603.7267080745341
281.00607111882044,596.2732919254659
281.00607111882044,588.8198757763976
281.00607111882044,581.3664596273292
281.00607111882044,573.9130434782609
281.00607111882044,566.4596273291926
281.00607111882044,559.0062111801242
281.00607111882044,551.5527950310559
281.00607111882044,544.0993788819876
284.47528187337383,685.7142857142857
284.47528187337383,678.2608695652174
284.47528187337383,670.8074534161491
284.47528187337383,663.3540372670808
284.47528187337383,655.9006211180124
284.47528187337383,648.4472049689441
284.47528187337383,640.9937888198758
284.47528187337383,633.5403726708074
284.47528187337383,626.0869565217391
284.47528187337383,618.6335403726708
284.47528187337383,611.1801242236024
284.47528187337383,603.7267080745341
284.47528187337383,596.2732919254659
284.47528187337383,588.8198757763976
284.47528187337383,581.3664596273292
284.47528187337383,573.9130434782609
284.47528187337383,566.4596273291926
284.47528187337383,559.0062111801242
284.47528187337383,551.5527950310559
284.47528187337383,544.0993788819876
284.47528187337383,536.6459627329192
284.47528187337383,529.1925465838509
284.47528187337383,521.7391304347826
287.94449262792716,626.0869565217391
287.94449262792716,618.6335403726708
287.94449262792716,611.1801242236024
287.94449262792716,603.7267080745341
287.94449262792716,596.2732919254659
287.94449262792716,588.8198757763976
287.94449262792716,581.3664596273292
287.94449262792716,573.9130434782609
287.94449262792716,566.4596273291926
287.94449262792716,559.0062111801242
287.94449262792716,551.5527950310559
287.94449262792716,544.0993788819876
287.94449262792716,536.6459627329192
287.94449262792716,529.1925465838509
287.94449262792716,521.7391304347826
287.94449262792716,514.2857142857143
287.94449262792716,506.832298136646
291.4137033824805,581.3664596273292
291.4137033824805,573.9130434782609
291.4137033824805,566.4596273291926
291.4137033824805,559.0062111801242
291.4137033824805,551.5527950310559
291.4137033824805,544.0993788819876
291.4137033824805,536.6459627329192
291.4137033824805,529.1925465838509
291.4137033824805,521.7391304347826
291.4137033824805,514.2857142857143
291.4137033824805,506.832298136646
291.4137033824805,499.37888198757764
294.8829141370338,544.0993788819876
294.8829141370338,536.6459627329192
294.8829141370338,529.1925465838509
294.8829141370338,521.7391304347826
294.8829141370338,514.2857142857143
294.8829141370338,506.832298136646
294.8829141370338,499.37888198757764
298.35212489158715,529.1925465838509
298.35212489158715,521.7391304347826
298.35212489158715,514.2857142857143
298.35212489158715,506.832298136646
298.35212489158715,499.37888198757764
301.8213356461405,529.1925465838509
301.8213356461405,521.7391304347826
301.8213356461405,514.2857142857143
301.8213356461405,506.832298136646
301.8213356461405,499.37888198757764
305.29054640069387,544.0993788819876
305.29054640069387,536.6459627329192
305.29054640069387,529.1925465838509
305.29054640069387,521.7391304347826
305.29054640069387,514.2857142857143
305.29054640069387,506.832298136646
305.29054640069387,499.37888198757764
308.7597571552472,559.0062111801242
308.7597571552472,551.5527950310559
308.7597571552472,544.0993788819876
308.7597571552472,536.6459627329192
308.7597571552472,529.1925465838509
308.7597571552472,521.7391304347826
308.7597571552472,514.2857142857143
308.7597571552472,506.832298136646
312.22896790980053,581.3664596273292
312.22896790980053,573.9130434782609
312.22896790980053,566.4596273291926
312.22896790980053,559.0062111801242
312.22896790980053,551.5527950310559
312.22896790980053,544.0993788819876
312.22896790980053,536.6459627329192
312.22896790980053,529.1925465838509
312.22896790980053,521.7391304347826
312.22896790980053,514.2857142857143
315.69817866435386,611.1801242236024
315.69817866435386,603.7267080745341
315.69817866435386,596.2732919254659
315.69817866435386,588.8198757763976
315.69817866435386,581.3664596273292
315.69817866435386,573.9130434782609
315.69817866435386,566.4596273291926
315.69817866435386,559.0062111801242
315.69817866435386,551.5527950310559
315.69817866435386,544.0993788819876
315.69817866435386,536.6459627329192
315.69817866435386,529.1925465838509
315.69817866435386,521.7391304347826
319.1673894189072,640.9937888198758
319.1673894189072,633.5403726708074
319.1673894189072,626.0869565217391
319.1673894189072,618.6335403726708
319.1673894189072,611.1801242236024
319.1673894189072,603.7267080745341
319.1673894189072,596.2732919254659
319.1673894189072,588.8198757763976
319.1673894189072,581.3664596273292
319.1673894189072,573.9130434782609
319.1673894189072,566.4596273291926
319.1673894189072,559.0062111801242
319.1673894189072,551.5527950310559
319.1673894189072,544.0993788819876
319.1673894189072,536.6459627329192
322.6366001734605,663.3540372670808
322.6366001734605,655.9006211180124
322.6366001734605,648.4472049689441
322.6366001734605,640.9937888198758
322.6366001734605,633.5403726708074
322.6366001734605,626.0869565217391
322.6366001734605,618.6335403726708
322.6366001734605,611.1801242236024
322.6366001734605,603.7267080745341
322.6366001734605,596.2732919254659
322.6366001734605,588.8198757763976
322.6366001734605,581.3664596273292
322.6366001734605,573.9130434782609
322.6366001734605,566.4596273291926
322.6366001734605,559.0062111801242
326.10581092801385,693.1677018633541
326.10581092801385,685.7142857142857
326.10581092801385,678.2608695652174
326.10581092801385,670.8074534161491
326.10581092801385,663.3540372670808
326.10581092801385,655.9006211180124
326.10581092801385,648.4472049689441
326.10581092801385,640.9937888198758
326.10581092801385,633.5403726708074
326.10581092801385,626.0869565217391
326.10581092801385,618.6335403726708
326.10581092801385,611.1801242236024
326.10581092801385,603.7267080745341
326.10581092801385,596.2732919254659
326.10581092801385,588.8198757763976
326.10581092801385,581.3664596273292
329.57502168256724,708.0745341614906
329.57502168256724,700.6211180124224
329.57502168256724,693.1677018633541
329.57502168256724,685.7142857142857
329.57502168256724,678.2608695652174
329.57502168256724,670.8074534161491
329.57502168256724,663.3540372670808
329.57502168256724,655.9006211180124
329.57502168256724,648.4472049689441
329.57502168256724,640.9937888198758
329.57502168256724,633.5403726708074
329.57502168256724,626.0869565217391
329.57502168256724,618.6335403726708
329.57502168256724,611.1801242236024
329.57502168256724,603.7267080745341
333.04423243712057,722.9813664596273
333.04423243712057,715.527950310559
333.04423243712057,708.0745341614906
333.04423243712057,700.6211180124224
333.04423243712057,693.1677018633541
333.04423243712057,685.7142857142857
333.04423243712057,678.2608695652174
333.04423243712057,670.8074534161491
333.04423243712057,663.3540372670808
333.04423243712057,655.9006211180124
333.04423243712057,648.4472049689441
333.04423243712057,640.9937888198758
333.04423243712057,633.5403726708074
336.5134431916739,737.888198757764
336.5134431916739,730.4347826086956
336.5134431916739,722.9813664596273
336.5134431916739,715.527950310559
336.5134431916739,708.0745341614906
336.5134431916739,700.6211180124224
336.5134431916739,693.1677018633541
336.5134431916739,685.7142857142857
336.5134431916739,678.2608695652174
336.5134431916739,670.8074534161491
336.5134431916739,663.3540372670808
339.98265394622723,752.7950310559006
339.98265394622723,745.3416149068323
339.98265394622723,737.888198757764
339.98265394622723,730.4347826086956
339.98265394622723,722.9813664596273
339.98265394622723,715.527950310559
339.98265394622723,708.0745341614906
339.98265394622723,700.6211180124224
339.98265394622723,693.1677018633541
339.98265394622723,685.7142857142857
343.45186470078056,775.1552795031056
343.45186470078056,767.7018633540373
343.45186470078056,760.2484472049689
343.45186470078056,752.7950310559006
343.45186470078056,745.3416149068323
343.45186470078056,737.888198757764
343.45186470078056,730.4347826086956
343.45186470078056,722.9813664596273
343.45186470078056,715.527950310559
343.45186470078056,708.0745341614906
346.9210754553339,790.0621118012423
346.9210754553339,782.6086956521739
346.9210754553339,775.1552795031056
346.9210754553339,767.7018633540373
346.9210754553339,760.2484472049689
346.9210754553339,752.7950310559006
346.9210754553339,745.3416149068323
346.9210754553339,737.888198757764
346.9210754553339,730.4347826086956
346.9210754553339,722.9813664596273
350.3902862098873,790.0621118012423
350.3902862098873,782.6086956521739
350.3902862098873,775.1552795031056
350.3902862098873,767.7018633540373
350.3902862098873,760.2484472049689
350.3902862098873,752.7950310559006
350.3902862098873,745.3416149068323
350.3902862098873,737.888198757764
353.8594969644406,797.5155279503106
353.8594969644406,790.0621118012423
353.8594969644406,782.6086956521739
353.8594969644406,775.1552795031056
353.8594969644406,767.7018633540373
353.8594969644406,760.2484472049689
353.8594969644406,752.7950310559006
357.32870771899394,797.5155279503106
357.32870771899394,790.0621118012423
357.32870771899394,782.6086956521739
357.32870771899394,775.1552795031056
357.32870771899394,767.7018633540373
357.32870771899394,760.2484472049689
357.32870771899394,752.7950310559006
357.32870771899394,745.3416149068323
357.32870771899394,737.888198757764
357.32870771899394,730.4347826086956
360.79791847354727,790.0621118012423
360.79791847354727,782.6086956521739
360.79791847354727,775.1552795031056
360.79791847354727,767.7018633540373
360.79791847354727,760.2484472049689
360.79791847354727,752.7950310559006
360.79791847354727,745.3416149068323
360.79791847354727,737.888198757764
360.79791847354727,730.4347826086956
360.79791847354727,722.9813664596273
360.79791847354727,715.527950310559
360.79791847354727,708.0745341614906
360.79791847354727,700.6211180124224
360.79791847354727,693.1677018633541
360.79791847354727,685.7142857142857
364.2671292281006,782.6086956521739
364.2671292281006,775.1552795031056
364.2671292281006,767.7018633540373
364.2671292281006,760.2484472049689
364.2671292281006,752.7950310559006
364.2671292281006,745.3416149068323
364.2671292281006,737.888198757764
364.2671292281006,730.4347826086956
364.2671292281006,722.9813664596273
364.2671292281006,715.527950310559
364.2671292281006,708.0745341614906
364.2671292281006,700.6211180124224
364.2671292281006,693.1677018633541
364.2671292281006,685.7142857142857
364.2671292281006,678.2608695652174
364.2671292281006,670.8074534161491
364.2671292281006,663.3540372670808
364.2671292281006,655.9006211180124
364.2671292281006,648.4472049689441
364.2671292281006,640.9937888198758
367.73633998265393,767.7018633540373
367.73633998265393,760.2484472049689
367.73633998265393,752.7950310559006
367.73633998265393,745.3416149068323
367.73633998265393,737.888198757764
367.73633998265393,730.4347826086956
367.73633998265393,722.9813664596273
367.73633998265393,715.527950310559
367.73633998265393,708.0745341614906
367.73633998265393,700.6211180124224
367.73633998265393,693.1677018633541
367.73633998265393,685.7142857142857
367.73633998265393,678.2608695652174
367.73633998265393,670.8074534161491
367.73633998265393,663.3540372670808
367.73633998265393,655.9006211180124
367.73633998265393,648.4472049689441
367.73633998265393,640.9937888198758
367.73633998265393,633.5403726708074
367.73633998265393,626.0869565217391
367.73633998265393,618.6335403726708
367.73633998265393,611.1801242236024
367.73633998265393,603.7267080745341
367.73633998265393,596.2732919254659
367.73633998265393,588.8198757763976
371.20555073720726,737.888198757764
371.20555073720726,730.4347826086956
371.20555073720726,722.9813664596273
371.20555073720726,715.527950310559
371.20555073720726,708.0745341614906
371.20555073720726,700.6211180124224
371.20555073720726,693.1677018633541
371.20555073720726,685.7142857142857
371.20555073720726,678.2608695652174
371.20555073720726,670.8074534161491
371.20555073720726,663.3540372670808
371.20555073720726,655.9006211180124
371.20555073720726,648.4472049689441
371.20555073720726,640.9937888198758
371.20555073720726,633.5403726708074
371.20555073720726,626.0869565217391
371.20555073720726,618.6335403726708
371.20555073720726,611.1801242236024
371.20555073720726,603.7267080745341
371.20555073720726,596.2732919254659
371.20555073720726,588.8198757763976
371.20555073720726,581.3664596273292
371.20555073720726,573.9130434782609
371.20555073720726,566.4596273291926
371.20555073720726,559.0062111801242
371.20555073720726,551.5527950310559
371.20555073720726,544.0993788819876
374.67476149176065,693.1677018633541
374.67476149176065,685.7142857142857
374.67476149176065,678.2608695652174
374.67476149176065,670.8074534161491
374.67476149176065,663.3540372670808
374.67476149176065,655.9006211180124
374.67476149176065,648.4472049689441
374.67476149176065,640.9937888198758
374.67476149176065,633.5403726708074
374.67476149176065,626.0869565217391
374.67476149176065,618.6335403726708
374.67476149176065,611.1801242236024
374.67476149176065,603.7267080745341
374.67476149176065,596.2732919254659
374.67476149176065,588.8198757763976
374.67476149176065,581.3664596273292
374.67476149176065,573.9130434782609
374.67476149176065,566.4596273291926
374.67476149176065,559.0062111801242
374.67476149176065,551.5527950310559
374.67476149176065,544.0993788819876
374.67476149176065,536.6459627329192
374.67476149176065,529.1925465838509
374.67476149176065,521.7391304347826
374.67476149176065,514.2857142857143
374.67476149176065,506.832298136646
378.143972246314,648.4472049689441
378.143972246314,640.9937888198758
378.143972246314,633.5403726708074
378.143972246314,626.0869565217391
378.143972246314,618.6335403726708
378.143972246314,611.1801242236024
378.143972246314,603.7267080745341
378.143972246314,596.2732919254659
378.143972246314,588.8198757763976
378.143972246314,581.3664596273292
378.143972246314,573.9130434782609
378.143972246314,566.4596273291926
378.143972246314,559.0062111801242
378.143972246314,551.5527950310559
378.143972246314,544.0993788819876
378.143972246314,536.6459627329192
378.143972246314,529.1925465838509
378.143972246314,521.7391304347826
378.143972246314,514.2857142857143
378.143972246314,506.832298136646
378.143972246314,499.37888198757764
378.143972246314,491.9254658385093
378.143972246314,484.472049689441
378.143972246314,477.01863354037266
381.6131830008673,596.2732919254659
381.6131830008673,588.8198757763976
381.6131830008673,581.3664596273292
381.6131830008673,573.9130434782609
381.6131830008673,566.4596273291926
381.6131830008673,559.0062111801242
381.6131830008673,551.5527950310559
381.6131830008673,544.0993788819876
381.6131830008673,536.6459627329192
381.6131830008673,529.1925465838509
381.6131830008673,521.7391304347826
381.6131830008673,514.2857142857143
381.6131830008673,506.832298136646
381.6131830008673,499.37888198757764
381.6131830008673,491.9254658385093
381.6131830008673,484.472049689441
381.6131830008673,477.01863354037266
381.6131830008673,469.5652173913044
381.6131830008673,462.111801242236
381.6131830008673,454.6583850931677
381.6131830008673,447.2049689440994
385.08239375542064,551.5527950310559
385.08239375542064,544.0993788819876
385.08239375542064,536.6459627329192
385.08239375542064,529.1925465838509
385.08239375542064,521.7391304347826
385.08239375542064,514.2857142857143
385.08239375542064,506.832298136646
385.08239375542064,499.37888198757764
385.08239375542064,491.9254658385093
385.08239375542064,484.472049689441
385.08239375542064,477.01863354037266
385.08239375542064,469.5652173913044
385.08239375542064,462.111801242236
385.08239375542064,454.6583850931677
385.08239375542064,447.2049689440994
385.08239375542064,439.75155279503105
385.08239375542064,432.29813664596276
385.08239375542064,424.8447204968944
388.55160450997397,514.2857142857143
388.55160450997397,506.832298136646
388.55160450997397,499.37888198757764
388.55160450997397,491.9254658385093
388.55160450997397,484.472049689441
388.55160450997397,477.01863354037266
388.55160450997397,469.5652173913044
388.55160450997397,462.111801242236
388.55160450997397,454.6583850931677
388.55160450997397,447.2049689440994
388.55160450997397,439.75155279503105
388.55160450997397,432.29813664596276
388.55160450997397,424.8447204968944
388.55160450997397,417.39130434782606
388.55160450997397,409.9378881987578
392.0208152645273,477.01863354037266
392.0208152645273,469.5652173913044
392.0208152645273,462.111801242236
392.0208152645273,454.6583850931677
392.0208152645273,447.2049689440994
392.0208152645273,439.75155279503105
392.0208152645273,432.29813664596276
392.0208152645273,424.8447204968944
392.0208152645273,417.39130434782606
392.0208152645273,409.9378881987578
392.0208152645273,402.48447204968943
392.0208152645273,395.03105590062114
395.4900260190807,454.6583850931677
395.4900260190807,447.2049689440994
395.4900260190807,439.75155279503105
395.4900260190807,432.29813664596276
395.4900260190807,424.8447204968944
395.4900260190807,417.39130434782606
395.4900260190807,409.9378881987578
395.4900260190807,402.48447204968943
395.4900260190807,395.03105590062114
395.4900260190807,387.5776397515528
395.4900260190807,380.12422360248445
398.959236773634,432.29813664596276
398.959236773634,424.8447204968944
398.959236773634,417.39130434782606
398.959236773634,409.9378881987578
398.959236773634,402.48447204968943
398.959236773634,395.03105590062114
398.959236773634,387.5776397515528
398.959236773634,380.12422360248445
398.959236773634,372.67080745341616
402.42844752818735,409.9378881987578
402.42844752818735,402.48447204968943
402.42844752818735,395.03105590062114
402.42844752818735,387.5776397515528
402.42844752818735,380.12422360248445
402.42844752818735,372.67080745341616
402.42844752818735,365.2173913043478
405.8976582827407,395.03105590062114
405.8976582827407,387.5776397515528
405.8976582827407,380.12422360248445
405.8976582827407,372.67080745341616
405.8976582827407,365.2173913043478
409.366869037294,387.5776397515528
409.366869037294,380.12422360248445
409.366869037294,372.67080745341616
409.366869037294,365.2173913043478
409.366869037294,357.7639751552795
412.83607979184734,387.5776397515528
412.83607979184734,380.12422360248445
412.83607979184734,372.67080745341616
412.83607979184734,365.2173913043478
412.83607979184734,357.7639751552795
416.30529054640067,380.12422360248445
416.30529054640067,372.67080745341616
416.30529054640067,365.2173913043478
416.30529054640067,357.7639751552795
419.77450130095406,387.5776397515528
419.77450130095406,380.12422360248445
419.77450130095406,372.67080745341616
419.77450130095406,365.2173913043478
419.77450130095406,357.7639751552795
423.2437120555074,387.5776397515528
423.2437120555074,380.12422360248445
423.2437120555074,372.67080745341616
423.2437120555074,365.2173913043478
423.2437120555074,357.7639751552795
426.7129228100607,387.5776397515528
426.7129228100607,380.12422360248445
426.7129228100607,372.67080745341616
426.7129228100607,365.2173913043478
426.7129228100607,357.7639751552795
430.18213356461405,387.5776397515528
430.18213356461405,380.12422360248445
430.18213356461405,372.67080745341616
430.18213356461405,365.2173913043478
430.18213356461405,357.7639751552795
433.6513443191674,395.03105590062114
433.6513443191674,387.5776397515528
433.6513443191674,380.12422360248445
433.6513443191674,372.67080745341616
433.6513443191674,365.2173913043478
437.1205550737207,395.03105590062114
437.1205550737207,387.5776397515528
437.1205550737207,380.12422360248445
437.1205550737207,372.67080745341616
437.1205550737207,365.2173913043478
440.58976582827404,402.48447204968943
440.58976582827404,395.03105590062114
440.58976582827404,387.5776397515528
440.58976582827404,380.12422360248445
440.58976582827404,372.67080745341616
444.0589765828274,402.48447204968943
444.0589765828274,395.03105590062114
444.0589765828274,387.5776397515528
444.0589765828274,380.12422360248445
447.52818733738076,402.48447204968943
447.52818733738076,395.03105590062114
447.52818733738076,387.5776397515528
447.52818733738076,380.12422360248445
450.9973980919341,402.48447204968943
450.9973980919341,395.03105590062114
450.9973980919341,387.5776397515528
450.9973980919341,380.12422360248445
454.4666088464874,402.48447204968943
454.4666088464874,395.03105590062114
454.4666088464874,387.5776397515528
454.4666088464874,380.12422360248445
457.93581960104075,402.48447204968943
457.93581960104075,395.03105590062114
457.93581960104075,387.5776397515528
457.93581960104075,380.12422360248445
457.93581960104075,372.67080745341616
461.4050303555941,395.03105590062114
461.4050303555941,387.5776397515528
461.4050303555941,380.12422360248445
461.4050303555941,372.67080745341616
464.87424111014747,395.03105590062114
464.87424111014747,387.5776397515528
464.87424111014747,380.12422360248445
464.87424111014747,372.67080745341616
464.87424111014747,365.2173913043478
464.87424111014747,357.7639751552795
468.3434518647008,395.03105590062114
468.3434518647008,387.5776397515528
468.3434518647008,380.12422360248445
468.3434518647008,372.67080745341616
468.3434518647008,365.2173913043478
468.3434518647008,357.7639751552795
468.3434518647008,350.3105590062112
468.3434518647008,342.85714285714283
471.8126626192541,387.5776397515528
471.8126626192541,380.12422360248445
471.8126626192541,372.67080745341616
471.8126626192541,365.2173913043478
471.8126626192541,357.7639751552795
471.8126626192541,350.3105590062112
471.8126626192541,342.85714285714283
471.8126626192541,335.40372670807454
471.8126626192541,327.9503105590062
471.8126626192541,320.4968944099379
475.28187337380746,380.12422360248445
475.28187337380746,372.67080745341616
475.28187337380746,365.2173913043478
475.28187337380746,357.7639751552795
475.28187337380746,350.3105590062112
475.28187337380746,342.85714285714283
475.28187337380746,335.40372670807454
475.28187337380746,327.9503105590062
475.28187337380746,320.4968944099379
475.28187337380746,313.04347826086956
475.28187337380746,305.5900621118012
475.28187337380746,298.1366459627329
478.7510841283608,365.2173913043478
478.7510841283608,357.7639751552795
478.7510841283608,350.3105590062112
478.7510841283608,342.85714285714283
478.7510841283608,335.40372670807454
478.7510841283608,327.9503105590062
478.7510841283608,320.4968944099379
478.7510841283608,313.04347826086956
478.7510841283608,305.5900621118012
478.7510841283608,298.1366459627329
478.7510841283608,290.6832298136646
478.7510841283608,283.2298136645963
478.7510841283608,275.77639751552795
482.2202948829141,342.85714285714283
482.2202948829141,335.40372670807454
482.2202948829141,327.9503105590062
482.2202948829141,320.4968944099379
482.2202948829141,313.04347826086956
482.2202948829141,305.5900621118012
482.2202948829141,298.1366459627329
482.2202948829141,290.6832298136646
482.2202948829141,283.2298136645963
482.2202948829141,275.77639751552795
482.2202948829141,268.3229813664596
482.2202948829141,260.8695652173913
482.2202948829141,253.416149068323
485.68950563746745,320.4968944099379
485.68950563746745,313.04347826086956
485.68950563746745,305.5900621118012
485.68950563746745,298.1366459627329
485.68950563746745,290.6832298136646
485.68950563746745,283.2298136645963
485.68950563746745,275.77639751552795
485.68950563746745,268.3229813664596
485.68950563746745,260.8695652173913
485.68950563746745,253.416149068323
485.68950563746745,245.96273291925465
485.68950563746745,238.50931677018633
485.68950563746745,231.055900621118
489.15871639202084,298.1366459627329
489.15871639202084,290.6832298136646
489.15871639202084,283.2298136645963
489.15871639202084,275.77639751552795
489.15871639202084,268.3229813664596
489.15871639202084,260.8695652173913
489.15871639202084,253.416149068323
489.15871639202084,245.96273291925465
489.15871639202084,238.50931677018633
489.15871639202084,231.055900621118
489.15871639202084,223.6024844720497
492.62792714657417,275.77639751552795
492.62792714657417,268.3229813664596
492.62792714657417,260.8695652173913
492.62792714657417,253.416149068323
492.62792714657417,245.96273291925465
492.62792714657417,238.50931677018633
492.62792714657417,231.055900621118
492.62792714657417,223.6024844720497
492.62792714657417,216.14906832298138
492.62792714657417,208.69565217391303
496.0971379011275,253.416149068323
496.0971379011275,245.96273291925465
496.0971379011275,238.50931677018633
496.0971379011275,231.055900621118
496.0971379011275,223.6024844720497
496.0971379011275,216.14906832298138
496.0971379011275,208.69565217391303
499.5663486556808,238.50931677018633
499.5663486556808,231.055900621118
499.5663486556808,223.6024844720497
499.5663486556808,216.14906832298138
499.5663486556808,208.69565217391303
499.5663486556808,201.24223602484471
503.03555941023416,231.055900621118
503.03555941023416,223.6024844720497
503.03555941023416,216.14906832298138
503.03555941023416,208.69565217391303
503.03555941023416,201.24223602484471
503.03555941023416,193.7888198757764
506.5047701647875,223.6024844720497
506.5047701647875,216.14906832298138
506.5047701647875,208.69565217391303
506.5047701647875,201.24223602484471
506.5047701647875,193.7888198757764
509.9739809193409,216.14906832298138
509.9739809193409,208.69565217391303
509.9739809193409,201.24223602484471
509.9739809193409,193.7888198757764
509.9739809193409,186.33540372670808
513.4431916738941,208.69565217391303
513.4431916738941,201.24223602484471
513.4431916738941,193.7888198757764
513.4431916738941,186.33540372670808
516.9124024284475,208.69565217391303
516.9124024284475,201.24223602484471
516.9124024284475,193.7888198757764
516.9124024284475,186.33540372670808
520.3816131830009,208.69565217391303
520.3816131830009,201.24223602484471
520.3816131830009,193.7888198757764
520.3816131830009,186.33540372670808
520.3816131830009,178.88198757763976
523.8508239375542,208.69565217391303
523.8508239375542,201.24223602484471
523.8508239375542,193.7888198757764
523.8508239375542,186.33540372670808
523.8508239375542,178.88198757763976
527.3200346921076,201.24223602484471
527.3200346921076,193.7888198757764
527.3200346921076,186.33540372670808
527.3200346921076,178.88198757763976
527.3200346921076,171.42857142857142
530.7892454466609,201.24223602484471
530.7892454466609,193.7888198757764
530.7892454466609,186.33540372670808
530.7892454466609,178.88198757763976
530.7892454466609,171.42857142857142
534.2584562012142,201.24223602484471
534.2584562012142,193.7888198757764
534.2584562012142,186.33540372670808
534.2584562012142,178.88198757763976
534.2584562012142,171.42857142857142
537.7276669557675,201.24223602484471
537.7276669557675,193.7888198757764
537.7276669557675,186.33540372670808
537.7276669557675,178.88198757763976
537.7276669557675,171.42857142857142
541.1968777103209,201.24223602484471
541.1968777103209,193.7888198757764
541.1968777103209,186.33540372670808
541.1968777103209,178.88198757763976
541.1968777103209,171.42857142857142
541.1968777103209,163.9751552795031
544.6660884648743,193.7888198757764
544.6660884648743,186.33540372670808
544.6660884648743,178.88198757763976
544.6660884648743,171.42857142857142
544.6660884648743,163.9751552795031
544.6660884648743,156.52173913043478
548.1352992194276,186.33540372670808
548.1352992194276,178.88198757763976
548.1352992194276,171.42857142857142
548.1352992194276,163.9751552795031
548.1352992194276,156.52173913043478
551.604509973981,178.88198757763976
551.604509973981,171.42857142857142
551.604509973981,163.9751552795031
551.604509973981,156.52173913043478
551.604509973981,149.06832298136646
555.0737207285342,171.42857142857142
555.0737207285342,163.9751552795031
555.0737207285342,156.52173913043478
555.0737207285342,149.06832298136646
558.5429314830876,171.42857142857142
558.5429314830876,163.9751552795031
558.5429314830876,156.52173913043478
558.5429314830876,149.06832298136646
558.5429314830876,141.61490683229815
562.0121422376409,163.9751552795031
562.0121422376409,156.52173913043478
562.0121422376409,149.06832298136646
562.0121422376409,141.61490683229815
565.4813529921943,163.9751552795031
565.4813529921943,156.52173913043478
565.4813529921943,149.06832298136646
565.4813529921943,141.61490683229815
565.4813529921943,134.1614906832298
568.9505637467477,156.52173913043478
568.9505637467477,149.06832298136646
568.9505637467477,141.61490683229815
568.9505637467477,134.1614906832298
572.4197745013009,156.52173913043478
572.4197745013009,149.06832298136646
572.4197745013009,141.61490683229815
572.4197745013009,134.1614906832298
572.4197745013009,126.7080745341615
575.8889852558543,156.52173913043478
575.8889852558543,149.06832298136646
575.8889852558543,141.61490683229815
575.8889852558543,134.1614906832298
575.8889852558543,126.7080745341615
579.3581960104076,149.06832298136646
579.3581960104076,141.61490683229815
579.3581960104076,134.1614906832298
579.3581960104076,126.7080745341615
582.827406764961,149.06832298136646
582.827406764961,141.61490683229815
582.827406764961,134.1614906832298
582.827406764961,126.7080745341615
582.827406764961,119.25465838509317
586.2966175195143,149.06832298136646
586.2966175195143,141.61490683229815
586.2966175195143,134.1614906832298
586.2966175195143,126.7080745341615
586.2966175195143,119.25465838509317
589.7658282740676,141.61490683229815
589.7658282740676,134.1614906832298
589.7658282740676,126.7080745341615
589.7658282740676,119.25465838509317
593.235039028621,141.61490683229815
593.235039028621,134.1614906832298
593.235039028621,126.7080745341615
593.235039028621,119.25465838509317
596.7042497831743,141.61490683229815
596.7042497831743,134.1614906832298
596.7042497831743,126.7080745341615
596.7042497831743,119.25465838509317
596.7042497831743,111.80124223602485
600.1734605377277,134.1614906832298
600.1734605377277,126.7080745341615
600.1734605377277,119.25465838509317
600.1734605377277,111.80124223602485
603.642671292281,134.1614906832298
603.642671292281,126.7080745341615
603.642671292281,119.25465838509317
603.642671292281,111.80124223602485
607.1118820468344,134.1614906832298
607.1118820468344,126.7080745341615
607.1118820468344,119.25465838509317
607.1118820468344,111.80124223602485
610.5810928013877,134.1614906832298
610.5810928013877,126.7080745341615
610.5810928013877,119.25465838509317
610.5810928013877,111.80124223602485
614.050303555941,134.1614906832298
614.050303555941,126.7080745341615
614.050303555941,119.25465838509317
614.050303555941,111.80124223602485
614.050303555941,104.34782608695652
617.5195143104944,126.7080745341615
617.5195143104944,119.25465838509317
617.5195143104944,111.80124223602485
617.5195143104944,104.34782608695652
620.9887250650477,126.7080745341615
620.9887250650477,119.25465838509317
620.9887250650477,111.80124223602485
620.9887250650477,104.34782608695652
624.4579358196011,126.7080745341615
624.4579358196011,119.25465838509317
624.4579358196011,111.80124223602485
624.4579358196011,104.34782608695652
627.9271465741543,126.7080745341615
627.9271465741543,119.25465838509317
627.9271465741543,111.80124223602485
627.9271465741543,104.34782608695652
631.3963573287077,126.7080745341615
631.3963573287077,119.25465838509317
631.3963573287077,111.80124223602485
631.3963573287077,104.34782608695652
634.8655680832611,126.7080745341615
634.8655680832611,119.25465838509317
634.8655680832611,111.80124223602485
634.8655680832611,104.34782608695652
638.3347788378144,126.7080745341615
638.3347788378144,119.25465838509317
638.3347788378144,111.80124223602485
638.3347788378144,104.34782608695652
638.3347788378144,96.8944099378882
641.8039895923678,126.7080745341615
641.8039895923678,119.25465838509317
641.8039895923678,111.80124223602485
641.8039895923678,104.34782608695652
641.8039895923678,96.8944099378882
645.273200346921,119.25465838509317
645.273200346921,111.80124223602485
645.273200346921,104.34782608695652
645.273200346921,96.8944099378882
648.7424111014744,119.25465838509317
648.7424111014744,111.80124223602485
648.7424111014744,104.34782608695652
648.7424111014744,96.8944099378882
652.2116218560277,119.25465838509317
652.2116218560277,111.80124223602485
652.2116218560277,104.34782608695652
652.2116218560277,96.8944099378882
655.6808326105811,119.25465838509317
655.6808326105811,111.80124223602485
655.6808326105811,104.34782608695652
655.6808326105811,96.8944099378882
659.1500433651345,119.25465838509317
659.1500433651345,111.80124223602485
659.1500433651345,104.34782608695652
659.1500433651345,96.8944099378882
662.6192541196878,119.25465838509317
662.6192541196878,111.80124223602485
662.6192541196878,104.34782608695652
662.6192541196878,96.8944099378882
666.0884648742411,119.25465838509317
666.0884648742411,111.80124223602485
666.0884648742411,104.34782608695652
666.0884648742411,96.8944099378882
666.0884648742411,89.44099378881988
669.5576756287944,119.25465838509317
669.5576756287944,111.80124223602485
669.5576756287944,104.34782608695652
669.5576756287944,96.8944099378882
669.5576756287944,89.44099378881988
673.0268863833478,111.80124223602485
673.0268863833478,104.34782608695652
673.0268863833478,96.8944099378882
673.0268863833478,89.44099378881988
676.4960971379011,111.80124223602485
676.4960971379011,104.34782608695652
676.4960971379011,96.8944099378882
676.4960971379011,89.44099378881988
679.9653078924545,111.80124223602485
679.9653078924545,104.34782608695652
679.9653078924545,96.8944099378882
679.9653078924545,89.44099378881988
683.4345186470078,111.80124223602485
683.4345186470078,104.34782608695652
683.4345186470078,96.8944099378882
683.4345186470078,89.44099378881988
686.9037294015611,111.80124223602485
686.9037294015611,104.34782608695652
686.9037294015611,96.8944099378882
686.9037294015611,89.44099378881988
690.3729401561145,111.80124223602485
690.3729401561145,104.34782608695652
690.3729401561145,96.8944099378882
690.3729401561145,89.44099378881988
693.8421509106678,111.80124223602485
693.8421509106678,104.34782608695652
693.8421509106678,96.8944099378882
693.8421509106678,89.44099378881988
693.8421509106678,81.98757763975155
697.3113616652212,111.80124223602485
697.3113616652212,104.34782608695652
697.3113616652212,96.8944099378882
697.3113616652212,89.44099378881988
697.3113616652212,81.98757763975155
700.7805724197746,111.80124223602485
700.7805724197746,104.34782608695652
700.7805724197746,96.8944099378882
700.7805724197746,89.44099378881988
700.7805724197746,81.98757763975155
704.2497831743278,111.80124223602485
704.2497831743278,104.34782608695652
704.2497831743278,96.8944099378882
704.2497831743278,89.44099378881988
704.2497831743278,81.98757763975155
707.7189939288812,104.34782608695652
707.7189939288812,96.8944099378882
707.7189939288812,89.44099378881988
707.7189939288812,81.98757763975155
711.1882046834345,104.34782608695652
711.1882046834345,96.8944099378882
711.1882046834345,89.44099378881988
711.1882046834345,81.98757763975155
714.6574154379879,104.34782608695652
714.6574154379879,96.8944099378882
714.6574154379879,89.44099378881988
714.6574154379879,81.98757763975155
718.1266261925412,104.34782608695652
718.1266261925412,96.8944099378882
718.1266261925412,89.44099378881988
718.1266261925412,81.98757763975155
721.5958369470945,104.34782608695652
721.5958369470945,96.8944099378882
721.5958369470945,89.44099378881988
721.5958369470945,81.98757763975155
725.0650477016479,104.34782608695652
725.0650477016479,96.8944099378882
725.0650477016479,89.44099378881988
725.0650477016479,81.98757763975155
728.5342584562012,104.34782608695652
728.5342584562012,96.8944099378882
728.5342584562012,89.44099378881988
728.5342584562012,81.98757763975155
732.0034692107546,104.34782608695652
732.0034692107546,96.8944099378882
732.0034692107546,89.44099378881988
732.0034692107546,81.98757763975155
735.4726799653079,104.34782608695652
735.4726799653079,96.8944099378882
735.4726799653079,89.44099378881988
735.4726799653079,81.98757763975155
738.9418907198612,104.34782608695652
738.9418907198612,96.8944099378882
738.9418907198612,89.44099378881988
738.9418907198612,81.98757763975155
742.4111014744145,104.34782608695652
742.4111014744145,96.8944099378882
742.4111014744145,89.44099378881988
742.4111014744145,81.98757763975155
742.4111014744145,74.53416149068323
745.8803122289679,104.34782608695652
745.8803122289679,96.8944099378882
745.8803122289679,89.44099378881988
745.8803122289679,81.98757763975155
745.8803122289679,74.53416149068323
749.3495229835213,104.34782608695652
749.3495229835213,96.8944099378882
749.3495229835213,89.44099378881988
749.3495229835213,81.98757763975155
749.3495229835213,74.53416149068323
752.8187337380746,104.34782608695652
752.8187337380746,96.8944099378882
752.8187337380746,89.44099378881988
752.8187337380746,81.98757763975155
752.8187337380746,74.53416149068323
756.287944492628,96.8944099378882
756.287944492628,89.44099378881988
756.287944492628,81.98757763975155
756.287944492628,74.53416149068323
759.7571552471812,96.8944099378882
759.7571552471812,89.44099378881988
759.7571552471812,81.98757763975155
759.7571552471812,74.53416149068323
763.2263660017346,96.8944099378882
763.2263660017346,89.44099378881988
763.2263660017346,81.98757763975155
763.2263660017346,74.53416149068323
766.6955767562879,104.34782608695652
766.6955767562879,96.8944099378882
766.6955767562879,89.44099378881988
766.6955767562879,81.98757763975155
766.6955767562879,74.53416149068323
770.1647875108413,96.8944099378882
770.1647875108413,89.44099378881988
770.1647875108413,81.98757763975155
770.1647875108413,74.53416149068323
773.6339982653947,96.8944099378882
773.6339982653947,89.44099378881988
773.6339982653947,81.98757763975155
773.6339982653947,74.53416149068323
777.1032090199479,96.8944099378882
777.1032090199479,89.44099378881988
777.1032090199479,81.98757763975155
777.1032090199479,74.53416149068323
780.5724197745013,96.8944099378882
780.5724197745013,89.44099378881988
780.5724197745013,81.98757763975155
780.5724197745013,74.53416149068323
784.0416305290546,96.8944099378882
784.0416305290546,89.44099378881988
784.0416305290546,81.98757763975155
784.0416305290546,74.53416149068323
787.510841283608,96.8944099378882
787.510841283608,89.44099378881988
787.510841283608,81.98757763975155
787.510841283608,74.53416149068323
790.9800520381614,96.8944099378882
790.9800520381614,89.44099378881988
790.9800520381614,81.98757763975155
790.9800520381614,74.53416149068323
794.4492627927146,96.8944099378882
794.4492627927146,89.44099378881988
794.4492627927146,81.98757763975155
794.4492627927146,74.53416149068323
797.918473547268,96.8944099378882
797.918473547268,89.44099378881988
797.918473547268,81.98757763975155
797.918473547268,74.53416149068323
801.3876843018213,96.8944099378882
801.3876843018213,89.44099378881988
801.3876843018213,81.98757763975155
801.3876843018213,74.53416149068323
804.8568950563747,96.8944099378882
804.8568950563747,89.44099378881988
804.8568950563747,81.98757763975155
804.8568950563747,74.53416149068323
808.326105810928,96.8944099378882
808.326105810928,89.44099378881988
808.326105810928,81.98757763975155
808.326105810928,74.53416149068323
811.7953165654814,96.8944099378882
811.7953165654814,89.44099378881988
811.7953165654814,81.98757763975155
811.7953165654814,74.53416149068323
815.2645273200347,96.8944099378882
815.2645273200347,89.44099378881988
815.2645273200347,81.98757763975155
815.2645273200347,74.53416149068323
818.733738074588,96.8944099378882
818.733738074588,89.44099378881988
818.733738074588,81.98757763975155
818.733738074588,74.53416149068323
822.2029488291414,96.8944099378882
822.2029488291414,89.44099378881988
822.2029488291414,81.98757763975155
822.2029488291414,74.53416149068323
825.6721595836947,96.8944099378882
825.6721595836947,89.44099378881988
825.6721595836947,81.98757763975155
825.6721595836947,74.53416149068323
829.1413703382481,96.8944099378882
829.1413703382481,89.44099378881988
829.1413703382481,81.98757763975155
829.1413703382481,74.53416149068323
832.6105810928013,96.8944099378882
832.6105810928013,89.44099378881988
832.6105810928013,81.98757763975155
832.6105810928013,74.53416149068323
836.0797918473547,96.8944099378882
836.0797918473547,89.44099378881988
836.0797918473547,81.98757763975155
836.0797918473547,74.53416149068323
839.5490026019081,96.8944099378882
839.5490026019081,89.44099378881988
839.5490026019081,81.98757763975155
839.5490026019081,74.53416149068323
843.0182133564614,96.8944099378882
843.0182133564614,89.44099378881988
843.0182133564614,81.98757763975155
843.0182133564614,74.53416149068323
846.4874241110148,96.8944099378882
846.4874241110148,89.44099378881988
846.4874241110148,81.98757763975155
846.4874241110148,74.53416149068323
849.956634865568,96.8944099378882
849.956634865568,89.44099378881988
849.956634865568,81.98757763975155
849.956634865568,74.53416149068323
849.956634865568,67.0807453416149
853.4258456201214,96.8944099378882
853.4258456201214,89.44099378881988
853.4258456201214,81.98757763975155
853.4258456201214,74.53416149068323
853.4258456201214,67.0807453416149
856.8950563746747,96.8944099378882
856.8950563746747,89.44099378881988
856.8950563746747,81.98757763975155
856.8950563746747,74.53416149068323
856.8950563746747,67.0807453416149
860.3642671292281,96.8944099378882
860.3642671292281,89.44099378881988
860.3642671292281,81.98757763975155
860.3642671292281,74.53416149068323
860.3642671292281,67.0807453416149
863.8334778837815,96.8944099378882
863.8334778837815,89.44099378881988
863.8334778837815,81.98757763975155
863.8334778837815,74.53416149068323
863.8334778837815,67.0807453416149
867.3026886383348,89.44099378881988
867.3026886383348,81.98757763975155
867.3026886383348,74.53416149068323
867.3026886383348,67.0807453416149
870.7718993928881,89.44099378881988
870.7718993928881,81.98757763975155
870.7718993928881,74.53416149068323
870.7718993928881,67.0807453416149
874.2411101474414,89.44099378881988
874.2411101474414,81.98757763975155
874.2411101474414,74.53416149068323
874.2411101474414,67.0807453416149
877.7103209019948,89.44099378881988
877.7103209019948,81.98757763975155
877.7103209019948,74.53416149068323
877.7103209019948,67.0807453416149
881.1795316565481,89.44099378881988
881.1795316565481,81.98757763975155
881.1795316565481,74.53416149068323
881.1795316565481,67.0807453416149
884.6487424111015,89.44099378881988
884.6487424111015,81.98757763975155
884.6487424111015,74.53416149068323
884.6487424111015,67.0807453416149
888.1179531656549,89.44099378881988
888.1179531656549,81.98757763975155
888.1179531656549,74.53416149068323
888.1179531656549,67.0807453416149
891.5871639202081,89.44099378881988
891.5871639202081,81.98757763975155
891.5871639202081,74.53416149068323
891.5871639202081,67.0807453416149
895.0563746747615,89.44099378881988
895.0563746747615,81.98757763975155
895.0563746747615,74.53416149068323
895.0563746747615,67.0807453416149
898.5255854293148,96.8944099378882
898.5255854293148,89.44099378881988
898.5255854293148,81.98757763975155
898.5255854293148,74.53416149068323
898.5255854293148,67.0807453416149
901.9947961838682,89.44099378881988
901.9947961838682,81.98757763975155
901.9947961838682,74.53416149068323
901.9947961838682,67.0807453416149
905.4640069384216,96.8944099378882
905.4640069384216,89.44099378881988
905.4640069384216,81.98757763975155
905.4640069384216,74.53416149068323
905.4640069384216,67.0807453416149
908.9332176929748,96.8944099378882
908.9332176929748,89.44099378881988
908.9332176929748,81.98757763975155
908.9332176929748,74.53416149068323
908.9332176929748,67.0807453416149
912.4024284475282,96.8944099378882
912.4024284475282,89.44099378881988
912.4024284475282,81.98757763975155
912.4024284475282,74.53416149068323
915.8716392020815,96.8944099378882
915.8716392020815,89.44099378881988
915.8716392020815,81.98757763975155
915.8716392020815,74.53416149068323
919.3408499566349,96.8944099378882
919.3408499566349,89.44099378881988
919.3408499566349,81.98757763975155
919.3408499566349,74.53416149068323
919.3408499566349,67.0807453416149
922.8100607111882,96.8944099378882
922.8100607111882,89.44099378881988
922.8100607111882,81.98757763975155
922.8100607111882,74.53416149068323
922.8100607111882,67.0807453416149
926.2792714657415,96.8944099378882
926.2792714657415,89.44099378881988
926.2792714657415,81.98757763975155
926.2792714657415,74.53416149068323
926.2792714657415,67.0807453416149
929.7484822202949,96.8944099378882
929.7484822202949,89.44099378881988
929.7484822202949,81.98757763975155
929.7484822202949,74.53416149068323
929.7484822202949,67.0807453416149
933.2176929748482,96.8944099378882
933.2176929748482,89.44099378881988
933.2176929748482,81.98757763975155
933.2176929748482,74.53416149068323
933.2176929748482,67.0807453416149
936.6869037294016,96.8944099378882
936.6869037294016,89.44099378881988
936.6869037294016,81.98757763975155
936.6869037294016,74.53416149068323
936.6869037294016,67.0807453416149
940.1561144839549,96.8944099378882
940.1561144839549,89.44099378881988
940.1561144839549,81.98757763975155
940.1561144839549,74.53416149068323
940.1561144839549,67.0807453416149
943.6253252385083,96.8944099378882
943.6253252385083,89.44099378881988
943.6253252385083,81.98757763975155
943.6253252385083,74.53416149068323
943.6253252385083,67.0807453416149
947.0945359930615,96.8944099378882
947.0945359930615,89.44099378881988
947.0945359930615,81.98757763975155
947.0945359930615,74.53416149068323
950.5637467476149,96.8944099378882
950.5637467476149,89.44099378881988
950.5637467476149,81.98757763975155
950.5637467476149,74.53416149068323
954.0329575021683,96.8944099378882
954.0329575021683,89.44099378881988
954.0329575021683,81.98757763975155
954.0329575021683,74.53416149068323
957.5021682567216,104.34782608695652
957.5021682567216,96.8944099378882
957.5021682567216,89.44099378881988
957.5021682567216,81.98757763975155
957.5021682567216,74.53416149068323
960.971379011275,104.34782608695652
960.971379011275,96.8944099378882
960.971379011275,89.44099378881988
960.971379011275,81.98757763975155
960.971379011275,74.53416149068323
964.4405897658282,104.34782608695652
964.4405897658282,96.8944099378882
964.4405897658282,89.44099378881988
964.4405897658282,81.98757763975155
967.9098005203816,111.80124223602485
967.9098005203816,104.34782608695652
967.9098005203816,96.8944099378882
967.9098005203816,89.44099378881988
967.9098005203816,81.98757763975155
971.3790112749349,111.80124223602485
971.3790112749349,104.34782608695652
971.3790112749349,96.8944099378882
971.3790112749349,89.44099378881988
971.3790112749349,81.98757763975155
974.8482220294883,111.80124223602485
974.8482220294883,104.34782608695652
974.8482220294883,96.8944099378882
974.8482220294883,89.44099378881988
978.3174327840417,119.25465838509317
978.3174327840417,111.80124223602485
978.3174327840417,104.34782608695652
978.3174327840417,96.8944099378882
978.3174327840417,89.44099378881988
981.786643538595,126.7080745341615
981.786643538595,119.25465838509317
981.786643538595,111.80124223602485
981.786643538595,104.34782608695652
981.786643538595,96.8944099378882
985.2558542931483,134.1614906832298
985.2558542931483,126.7080745341615
985.2558542931483,119.25465838509317
985.2558542931483,111.80124223602485
985.2558542931483,104.34782608695652
985.2558542931483,96.8944099378882
988.7250650477016,134.1614906832298
988.7250650477016,126.7080745341615
988.7250650477016,119.25465838509317
988.7250650477016,111.80124223602485
988.7250650477016,104.34782608695652
992.194275802255,134.1614906832298
992.194275802255,126.7080745341615
992.194275802255,119.25465838509317
992.194275802255,111.80124223602485
992.194275802255,104.34782608695652
992.194275802255,96.8944099378882
995.6634865568084,126.7080745341615
995.6634865568084,119.25465838509317
995.6634865568084,111.80124223602485
995.6634865568084,104.34782608695652
995.6634865568084,96.8944099378882
999.1326973113617,119.25465838509317
999.1326973113617,111.80124223602485
999.1326973113617,104.34782608695652
999.1326973113617,96.8944099378882
999.1326973113617,89.44099378881988
1002.601908065915,119.25465838509317
1002.601908065915,111.80124223602485
1002.601908065915,104.34782608695652
1002.601908065915,96.8944099378882
1002.601908065915,89.44099378881988
1002.601908065915,81.98757763975155
1006.0711188204683,111.80124223602485
1006.0711188204683,104.34782608695652
1006.0711188204683,96.8944099378882
1006.0711188204683,89.44099378881988
1006.0711188204683,81.98757763975155
1009.5403295750217,104.34782608695652
1009.5403295750217,96.8944099378882
1009.5403295750217,89.44099378881988
1009.5403295750217,81.98757763975155
1009.5403295750217,74.53416149068323
1013.009540329575,104.34782608695652
1013.009540329575,96.8944099378882
1013.009540329575,89.44099378881988
1013.009540329575,81.98757763975155
1013.009540329575,74.53416149068323
1016.4787510841284,96.8944099378882
1016.4787510841284,89.44099378881988
1016.4787510841284,81.98757763975155
1016.4787510841284,74.53416149068323
1016.4787510841284,67.0807453416149
1019.9479618386817,96.8944099378882
1019.9479618386817,89.44099378881988
1019.9479618386817,81.98757763975155
1019.9479618386817,74.53416149068323
1019.9479618386817,67.0807453416149
1023.417172593235,89.44099378881988
1023.417172593235,81.98757763975155
1023.417172593235,74.53416149068323
1023.417172593235,67.0807453416149
1026.8863833477883,89.44099378881988
1026.8863833477883,81.98757763975155
1026.8863833477883,74.53416149068323
1026.8863833477883,67.0807453416149
1030.3555941023417,89.44099378881988
1030.3555941023417,81.98757763975155
1030.3555941023417,74.53416149068323
1030.3555941023417,67.0807453416149
1033.824804856895,89.44099378881988
1033.824804856895,81.98757763975155
1033.824804856895,74.53416149068323
1033.824804856895,67.0807453416149
1033.824804856895,59.62732919254658
1037.2940156114485,89.44099378881988
1037.2940156114485,81.98757763975155
1037.2940156114485,74.53416149068323
1037.2940156114485,67.0807453416149
1037.2940156114485,59.62732919254658
1040.7632263660018,81.98757763975155
1040.7632263660018,74.53416149068323
1040.7632263660018,67.0807453416149
1040.7632263660018,59.62732919254658
1044.232437120555,81.98757763975155
1044.232437120555,74.53416149068323
1044.232437120555,67.0807453416149
1044.232437120555,59.62732919254658
1047.7016478751084,81.98757763975155
1047.7016478751084,74.53416149068323
1047.7016478751084,67.0807453416149
1047.7016478751084,59.62732919254658
1051.1708586296618,81.98757763975155
1051.1708586296618,74.53416149068323
1051.1708586296618,67.0807453416149
1051.1708586296618,59.62732919254658
1054.6400693842152,81.98757763975155
1054.6400693842152,74.53416149068323
1054.6400693842152,67.0807453416149
1054.6400693842152,59.62732919254658
1058.1092801387683,81.98757763975155
1058.1092801387683,74.53416149068323
1058.1092801387683,67.0807453416149
1058.1092801387683,59.62732919254658
1061.5784908933217,81.98757763975155
1061.5784908933217,74.53416149068323
1061.5784908933217,67.0807453416149
1061.5784908933217,59.62732919254658
1065.047701647875,81.98757763975155
1065.047701647875,74.53416149068323
1065.047701647875,67.0807453416149
1065.047701647875,59.62732919254658
1065.047701647875,52.17391304347826
1068.5169124024285,81.98757763975155
1068.5169124024285,74.53416149068323
1068.5169124024285,67.0807453416149
1068.5169124024285,59.62732919254658
1068.5169124024285,52.17391304347826
1071.9861231569819,74.53416149068323
1071.9861231569819,67.0807453416149
1071.9861231569819,59.62732919254658
1071.9861231569819,52.17391304347826
1075.455333911535,74.53416149068323
1075.455333911535,67.0807453416149
1075.455333911535,59.62732919254658
1075.455333911535,52.17391304347826
1078.9245446660884,74.53416149068323
1078.9245446660884,67.0807453416149
1078.9245446660884,59.62732919254658
1078.9245446660884,52.17391304347826
1082.3937554206418,74.53416149068323
1082.3937554206418,67.0807453416149
1082.3937554206418,59.62732919254658
1082.3937554206418,52.17391304347826
1085.8629661751952,74.53416149068323
1085.8629661751952,67.0807453416149
1085.8629661751952,59.62732919254658
1085.8629661751952,52.17391304347826
1089.3321769297486,74.53416149068323
1089.3321769297486,67.0807453416149
1089.3321769297486,59.62732919254658
1089.3321769297486,52.17391304347826
1092.8013876843017,74.53416149068323
1092.8013876843017,67.0807453416149
1092.8013876843017,59.62732919254658
1092.8013876843017,52.17391304347826
1096.2705984388551,74.53416149068323
1096.2705984388551,67.0807453416149
1096.2705984388551,59.62732919254658
1096.2705984388551,52.17391304347826
1099.7398091934085,74.53416149068323
1099.7398091934085,67.0807453416149
1099.7398091934085,59.62732919254658
1099.7398091934085,52.17391304347826
1103.209019947962,74.53416149068323
1103.209019947962,67.0807453416149
1103.209019947962,59.62732919254658
1103.209019947962,52.17391304347826
1106.678230702515,74.53416149068323
1106.678230702515,67.0807453416149
1106.678230702515,59.62732919254658
1106.678230702515,52.17391304347826
1106.678230702515,44.72049689440994
1110.1474414570685,74.53416149068323
1110.1474414570685,67.0807453416149
1110.1474414570685,59.62732919254658
1110.1474414570685,52.17391304347826
1110.1474414570685,44.72049689440994
1113.6166522116218,74.53416149068323
1113.6166522116218,67.0807453416149
1113.6166522116218,59.62732919254658
1113.6166522116218,52.17391304347826
1113.6166522116218,44.72049689440994
1117.0858629661752,74.53416149068323
1117.0858629661752,67.0807453416149
1117.0858629661752,59.62732919254658
1117.0858629661752,52.17391304347826
1117.0858629661752,44.72049689440994
1120.5550737207286,67.0807453416149
1120.5550737207286,59.62732919254658
1120.5550737207286,52.17391304347826
1120.5550737207286,44.72049689440994
1124.0242844752818,67.0807453416149
1124.0242844752818,59.62732919254658
1124.0242844752818,52.17391304347826
1124.0242844752818,44.72049689440994
1127.4934952298352,67.0807453416149
1127.4934952298352,59.62732919254658
1127.4934952298352,52.17391304347826
1127.4934952298352,44.72049689440994
1130.9627059843885,67.0807453416149
1130.9627059843885,59.62732919254658
1130.9627059843885,52.17391304347826
1130.9627059843885,44.72049689440994
1134.431916738942,67.0807453416149
1134.431916738942,59.62732919254658
1134.431916738942,52.17391304347826
1134.431916738942,44.72049689440994
1137.9011274934953,67.0807453416149
1137.9011274934953,59.62732919254658
1137.9011274934953,52.17391304347826
1137.9011274934953,44.72049689440994
1141.3703382480485,67.0807453416149
1141.3703382480485,59.62732919254658
1141.3703382480485,52.17391304347826
1141.3703382480485,44.72049689440994
1144.8395490026019,67.0807453416149
1144.8395490026019,59.62732919254658
1144.8395490026019,52.17391304347826
1144.8395490026019,44.72049689440994
1148.3087597571553,67.0807453416149
1148.3087597571553,59.62732919254658
1148.3087597571553,52.17391304347826
1148.3087597571553,44.72049689440994
1151.7779705117086,67.0807453416149
1151.7779705117086,59.62732919254658
1151.7779705117086,52.17391304347826
1151.7779705117086,44.72049689440994
1155.247181266262,67.0807453416149
1155.247181266262,59.62732919254658
1155.247181266262,52.17391304347826
1155.247181266262,44.72049689440994
1158.7163920208152,67.0807453416149
1158.7163920208152,59.62732919254658
1158.7163920208152,52.17391304347826
1158.7163920208152,44.72049689440994
1162.1856027753686,67.0807453416149
1162.1856027753686,59.62732919254658
1162.1856027753686,52.17391304347826
1162.1856027753686,44.72049689440994
1165.654813529922,67.0807453416149
1165.654813529922,59.62732919254658
1165.654813529922,52.17391304347826
1165.654813529922,44.72049689440994
1169.1240242844754,67.0807453416149
1169.1240242844754,59.62732919254658
1169.1240242844754,52.17391304347826
1169.1240242844754,44.72049689440994
1172.5932350390285,67.0807453416149
1172.5932350390285,59.62732919254658
1172.5932350390285,52.17391304347826
1172.5932350390285,44.72049689440994
1176.062445793582,67.0807453416149
1176.062445793582,59.62732919254658
1176.062445793582,52.17391304347826
1176.062445793582,44.72049689440994
1179.5316565481353,67.0807453416149
1179.5316565481353,59.62732919254658
1179.5316565481353,52.17391304347826
1179.5316565481353,44.72049689440994
1183.0008673026887,67.0807453416149
1183.0008673026887,59.62732919254658
1183.0008673026887,52.17391304347826
1183.0008673026887,44.72049689440994
1186.470078057242,67.0807453416149
1186.470078057242,59.62732919254658
1186.470078057242,52.17391304347826
1186.470078057242,44.72049689440994
1189.9392888117952,67.0807453416149
1189.9392888117952,59.62732919254658
1189.9392888117952,52.17391304347826
1189.9392888117952,44.72049689440994
1193.4084995663486,67.0807453416149
1193.4084995663486,59.62732919254658
1193.4084995663486,52.17391304347826
1193.4084995663486,44.72049689440994
1196.877710320902,67.0807453416149
1196.877710320902,59.62732919254658
1196.877710320902,52.17391304347826
1196.877710320902,44.72049689440994
1200.3469210754554,67.0807453416149
1200.3469210754554,59.62732919254658
1200.3469210754554,52.17391304347826
1200.3469210754554,44.72049689440994
1200.3469210754554,37.267080745341616
1203.8161318300088,67.0807453416149
1203.8161318300088,59.62732919254658
1203.8161318300088,52.17391304347826
1203.8161318300088,44.72049689440994
1203.8161318300088,37.267080745341616
1207.285342584562,67.0807453416149
1207.285342584562,59.62732919254658
1207.285342584562,52.17391304347826
1207.285342584562,44.72049689440994
1207.285342584562,37.267080745341616
1210.7545533391153,67.0807453416149
1210.7545533391153,59.62732919254658
1210.7545533391153,52.17391304347826
1210.7545533391153,44.72049689440994
1210.7545533391153,37.267080745341616
1214.2237640936687,67.0807453416149
1214.2237640936687,59.62732919254658
1214.2237640936687,52.17391304347826
1214.2237640936687,44.72049689440994
1214.2237640936687,37.267080745341616
1217.692974848222,67.0807453416149
1217.692974848222,59.62732919254658
1217.692974848222,52.17391304347826
1217.692974848222,44.72049689440994
1217.692974848222,37.267080745341616
1221.1621856027755,67.0807453416149
1221.1621856027755,59.62732919254658
1221.1621856027755,52.17391304347826
1221.1621856027755,44.72049689440994
1221.1621856027755,37.267080745341616
1224.6313963573286,67.0807453416149
1224.6313963573286,59.62732919254658
1224.6313963573286,52.17391304347826
1224.6313963573286,44.72049689440994
1224.6313963573286,37.267080745341616
1228.100607111882,67.0807453416149
1228.100607111882,59.62732919254658
1228.100607111882,52.17391304347826
1228.100607111882,44.72049689440994
1228.100607111882,37.267080745341616
1231.5698178664354,67.0807453416149
1231.5698178664354,59.62732919254658
1231.5698178664354,52.17391304347826
1231.5698178664354,44.72049689440994
1231.5698178664354,37.267080745341616
1235.0390286209888,67.0807453416149
1235.0390286209888,59.62732919254658
1235.0390286209888,52.17391304347826
1235.0390286209888,44.72049689440994
1235.0390286209888,37.267080745341616
1238.508239375542,67.0807453416149
1238.508239375542,59.62732919254658
1238.508239375542,52.17391304347826
1238.508239375542,44.72049689440994
1238.508239375542,37.267080745341616
1241.9774501300953,67.0807453416149
1241.9774501300953,59.62732919254658
1241.9774501300953,52.17391304347826
1241.9774501300953,44.72049689440994
1241.9774501300953,37.267080745341616
1245.4466608846487,67.0807453416149
1245.4466608846487,59.62732919254658
1245.4466608846487,52.17391304347826
1245.4466608846487,44.72049689440994
1245.4466608846487,37.267080745341616
1248.9158716392021,67.0807453416149
1248.9158716392021,59.62732919254658
1248.9158716392021,52.17391304347826
1248.9158716392021,44.72049689440994
1248.9158716392021,37.267080745341616
1252.3850823937555,67.0807453416149
1252.3850823937555,59.62732919254658
1252.3850823937555,52.17391304347826
1252.3850823937555,44.72049689440994
1252.3850823937555,37.267080745341616
1255.8542931483087,67.0807453416149
1255.8542931483087,59.62732919254658
1255.8542931483087,52.17391304347826
1255.8542931483087,44.72049689440994
1255.8542931483087,37.267080745341616
1259.323503902862,59.62732919254658
1259.323503902862,52.17391304347826
1259.323503902862,44.72049689440994
1259.323503902862,37.267080745341616
1262.7927146574154,59.62732919254658
1262.7927146574154,52.17391304347826
1262.7927146574154,44.72049689440994
1262.7927146574154,37.267080745341616
1266.2619254119688,59.62732919254658
1266.2619254119688,52.17391304347826
1266.2619254119688,44.72049689440994
1266.2619254119688,37.267080745341616
1269.7311361665222,59.62732919254658
1269.7311361665222,52.17391304347826
1269.7311361665222,44.72049689440994
1269.7311361665222,37.267080745341616
1273.2003469210754,59.62732919254658
1273.2003469210754,52.17391304347826
1273.2003469210754,44.72049689440994
1273.2003469210754,37.267080745341616
1276.6695576756288,67.0807453416149
1276.6695576756288,59.62732919254658
1276.6695576756288,52.17391304347826
1276.6695576756288,44.72049689440994
1276.6695576756288,37.267080745341616
1280.1387684301822,67.0807453416149
1280.1387684301822,59.62732919254658
1280.1387684301822,52.17391304347826
1280.1387684301822,44.72049689440994
1280.1387684301822,37.267080745341616
1283.6079791847355,67.0807453416149
1283.6079791847355,59.62732919254658
1283.6079791847355,52.17391304347826
1283.6079791847355,44.72049689440994
1283.6079791847355,37.267080745341616
1287.0771899392887,59.62732919254658
1287.0771899392887,52.17391304347826
1287.0771899392887,44.72049689440994
1287.0771899392887,37.267080745341616
1290.546400693842,59.62732919254658
1290.546400693842,52.17391304347826
1290.546400693842,44.72049689440994
1290.546400693842,37.267080745341616
1294.0156114483955,59.62732919254658
1294.0156114483955,52.17391304347826
1294.0156114483955,44.72049689440994
1294.0156114483955,37.267080745341616
1297.4848222029489,59.62732919254658
1297.4848222029489,52.17391304347826
1297.4848222029489,44.72049689440994
1297.4848222029489,37.267080745341616
1300.9540329575022,59.62732919254658
1300.9540329575022,52.17391304347826
1300.9540329575022,44.72049689440994
1300.9540329575022,37.267080745341616
1304.4232437120554,59.62732919254658
1304.4232437120554,52.17391304347826
1304.4232437120554,44.72049689440994
1304.4232437120554,37.267080745341616
1307.8924544666088,59.62732919254658
1307.8924544666088,52.17391304347826
1307.8924544666088,44.72049689440994
1307.8924544666088,37.267080745341616
1311.3616652211622,59.62732919254658
1311.3616652211622,52.17391304347826
1311.3616652211622,44.72049689440994
1311.3616652211622,37.267080745341616
1314.8308759757156,59.62732919254658
1314.8308759757156,52.17391304347826
1314.8308759757156,44.72049689440994
1314.8308759757156,37.267080745341616
1318.300086730269,59.62732919254658
1318.300086730269,52.17391304347826
1318.300086730269,44.72049689440994
1318.300086730269,37.267080745341616
1321.7692974848221,59.62732919254658
1321.7692974848221,52.17391304347826
1321.7692974848221,44.72049689440994
1321.7692974848221,37.267080745341616
1325.2385082393755,59.62732919254658
1325.2385082393755,52.17391304347826
1325.2385082393755,44.72049689440994
1325.2385082393755,37.267080745341616
1328.707718993929,59.62732919254658
1328.707718993929,52.17391304347826
1328.707718993929,44.72049689440994
1328.707718993929,37.267080745341616
1332.1769297484823,59.62732919254658
1332.1769297484823,52.17391304347826
1332.1769297484823,44.72049689440994
1332.1769297484823,37.267080745341616
1335.6461405030357,59.62732919254658
1335.6461405030357,52.17391304347826
1335.6461405030357,44.72049689440994
1335.6461405030357,37.267080745341616
1339.1153512575888,59.62732919254658
1339.1153512575888,52.17391304347826
1339.1153512575888,44.72049689440994
1339.1153512575888,37.267080745341616
1342.5845620121422,59.62732919254658
1342.5845620121422,52.17391304347826
1342.5845620121422,44.72049689440994
1342.5845620121422,37.267080745341616
1346.0537727666956,59.62732919254658
1346.0537727666956,52.17391304347826
1346.0537727666956,44.72049689440994
1346.0537727666956,37.267080745341616
1349.522983521249,59.62732919254658
1349.522983521249,52.17391304347826
1349.522983521249,44.72049689440994
1349.522983521249,37.267080745341616
1352.9921942758021,59.62732919254658
1352.9921942758021,52.17391304347826
1352.9921942758021,44.72049689440994
1352.9921942758021,37.267080745341616
1356.4614050303555,59.62732919254658
1356.4614050303555,52.17391304347826
1356.4614050303555,44.72049689440994
1356.4614050303555,37.267080745341616
1359.930615784909,59.62732919254658
1359.930615784909,52.17391304347826
1359.930615784909,44.72049689440994
1359.930615784909,37.267080745341616
1363.3998265394623,59.62732919254658
1363.3998265394623,52.17391304347826
1363.3998265394623,44.72049689440994
1363.3998265394623,37.267080745341616
1366.8690372940157,59.62732919254658
1366.8690372940157,52.17391304347826
1366.8690372940157,44.72049689440994
1366.8690372940157,37.267080745341616
1370.3382480485689,59.62732919254658
1370.3382480485689,52.17391304347826
1370.3382480485689,44.72049689440994
1370.3382480485689,37.267080745341616
1373.8074588031222,59.62732919254658
1373.8074588031222,52.17391304347826
1373.8074588031222,44.72049689440994
1373.8074588031222,37.267080745341616
1377.2766695576756,59.62732919254658
1377.2766695576756,52.17391304347826
1377.2766695576756,44.72049689440994
1377.2766695576756,37.267080745341616
1380.745880312229,59.62732919254658
1380.745880312229,52.17391304347826
1380.745880312229,44.72049689440994
1380.745880312229,37.267080745341616
1384.2150910667824,59.62732919254658
1384.2150910667824,52.17391304347826
1384.2150910667824,44.72049689440994
1384.2150910667824,37.267080745341616
1387.6843018213356,59.62732919254658
1387.6843018213356,52.17391304347826
1387.6843018213356,44.72049689440994
1387.6843018213356,37.267080745341616
1391.153512575889,59.62732919254658
1391.153512575889,52.17391304347826
1391.153512575889,44.72049689440994
1391.153512575889,37.267080745341616
1394.6227233304423,59.62732919254658
1394.6227233304423,52.17391304347826
1394.6227233304423,44.72049689440994
1394.6227233304423,37.267080745341616
1398.0919340849957,59.62732919254658
1398.0919340849957,52.17391304347826
1398.0919340849957,44.72049689440994
1398.0919340849957,37.267080745341616
1401.5611448395491,59.62732919254658
1401.5611448395491,52.17391304347826
1401.5611448395491,44.72049689440994
1401.5611448395491,37.267080745341616
1405.0303555941023,59.62732919254658
1405.0303555941023,52.17391304347826
1405.0303555941023,44.72049689440994
1405.0303555941023,37.267080745341616
1408.4995663486557,59.62732919254658
1408.4995663486557,52.17391304347826
1408.4995663486557,44.72049689440994
1408.4995663486557,37.267080745341616
1411.968777103209,59.62732919254658
1411.968777103209,52.17391304347826
1411.968777103209,44.72049689440994
1411.968777103209,37.267080745341616
1415.4379878577624,59.62732919254658
1415.4379878577624,52.17391304347826
1415.4379878577624,44.72049689440994
1415.4379878577624,37.267080745341616
1418.9071986123156,59.62732919254658
1418.9071986123156,52.17391304347826
1418.9071986123156,44.72049689440994
1418.9071986123156,37.267080745341616
1422.376409366869,59.62732919254658
1422.376409366869,52.17391304347826
1422.376409366869,44.72049689440994
1422.376409366869,37.267080745341616
1425.8456201214224,59.62732919254658
1425.8456201214224,52.17391304347826
1425.8456201214224,44.72049689440994
1425.8456201214224,37.267080745341616
1429.3148308759758,59.62732919254658
1429.3148308759758,52.17391304347826
1429.3148308759758,44.72049689440994
1429.3148308759758,37.267080745341616
1432.7840416305291,59.62732919254658
1432.7840416305291,52.17391304347826
1432.7840416305291,44.72049689440994
1432.7840416305291,37.267080745341616
1436.2532523850823,59.62732919254658
1436.2532523850823,52.17391304347826
1436.2532523850823,44.72049689440994
1436.2532523850823,37.267080745341616
1439.7224631396357,59.62732919254658
1439.7224631396357,52.17391304347826
1439.7224631396357,44.72049689440994
1439.7224631396357,37.267080745341616
1443.191673894189,59.62732919254658
1443.191673894189,52.17391304347826
1443.191673894189,44.72049689440994
1443.191673894189,37.267080745341616
1446.6608846487425,59.62732919254658
1446.6608846487425,52.17391304347826
1446.6608846487425,44.72049689440994
1446.6608846487425,37.267080745341616
1450.1300954032959,59.62732919254658
1450.1300954032959,52.17391304347826
1450.1300954032959,44.72049689440994
1450.1300954032959,37.267080745341616
1453.599306157849,59.62732919254658
1453.599306157849,52.17391304347826
1453.599306157849,44.72049689440994
1453.599306157849,37.267080745341616
1457.0685169124024,59.62732919254658
1457.0685169124024,52.17391304347826
1457.0685169124024,44.72049689440994
1457.0685169124024,37.267080745341616
1460.5377276669558,59.62732919254658
1460.5377276669558,52.17391304347826
1460.5377276669558,44.72049689440994
1460.5377276669558,37.267080745341616
1464.0069384215092,59.62732919254658
1464.0069384215092,52.17391304347826
1464.0069384215092,44.72049689440994
1464.0069384215092,37.267080745341616
1467.4761491760623,59.62732919254658
1467.4761491760623,52.17391304347826
1467.4761491760623,44.72049689440994
1467.4761491760623,37.267080745341616
1470.9453599306157,59.62732919254658
1470.9453599306157,52.17391304347826
1470.9453599306157,44.72049689440994
1470.9453599306157,37.267080745341616
1474.414570685169,59.62732919254658
1474.414570685169,52.17391304347826
1474.414570685169,44.72049689440994
1474.414570685169,37.267080745341616
1477.8837814397225,59.62732919254658
1477.8837814397225,52.17391304347826
1477.8837814397225,44.72049689440994
1477.8837814397225,37.267080745341616
1481.3529921942759,59.62732919254658
1481.3529921942759,52.17391304347826
1481.3529921942759,44.72049689440994
1481.3529921942759,37.267080745341616
1484.822202948829,59.62732919254658
1484.822202948829,52.17391304347826
1484.822202948829,44.72049689440994
1484.822202948829,37.267080745341616
1488.2914137033824,59.62732919254658
1488.2914137033824,52.17391304347826
1488.2914137033824,44.72049689440994
1488.2914137033824,37.267080745341616
1491.7606244579358,59.62732919254658
1491.7606244579358,52.17391304347826
1491.7606244579358,44.72049689440994
1491.7606244579358,37.267080745341616
1495.2298352124892,59.62732919254658
1495.2298352124892,52.17391304347826
1495.2298352124892,44.72049689440994
1495.2298352124892,37.267080745341616
1498.6990459670426,59.62732919254658
1498.6990459670426,52.17391304347826
1498.6990459670426,44.72049689440994
1498.6990459670426,37.267080745341616
1502.1682567215958,59.62732919254658
1502.1682567215958,52.17391304347826
1502.1682567215958,44.72049689440994
1502.1682567215958,37.267080745341616
1505.6374674761491,59.62732919254658
1505.6374674761491,52.17391304347826
1505.6374674761491,44.72049689440994
1505.6374674761491,37.267080745341616
1509.1066782307025,59.62732919254658
1509.1066782307025,52.17391304347826
1509.1066782307025,44.72049689440994
1509.1066782307025,37.267080745341616
1512.575888985256,59.62732919254658
1512.575888985256,52.17391304347826
1512.575888985256,44.72049689440994
1512.575888985256,37.267080745341616
1516.0450997398093,59.62732919254658
1516.0450997398093,52.17391304347826
1516.0450997398093,44.72049689440994
1516.0450997398093,37.267080745341616
1519.5143104943625,59.62732919254658
1519.5143104943625,52.17391304347826
1519.5143104943625,44.72049689440994
1519.5143104943625,37.267080745341616
1519.5143104943625,29.81366459627329
1522.9835212489158,59.62732919254658
1522.9835212489158,52.17391304347826
1522.9835212489158,44.72049689440994
1522.9835212489158,37.267080745341616
1526.4527320034692,59.62732919254658
1526.4527320034692,52.17391304347826
1526.4527320034692,44.72049689440994
1526.4527320034692,37.267080745341616
1529.9219427580226,59.62732919254658
1529.9219427580226,52.17391304347826
1529.9219427580226,44.72049689440994
1529.9219427580226,37.267080745341616
1533.3911535125758,59.62732919254658
1533.3911535125758,52.17391304347826
1533.3911535125758,44.72049689440994
1533.3911535125758,37.267080745341616
1536.8603642671292,59.62732919254658
1536.8603642671292,52.17391304347826
1536.8603642671292,44.72049689440994
1536.8603642671292,37.267080745341616
1540.3295750216826,59.62732919254658
1540.3295750216826,52.17391304347826
1540.3295750216826,44.72049689440994
1540.3295750216826,37.267080745341616
1540.3295750216826,29.81366459627329
1543.798785776236,59.62732919254658
1543.798785776236,52.17391304347826
1543.798785776236,44.72049689440994
1543.798785776236,37.267080745341616
1543.798785776236,29.81366459627329
1547.2679965307893,59.62732919254658
1547.2679965307893,52.17391304347826
1547.2679965307893,44.72049689440994
1547.2679965307893,37.267080745341616
1550.7372072853425,59.62732919254658
1550.7372072853425,52.17391304347826
1550.7372072853425,44.72049689440994
1550.7372072853425,37.267080745341616
1554.2064180398959,59.62732919254658
1554.2064180398959,52.17391304347826
1554.2064180398959,44.72049689440994
1554.2064180398959,37.267080745341616
1554.2064180398959,29.81366459627329
1557.6756287944493,59.62732919254658
1557.6756287944493,52.17391304347826
1557.6756287944493,44.72049689440994
1557.6756287944493,37.267080745341616
1561.1448395490027,59.62732919254658
1561.1448395490027,52.17391304347826
1561.1448395490027,44.72049689440994
1561.1448395490027,37.267080745341616
1564.614050303556,59.62732919254658
1564.614050303556,52.17391304347826
1564.614050303556,44.72049689440994
1564.614050303556,37.267080745341616
1564.614050303556,29.81366459627329
1568.0832610581092,59.62732919254658
1568.0832610581092,52.17391304347826
1568.0832610581092,44.72049689440994
1568.0832610581092,37.267080745341616
1568.0832610581092,29.81366459627329
1571.5524718126626,59.62732919254658
1571.5524718126626,52.17391304347826
1571.5524718126626,44.72049689440994
1571.5524718126626,37.267080745341616
1571.5524718126626,29.81366459627329
1575.021682567216,59.62732919254658
1575.021682567216,52.17391304347826
1575.021682567216,44.72049689440994
1575.021682567216,37.267080745341616
1575.021682567216,29.81366459627329
1578.4908933217694,59.62732919254658
1578.4908933217694,52.17391304347826
1578.4908933217694,44.72049689440994
1578.4908933217694,37.267080745341616
1578.4908933217694,29.81366459627329
1581.9601040763228,59.62732919254658
1581.9601040763228,52.17391304347826
1581.9601040763228,44.72049689440994
1581.9601040763228,37.267080745341616
1581.9601040763228,29.81366459627329
1585.429314830876,59.62732919254658
1585.429314830876,52.17391304347826
1585.429314830876,44.72049689440994
1585.429314830876,37.267080745341616
1585.429314830876,29.81366459627329
1588.8985255854293,59.62732919254658
1588.8985255854293,52.17391304347826
1588.8985255854293,44.72049689440994
1588.8985255854293,37.267080745341616
1588.8985255854293,29.81366459627329
1592.3677363399827,59.62732919254658
1592.3677363399827,52.17391304347826
1592.3677363399827,44.72049689440994
1592.3677363399827,37.267080745341616
1592.3677363399827,29.81366459627329
1595.836947094536,59.62732919254658
1595.836947094536,52.17391304347826
1595.836947094536,44.72049689440994
1595.836947094536,37.267080745341616
1595.836947094536,29.81366459627329
1599.3061578490892,59.62732919254658
1599.3061578490892,52.17391304347826
1599.3061578490892,44.72049689440994
1599.3061578490892,37.267080745341616
1599.3061578490892,29.81366459627329
1602.7753686036426,59.62732919254658
1602.7753686036426,52.17391304347826
1602.7753686036426,44.72049689440994
1602.7753686036426,37.267080745341616
1602.7753686036426,29.81366459627329
1606.244579358196,59.62732919254658
1606.244579358196,52.17391304347826
1606.244579358196,44.72049689440994
1606.244579358196,37.267080745341616
1606.244579358196,29.81366459627329
1609.7137901127494,59.62732919254658
1609.7137901127494,52.17391304347826
1609.7137901127494,44.72049689440994
1609.7137901127494,37.267080745341616
1609.7137901127494,29.81366459627329
1613.1830008673028,59.62732919254658
1613.1830008673028,52.17391304347826
1613.1830008673028,44.72049689440994
1613.1830008673028,37.267080745341616
1613.1830008673028,29.81366459627329
1616.652211621856,59.62732919254658
1616.652211621856,52.17391304347826
1616.652211621856,44.72049689440994
1616.652211621856,37.267080745341616
1616.652211621856,29.81366459627329
1620.1214223764093,59.62732919254658
1620.1214223764093,52.17391304347826
1620.1214223764093,44.72049689440994
1620.1214223764093,37.267080745341616
1620.1214223764093,29.81366459627329
1623.5906331309627,52.17391304347826
1623.5906331309627,44.72049689440994
1623.5906331309627,37.267080745341616
1623.5906331309627,29.81366459627329
1627.059843885516,52.17391304347826
1627.059843885516,44.72049689440994
1627.059843885516,37.267080745341616
1627.059843885516,29.81366459627329
1630.5290546400695,52.17391304347826
1630.5290546400695,44.72049689440994
1630.5290546400695,37.267080745341616
1630.5290546400695,29.81366459627329
1633.9982653946226,52.17391304347826
1633.9982653946226,44.72049689440994
1633.9982653946226,37.267080745341616
1633.9982653946226,29.81366459627329
1637.467476149176,52.17391304347826
1637.467476149176,44.72049689440994
1637.467476149176,37.267080745341616
1637.467476149176,29.81366459627329
1640.9366869037294,52.17391304347826
1640.9366869037294,44.72049689440994
1640.9366869037294,37.267080745341616
1640.9366869037294,29.81366459627329
1644.4058976582828,52.17391304347826
1644.4058976582828,44.72049689440994
1644.4058976582828,37.267080745341616
1644.4058976582828,29.81366459627329
1647.875108412836,52.17391304347826
1647.875108412836,44.72049689440994
1647.875108412836,37.267080745341616
1647.875108412836,29.81366459627329
1651.3443191673894,52.17391304347826
1651.3443191673894,44.72049689440994
1651.3443191673894,37.267080745341616
1651.3443191673894,29.81366459627329
1654.8135299219427,52.17391304347826
1654.8135299219427,44.72049689440994
1654.8135299219427,37.267080745341616
1654.8135299219427,29.81366459627329
1658.2827406764961,52.17391304347826
1658.2827406764961,44.72049689440994
1658.2827406764961,37.267080745341616
1658.2827406764961,29.81366459627329
1661.7519514310495,52.17391304347826
1661.7519514310495,44.72049689440994
1661.7519514310495,37.267080745341616
1661.7519514310495,29.81366459627329
1665.2211621856027,52.17391304347826
1665.2211621856027,44.72049689440994
1665.2211621856027,37.267080745341616
1665.2211621856027,29.81366459627329
1668.690372940156,52.17391304347826
1668.690372940156,44.72049689440994
1668.690372940156,37.267080745341616
1668.690372940156,29.81366459627329
1672.1595836947095,52.17391304347826
1672.1595836947095,44.72049689440994
1672.1595836947095,37.267080745341616
1672.1595836947095,29.81366459627329
1675.6287944492628,52.17391304347826
1675.6287944492628,44.72049689440994
1675.6287944492628,37.267080745341616
1675.6287944492628,29.81366459627329
1679.0980052038162,52.17391304347826
1679.0980052038162,44.72049689440994
1679.0980052038162,37.267080745341616
1679.0980052038162,29.81366459627329
1682.5672159583694,52.17391304347826
1682.5672159583694,44.72049689440994
1682.5672159583694,37.267080745341616
1682.5672159583694,29.81366459627329
1686.0364267129228,52.17391304347826
1686.0364267129228,44.72049689440994
1686.0364267129228,37.267080745341616
1686.0364267129228,29.81366459627329
1689.5056374674762,52.17391304347826
1689.5056374674762,44.72049689440994
1689.5056374674762,37.267080745341616
1689.5056374674762,29.81366459627329
1692.9748482220296,52.17391304347826
1692.9748482220296,44.72049689440994
1692.9748482220296,37.267080745341616
1692.9748482220296,29.81366459627329
1696.444058976583,52.17391304347826
1696.444058976583,44.72049689440994
1696.444058976583,37.267080745341616
1696.444058976583,29.81366459627329
1699.913269731136,52.17391304347826
1699.913269731136,44.72049689440994
1699.913269731136,37.267080745341616
1699.913269731136,29.81366459627329
1703.3824804856895,52.17391304347826
1703.3824804856895,44.72049689440994
1703.3824804856895,37.267080745341616
1703.3824804856895,29.81366459627329
1706.8516912402429,52.17391304347826
1706.8516912402429,44.72049689440994
1706.8516912402429,37.267080745341616
1706.8516912402429,29.81366459627329
1710.3209019947963,52.17391304347826
1710.3209019947963,44.72049689440994
1710.3209019947963,37.267080745341616
1710.3209019947963,29.81366459627329
1713.7901127493494,52.17391304347826
1713.7901127493494,44.72049689440994
1713.7901127493494,37.267080745341616
1713.7901127493494,29.81366459627329
1717.2593235039028,52.17391304347826
1717.2593235039028,44.72049689440994
1717.2593235039028,37.267080745341616
1717.2593235039028,29.81366459627329
1720.7285342584562,52.17391304347826
1720.7285342584562,44.72049689440994
1720.7285342584562,37.267080745341616
1720.7285342584562,29.81366459627329
1724.1977450130096,52.17391304347826
1724.1977450130096,44.72049689440994
1724.1977450130096,37.267080745341616
1724.1977450130096,29.81366459627329
1727.666955767563,52.17391304347826
1727.666955767563,44.72049689440994
1727.666955767563,37.267080745341616
1727.666955767563,29.81366459627329
1731.1361665221161,52.17391304347826
1731.1361665221161,44.72049689440994
1731.1361665221161,37.267080745341616
1731.1361665221161,29.81366459627329
1734.6053772766695,52.17391304347826
1734.6053772766695,44.72049689440994
1734.6053772766695,37.267080745341616
1734.6053772766695,29.81366459627329
1738.074588031223,52.17391304347826
1738.074588031223,44.72049689440994
1738.074588031223,37.267080745341616
1738.074588031223,29.81366459627329
1741.5437987857763,52.17391304347826
1741.5437987857763,44.72049689440994
1741.5437987857763,37.267080745341616
1741.5437987857763,29.81366459627329
1745.0130095403297,52.17391304347826
1745.0130095403297,44.72049689440994
1745.0130095403297,37.267080745341616
1745.0130095403297,29.81366459627329
1748.4822202948828,52.17391304347826
1748.4822202948828,44.72049689440994
1748.4822202948828,37.267080745341616
1748.4822202948828,29.81366459627329
1751.9514310494362,52.17391304347826
1751.9514310494362,44.72049689440994
1751.9514310494362,37.267080745341616
1751.9514310494362,29.81366459627329
1755.4206418039896,52.17391304347826
1755.4206418039896,44.72049689440994
1755.4206418039896,37.267080745341616
1755.4206418039896,29.81366459627329
1758.889852558543,52.17391304347826
1758.889852558543,44.72049689440994
1758.889852558543,37.267080745341616
1758.889852558543,29.81366459627329
1762.3590633130962,52.17391304347826
1762.3590633130962,44.72049689440994
1762.3590633130962,37.267080745341616
1762.3590633130962,29.81366459627329
1765.8282740676495,52.17391304347826
1765.8282740676495,44.72049689440994
1765.8282740676495,37.267080745341616
1765.8282740676495,29.81366459627329
1769.297484822203,52.17391304347826
1769.297484822203,44.72049689440994
1769.297484822203,37.267080745341616
1769.297484822203,29.81366459627329
1772.7666955767563,52.17391304347826
1772.7666955767563,44.72049689440994
1772.7666955767563,37.267080745341616
1772.7666955767563,29.81366459627329
1776.2359063313097,52.17391304347826
1776.2359063313097,44.72049689440994
1776.2359063313097,37.267080745341616
1776.2359063313097,29.81366459627329
1779.7051170858629,52.17391304347826
1779.7051170858629,44.72049689440994
1779.7051170858629,37.267080745341616
1779.7051170858629,29.81366459627329
1783.1743278404163,52.17391304347826
1783.1743278404163,44.72049689440994
1783.1743278404163,37.267080745341616
1783.1743278404163,29.81366459627329
1786.6435385949696,52.17391304347826
1786.6435385949696,44.72049689440994
1786.6435385949696,37.267080745341616
1786.6435385949696,29.81366459627329
1790.112749349523,52.17391304347826
1790.112749349523,44.72049689440994
1790.112749349523,37.267080745341616
1790.112749349523,29.81366459627329
1793.5819601040764,52.17391304347826
1793.5819601040764,44.72049689440994
1793.5819601040764,37.267080745341616
1793.5819601040764,29.81366459627329
1797.0511708586296,52.17391304347826
1797.0511708586296,44.72049689440994
1797.0511708586296,37.267080745341616
1797.0511708586296,29.81366459627329
1800.520381613183,52.17391304347826
1800.520381613183,44.72049689440994
1800.520381613183,37.267080745341616
1800.520381613183,29.81366459627329
1803.9895923677363,52.17391304347826
1803.9895923677363,44.72049689440994
1803.9895923677363,37.267080745341616
1803.9895923677363,29.81366459627329
1807.4588031222897,52.17391304347826
1807.4588031222897,44.72049689440994
1807.4588031222897,37.267080745341616
1807.4588031222897,29.81366459627329
1810.9280138768431,52.17391304347826
1810.9280138768431,44.72049689440994
1810.9280138768431,37.267080745341616
1810.9280138768431,29.81366459627329
1814.3972246313963,52.17391304347826
1814.3972246313963,44.72049689440994
1814.3972246313963,37.267080745341616
1814.3972246313963,29.81366459627329
1817.8664353859497,52.17391304347826
1817.8664353859497,44.72049689440994
1817.8664353859497,37.267080745341616
1817.8664353859497,29.81366459627329
1821.335646140503,52.17391304347826
1821.335646140503,44.72049689440994
1821.335646140503,37.267080745341616
1821.335646140503,29.81366459627329
1824.8048568950564,52.17391304347826
1824.8048568950564,44.72049689440994
1824.8048568950564,37.267080745341616
1824.8048568950564,29.81366459627329
1828.2740676496096,52.17391304347826
1828.2740676496096,44.72049689440994
1828.2740676496096,37.267080745341616
1828.2740676496096,29.81366459627329
1831.743278404163,52.17391304347826
1831.743278404163,44.72049689440994
1831.743278404163,37.267080745341616
1831.743278404163,29.81366459627329
1835.2124891587164,52.17391304347826
1835.2124891587164,44.72049689440994
1835.2124891587164,37.267080745341616
1835.2124891587164,29.81366459627329
1838.6816999132698,52.17391304347826
1838.6816999132698,44.72049689440994
1838.6816999132698,37.267080745341616
1838.6816999132698,29.81366459627329
1838.6816999132698,22.36024844720497
1842.1509106678232,52.17391304347826
1842.1509106678232,44.72049689440994
1842.1509106678232,37.267080745341616
1842.1509106678232,29.81366459627329
1842.1509106678232,22.36024844720497
1845.6201214223763,52.17391304347826
1845.6201214223763,44.72049689440994
1845.6201214223763,37.267080745341616
1845.6201214223763,29.81366459627329
1845.6201214223763,22.36024844720497
1849.0893321769297,52.17391304347826
1849.0893321769297,44.72049689440994
1849.0893321769297,37.267080745341616
1849.0893321769297,29.81366459627329
1849.0893321769297,22.36024844720497
1852.558542931483,52.17391304347826
1852.558542931483,44.72049689440994
1852.558542931483,37.267080745341616
1852.558542931483,29.81366459627329
1852.558542931483,22.36024844720497
1856.0277536860365,52.17391304347826
1856.0277536860365,44.72049689440994
1856.0277536860365,37.267080745341616
1856.0277536860365,29.81366459627329
1856.0277536860365,22.36024844720497
1859.4969644405899,52.17391304347826
1859.4969644405899,44.72049689440994
1859.4969644405899,37.267080745341616
1859.4969644405899,29.81366459627329
1859.4969644405899,22.36024844720497
1862.966175195143,52.17391304347826
1862.966175195143,44.72049689440994
1862.966175195143,37.267080745341616
1862.966175195143,29.81366459627329
1862.966175195143,22.36024844720497
1866.4353859496964,52.17391304347826
1866.4353859496964,44.72049689440994
1866.4353859496964,37.267080745341616
1866.4353859496964,29.81366459627329
1866.4353859496964,22.36024844720497
1869.9045967042498,52.17391304347826
1869.9045967042498,44.72049689440994
1869.9045967042498,37.267080745341616
1869.9045967042498,29.81366459627329
1869.9045967042498,22.36024844720497
1873.3738074588032,52.17391304347826
1873.3738074588032,44.72049689440994
1873.3738074588032,37.267080745341616
1873.3738074588032,29.81366459627329
1873.3738074588032,22.36024844720497
1876.8430182133566,52.17391304347826
1876.8430182133566,44.72049689440994
1876.8430182133566,37.267080745341616
1876.8430182133566,29.81366459627329
1876.8430182133566,22.36024844720497
1880.3122289679097,52.17391304347826
1880.3122289679097,44.72049689440994
1880.3122289679097,37.267080745341616
1880.3122289679097,29.81366459627329
1880.3122289679097,22.36024844720497
1883.7814397224631,52.17391304347826
1883.7814397224631,44.72049689440994
1883.7814397224631,37.267080745341616
1883.7814397224631,29.81366459627329
1883.7814397224631,22.36024844720497
1887.2506504770165,52.17391304347826
1887.2506504770165,44.72049689440994
1887.2506504770165,37.267080745341616
1887.2506504770165,29.81366459627329
1887.2506504770165,22.36024844720497
1890.71986123157,52.17391304347826
1890.71986123157,44.72049689440994
1890.71986123157,37.267080745341616
1890.71986123157,29.81366459627329
1890.71986123157,22.36024844720497
1894.189071986123,44.72049689440994
1894.189071986123,37.267080745341616
1894.189071986123,29.81366459627329
1894.189071986123,22.36024844720497
1897.6582827406764,44.72049689440994
1897.6582827406764,37.267080745341616
1897.6582827406764,29.81366459627329
1897.6582827406764,22.36024844720497
1901.1274934952298,44.72049689440994
1901.1274934952298,37.267080745341616
1901.1274934952298,29.81366459627329
1901.1274934952298,22.36024844720497
1904.5967042497832,44.72049689440994
1904.5967042497832,37.267080745341616
1904.5967042497832,29.81366459627329
1904.5967042497832,22.36024844720497
1908.0659150043366,44.72049689440994
1908.0659150043366,37.267080745341616
1908.0659150043366,29.81366459627329
1908.0659150043366,22.36024844720497
1911.5351257588898,44.72049689440994
1911.5351257588898,37.267080745341616
1911.5351257588898,29.81366459627329
1911.5351257588898,22.36024844720497
1915.0043365134431,44.72049689440994
1915.0043365134431,37.267080745341616
1915.0043365134431,29.81366459627329
1915.0043365134431,22.36024844720497
1918.4735472679965,44.72049689440994
1918.4735472679965,37.267080745341616
1918.4735472679965,29.81366459627329
1918.4735472679965,22.36024844720497
1921.94275802255,44.72049689440994
1921.94275802255,37.267080745341616
1921.94275802255,29.81366459627329
1921.94275802255,22.36024844720497
1925.4119687771033,44.72049689440994
1925.4119687771033,37.267080745341616
1925.4119687771033,29.81366459627329
1925.4119687771033,22.36024844720497
1928.8811795316565,44.72049689440994
1928.8811795316565,37.267080745341616
1928.8811795316565,29.81366459627329
1928.8811795316565,22.36024844720497
1932.3503902862099,44.72049689440994
1932.3503902862099,37.267080745341616
1932.3503902862099,29.81366459627329
1932.3503902862099,22.36024844720497
1935.8196010407632,44.72049689440994
1935.8196010407632,37.267080745341616
1935.8196010407632,29.81366459627329
1935.8196010407632,22.36024844720497
1939.2888117953166,44.72049689440994
1939.2888117953166,37.267080745341616
1939.2888117953166,29.81366459627329
1939.2888117953166,22.36024844720497
1942.7580225498698,44.72049689440994
1942.7580225498698,37.267080745341616
1942.7580225498698,29.81366459627329
1942.7580225498698,22.36024844720497
1946.2272333044232,44.72049689440994
1946.2272333044232,37.267080745341616
1946.2272333044232,29.81366459627329
1946.2272333044232,22.36024844720497
1949.6964440589766,44.72049689440994
1949.6964440589766,37.267080745341616
1949.6964440589766,29.81366459627329
1949.6964440589766,22.36024844720497
1953.16565481353,44.72049689440994
1953.16565481353,37.267080745341616
1953.16565481353,29.81366459627329
1953.16565481353,22.36024844720497
1956.6348655680833,44.72049689440994
1956.6348655680833,37.267080745341616
1956.6348655680833,29.81366459627329
1956.6348655680833,22.36024844720497
1960.1040763226365,44.72049689440994
1960.1040763226365,37.267080745341616
1960.1040763226365,29.81366459627329
1960.1040763226365,22.36024844720497
1963.57328707719,44.72049689440994
1963.57328707719,37.267080745341616
1963.57328707719,29.81366459627329
1963.57328707719,22.36024844720497
1967.0424978317433,44.72049689440994
1967.0424978317433,37.267080745341616
1967.0424978317433,29.81366459627329
1967.0424978317433,22.36024844720497
1970.5117085862967,44.72049689440994
1970.5117085862967,37.267080745341616
1970.5117085862967,29.81366459627329
1970.5117085862967,22.36024844720497
1973.98091934085,44.72049689440994
1973.98091934085,37.267080745341616
1973.98091934085,29.81366459627329
1973.98091934085,22.36024844720497
1977.4501300954032,44.72049689440994
1977.4501300954032,37.267080745341616
1977.4501300954032,29.81366459627329
1977.4501300954032,22.36024844720497
1980.9193408499566,44.72049689440994
1980.9193408499566,37.267080745341616
1980.9193408499566,29.81366459627329
1980.9193408499566,22.36024844720497
1984.38855160451,44.72049689440994
1984.38855160451,37.267080745341616
1984.38855160451,29.81366459627329
1984.38855160451,22.36024844720497
1987.8577623590634,44.72049689440994
1987.8577623590634,37.267080745341616
1987.8577623590634,29.81366459627329
1987.8577623590634,22.36024844720497
1991.3269731136168,44.72049689440994
1991.3269731136168,37.267080745341616
1991.3269731136168,29.81366459627329
1991.3269731136168,22.36024844720497
1994.79618386817,44.72049689440994
1994.79618386817,37.267080745341616
1994.79618386817,29.81366459627329
1994.79618386817,22.36024844720497
1998.2653946227233,44.72049689440994
1998.2653946227233,37.267080745341616
1998.2653946227233,29.81366459627329
1998.2653946227233,22.36024844720497
2001.7346053772767,44.72049689440994
2001.7346053772767,37.267080745341616
2001.7346053772767,29.81366459627329
2001.7346053772767,22.36024844720497
2005.20381613183,44.72049689440994
2005.20381613183,37.267080745341616
2005.20381613183,29.81366459627329
2005.20381613183,22.36024844720497
2008.6730268863832,44.72049689440994
2008.6730268863832,37.267080745341616
2008.6730268863832,29.81366459627329
2008.6730268863832,22.36024844720497
2012.1422376409366,44.72049689440994
2012.1422376409366,37.267080745341616
2012.1422376409366,29.81366459627329
2012.1422376409366,22.36024844720497
2015.61144839549,44.72049689440994
2015.61144839549,37.267080745341616
2015.61144839549,29.81366459627329
2015.61144839549,22.36024844720497
2019.0806591500434,44.72049689440994
2019.0806591500434,37.267080745341616
2019.0806591500434,29.81366459627329
2019.0806591500434,22.36024844720497
2022.5498699045968,44.72049689440994
2022.5498699045968,37.267080745341616
2022.5498699045968,29.81366459627329
2022.5498699045968,22.36024844720497
2026.01908065915,44.72049689440994
2026.01908065915,37.267080745341616
2026.01908065915,29.81366459627329
2026.01908065915,22.36024844720497
2029.4882914137033,44.72049689440994
2029.4882914137033,37.267080745341616
2029.4882914137033,29.81366459627329
2029.4882914137033,22.36024844720497
2032.9575021682567,44.72049689440994
2032.9575021682567,37.267080745341616
2032.9575021682567,29.81366459627329
2032.9575021682567,22.36024844720497
2036.42671292281,44.72049689440994
2036.42671292281,37.267080745341616
2036.42671292281,29.81366459627329
2036.42671292281,22.36024844720497
2039.8959236773635,44.72049689440994
2039.8959236773635,37.267080745341616
2039.8959236773635,29.81366459627329
2039.8959236773635,22.36024844720497
2043.3651344319167,44.72049689440994
2043.3651344319167,37.267080745341616
2043.3651344319167,29.81366459627329
2043.3651344319167,22.36024844720497
2046.83434518647,44.72049689440994
2046.83434518647,37.267080745341616
2046.83434518647,29.81366459627329
2046.83434518647,22.36024844720497
2050.303555941023,44.72049689440994
2050.303555941023,37.267080745341616
2050.303555941023,29.81366459627329
2050.303555941023,22.36024844720497
2053.7727666955766,44.72049689440994
2053.7727666955766,37.267080745341616
2053.7727666955766,29.81366459627329
2053.7727666955766,22.36024844720497
2057.24197745013,44.72049689440994
2057.24197745013,37.267080745341616
2057.24197745013,29.81366459627329
2057.24197745013,22.36024844720497
2060.7111882046834,44.72049689440994
2060.7111882046834,37.267080745341616
2060.7111882046834,29.81366459627329
2060.7111882046834,22.36024844720497
2064.1803989592368,44.72049689440994
2064.1803989592368,37.267080745341616
2064.1803989592368,29.81366459627329
2064.1803989592368,22.36024844720497
2067.64960971379,44.72049689440994
2067.64960971379,37.267080745341616
2067.64960971379,29.81366459627329
2067.64960971379,22.36024844720497
2067.64960971379,14.906832298136646
2071.1188204683435,44.72049689440994
2071.1188204683435,37.267080745341616
2071.1188204683435,29.81366459627329
2071.1188204683435,22.36024844720497
2071.1188204683435,14.906832298136646
2074.588031222897,44.72049689440994
2074.588031222897,37.267080745341616
2074.588031222897,29.81366459627329
2074.588031222897,22.36024844720497
2074.588031222897,14.906832298136646
2078.0572419774503,44.72049689440994
2078.0572419774503,37.267080745341616
2078.0572419774503,29.81366459627329
2078.0572419774503,22.36024844720497
2078.0572419774503,14.906832298136646
2081.5264527320037,44.72049689440994
2081.5264527320037,37.267080745341616
2081.5264527320037,29.81366459627329
2081.5264527320037,22.36024844720497
2081.5264527320037,14.906832298136646
2084.9956634865566,44.72049689440994
2084.9956634865566,37.267080745341616
2084.9956634865566,29.81366459627329
2084.9956634865566,22.36024844720497
2084.9956634865566,14.906832298136646
2088.46487424111,44.72049689440994
2088.46487424111,37.267080745341616
2088.46487424111,29.81366459627329
2088.46487424111,22.36024844720497
2088.46487424111,14.906832298136646
2091.9340849956634,44.72049689440994
2091.9340849956634,37.267080745341616
2091.9340849956634,29.81366459627329
2091.9340849956634,22.36024844720497
2091.9340849956634,14.906832298136646
2095.403295750217,44.72049689440994
2095.403295750217,37.267080745341616
2095.403295750217,29.81366459627329
2095.403295750217,22.36024844720497
2095.403295750217,14.906832298136646
2098.87250650477,44.72049689440994
2098.87250650477,37.267080745341616
2098.87250650477,29.81366459627329
2098.87250650477,22.36024844720497
2098.87250650477,14.906832298136646
2102.3417172593236,44.72049689440994
2102.3417172593236,37.267080745341616
2102.3417172593236,29.81366459627329
2102.3417172593236,22.36024844720497
2102.3417172593236,14.906832298136646
2105.810928013877,44.72049689440994
2105.810928013877,37.267080745341616
2105.810928013877,29.81366459627329
2105.810928013877,22.36024844720497
2105.810928013877,14.906832298136646
2109.2801387684303,44.72049689440994
2109.2801387684303,37.267080745341616
2109.2801387684303,29.81366459627329
2109.2801387684303,22.36024844720497
2109.2801387684303,14.906832298136646
2112.7493495229837,44.72049689440994
2112.7493495229837,37.267080745341616
2112.7493495229837,29.81366459627329
2112.7493495229837,22.36024844720497
2112.7493495229837,14.906832298136646
2116.2185602775367,44.72049689440994
2116.2185602775367,37.267080745341616
2116.2185602775367,29.81366459627329
2116.2185602775367,22.36024844720497
2116.2185602775367,14.906832298136646
2119.68777103209,44.72049689440994
2119.68777103209,37.267080745341616
2119.68777103209,29.81366459627329
2119.68777103209,22.36024844720497
2119.68777103209,14.906832298136646
2123.1569817866434,44.72049689440994
2123.1569817866434,37.267080745341616
2123.1569817866434,29.81366459627329
2123.1569817866434,22.36024844720497
2123.1569817866434,14.906832298136646
2126.626192541197,44.72049689440994
2126.626192541197,37.267080745341616
2126.626192541197,29.81366459627329
2126.626192541197,22.36024844720497
2126.626192541197,14.906832298136646
2130.09540329575,44.72049689440994
2130.09540329575,37.267080745341616
2130.09540329575,29.81366459627329
2130.09540329575,22.36024844720497
2130.09540329575,14.906832298136646
2133.5646140503036,44.72049689440994
2133.5646140503036,37.267080745341616
2133.5646140503036,29.81366459627329
2133.5646140503036,22.36024844720497
2133.5646140503036,14.906832298136646
2137.033824804857,37.267080745341616
2137.033824804857,29.81366459627329
2137.033824804857,22.36024844720497
2137.033824804857,14.906832298136646
2140.5030355594104,37.267080745341616
2140.5030355594104,29.81366459627329
2140.5030355594104,22.36024844720497
2140.5030355594104,14.906832298136646
2143.9722463139638,37.267080745341616
2143.9722463139638,29.81366459627329
2143.9722463139638,22.36024844720497
2143.9722463139638,14.906832298136646
2147.441457068517,37.267080745341616
2147.441457068517,29.81366459627329
2147.441457068517,22.36024844720497
2147.441457068517,14.906832298136646
2150.91066782307,37.267080745341616
2150.91066782307,29.81366459627329
2150.91066782307,22.36024844720497
2150.91066782307,14.906832298136646
2154.3798785776235,37.267080745341616
2154.3798785776235,29.81366459627329
2154.3798785776235,22.36024844720497
2154.3798785776235,14.906832298136646
2157.849089332177,37.267080745341616
2157.849089332177,29.81366459627329
2157.849089332177,22.36024844720497
2157.849089332177,14.906832298136646
2161.3183000867302,37.267080745341616
2161.3183000867302,29.81366459627329
2161.3183000867302,22.36024844720497
2161.3183000867302,14.906832298136646
2164.7875108412836,37.267080745341616
2164.7875108412836,29.81366459627329
2164.7875108412836,22.36024844720497
2164.7875108412836,14.906832298136646
2168.256721595837,37.267080745341616
2168.256721595837,29.81366459627329
2168.256721595837,22.36024844720497
2168.256721595837,14.906832298136646
2171.7259323503904,37.267080745341616
2171.7259323503904,29.81366459627329
2171.7259323503904,22.36024844720497
2171.7259323503904,14.906832298136646
2175.195143104944,37.267080745341616
2175.195143104944,29.81366459627329
2175.195143104944,22.36024844720497
2175.195143104944,14.906832298136646
2178.664353859497,37.267080745341616
2178.664353859497,29.81366459627329
2178.664353859497,22.36024844720497
2178.664353859497,14.906832298136646
2182.13356461405,37.267080745341616
2182.13356461405,29.81366459627329
2182.13356461405,22.36024844720497
2182.13356461405,14.906832298136646
2185.6027753686035,37.267080745341616
2185.6027753686035,29.81366459627329
2185.6027753686035,22.36024844720497
2185.6027753686035,14.906832298136646
2189.071986123157,37.267080745341616
2189.071986123157,29.81366459627329
2189.071986123157,22.36024844720497
2189.071986123157,14.906832298136646
2192.5411968777103,37.267080745341616
2192.5411968777103,29.81366459627329
2192.5411968777103,22.36024844720497
2192.5411968777103,14.906832298136646
2196.0104076322637,37.267080745341616
2196.0104076322637,29.81366459627329
2196.0104076322637,22.36024844720497
2196.0104076322637,14.906832298136646
2199.479618386817,37.267080745341616
2199.479618386817,29.81366459627329
2199.479618386817,22.36024844720497
2199.479618386817,14.906832298136646
2202.9488291413704,37.267080745341616
2202.9488291413704,29.81366459627329
2202.9488291413704,22.36024844720497
2202.9488291413704,14.906832298136646
2206.418039895924,37.267080745341616
2206.418039895924,29.81366459627329
2206.418039895924,22.36024844720497
2206.418039895924,14.906832298136646
2209.887250650477,37.267080745341616
2209.887250650477,29.81366459627329
2209.887250650477,22.36024844720497
2209.887250650477,14.906832298136646
2213.35646140503,37.267080745341616
2213.35646140503,29.81366459627329
2213.35646140503,22.36024844720497
2213.35646140503,14.906832298136646
2216.8256721595835,37.267080745341616
2216.8256721595835,29.81366459627329
2216.8256721595835,22.36024844720497
2216.8256721595835,14.906832298136646
2220.294882914137,37.267080745341616
2220.294882914137,29.81366459627329
2220.294882914137,22.36024844720497
2220.294882914137,14.906832298136646
2223.7640936686903,37.267080745341616
2223.7640936686903,29.81366459627329
2223.7640936686903,22.36024844720497
2223.7640936686903,14.906832298136646
2227.2333044232437,37.267080745341616
2227.2333044232437,29.81366459627329
2227.2333044232437,22.36024844720497
2227.2333044232437,14.906832298136646
2230.702515177797,37.267080745341616
2230.702515177797,29.81366459627329
2230.702515177797,22.36024844720497
2230.702515177797,14.906832298136646
2234.1717259323505,37.267080745341616
2234.1717259323505,29.81366459627329
2234.1717259323505,22.36024844720497
2234.1717259323505,14.906832298136646
2237.640936686904,37.267080745341616
2237.640936686904,29.81366459627329
2237.640936686904,22.36024844720497
2237.640936686904,14.906832298136646
2241.1101474414572,37.267080745341616
2241.1101474414572,29.81366459627329
2241.1101474414572,22.36024844720497
2241.1101474414572,14.906832298136646
2244.5793581960106,37.267080745341616
2244.5793581960106,29.81366459627329
2244.5793581960106,22.36024844720497
2244.5793581960106,14.906832298136646
2248.0485689505635,37.267080745341616
2248.0485689505635,29.81366459627329
2248.0485689505635,22.36024844720497
2248.0485689505635,14.906832298136646
2251.517779705117,37.267080745341616
2251.517779705117,29.81366459627329
2251.517779705117,22.36024844720497
2251.517779705117,14.906832298136646
2254.9869904596703,37.267080745341616
2254.9869904596703,29.81366459627329
2254.9869904596703,22.36024844720497
2254.9869904596703,14.906832298136646
2258.4562012142237,37.267080745341616
2258.4562012142237,29.81366459627329
2258.4562012142237,22.36024844720497
2258.4562012142237,14.906832298136646
2261.925411968777,37.267080745341616
2261.925411968777,29.81366459627329
2261.925411968777,22.36024844720497
2261.925411968777,14.906832298136646
2265.3946227233305,37.267080745341616
2265.3946227233305,29.81366459627329
2265.3946227233305,22.36024844720497
2265.3946227233305,14.906832298136646
2268.863833477884,37.267080745341616
2268.863833477884,29.81366459627329
2268.863833477884,22.36024844720497
2268.863833477884,14.906832298136646
2272.3330442324373,37.267080745341616
2272.3330442324373,29.81366459627329
2272.3330442324373,22.36024844720497
2272.3330442324373,14.906832298136646
2275.8022549869906,37.267080745341616
2275.8022549869906,29.81366459627329
2275.8022549869906,22.36024844720497
2275.8022549869906,14.906832298136646
2279.2714657415436,37.267080745341616
2279.2714657415436,29.81366459627329
2279.2714657415436,22.36024844720497
2279.2714657415436,14.906832298136646
2282.740676496097,37.267080745341616
2282.740676496097,29.81366459627329
2282.740676496097,22.36024844720497
2282.740676496097,14.906832298136646
2286.2098872506504,37.267080745341616
2286.2098872506504,29.81366459627329
2286.2098872506504,22.36024844720497
2286.2098872506504,14.906832298136646
2289.6790980052037,37.267080745341616
2289.6790980052037,29.81366459627329
2289.6790980052037,22.36024844720497
2289.6790980052037,14.906832298136646
2289.6790980052037,7.453416149068323
2293.148308759757,37.267080745341616
2293.148308759757,29.81366459627329
2293.148308759757,22.36024844720497
2293.148308759757,14.906832298136646
2293.148308759757,7.453416149068323
2296.6175195143105,37.267080745341616
2296.6175195143105,29.81366459627329
2296.6175195143105,22.36024844720497
2296.6175195143105,14.906832298136646
2300.086730268864,37.267080745341616
2300.086730268864,29.81366459627329
2300.086730268864,22.36024844720497
2300.086730268864,14.906832298136646
2303.5559410234173,37.267080745341616
2303.5559410234173,29.81366459627329
2303.5559410234173,22.36024844720497
2303.5559410234173,14.906832298136646
2307.0251517779707,37.267080745341616
2307.0251517779707,29.81366459627329
2307.0251517779707,22.36024844720497
2307.0251517779707,14.906832298136646
2310.494362532524,37.267080745341616
2310.494362532524,29.81366459627329
2310.494362532524,22.36024844720497
2310.494362532524,14.906832298136646
2313.963573287077,37.267080745341616
2313.963573287077,29.81366459627329
2313.963573287077,22.36024844720497
2313.963573287077,14.906832298136646
2317.4327840416304,37.267080745341616
2317.4327840416304,29.81366459627329
2317.4327840416304,22.36024844720497
2317.4327840416304,14.906832298136646
2317.4327840416304,7.453416149068323
2320.9019947961838,37.267080745341616
2320.9019947961838,29.81366459627329
2320.9019947961838,22.36024844720497
2320.9019947961838,14.906832298136646
2320.9019947961838,7.453416149068323
2324.371205550737,37.267080745341616
2324.371205550737,29.81366459627329
2324.371205550737,22.36024844720497
2324.371205550737,14.906832298136646
2324.371205550737,7.453416149068323
2327.8404163052905,37.267080745341616
2327.8404163052905,29.81366459627329
2327.8404163052905,22.36024844720497
2327.8404163052905,14.906832298136646
2327.8404163052905,7.453416149068323
2331.309627059844,37.267080745341616
2331.309627059844,29.81366459627329
2331.309627059844,22.36024844720497
2331.309627059844,14.906832298136646
2331.309627059844,7.453416149068323
2334.7788378143973,37.267080745341616
2334.7788378143973,29.81366459627329
2334.7788378143973,22.36024844720497
2334.7788378143973,14.906832298136646
2334.7788378143973,7.453416149068323
2338.2480485689507,37.267080745341616
2338.2480485689507,29.81366459627329
2338.2480485689507,22.36024844720497
2338.2480485689507,14.906832298136646
2338.2480485689507,7.453416149068323
2341.717259323504,37.267080745341616
2341.717259323504,29.81366459627329
2341.717259323504,22.36024844720497
2341.717259323504,14.906832298136646
2341.717259323504,7.453416149068323
2345.186470078057,37.267080745341616
2345.186470078057,29.81366459627329
2345.186470078057,22.36024844720497
2345.186470078057,14.906832298136646
2345.186470078057,7.453416149068323
2348.6556808326104,37.267080745341616
2348.6556808326104,29.81366459627329
2348.6556808326104,22.36024844720497
2348.6556808326104,14.906832298136646
2348.6556808326104,7.453416149068323
2352.124891587164,37.267080745341616
2352.124891587164,29.81366459627329
2352.124891587164,22.36024844720497
2352.124891587164,14.906832298136646
2352.124891587164,7.453416149068323
2355.594102341717,37.267080745341616
2355.594102341717,29.81366459627329
2355.594102341717,22.36024844720497
2355.594102341717,14.906832298136646
2355.594102341717,7.453416149068323
2359.0633130962706,37.267080745341616
2359.0633130962706,29.81366459627329
2359.0633130962706,22.36024844720497
2359.0633130962706,14.906832298136646
2359.0633130962706,7.453416149068323
2362.532523850824,37.267080745341616
2362.532523850824,29.81366459627329
2362.532523850824,22.36024844720497
2362.532523850824,14.906832298136646
2362.532523850824,7.453416149068323
2366.0017346053774,37.267080745341616
2366.0017346053774,29.81366459627329
2366.0017346053774,22.36024844720497
2366.0017346053774,14.906832298136646
2366.0017346053774,7.453416149068323
2369.4709453599307,37.267080745341616
2369.4709453599307,29.81366459627329
2369.4709453599307,22.36024844720497
2369.4709453599307,14.906832298136646
2369.4709453599307,7.453416149068323
2372.940156114484,37.267080745341616
2372.940156114484,29.81366459627329
2372.940156114484,22.36024844720497
2372.940156114484,14.906832298136646
2372.940156114484,7.453416149068323
2376.4093668690375,37.267080745341616
2376.4093668690375,29.81366459627329
2376.4093668690375,22.36024844720497
2376.4093668690375,14.906832298136646
2376.4093668690375,7.453416149068323
2379.8785776235904,37.267080745341616
2379.8785776235904,29.81366459627329
2379.8785776235904,22.36024844720497
2379.8785776235904,14.906832298136646
2379.8785776235904,7.453416149068323
2383.347788378144,37.267080745341616
2383.347788378144,29.81366459627329
2383.347788378144,22.36024844720497
2383.347788378144,14.906832298136646
2383.347788378144,7.453416149068323
2386.816999132697,37.267080745341616
2386.816999132697,29.81366459627329
2386.816999132697,22.36024844720497
2386.816999132697,14.906832298136646
2386.816999132697,7.453416149068323
2390.2862098872506,37.267080745341616
2390.2862098872506,29.81366459627329
2390.2862098872506,22.36024844720497
2390.2862098872506,14.906832298136646
2390.2862098872506,7.453416149068323
2393.755420641804,37.267080745341616
2393.755420641804,29.81366459627329
2393.755420641804,22.36024844720497
2393.755420641804,14.906832298136646
2393.755420641804,7.453416149068323
2397.2246313963574,29.81366459627329
2397.2246313963574,22.36024844720497
2397.2246313963574,14.906832298136646
2397.2246313963574,7.453416149068323
2400.6938421509108,37.267080745341616
2400.6938421509108,29.81366459627329
2400.6938421509108,22.36024844720497
2400.6938421509108,14.906832298136646
2400.6938421509108,7.453416149068323
2404.163052905464,37.267080745341616
2404.163052905464,29.81366459627329
2404.163052905464,22.36024844720497
2404.163052905464,14.906832298136646
2404.163052905464,7.453416149068323
2407.6322636600175,37.267080745341616
2407.6322636600175,29.81366459627329
2407.6322636600175,22.36024844720497
2407.6322636600175,14.906832298136646
2407.6322636600175,7.453416149068323
2411.1014744145705,29.81366459627329
2411.1014744145705,22.36024844720497
2411.1014744145705,14.906832298136646
2411.1014744145705,7.453416149068323
2414.570685169124,29.81366459627329
2414.570685169124,22.36024844720497
2414.570685169124,14.906832298136646
2414.570685169124,7.453416149068323
2418.0398959236772,29.81366459627329
2418.0398959236772,22.36024844720497
2418.0398959236772,14.906832298136646
2418.0398959236772,7.453416149068323
2421.5091066782306,29.81366459627329
2421.5091066782306,22.36024844720497
2421.5091066782306,14.906832298136646
2421.5091066782306,7.453416149068323
2424.978317432784,29.81366459627329
2424.978317432784,22.36024844720497
2424.978317432784,14.906832298136646
2424.978317432784,7.453416149068323
2428.4475281873374,29.81366459627329
2428.4475281873374,22.36024844720497
2428.4475281873374,14.906832298136646
2428.4475281873374,7.453416149068323
2431.916738941891,29.81366459627329
2431.916738941891,22.36024844720497
2431.916738941891,14.906832298136646
2431.916738941891,7.453416149068323
2435.385949696444,29.81366459627329
2435.385949696444,22.36024844720497
2435.385949696444,14.906832298136646
2435.385949696444,7.453416149068323
2438.8551604509976,29.81366459627329
2438.8551604509976,22.36024844720497
2438.8551604509976,14.906832298136646
2438.8551604509976,7.453416149068323
2442.324371205551,29.81366459627329
2442.324371205551,22.36024844720497
2442.324371205551,14.906832298136646
2442.324371205551,7.453416149068323
2445.793581960104,29.81366459627329
2445.793581960104,22.36024844720497
2445.793581960104,14.906832298136646
2445.793581960104,7.453416149068323
2449.2627927146573,29.81366459627329
2449.2627927146573,22.36024844720497
2449.2627927146573,14.906832298136646
2449.2627927146573,7.453416149068323
2452.7320034692107,29.81366459627329
2452.7320034692107,22.36024844720497
2452.7320034692107,14.906832298136646
2452.7320034692107,7.453416149068323
2456.201214223764,29.81366459627329
2456.201214223764,22.36024844720497
2456.201214223764,14.906832298136646
2456.201214223764,7.453416149068323
2459.6704249783174,29.81366459627329
2459.6704249783174,22.36024844720497
2459.6704249783174,14.906832298136646
2459.6704249783174,7.453416149068323
2463.139635732871,29.81366459627329
2463.139635732871,22.36024844720497
2463.139635732871,14.906832298136646
2463.139635732871,7.453416149068323
2466.608846487424,29.81366459627329
2466.608846487424,22.36024844720497
2466.608846487424,14.906832298136646
2466.608846487424,7.453416149068323
2470.0780572419776,29.81366459627329
2470.0780572419776,22.36024844720497
2470.0780572419776,14.906832298136646
2470.0780572419776,7.453416149068323
2473.547267996531,29.81366459627329
2473.547267996531,22.36024844720497
2473.547267996531,14.906832298136646
2473.547267996531,7.453416149068323
2477.016478751084,29.81366459627329
2477.016478751084,22.36024844720497
2477.016478751084,14.906832298136646
2477.016478751084,7.453416149068323
2480.4856895056373,29.81366459627329
2480.4856895056373,22.36024844720497
2480.4856895056373,14.906832298136646
2480.4856895056373,7.453416149068323
2483.9549002601907,29.81366459627329
2483.9549002601907,22.36024844720497
2483.9549002601907,14.906832298136646
2483.9549002601907,7.453416149068323
2487.424111014744,29.81366459627329
2487.424111014744,22.36024844720497
2487.424111014744,14.906832298136646
2487.424111014744,7.453416149068323
2490.8933217692975,29.81366459627329
2490.8933217692975,22.36024844720497
2490.8933217692975,14.906832298136646
2490.8933217692975,7.453416149068323
2494.362532523851,29.81366459627329
2494.362532523851,22.36024844720497
2494.362532523851,14.906832298136646
2494.362532523851,7.453416149068323
2497.8317432784042,29.81366459627329
2497.8317432784042,22.36024844720497
2497.8317432784042,14.906832298136646
2497.8317432784042,7.453416149068323
2501.3009540329576,29.81366459627329
2501.3009540329576,22.36024844720497
2501.3009540329576,14.906832298136646
2501.3009540329576,7.453416149068323
2504.770164787511,29.81366459627329
2504.770164787511,22.36024844720497
2504.770164787511,14.906832298136646
2504.770164787511,7.453416149068323
2508.239375542064,29.81366459627329
2508.239375542064,22.36024844720497
2508.239375542064,14.906832298136646
2508.239375542064,7.453416149068323
2511.7085862966173,29.81366459627329
2511.7085862966173,22.36024844720497
2511.7085862966173,14.906832298136646
2511.7085862966173,7.453416149068323
2515.1777970511707,29.81366459627329
2515.1777970511707,22.36024844720497
2515.1777970511707,14.906832298136646
2515.1777970511707,7.453416149068323
2518.647007805724,29.81366459627329
2518.647007805724,22.36024844720497
2518.647007805724,14.906832298136646
2518.647007805724,7.453416149068323
2522.1162185602775,29.81366459627329
2522.1162185602775,22.36024844720497
2522.1162185602775,14.906832298136646
2522.1162185602775,7.453416149068323
2525.585429314831,29.81366459627329
2525.585429314831,22.36024844720497
2525.585429314831,14.906832298136646
2525.585429314831,7.453416149068323
2529.0546400693843,29.81366459627329
2529.0546400693843,22.36024844720497
2529.0546400693843,14.906832298136646
2529.0546400693843,7.453416149068323
2532.5238508239377,29.81366459627329
2532.5238508239377,22.36024844720497
2532.5238508239377,14.906832298136646
2532.5238508239377,7.453416149068323
2535.993061578491,29.81366459627329
2535.993061578491,22.36024844720497
2535.993061578491,14.906832298136646
2535.993061578491,7.453416149068323
2539.4622723330444,29.81366459627329
2539.4622723330444,22.36024844720497
2539.4622723330444,14.906832298136646
2539.4622723330444,7.453416149068323
2542.9314830875974,29.81366459627329
2542.9314830875974,22.36024844720497
2542.9314830875974,14.906832298136646
2542.9314830875974,7.453416149068323
2546.4006938421508,29.81366459627329
2546.4006938421508,22.36024844720497
2546.4006938421508,14.906832298136646
2546.4006938421508,7.453416149068323
2549.869904596704,29.81366459627329
2549.869904596704,22.36024844720497
2549.869904596704,14.906832298136646
2549.869904596704,7.453416149068323
2553.3391153512575,29.81366459627329
2553.3391153512575,22.36024844720497
2553.3391153512575,14.906832298136646
2553.3391153512575,7.453416149068323
2556.808326105811,29.81366459627329
2556.808326105811,22.36024844720497
2556.808326105811,14.906832298136646
2556.808326105811,7.453416149068323
2560.2775368603643,29.81366459627329
2560.2775368603643,22.36024844720497
2560.2775368603643,14.906832298136646
2560.2775368603643,7.453416149068323
2563.7467476149177,29.81366459627329
2563.7467476149177,22.36024844720497
2563.7467476149177,14.906832298136646
2563.7467476149177,7.453416149068323
2567.215958369471,29.81366459627329
2567.215958369471,22.36024844720497
2567.215958369471,14.906832298136646
2567.215958369471,7.453416149068323
2570.6851691240245,29.81366459627329
2570.6851691240245,22.36024844720497
2570.6851691240245,14.906832298136646
2570.6851691240245,7.453416149068323
2574.1543798785774,29.81366459627329
2574.1543798785774,22.36024844720497
2574.1543798785774,14.906832298136646
2574.1543798785774,7.453416149068323
2577.623590633131,29.81366459627329
2577.623590633131,22.36024844720497
2577.623590633131,14.906832298136646
2577.623590633131,7.453416149068323
2581.092801387684,29.81366459627329
2581.092801387684,22.36024844720497
2581.092801387684,14.906832298136646
2581.092801387684,7.453416149068323
2584.5620121422376,29.81366459627329
2584.5620121422376,22.36024844720497
2584.5620121422376,14.906832298136646
2584.5620121422376,7.453416149068323
2588.031222896791,29.81366459627329
2588.031222896791,22.36024844720497
2588.031222896791,14.906832298136646
2588.031222896791,7.453416149068323
2591.5004336513443,29.81366459627329
2591.5004336513443,22.36024844720497
2591.5004336513443,14.906832298136646
2591.5004336513443,7.453416149068323
2594.9696444058977,29.81366459627329
2594.9696444058977,22.36024844720497
2594.9696444058977,14.906832298136646
2594.9696444058977,7.453416149068323
2598.438855160451,29.81366459627329
2598.438855160451,22.36024844720497
2598.438855160451,14.906832298136646
2598.438855160451,7.453416149068323
2601.9080659150045,29.81366459627329
2601.9080659150045,22.36024844720497
2601.9080659150045,14.906832298136646
2601.9080659150045,7.453416149068323
2605.377276669558,29.81366459627329
2605.377276669558,22.36024844720497
2605.377276669558,14.906832298136646
2605.377276669558,7.453416149068323
2608.846487424111,29.81366459627329
2608.846487424111,22.36024844720497
2608.846487424111,14.906832298136646
2608.846487424111,7.453416149068323
2612.315698178664,29.81366459627329
2612.315698178664,22.36024844720497
2612.315698178664,14.906832298136646
2612.315698178664,7.453416149068323
2615.7849089332176,29.81366459627329
2615.7849089332176,22.36024844720497
2615.7849089332176,14.906832298136646
2615.7849089332176,7.453416149068323
2619.254119687771,29.81366459627329
2619.254119687771,22.36024844720497
2619.254119687771,14.906832298136646
2619.254119687771,7.453416149068323
2622.7233304423244,29.81366459627329
2622.7233304423244,22.36024844720497
2622.7233304423244,14.906832298136646
2622.7233304423244,7.453416149068323
2622.7233304423244,0.0
2626.1925411968778,29.81366459627329
2626.1925411968778,22.36024844720497
2626.1925411968778,14.906832298136646
2626.1925411968778,7.453416149068323
2626.1925411968778,0.0
2629.661751951431,29.81366459627329
2629.661751951431,22.36024844720497
2629.661751951431,14.906832298136646
2629.661751951431,7.453416149068323
2629.661751951431,0.0
2633.1309627059845,29.81366459627329
2633.1309627059845,22.36024844720497
2633.1309627059845,14.906832298136646
2633.1309627059845,7.453416149068323
2633.1309627059845,0.0
2636.600173460538,29.81366459627329
2636.600173460538,22.36024844720497
2636.600173460538,14.906832298136646
2636.600173460538,7.453416149068323
2640.069384215091,29.81366459627329
2640.069384215091,22.36024844720497
2640.069384215091,14.906832298136646
2640.069384215091,7.453416149068323
2640.069384215091,0.0
2643.5385949696442,29.81366459627329
2643.5385949696442,22.36024844720497
2643.5385949696442,14.906832298136646
2643.5385949696442,7.453416149068323
2643.5385949696442,0.0
2647.0078057241976,29.81366459627329
2647.0078057241976,22.36024844720497
2647.0078057241976,14.906832298136646
2647.0078057241976,7.453416149068323
2647.0078057241976,0.0
2650.477016478751,29.81366459627329
2650.477016478751,22.36024844720497
2650.477016478751,14.906832298136646
2650.477016478751,7.453416149068323
2650.477016478751,0.0
2653.9462272333044,29.81366459627329
2653.9462272333044,22.36024844720497
2653.9462272333044,14.906832298136646
2653.9462272333044,7.453416149068323
2653.9462272333044,0.0
2657.415437987858,29.81366459627329
2657.415437987858,22.36024844720497
2657.415437987858,14.906832298136646
2657.415437987858,7.453416149068323
2657.415437987858,0.0
2660.884648742411,29.81366459627329
2660.884648742411,22.36024844720497
2660.884648742411,14.906832298136646
2660.884648742411,7.453416149068323
2660.884648742411,0.0
2664.3538594969646,29.81366459627329
2664.3538594969646,22.36024844720497
2664.3538594969646,14.906832298136646
2664.3538594969646,7.453416149068323
2664.3538594969646,0.0
2667.823070251518,29.81366459627329
2667.823070251518,22.36024844720497
2667.823070251518,14.906832298136646
2667.823070251518,7.453416149068323
2667.823070251518,0.0
2671.2922810060713,29.81366459627329
2671.2922810060713,22.36024844720497
2671.2922810060713,14.906832298136646
2671.2922810060713,7.453416149068323
2671.2922810060713,0.0
2674.7614917606243,29.81366459627329
2674.7614917606243,22.36024844720497
2674.7614917606243,14.906832298136646
2674.7614917606243,7.453416149068323
2674.7614917606243,0.0
2678.2307025151777,29.81366459627329
2678.2307025151777,22.36024844720497
2678.2307025151777,14.906832298136646
2678.2307025151777,7.453416149068323
2678.2307025151777,0.0
2681.699913269731,29.81366459627329
2681.699913269731,22.36024844720497
2681.699913269731,14.906832298136646
2681.699913269731,7.453416149068323
2681.699913269731,0.0
2685.1691240242844,29.81366459627329
2685.1691240242844,22.36024844720497
2685.1691240242844,14.906832298136646
2685.1691240242844,7.453416149068323
2685.1691240242844,0.0
2688.638334778838,29.81366459627329
2688.638334778838,22.36024844720497
2688.638334778838,14.906832298136646
2688.638334778838,7.453416149068323
2688.638334778838,0.0
2692.107545533391,29.81366459627329
2692.107545533391,22.36024844720497
2692.107545533391,14.906832298136646
2692.107545533391,7.453416149068323
2692.107545533391,0.0
2695.5767562879446,29.81366459627329
2695.5767562879446,22.36024844720497
2695.5767562879446,14.906832298136646
2695.5767562879446,7.453416149068323
2695.5767562879446,0.0
2699.045967042498,29.81366459627329
2699.045967042498,22.36024844720497
2699.045967042498,14.906832298136646
2699.045967042498,7.453416149068323
2699.045967042498,0.0
2702.5151777970514,29.81366459627329
2702.5151777970514,22.36024844720497
2702.5151777970514,14.906832298136646
2702.5151777970514,7.453416149068323
2702.5151777970514,0.0
2705.9843885516043,29.81366459627329
2705.9843885516043,22.36024844720497
2705.9843885516043,14.906832298136646
2705.9843885516043,7.453416149068323
2705.9843885516043,0.0
2709.4535993061577,29.81366459627329
2709.4535993061577,22.36024844720497
2709.4535993061577,14.906832298136646
2709.4535993061577,7.453416149068323
2709.4535993061577,0.0
2712.922810060711,29.81366459627329
2712.922810060711,22.36024844720497
2712.922810060711,14.906832298136646
2712.922810060711,7.453416149068323
2712.922810060711,0.0
2716.3920208152645,29.81366459627329
2716.3920208152645,22.36024844720497
2716.3920208152645,14.906832298136646
2716.3920208152645,7.453416149068323
2716.3920208152645,0.0
2719.861231569818,29.81366459627329
2719.861231569818,22.36024844720497
2719.861231569818,14.906832298136646
2719.861231569818,7.453416149068323
2719.861231569818,0.0
2723.3304423243712,29.81366459627329
2723.3304423243712,22.36024844720497
2723.3304423243712,14.906832298136646
2723.3304423243712,7.453416149068323
2723.3304423243712,0.0
2726.7996530789246,29.81366459627329
2726.7996530789246,22.36024844720497
2726.7996530789246,14.906832298136646
2726.7996530789246,7.453416149068323
2726.7996530789246,0.0
2730.268863833478,29.81366459627329
2730.268863833478,22.36024844720497
2730.268863833478,14.906832298136646
2730.268863833478,7.453416149068323
2730.268863833478,0.0
2733.7380745880314,29.81366459627329
2733.7380745880314,22.36024844720497
2733.7380745880314,14.906832298136646
2733.7380745880314,7.453416149068323
2733.7380745880314,0.0
2737.207285342585,29.81366459627329
2737.207285342585,22.36024844720497
2737.207285342585,14.906832298136646
2737.207285342585,7.453416149068323
2737.207285342585,0.0
2740.6764960971377,29.81366459627329
2740.6764960971377,22.36024844720497
2740.6764960971377,14.906832298136646
2740.6764960971377,7.453416149068323
2740.6764960971377,0.0
2744.145706851691,22.36024844720497
2744.145706851691,14.906832298136646
2744.145706851691,7.453416149068323
2744.145706851691,0.0
2747.6149176062445,22.36024844720497
2747.6149176062445,14.906832298136646
2747.6149176062445,7.453416149068323
2747.6149176062445,0.0
2751.084128360798,22.36024844720497
2751.084128360798,14.906832298136646
2751.084128360798,7.453416149068323
2751.084128360798,0.0
2754.5533391153513,22.36024844720497
2754.5533391153513,14.906832298136646
2754.5533391153513,7.453416149068323
2754.5533391153513,0.0
2758.0225498699047,29.81366459627329
2758.0225498699047,22.36024844720497
2758.0225498699047,14.906832298136646
2758.0225498699047,7.453416149068323
2758.0225498699047,0.0
2761.491760624458,29.81366459627329
2761.491760624458,22.36024844720497
2761.491760624458,14.906832298136646
2761.491760624458,7.453416149068323
2761.491760624458,0.0
2764.9609713790114,22.36024844720497
2764.9609713790114,14.906832298136646
2764.9609713790114,7.453416149068323
2764.9609713790114,0.0
2768.430182133565,22.36024844720497
2768.430182133565,14.906832298136646
2768.430182133565,7.453416149068323
2768.430182133565,0.0
2771.8993928881177,22.36024844720497
2771.8993928881177,14.906832298136646
2771.8993928881177,7.453416149068323
2771.8993928881177,0.0
2775.368603642671,22.36024844720497
2775.368603642671,14.906832298136646
2775.368603642671,7.453416149068323
2775.368603642671,0.0
2778.8378143972245,22.36024844720497
2778.8378143972245,14.906832298136646
2778.8378143972245,7.453416149068323
2778.8378143972245,0.0
2782.307025151778,22.36024844720497
2782.307025151778,14.906832298136646
2782.307025151778,7.453416149068323
2782.307025151778,0.0
2785.7762359063313,22.36024844720497
2785.7762359063313,14.906832298136646
2785.7762359063313,7.453416149068323
2785.7762359063313,0.0
2789.2454466608847,22.36024844720497
2789.2454466608847,14.906832298136646
2789.2454466608847,7.453416149068323
2789.2454466608847,0.0
2792.714657415438,22.36024844720497
2792.714657415438,14.906832298136646
2792.714657415438,7.453416149068323
2792.714657415438,0.0
2796.1838681699915,22.36024844720497
2796.1838681699915,14.906832298136646
2796.1838681699915,7.453416149068323
2796.1838681699915,0.0
2799.653078924545,22.36024844720497
2799.653078924545,14.906832298136646
2799.653078924545,7.453416149068323
2799.653078924545,0.0
2803.1222896790982,22.36024844720497
2803.1222896790982,14.906832298136646
2803.1222896790982,7.453416149068323
2803.1222896790982,0.0
2806.591500433651,22.36024844720497
2806.591500433651,14.906832298136646
2806.591500433651,7.453416149068323
2806.591500433651,0.0
2810.0607111882046,22.36024844720497
2810.0607111882046,14.906832298136646
2810.0607111882046,7.453416149068323
2810.0607111882046,0.0
2813.529921942758,22.36024844720497
2813.529921942758,14.906832298136646
2813.529921942758,7.453416149068323
2813.529921942758,0.0
2816.9991326973113,22.36024844720497
2816.9991326973113,14.906832298136646
2816.9991326973113,7.453416149068323
2816.9991326973113,0.0
2820.4683434518647,22.36024844720497
2820.4683434518647,14.906832298136646
2820.4683434518647,7.453416149068323
2820.4683434518647,0.0
2823.937554206418,22.36024844720497
2823.937554206418,14.906832298136646
2823.937554206418,7.453416149068323
2823.937554206418,0.0
2827.4067649609715,22.36024844720497
2827.4067649609715,14.906832298136646
2827.4067649609715,7.453416149068323
2827.4067649609715,0.0
2830.875975715525,22.36024844720497
2830.875975715525,14.906832298136646
2830.875975715525,7.453416149068323
2830.875975715525,0.0
2834.3451864700783,22.36024844720497
2834.3451864700783,14.906832298136646
2834.3451864700783,7.453416149068323
2834.3451864700783,0.0
2837.814397224631,22.36024844720497
2837.814397224631,14.906832298136646
2837.814397224631,7.453416149068323
2837.814397224631,0.0
2841.2836079791846,22.36024844720497
2841.2836079791846,14.906832298136646
2841.2836079791846,7.453416149068323
2841.2836079791846,0.0
2844.752818733738,22.36024844720497
2844.752818733738,14.906832298136646
2844.752818733738,7.453416149068323
2844.752818733738,0.0
2848.2220294882914,22.36024844720497
2848.2220294882914,14.906832298136646
2848.2220294882914,7.453416149068323
2848.2220294882914,0.0
2851.6912402428447,22.36024844720497
2851.6912402428447,14.906832298136646
2851.6912402428447,7.453416149068323
2851.6912402428447,0.0
2855.160450997398,22.36024844720497
2855.160450997398,14.906832298136646
2855.160450997398,7.453416149068323
2855.160450997398,0.0
2858.6296617519515,22.36024844720497
2858.6296617519515,14.906832298136646
2858.6296617519515,7.453416149068323
2858.6296617519515,0.0
2862.098872506505,22.36024844720497
2862.098872506505,14.906832298136646
2862.098872506505,7.453416149068323
2862.098872506505,0.0
2865.5680832610583,22.36024844720497
2865.5680832610583,14.906832298136646
2865.5680832610583,7.453416149068323
2865.5680832610583,0.0
2869.037294015611,22.36024844720497
2869.037294015611,14.906832298136646
2869.037294015611,7.453416149068323
2869.037294015611,0.0
2872.5065047701646,22.36024844720497
2872.5065047701646,14.906832298136646
2872.5065047701646,7.453416149068323
2872.5065047701646,0.0
2875.975715524718,22.36024844720497
2875.975715524718,14.906832298136646
2875.975715524718,7.453416149068323
2875.975715524718,0.0
2879.4449262792714,22.36024844720497
2879.4449262792714,14.906832298136646
2879.4449262792714,7.453416149068323
2879.4449262792714,0.0
2882.9141370338248,22.36024844720497
2882.9141370338248,14.906832298136646
2882.9141370338248,7.453416149068323
2882.9141370338248,0.0
2886.383347788378,22.36024844720497
2886.383347788378,14.906832298136646
2886.383347788378,7.453416149068323
2886.383347788378,0.0
2889.8525585429315,22.36024844720497
2889.8525585429315,14.906832298136646
2889.8525585429315,7.453416149068323
2889.8525585429315,0.0
2893.321769297485,22.36024844720497
2893.321769297485,14.906832298136646
2893.321769297485,7.453416149068323
2893.321769297485,0.0
2896.7909800520383,22.36024844720497
2896.7909800520383,14.906832298136646
2896.7909800520383,7.453416149068323
2896.7909800520383,0.0
2900.2601908065917,22.36024844720497
2900.2601908065917,14.906832298136646
2900.2601908065917,7.453416149068323
2900.2601908065917,0.0
2903.7294015611446,22.36024844720497
2903.7294015611446,14.906832298136646
2903.7294015611446,7.453416149068323
2903.7294015611446,0.0
2907.198612315698,22.36024844720497
2907.198612315698,14.906832298136646
2907.198612315698,7.453416149068323
2907.198612315698,0.0
2910.6678230702514,22.36024844720497
2910.6678230702514,14.906832298136646
2910.6678230702514,7.453416149068323
2910.6678230702514,0.0
2914.137033824805,22.36024844720497
2914.137033824805,14.906832298136646
2914.137033824805,7.453416149068323
2914.137033824805,0.0
2917.606244579358,22.36024844720497
2917.606244579358,14.906832298136646
2917.606244579358,7.453416149068323
2917.606244579358,0.0
2921.0754553339116,22.36024844720497
2921.0754553339116,14.906832298136646
2921.0754553339116,7.453416149068323
2921.0754553339116,0.0
2924.544666088465,22.36024844720497
2924.544666088465,14.906832298136646
2924.544666088465,7.453416149068323
2924.544666088465,0.0
2928.0138768430184,22.36024844720497
2928.0138768430184,14.906832298136646
2928.0138768430184,7.453416149068323
2928.0138768430184,0.0
2931.4830875975717,22.36024844720497
2931.4830875975717,14.906832298136646
2931.4830875975717,7.453416149068323
2931.4830875975717,0.0
2934.9522983521247,22.36024844720497
2934.9522983521247,14.906832298136646
2934.9522983521247,7.453416149068323
2934.9522983521247,0.0
2938.421509106678,22.36024844720497
2938.421509106678,14.906832298136646
2938.421509106678,7.453416149068323
2938.421509106678,0.0
2941.8907198612314,22.36024844720497
2941.8907198612314,14.906832298136646
2941.8907198612314,7.453416149068323
2941.8907198612314,0.0
2945.359930615785,22.36024844720497
2945.359930615785,14.906832298136646
2945.359930615785,7.453416149068323
2945.359930615785,0.0
2948.829141370338,22.36024844720497
2948.829141370338,14.906832298136646
2948.829141370338,7.453416149068323
2948.829141370338,0.0
2952.2983521248916,22.36024844720497
2952.2983521248916,14.906832298136646
2952.2983521248916,7.453416149068323
2952.2983521248916,0.0
2955.767562879445,22.36024844720497
2955.767562879445,14.906832298136646
2955.767562879445,7.453416149068323
2955.767562879445,0.0
2959.2367736339984,22.36024844720497
2959.2367736339984,14.906832298136646
2959.2367736339984,7.453416149068323
2959.2367736339984,0.0
2962.7059843885518,22.36024844720497
2962.7059843885518,14.906832298136646
2962.7059843885518,7.453416149068323
2962.7059843885518,0.0
2966.175195143105,22.36024844720497
2966.175195143105,14.906832298136646
2966.175195143105,7.453416149068323
2966.175195143105,0.0
2969.644405897658,22.36024844720497
2969.644405897658,14.906832298136646
2969.644405897658,7.453416149068323
2969.644405897658,0.0
2973.1136166522115,22.36024844720497
2973.1136166522115,14.906832298136646
2973.1136166522115,7.453416149068323
2973.1136166522115,0.0
2976.582827406765,22.36024844720497
2976.582827406765,14.906832298136646
2976.582827406765,7.453416149068323
2976.582827406765,0.0
2980.0520381613183,22.36024844720497
2980.0520381613183,14.906832298136646
2980.0520381613183,7.453416149068323
2980.0520381613183,0.0
2983.5212489158716,22.36024844720497
2983.5212489158716,14.906832298136646
2983.5212489158716,7.453416149068323
2983.5212489158716,0.0
2986.990459670425,22.36024844720497
2986.990459670425,14.906832298136646
2986.990459670425,7.453416149068323
2986.990459670425,0.0
2990.4596704249784,22.36024844720497
2990.4596704249784,14.906832298136646
2990.4596704249784,7.453416149068323
2990.4596704249784,0.0
2993.928881179532,22.36024844720497
2993.928881179532,14.906832298136646
2993.928881179532,7.453416149068323
2993.928881179532,0.0
2997.398091934085,22.36024844720497
2997.398091934085,14.906832298136646
2997.398091934085,7.453416149068323
2997.398091934085,0.0
3000.867302688638,22.36024844720497
3000.867302688638,14.906832298136646
3000.867302688638,7.453416149068323
3000.867302688638,0.0
3004.3365134431915,22.36024844720497
3004.3365134431915,14.906832298136646
3004.3365134431915,7.453416149068323
3004.3365134431915,0.0
3007.805724197745,22.36024844720497
3007.805724197745,14.906832298136646
3007.805724197745,7.453416149068323
3007.805724197745,0.0
3011.2749349522983,22.36024844720497
3011.2749349522983,14.906832298136646
3011.2749349522983,7.453416149068323
3011.2749349522983,0.0
3014.7441457068517,22.36024844720497
3014.7441457068517,14.906832298136646
3014.7441457068517,7.453416149068323
3014.7441457068517,0.0
3018.213356461405,22.36024844720497
3018.213356461405,14.906832298136646
3018.213356461405,7.453416149068323
3018.213356461405,0.0
3021.6825672159584,22.36024844720497
3021.6825672159584,14.906832298136646
3021.6825672159584,7.453416149068323
3021.6825672159584,0.0
3025.151777970512,22.36024844720497
3025.151777970512,14.906832298136646
3025.151777970512,7.453416149068323
3025.151777970512,0.0
3028.620988725065,22.36024844720497
3028.620988725065,14.906832298136646
3028.620988725065,7.453416149068323
3028.620988725065,0.0
3032.0901994796186,22.36024844720497
3032.0901994796186,14.906832298136646
3032.0901994796186,7.453416149068323
3032.0901994796186,0.0
3035.5594102341715,22.36024844720497
3035.5594102341715,14.906832298136646
3035.5594102341715,7.453416149068323
3035.5594102341715,0.0
3039.028620988725,22.36024844720497
3039.028620988725,14.906832298136646
3039.028620988725,7.453416149068323
3039.028620988725,0.0
3042.4978317432783,22.36024844720497
3042.4978317432783,14.906832298136646
3042.4978317432783,7.453416149068323
3042.4978317432783,0.0
3045.9670424978317,22.36024844720497
3045.9670424978317,14.906832298136646
3045.9670424978317,7.453416149068323
3045.9670424978317,0.0
3049.436253252385,22.36024844720497
3049.436253252385,14.906832298136646
3049.436253252385,7.453416149068323
3049.436253252385,0.0
3052.9054640069385,22.36024844720497
3052.9054640069385,14.906832298136646
3052.9054640069385,7.453416149068323
3052.9054640069385,0.0
3056.374674761492,22.36024844720497
3056.374674761492,14.906832298136646
3056.374674761492,7.453416149068323
3056.374674761492,0.0
3059.8438855160452,22.36024844720497
3059.8438855160452,14.906832298136646
3059.8438855160452,7.453416149068323
3059.8438855160452,0.0
3063.3130962705986,22.36024844720497
3063.3130962705986,14.906832298136646
3063.3130962705986,7.453416149068323
3063.3130962705986,0.0
3066.7823070251516,22.36024844720497
3066.7823070251516,14.906832298136646
3066.7823070251516,7.453416149068323
3066.7823070251516,0.0
3070.251517779705,22.36024844720497
3070.251517779705,14.906832298136646
3070.251517779705,7.453416149068323
3070.251517779705,0.0
3073.7207285342583,22.36024844720497
3073.7207285342583,14.906832298136646
3073.7207285342583,7.453416149068323
3073.7207285342583,0.0
3077.1899392888117,22.36024844720497
3077.1899392888117,14.906832298136646
3077.1899392888117,7.453416149068323
3077.1899392888117,0.0
3080.659150043365,22.36024844720497
3080.659150043365,14.906832298136646
3080.659150043365,7.453416149068323
3080.659150043365,0.0
3084.1283607979185,22.36024844720497
3084.1283607979185,14.906832298136646
3084.1283607979185,7.453416149068323
3084.1283607979185,0.0
3087.597571552472,22.36024844720497
3087.597571552472,14.906832298136646
3087.597571552472,7.453416149068323
3087.597571552472,0.0
3091.0667823070253,22.36024844720497
3091.0667823070253,14.906832298136646
3091.0667823070253,7.453416149068323
3091.0667823070253,0.0
3094.5359930615787,22.36024844720497
3094.5359930615787,14.906832298136646
3094.5359930615787,7.453416149068323
3094.5359930615787,0.0
3098.005203816132,22.36024844720497
3098.005203816132,14.906832298136646
3098.005203816132,7.453416149068323
3098.005203816132,0.0
3101.474414570685,22.36024844720497
3101.474414570685,14.906832298136646
3101.474414570685,7.453416149068323
3101.474414570685,0.0
3104.9436253252384,22.36024844720497
3104.9436253252384,14.906832298136646
3104.9436253252384,7.453416149068323
3104.9436253252384,0.0
3108.4128360797918,22.36024844720497
3108.4128360797918,14.906832298136646
3108.4128360797918,7.453416149068323
3108.4128360797918,0.0
3111.882046834345,22.36024844720497
3111.882046834345,14.906832298136646
3111.882046834345,7.453416149068323
3111.882046834345,0.0
3115.3512575888985,22.36024844720497
3115.3512575888985,14.906832298136646
3115.3512575888985,7.453416149068323
3115.3512575888985,0.0
3118.820468343452,22.36024844720497
3118.820468343452,14.906832298136646
3118.820468343452,7.453416149068323
3118.820468343452,0.0
3122.2896790980053,22.36024844720497
3122.2896790980053,14.906832298136646
3122.2896790980053,7.453416149068323
3122.2896790980053,0.0
3125.7588898525587,22.36024844720497
3125.7588898525587,14.906832298136646
3125.7588898525587,7.453416149068323
3125.7588898525587,0.0
3129.228100607112,22.36024844720497
3129.228100607112,14.906832298136646
3129.228100607112,7.453416149068323
3129.228100607112,0.0
3132.697311361665,22.36024844720497
3132.697311361665,14.906832298136646
3132.697311361665,7.453416149068323
3132.697311361665,0.0
3136.1665221162184,22.36024844720497
3136.1665221162184,14.906832298136646
3136.1665221162184,7.453416149068323
3136.1665221162184,0.0
3139.635732870772,22.36024844720497
3139.635732870772,14.906832298136646
3139.635732870772,7.453416149068323
3139.635732870772,0.0
3139.635732870772,-7.453416149068323
3143.104943625325,22.36024844720497
3143.104943625325,14.906832298136646
3143.104943625325,7.453416149068323
3143.104943625325,0.0
3143.104943625325,-7.453416149068323
3146.5741543798786,22.36024844720497
3146.5741543798786,14.906832298136646
3146.5741543798786,7.453416149068323
3146.5741543798786,0.0
3150.043365134432,22.36024844720497
3150.043365134432,14.906832298136646
3150.043365134432,7.453416149068323
3150.043365134432,0.0
3153.5125758889853,22.36024844720497
3153.5125758889853,14.906832298136646
3153.5125758889853,7.453416149068323
3153.5125758889853,0.0
3156.9817866435387,22.36024844720497
3156.9817866435387,14.906832298136646
3156.9817866435387,7.453416149068323
3156.9817866435387,0.0
3160.450997398092,22.36024844720497
3160.450997398092,14.906832298136646
3160.450997398092,7.453416149068323
3160.450997398092,0.0
3163.9202081526455,22.36024844720497
3163.9202081526455,14.906832298136646
3163.9202081526455,7.453416149068323
3163.9202081526455,0.0
3167.3894189071984,22.36024844720497
3167.3894189071984,14.906832298136646
3167.3894189071984,7.453416149068323
3167.3894189071984,0.0
3170.858629661752,22.36024844720497
3170.858629661752,14.906832298136646
3170.858629661752,7.453416149068323
3170.858629661752,0.0
3174.327840416305,22.36024844720497
3174.327840416305,14.906832298136646
3174.327840416305,7.453416149068323
3174.327840416305,0.0
3174.327840416305,-7.453416149068323
3177.7970511708586,22.36024844720497
3177.7970511708586,14.906832298136646
3177.7970511708586,7.453416149068323
3177.7970511708586,0.0
3181.266261925412,22.36024844720497
3181.266261925412,14.906832298136646
3181.266261925412,7.453416149068323
3181.266261925412,0.0
3184.7354726799654,22.36024844720497
3184.7354726799654,14.906832298136646
3184.7354726799654,7.453416149068323
3184.7354726799654,0.0
3188.2046834345188,22.36024844720497
3188.2046834345188,14.906832298136646
3188.2046834345188,7.453416149068323
3188.2046834345188,0.0
3191.673894189072,22.36024844720497
3191.673894189072,14.906832298136646
3191.673894189072,7.453416149068323
3191.673894189072,0.0
3195.1431049436255,22.36024844720497
3195.1431049436255,14.906832298136646
3195.1431049436255,7.453416149068323
3195.1431049436255,0.0
3198.6123156981785,22.36024844720497
3198.6123156981785,14.906832298136646
3198.6123156981785,7.453416149068323
3198.6123156981785,0.0
3198.6123156981785,-7.453416149068323
3202.081526452732,22.36024844720497
3202.081526452732,14.906832298136646
3202.081526452732,7.453416149068323
3202.081526452732,0.0
3202.081526452732,-7.453416149068323
3205.5507372072852,22.36024844720497
3205.5507372072852,14.906832298136646
3205.5507372072852,7.453416149068323
3205.5507372072852,0.0
3209.0199479618386,22.36024844720497
3209.0199479618386,14.906832298136646
3209.0199479618386,7.453416149068323
3209.0199479618386,0.0
3212.489158716392,22.36024844720497
3212.489158716392,14.906832298136646
3212.489158716392,7.453416149068323
3212.489158716392,0.0
3212.489158716392,-7.453416149068323
3215.9583694709454,22.36024844720497
3215.9583694709454,14.906832298136646
3215.9583694709454,7.453416149068323
3215.9583694709454,0.0
3215.9583694709454,-7.453416149068323
3219.427580225499,22.36024844720497
3219.427580225499,14.906832298136646
3219.427580225499,7.453416149068323
3219.427580225499,0.0
3219.427580225499,-7.453416149068323
3222.896790980052,22.36024844720497
3222.896790980052,14.906832298136646
3222.896790980052,7.453416149068323
3222.896790980052,0.0
3226.3660017346056,22.36024844720497
3226.3660017346056,14.906832298136646
3226.3660017346056,7.453416149068323
3226.3660017346056,0.0
3229.8352124891585,22.36024844720497
3229.8352124891585,14.906832298136646
3229.8352124891585,7.453416149068323
3229.8352124891585,0.0
3233.304423243712,22.36024844720497
3233.304423243712,14.906832298136646
3233.304423243712,7.453416149068323
3233.304423243712,0.0
3236.7736339982653,22.36024844720497
3236.7736339982653,14.906832298136646
3236.7736339982653,7.453416149068323
3236.7736339982653,0.0
3236.7736339982653,-7.453416149068323
3240.2428447528187,22.36024844720497
3240.2428447528187,14.906832298136646
3240.2428447528187,7.453416149068323
3240.2428447528187,0.0
3240.2428447528187,-7.453416149068323
3243.712055507372,22.36024844720497
3243.712055507372,14.906832298136646
3243.712055507372,7.453416149068323
3243.712055507372,0.0
3243.712055507372,-7.453416149068323
3247.1812662619254,22.36024844720497
3247.1812662619254,14.906832298136646
3247.1812662619254,7.453416149068323
3247.1812662619254,0.0
3250.650477016479,22.36024844720497
3250.650477016479,14.906832298136646
3250.650477016479,7.453416149068323
3250.650477016479,0.0
3254.119687771032,22.36024844720497
3254.119687771032,14.906832298136646
3254.119687771032,7.453416149068323
3254.119687771032,0.0
3254.119687771032,-7.453416149068323
3257.5888985255856,22.36024844720497
3257.5888985255856,14.906832298136646
3257.5888985255856,7.453416149068323
3257.5888985255856,0.0
3257.5888985255856,-7.453416149068323
3261.058109280139,22.36024844720497
3261.058109280139,14.906832298136646
3261.058109280139,7.453416149068323
3261.058109280139,0.0
3261.058109280139,-7.453416149068323
3264.527320034692,22.36024844720497
3264.527320034692,14.906832298136646
3264.527320034692,7.453416149068323
3264.527320034692,0.0
3264.527320034692,-7.453416149068323
3267.9965307892453,22.36024844720497
3267.9965307892453,14.906832298136646
3267.9965307892453,7.453416149068323
3267.9965307892453,0.0
3271.4657415437987,22.36024844720497
3271.4657415437987,14.906832298136646
3271.4657415437987,7.453416149068323
3271.4657415437987,0.0
3274.934952298352,22.36024844720497
3274.934952298352,14.906832298136646
3274.934952298352,7.453416149068323
3274.934952298352,0.0
3278.4041630529055,22.36024844720497
3278.4041630529055,14.906832298136646
3278.4041630529055,7.453416149068323
3278.4041630529055,0.0
3278.4041630529055,-7.453416149068323
3281.873373807459,22.36024844720497
3281.873373807459,14.906832298136646
3281.873373807459,7.453416149068323
3281.873373807459,0.0
3285.3425845620122,22.36024844720497
3285.3425845620122,14.906832298136646
3285.3425845620122,7.453416149068323
3285.3425845620122,0.0
3288.8117953165656,22.36024844720497
3288.8117953165656,14.906832298136646
3288.8117953165656,7.453416149068323
3288.8117953165656,0.0
3292.281006071119,22.36024844720497
3292.281006071119,14.906832298136646
3292.281006071119,7.453416149068323
3292.281006071119,0.0
3295.750216825672,22.36024844720497
3295.750216825672,14.906832298136646
3295.750216825672,7.453416149068323
3295.750216825672,0.0
3299.2194275802253,22.36024844720497
3299.2194275802253,14.906832298136646
3299.2194275802253,7.453416149068323
3299.2194275802253,0.0
3302.6886383347787,22.36024844720497
3302.6886383347787,14.906832298136646
3302.6886383347787,7.453416149068323
3302.6886383347787,0.0
3306.157849089332,22.36024844720497
3306.157849089332,14.906832298136646
3306.157849089332,7.453416149068323
3306.157849089332,0.0
3309.6270598438855,22.36024844720497
3309.6270598438855,14.906832298136646
3309.6270598438855,7.453416149068323
3309.6270598438855,0.0
3313.096270598439,22.36024844720497
3313.096270598439,14.906832298136646
3313.096270598439,7.453416149068323
3313.096270598439,0.0
3316.5654813529923,22.36024844720497
3316.5654813529923,14.906832298136646
3316.5654813529923,7.453416149068323
3316.5654813529923,0.0
3320.0346921075457,22.36024844720497
3320.0346921075457,14.906832298136646
3320.0346921075457,7.453416149068323
3320.0346921075457,0.0
3323.503902862099,22.36024844720497
3323.503902862099,14.906832298136646
3323.503902862099,7.453416149068323
3323.503902862099,0.0
3326.9731136166524,22.36024844720497
3326.9731136166524,14.906832298136646
3326.9731136166524,7.453416149068323
3326.9731136166524,0.0
3330.4423243712054,22.36024844720497
3330.4423243712054,14.906832298136646
3330.4423243712054,7.453416149068323
3330.4423243712054,0.0
3333.9115351257587,22.36024844720497
3333.9115351257587,14.906832298136646
3333.9115351257587,7.453416149068323
3333.9115351257587,0.0
3337.380745880312,22.36024844720497
3337.380745880312,14.906832298136646
3337.380745880312,7.453416149068323
3337.380745880312,0.0
3340.8499566348655,22.36024844720497
3340.8499566348655,14.906832298136646
3340.8499566348655,7.453416149068323
3340.8499566348655,0.0
3344.319167389419,22.36024844720497
3344.319167389419,14.906832298136646
3344.319167389419,7.453416149068323
3344.319167389419,0.0
3347.7883781439723,22.36024844720497
3347.7883781439723,14.906832298136646
3347.7883781439723,7.453416149068323
3347.7883781439723,0.0
3351.2575888985257,22.36024844720497
3351.2575888985257,14.906832298136646
3351.2575888985257,7.453416149068323
3351.2575888985257,0.0
3354.726799653079,22.36024844720497
3354.726799653079,14.906832298136646
3354.726799653079,7.453416149068323
3354.726799653079,0.0
3358.1960104076325,22.36024844720497
3358.1960104076325,14.906832298136646
3358.1960104076325,7.453416149068323
3358.1960104076325,0.0
3361.6652211621854,22.36024844720497
3361.6652211621854,14.906832298136646
3361.6652211621854,7.453416149068323
3361.6652211621854,0.0
3365.134431916739,22.36024844720497
3365.134431916739,14.906832298136646
3365.134431916739,7.453416149068323
3365.134431916739,0.0
3368.603642671292,22.36024844720497
3368.603642671292,14.906832298136646
3368.603642671292,7.453416149068323
3368.603642671292,0.0
3372.0728534258456,22.36024844720497
3372.0728534258456,14.906832298136646
3372.0728534258456,7.453416149068323
3372.0728534258456,0.0
3375.542064180399,22.36024844720497
3375.542064180399,14.906832298136646
3375.542064180399,7.453416149068323
3375.542064180399,0.0
3379.0112749349523,22.36024844720497
3379.0112749349523,14.906832298136646
3379.0112749349523,7.453416149068323
3379.0112749349523,0.0
3382.4804856895057,22.36024844720497
3382.4804856895057,14.906832298136646
3382.4804856895057,7.453416149068323
3382.4804856895057,0.0
3385.949696444059,22.36024844720497
3385.949696444059,14.906832298136646
3385.949696444059,7.453416149068323
3385.949696444059,0.0
3389.4189071986125,22.36024844720497
3389.4189071986125,14.906832298136646
3389.4189071986125,7.453416149068323
3389.4189071986125,0.0
3392.888117953166,22.36024844720497
3392.888117953166,14.906832298136646
3392.888117953166,7.453416149068323
3392.888117953166,0.0
3396.357328707719,22.36024844720497
3396.357328707719,14.906832298136646
3396.357328707719,7.453416149068323
3396.357328707719,0.0
3399.826539462272,22.36024844720497
3399.826539462272,14.906832298136646
3399.826539462272,7.453416149068323
3399.826539462272,0.0
3403.2957502168256,22.36024844720497
3403.2957502168256,14.906832298136646
3403.2957502168256,7.453416149068323
3403.2957502168256,0.0
3406.764960971379,22.36024844720497
3406.764960971379,14.906832298136646
3406.764960971379,7.453416149068323
3406.764960971379,0.0
3410.2341717259324,22.36024844720497
3410.2341717259324,14.906832298136646
3410.2341717259324,7.453416149068323
3410.2341717259324,0.0
3413.7033824804857,22.36024844720497
3413.7033824804857,14.906832298136646
3413.7033824804857,7.453416149068323
3413.7033824804857,0.0
3417.172593235039,22.36024844720497
3417.172593235039,14.906832298136646
3417.172593235039,7.453416149068323
3417.172593235039,0.0
3420.6418039895925,22.36024844720497
3420.6418039895925,14.906832298136646
3420.6418039895925,7.453416149068323
3420.6418039895925,0.0
3424.111014744146,22.36024844720497
3424.111014744146,14.906832298136646
3424.111014744146,7.453416149068323
3424.111014744146,0.0
3427.580225498699,22.36024844720497
3427.580225498699,14.906832298136646
3427.580225498699,7.453416149068323
3427.580225498699,0.0
3431.049436253252,22.36024844720497
3431.049436253252,14.906832298136646
3431.049436253252,7.453416149068323
3431.049436253252,0.0
3434.5186470078056,22.36024844720497
3434.5186470078056,14.906832298136646
3434.5186470078056,7.453416149068323
3434.5186470078056,0.0
3437.987857762359,22.36024844720497
3437.987857762359,14.906832298136646
3437.987857762359,7.453416149068323
3437.987857762359,0.0
3441.4570685169124,22.36024844720497
3441.4570685169124,14.906832298136646
3441.4570685169124,7.453416149068323
3441.4570685169124,0.0
3444.926279271466,22.36024844720497
3444.926279271466,14.906832298136646
3444.926279271466,7.453416149068323
3444.926279271466,0.0
3448.395490026019,22.36024844720497
3448.395490026019,14.906832298136646
3448.395490026019,7.453416149068323
3448.395490026019,0.0
3448.395490026019,-7.453416149068323
3451.8647007805725,22.36024844720497
3451.8647007805725,14.906832298136646
3451.8647007805725,7.453416149068323
3451.8647007805725,0.0
3451.8647007805725,-7.453416149068323
3455.333911535126,22.36024844720497
3455.333911535126,14.906832298136646
3455.333911535126,7.453416149068323
3455.333911535126,0.0
3455.333911535126,-7.453416149068323
3458.8031222896793,22.36024844720497
3458.8031222896793,14.906832298136646
3458.8031222896793,7.453416149068323
3458.8031222896793,0.0
3462.2723330442323,22.36024844720497
3462.2723330442323,14.906832298136646
3462.2723330442323,7.453416149068323
3462.2723330442323,0.0
3462.2723330442323,-7.453416149068323
3465.7415437987856,22.36024844720497
3465.7415437987856,14.906832298136646
3465.7415437987856,7.453416149068323
3465.7415437987856,0.0
3465.7415437987856,-7.453416149068323
3469.210754553339,22.36024844720497
3469.210754553339,14.906832298136646
3469.210754553339,7.453416149068323
3469.210754553339,0.0
3469.210754553339,-7.453416149068323
3472.6799653078924,22.36024844720497
3472.6799653078924,14.906832298136646
3472.6799653078924,7.453416149068323
3472.6799653078924,0.0
3472.6799653078924,-7.453416149068323
3476.149176062446,22.36024844720497
3476.149176062446,14.906832298136646
3476.149176062446,7.453416149068323
3476.149176062446,0.0
3476.149176062446,-7.453416149068323
3479.618386816999,22.36024844720497
3479.618386816999,14.906832298136646
3479.618386816999,7.453416149068323
3479.618386816999,0.0
3479.618386816999,-7.453416149068323
3483.0875975715526,22.36024844720497
3483.0875975715526,14.906832298136646
3483.0875975715526,7.453416149068323
3483.0875975715526,0.0
3483.0875975715526,-7.453416149068323
3486.556808326106,22.36024844720497
3486.556808326106,14.906832298136646
3486.556808326106,7.453416149068323
3486.556808326106,0.0
3486.556808326106,-7.453416149068323
3490.0260190806594,22.36024844720497
3490.0260190806594,14.906832298136646
3490.0260190806594,7.453416149068323
3490.0260190806594,0.0
3490.0260190806594,-7.453416149068323
3493.4952298352123,22.36024844720497
3493.4952298352123,14.906832298136646
3493.4952298352123,7.453416149068323
3493.4952298352123,0.0
3493.4952298352123,-7.453416149068323
3496.9644405897657,22.36024844720497
3496.9644405897657,14.906832298136646
3496.9644405897657,7.453416149068323
3496.9644405897657,0.0
3496.9644405897657,-7.453416149068323
3500.433651344319,22.36024844720497
3500.433651344319,14.906832298136646
3500.433651344319,7.453416149068323
3500.433651344319,0.0
3500.433651344319,-7.453416149068323
3503.9028620988724,22.36024844720497
3503.9028620988724,14.906832298136646
3503.9028620988724,7.453416149068323
3503.9028620988724,0.0
3503.9028620988724,-7.453416149068323
3507.372072853426,22.36024844720497
3507.372072853426,14.906832298136646
3507.372072853426,7.453416149068323
3507.372072853426,0.0
3507.372072853426,-7.453416149068323
3510.841283607979,22.36024844720497
3510.841283607979,14.906832298136646
3510.841283607979,7.453416149068323
3510.841283607979,0.0
3510.841283607979,-7.453416149068323
3514.3104943625326,22.36024844720497
3514.3104943625326,14.906832298136646
3514.3104943625326,7.453416149068323
3514.3104943625326,0.0
3514.3104943625326,-7.453416149068323
3517.779705117086,22.36024844720497
3517.779705117086,14.906832298136646
3517.779705117086,7.453416149068323
3517.779705117086,0.0
3517.779705117086,-7.453416149068323
3521.2489158716394,22.36024844720497
3521.2489158716394,14.906832298136646
3521.2489158716394,7.453416149068323
3521.2489158716394,0.0
3521.2489158716394,-7.453416149068323
3524.7181266261923,22.36024844720497
3524.7181266261923,14.906832298136646
3524.7181266261923,7.453416149068323
3524.7181266261923,0.0
3524.7181266261923,-7.453416149068323
3528.1873373807457,22.36024844720497
3528.1873373807457,14.906832298136646
3528.1873373807457,7.453416149068323
3528.1873373807457,0.0
3528.1873373807457,-7.453416149068323
3531.656548135299,22.36024844720497
3531.656548135299,14.906832298136646
3531.656548135299,7.453416149068323
3531.656548135299,0.0
3531.656548135299,-7.453416149068323
3535.1257588898525,22.36024844720497
3535.1257588898525,14.906832298136646
3535.1257588898525,7.453416149068323
3535.1257588898525,0.0
3535.1257588898525,-7.453416149068323
3538.594969644406,22.36024844720497
3538.594969644406,14.906832298136646
3538.594969644406,7.453416149068323
3538.594969644406,0.0
3538.594969644406,-7.453416149068323
3542.0641803989593,22.36024844720497
3542.0641803989593,14.906832298136646
3542.0641803989593,7.453416149068323
3542.0641803989593,0.0
3542.0641803989593,-7.453416149068323
3545.5333911535126,22.36024844720497
3545.5333911535126,14.906832298136646
3545.5333911535126,7.453416149068323
3545.5333911535126,0.0
3545.5333911535126,-7.453416149068323
3549.002601908066,22.36024844720497
3549.002601908066,14.906832298136646
3549.002601908066,7.453416149068323
3549.002601908066,0.0
3549.002601908066,-7.453416149068323
3552.4718126626194,22.36024844720497
3552.4718126626194,14.906832298136646
3552.4718126626194,7.453416149068323
3552.4718126626194,0.0
3552.4718126626194,-7.453416149068323
3555.941023417173,22.36024844720497
3555.941023417173,14.906832298136646
3555.941023417173,7.453416149068323
3555.941023417173,0.0
3555.941023417173,-7.453416149068323
3559.4102341717257,22.36024844720497
3559.4102341717257,14.906832298136646
3559.4102341717257,7.453416149068323
3559.4102341717257,0.0
3559.4102341717257,-7.453416149068323
3562.879444926279,22.36024844720497
3562.879444926279,14.906832298136646
3562.879444926279,7.453416149068323
3562.879444926279,0.0
3562.879444926279,-7.453416149068323
3566.3486556808325,22.36024844720497
3566.3486556808325,14.906832298136646
3566.3486556808325,7.453416149068323
3566.3486556808325,0.0
3566.3486556808325,-7.453416149068323
3569.817866435386,22.36024844720497
3569.817866435386,14.906832298136646
3569.817866435386,7.453416149068323
3569.817866435386,0.0
3573.2870771899393,22.36024844720497
3573.2870771899393,14.906832298136646
3573.2870771899393,7.453416149068323
3573.2870771899393,0.0
3573.2870771899393,-7.453416149068323
3576.7562879444927,22.36024844720497
3576.7562879444927,14.906832298136646
3576.7562879444927,7.453416149068323
3576.7562879444927,0.0
3576.7562879444927,-7.453416149068323
3580.225498699046,22.36024844720497
3580.225498699046,14.906832298136646
3580.225498699046,7.453416149068323
3580.225498699046,0.0
3580.225498699046,-7.453416149068323
3583.6947094535994,22.36024844720497
3583.6947094535994,14.906832298136646
3583.6947094535994,7.453416149068323
3583.6947094535994,0.0
3583.6947094535994,-7.453416149068323
3587.163920208153,22.36024844720497
3587.163920208153,14.906832298136646
3587.163920208153,7.453416149068323
3587.163920208153,0.0
3587.163920208153,-7.453416149068323
3590.6331309627058,22.36024844720497
3590.6331309627058,14.906832298136646
3590.6331309627058,7.453416149068323
3590.6331309627058,0.0
3590.6331309627058,-7.453416149068323
3594.102341717259,22.36024844720497
3594.102341717259,14.906832298136646
3594.102341717259,7.453416149068323
3594.102341717259,0.0
3594.102341717259,-7.453416149068323
3597.5715524718125,22.36024844720497
3597.5715524718125,14.906832298136646
3597.5715524718125,7.453416149068323
3597.5715524718125,0.0
3597.5715524718125,-7.453416149068323
3601.040763226366,22.36024844720497
3601.040763226366,14.906832298136646
3601.040763226366,7.453416149068323
3601.040763226366,0.0
3601.040763226366,-7.453416149068323
3604.5099739809193,22.36024844720497
3604.5099739809193,14.906832298136646
3604.5099739809193,7.453416149068323
3604.5099739809193,0.0
3604.5099739809193,-7.453416149068323
3607.9791847354727,22.36024844720497
3607.9791847354727,14.906832298136646
3607.9791847354727,7.453416149068323
3607.9791847354727,0.0
3607.9791847354727,-7.453416149068323
3611.448395490026,22.36024844720497
3611.448395490026,14.906832298136646
3611.448395490026,7.453416149068323
3611.448395490026,0.0
3611.448395490026,-7.453416149068323
3614.9176062445795,22.36024844720497
3614.9176062445795,14.906832298136646
3614.9176062445795,7.453416149068323
3614.9176062445795,0.0
3614.9176062445795,-7.453416149068323
3618.386816999133,22.36024844720497
3618.386816999133,14.906832298136646
3618.386816999133,7.453416149068323
3618.386816999133,0.0
3618.386816999133,-7.453416149068323
3621.8560277536862,22.36024844720497
3621.8560277536862,14.906832298136646
3621.8560277536862,7.453416149068323
3621.8560277536862,0.0
3621.8560277536862,-7.453416149068323
3625.325238508239,22.36024844720497
3625.325238508239,14.906832298136646
3625.325238508239,7.453416149068323
3625.325238508239,0.0
3625.325238508239,-7.453416149068323
3628.7944492627926,22.36024844720497
3628.7944492627926,14.906832298136646
3628.7944492627926,7.453416149068323
3628.7944492627926,0.0
3628.7944492627926,-7.453416149068323
3632.263660017346,22.36024844720497
3632.263660017346,14.906832298136646
3632.263660017346,7.453416149068323
3632.263660017346,0.0
3632.263660017346,-7.453416149068323
3635.7328707718993,22.36024844720497
3635.7328707718993,14.906832298136646
3635.7328707718993,7.453416149068323
3635.7328707718993,0.0
3635.7328707718993,-7.453416149068323
3639.2020815264527,22.36024844720497
3639.2020815264527,14.906832298136646
3639.2020815264527,7.453416149068323
3639.2020815264527,0.0
3639.2020815264527,-7.453416149068323
3642.671292281006,22.36024844720497
3642.671292281006,14.906832298136646
3642.671292281006,7.453416149068323
3642.671292281006,0.0
3642.671292281006,-7.453416149068323
3646.1405030355595,22.36024844720497
3646.1405030355595,14.906832298136646
3646.1405030355595,7.453416149068323
3646.1405030355595,0.0
3646.1405030355595,-7.453416149068323
3649.609713790113,22.36024844720497
3649.609713790113,14.906832298136646
3649.609713790113,7.453416149068323
3649.609713790113,0.0
3649.609713790113,-7.453416149068323
3653.0789245446663,22.36024844720497
3653.0789245446663,14.906832298136646
3653.0789245446663,7.453416149068323
3653.0789245446663,0.0
3653.0789245446663,-7.453416149068323
3656.548135299219,22.36024844720497
3656.548135299219,14.906832298136646
3656.548135299219,7.453416149068323
3656.548135299219,0.0
3656.548135299219,-7.453416149068323
3660.0173460537726,22.36024844720497
3660.0173460537726,14.906832298136646
3660.0173460537726,7.453416149068323
3660.0173460537726,0.0
3660.0173460537726,-7.453416149068323
3663.486556808326,22.36024844720497
3663.486556808326,14.906832298136646
3663.486556808326,7.453416149068323
3663.486556808326,0.0
3663.486556808326,-7.453416149068323
3666.9557675628794,22.36024844720497
3666.9557675628794,14.906832298136646
3666.9557675628794,7.453416149068323
3666.9557675628794,0.0
3666.9557675628794,-7.453416149068323
3670.4249783174328,22.36024844720497
3670.4249783174328,14.906832298136646
3670.4249783174328,7.453416149068323
3670.4249783174328,0.0
3670.4249783174328,-7.453416149068323
3673.894189071986,22.36024844720497
3673.894189071986,14.906832298136646
3673.894189071986,7.453416149068323
3673.894189071986,0.0
3673.894189071986,-7.453416149068323
3677.3633998265395,22.36024844720497
3677.3633998265395,14.906832298136646
3677.3633998265395,7.453416149068323
3677.3633998265395,0.0
3677.3633998265395,-7.453416149068323
3680.832610581093,14.906832298136646
3680.832610581093,7.453416149068323
3680.832610581093,0.0
3680.832610581093,-7.453416149068323
3684.3018213356463,22.36024844720497
3684.3018213356463,14.906832298136646
3684.3018213356463,7.453416149068323
3684.3018213356463,0.0
3684.3018213356463,-7.453416149068323
3687.7710320901997,22.36024844720497
3687.7710320901997,14.906832298136646
3687.7710320901997,7.453416149068323
3687.7710320901997,0.0
3687.7710320901997,-7.453416149068323
3691.2402428447526,22.36024844720497
3691.2402428447526,14.906832298136646
3691.2402428447526,7.453416149068323
3691.2402428447526,0.0
3691.2402428447526,-7.453416149068323
3694.709453599306,22.36024844720497
3694.709453599306,14.906832298136646
3694.709453599306,7.453416149068323
3694.709453599306,0.0
3694.709453599306,-7.453416149068323
3698.1786643538594,14.906832298136646
3698.1786643538594,7.453416149068323
3698.1786643538594,0.0
3698.1786643538594,-7.453416149068323
3701.647875108413,14.906832298136646
3701.647875108413,7.453416149068323
3701.647875108413,0.0
3701.647875108413,-7.453416149068323
3705.117085862966,22.36024844720497
3705.117085862966,14.906832298136646
3705.117085862966,7.453416149068323
3705.117085862966,0.0
3705.117085862966,-7.453416149068323
3708.5862966175196,22.36024844720497
3708.5862966175196,14.906832298136646
3708.5862966175196,7.453416149068323
3708.5862966175196,0.0
3708.5862966175196,-7.453416149068323
3712.055507372073,22.36024844720497
3712.055507372073,14.906832298136646
3712.055507372073,7.453416149068323
3712.055507372073,0.0
3712.055507372073,-7.453416149068323
3715.5247181266263,22.36024844720497
3715.5247181266263,14.906832298136646
3715.5247181266263,7.453416149068323
3715.5247181266263,0.0
3715.5247181266263,-7.453416149068323
3718.9939288811797,14.906832298136646
3718.9939288811797,7.453416149068323
3718.9939288811797,0.0
3718.9939288811797,-7.453416149068323
3722.4631396357327,22.36024844720497
3722.4631396357327,14.906832298136646
3722.4631396357327,7.453416149068323
3722.4631396357327,0.0
3722.4631396357327,-7.453416149068323
3725.932350390286,22.36024844720497
3725.932350390286,14.906832298136646
3725.932350390286,7.453416149068323
3725.932350390286,0.0
3725.932350390286,-7.453416149068323
3729.4015611448394,22.36024844720497
3729.4015611448394,14.906832298136646
3729.4015611448394,7.453416149068323
3729.4015611448394,0.0
3729.4015611448394,-7.453416149068323
3732.870771899393,22.36024844720497
3732.870771899393,14.906832298136646
3732.870771899393,7.453416149068323
3732.870771899393,0.0
3732.870771899393,-7.453416149068323
3736.339982653946,22.36024844720497
3736.339982653946,14.906832298136646
3736.339982653946,7.453416149068323
3736.339982653946,0.0
3736.339982653946,-7.453416149068323
3739.8091934084996,22.36024844720497
3739.8091934084996,14.906832298136646
3739.8091934084996,7.453416149068323
3739.8091934084996,0.0
3739.8091934084996,-7.453416149068323
3743.278404163053,14.906832298136646
3743.278404163053,7.453416149068323
3743.278404163053,0.0
3743.278404163053,-7.453416149068323
3746.7476149176064,14.906832298136646
3746.7476149176064,7.453416149068323
3746.7476149176064,0.0
3746.7476149176064,-7.453416149068323
3750.2168256721598,14.906832298136646
3750.2168256721598,7.453416149068323
3750.2168256721598,0.0
3750.2168256721598,-7.453416149068323
3753.686036426713,14.906832298136646
3753.686036426713,7.453416149068323
3753.686036426713,0.0
3753.686036426713,-7.453416149068323
3757.155247181266,22.36024844720497
3757.155247181266,14.906832298136646
3757.155247181266,7.453416149068323
3757.155247181266,0.0
3757.155247181266,-7.453416149068323
3760.6244579358195,14.906832298136646
3760.6244579358195,7.453416149068323
3760.6244579358195,0.0
3760.6244579358195,-7.453416149068323
3764.093668690373,22.36024844720497
3764.093668690373,14.906832298136646
3764.093668690373,7.453416149068323
3764.093668690373,0.0
3764.093668690373,-7.453416149068323
3767.5628794449262,22.36024844720497
3767.5628794449262,14.906832298136646
3767.5628794449262,7.453416149068323
3767.5628794449262,0.0
3767.5628794449262,-7.453416149068323
3771.0320901994796,22.36024844720497
3771.0320901994796,14.906832298136646
3771.0320901994796,7.453416149068323
3771.0320901994796,0.0
3771.0320901994796,-7.453416149068323
3774.501300954033,22.36024844720497
3774.501300954033,14.906832298136646
3774.501300954033,7.453416149068323
3774.501300954033,0.0
3774.501300954033,-7.453416149068323
3777.9705117085864,22.36024844720497
3777.9705117085864,14.906832298136646
3777.9705117085864,7.453416149068323
3777.9705117085864,0.0
3777.9705117085864,-7.453416149068323
3781.43972246314,14.906832298136646
3781.43972246314,7.453416149068323
3781.43972246314,0.0
3781.43972246314,-7.453416149068323
3784.908933217693,22.36024844720497
3784.908933217693,14.906832298136646
3784.908933217693,7.453416149068323
3784.908933217693,0.0
3784.908933217693,-7.453416149068323
3788.378143972246,22.36024844720497
3788.378143972246,14.906832298136646
3788.378143972246,7.453416149068323
3788.378143972246,0.0
3788.378143972246,-7.453416149068323
3791.8473547267995,22.36024844720497
3791.8473547267995,14.906832298136646
3791.8473547267995,7.453416149068323
3791.8473547267995,0.0
3791.8473547267995,-7.453416149068323
3795.316565481353,22.36024844720497
3795.316565481353,14.906832298136646
3795.316565481353,7.453416149068323
3795.316565481353,0.0
3795.316565481353,-7.453416149068323
3798.7857762359063,22.36024844720497
3798.7857762359063,14.906832298136646
3798.7857762359063,7.453416149068323
3798.7857762359063,0.0
3798.7857762359063,-7.453416149068323
3802.2549869904597,22.36024844720497
3802.2549869904597,14.906832298136646
3802.2549869904597,7.453416149068323
3802.2549869904597,0.0
3802.2549869904597,-7.453416149068323
3805.724197745013,14.906832298136646
3805.724197745013,7.453416149068323
3805.724197745013,0.0
3805.724197745013,-7.453416149068323
3809.1934084995664,14.906832298136646
3809.1934084995664,7.453416149068323
3809.1934084995664,0.0
3809.1934084995664,-7.453416149068323
3812.66261925412,22.36024844720497
3812.66261925412,14.906832298136646
3812.66261925412,7.453416149068323
3812.66261925412,0.0
3812.66261925412,-7.453416149068323
3816.131830008673,22.36024844720497
3816.131830008673,14.906832298136646
3816.131830008673,7.453416149068323
3816.131830008673,0.0
3816.131830008673,-7.453416149068323
3819.6010407632266,14.906832298136646
3819.6010407632266,7.453416149068323
3819.6010407632266,0.0
3819.6010407632266,-7.453416149068323
3823.0702515177795,14.906832298136646
3823.0702515177795,7.453416149068323
3823.0702515177795,0.0
3823.0702515177795,-7.453416149068323
3826.539462272333,14.906832298136646
3826.539462272333,7.453416149068323
3826.539462272333,0.0
3826.539462272333,-7.453416149068323
3830.0086730268863,14.906832298136646
3830.0086730268863,7.453416149068323
3830.0086730268863,0.0
3830.0086730268863,-7.453416149068323
3833.4778837814397,14.906832298136646
3833.4778837814397,7.453416149068323
3833.4778837814397,0.0
3833.4778837814397,-7.453416149068323
3836.947094535993,14.906832298136646
3836.947094535993,7.453416149068323
3836.947094535993,0.0
3836.947094535993,-7.453416149068323
3840.4163052905465,14.906832298136646
3840.4163052905465,7.453416149068323
3840.4163052905465,0.0
3840.4163052905465,-7.453416149068323
3843.8855160451,14.906832298136646
3843.8855160451,7.453416149068323
3843.8855160451,0.0
3843.8855160451,-7.453416149068323
3847.3547267996532,22.36024844720497
3847.3547267996532,14.906832298136646
3847.3547267996532,7.453416149068323
3847.3547267996532,0.0
3847.3547267996532,-7.453416149068323
3850.8239375542066,22.36024844720497
3850.8239375542066,14.906832298136646
3850.8239375542066,7.453416149068323
3850.8239375542066,0.0
3850.8239375542066,-7.453416149068323
3854.2931483087596,22.36024844720497
3854.2931483087596,14.906832298136646
3854.2931483087596,7.453416149068323
3854.2931483087596,0.0
3854.2931483087596,-7.453416149068323
3857.762359063313,22.36024844720497
3857.762359063313,14.906832298136646
3857.762359063313,7.453416149068323
3857.762359063313,0.0
3857.762359063313,-7.453416149068323
3861.2315698178663,22.36024844720497
3861.2315698178663,14.906832298136646
3861.2315698178663,7.453416149068323
3861.2315698178663,0.0
3861.2315698178663,-7.453416149068323
3864.7007805724197,22.36024844720497
3864.7007805724197,14.906832298136646
3864.7007805724197,7.453416149068323
3864.7007805724197,0.0
3864.7007805724197,-7.453416149068323
3868.169991326973,22.36024844720497
3868.169991326973,14.906832298136646
3868.169991326973,7.453416149068323
3868.169991326973,0.0
3868.169991326973,-7.453416149068323
3871.6392020815265,22.36024844720497
3871.6392020815265,14.906832298136646
3871.6392020815265,7.453416149068323
3871.6392020815265,0.0
3871.6392020815265,-7.453416149068323
3875.10841283608,14.906832298136646
3875.10841283608,7.453416149068323
3875.10841283608,0.0
3875.10841283608,-7.453416149068323
3878.5776235906333,14.906832298136646
3878.5776235906333,7.453416149068323
3878.5776235906333,0.0
3878.5776235906333,-7.453416149068323
3882.0468343451867,14.906832298136646
3882.0468343451867,7.453416149068323
3882.0468343451867,0.0
3882.0468343451867,-7.453416149068323
3885.5160450997396,22.36024844720497
3885.5160450997396,14.906832298136646
3885.5160450997396,7.453416149068323
3885.5160450997396,0.0
3885.5160450997396,-7.453416149068323
3888.985255854293,22.36024844720497
3888.985255854293,14.906832298136646
3888.985255854293,7.453416149068323
3888.985255854293,0.0
3888.985255854293,-7.453416149068323
3892.4544666088464,22.36024844720497
3892.4544666088464,14.906832298136646
3892.4544666088464,7.453416149068323
3892.4544666088464,0.0
3892.4544666088464,-7.453416149068323
3895.9236773633997,22.36024844720497
3895.9236773633997,14.906832298136646
3895.9236773633997,7.453416149068323
3895.9236773633997,0.0
3895.9236773633997,-7.453416149068323
3899.392888117953,14.906832298136646
3899.392888117953,7.453416149068323
3899.392888117953,0.0
3899.392888117953,-7.453416149068323
3902.8620988725065,14.906832298136646
3902.8620988725065,7.453416149068323
3902.8620988725065,0.0
3902.8620988725065,-7.453416149068323
3906.33130962706,22.36024844720497
3906.33130962706,14.906832298136646
3906.33130962706,7.453416149068323
3906.33130962706,0.0
3906.33130962706,-7.453416149068323
3909.8005203816133,22.36024844720497
3909.8005203816133,14.906832298136646
3909.8005203816133,7.453416149068323
3909.8005203816133,0.0
3909.8005203816133,-7.453416149068323
3913.2697311361667,14.906832298136646
3913.2697311361667,7.453416149068323
3913.2697311361667,0.0
3913.2697311361667,-7.453416149068323
3916.73894189072,14.906832298136646
3916.73894189072,7.453416149068323
3916.73894189072,0.0
3916.73894189072,-7.453416149068323
3920.208152645273,22.36024844720497
3920.208152645273,14.906832298136646
3920.208152645273,7.453416149068323
3920.208152645273,0.0
3920.208152645273,-7.453416149068323
3923.6773633998264,22.36024844720497
3923.6773633998264,14.906832298136646
3923.6773633998264,7.453416149068323
3923.6773633998264,0.0
3923.6773633998264,-7.453416149068323
3927.14657415438,22.36024844720497
3927.14657415438,14.906832298136646
3927.14657415438,7.453416149068323
3927.14657415438,0.0
3927.14657415438,-7.453416149068323
3930.615784908933,22.36024844720497
3930.615784908933,14.906832298136646
3930.615784908933,7.453416149068323
3930.615784908933,0.0
3930.615784908933,-7.453416149068323
3934.0849956634866,22.36024844720497
3934.0849956634866,14.906832298136646
3934.0849956634866,7.453416149068323
3934.0849956634866,0.0
3934.0849956634866,-7.453416149068323
3937.55420641804,22.36024844720497
3937.55420641804,14.906832298136646
3937.55420641804,7.453416149068323
3937.55420641804,0.0
3937.55420641804,-7.453416149068323
3941.0234171725933,22.36024844720497
3941.0234171725933,14.906832298136646
3941.0234171725933,7.453416149068323
3941.0234171725933,0.0
3941.0234171725933,-7.453416149068323
3944.4926279271467,14.906832298136646
3944.4926279271467,7.453416149068323
3944.4926279271467,0.0
3944.4926279271467,-7.453416149068323
3947.9618386817,14.906832298136646
3947.9618386817,7.453416149068323
3947.9618386817,0.0
3947.9618386817,-7.453416149068323
3951.431049436253,14.906832298136646
3951.431049436253,7.453416149068323
3951.431049436253,0.0
3951.431049436253,-7.453416149068323
3954.9002601908064,14.906832298136646
3954.9002601908064,7.453416149068323
3954.9002601908064,0.0
3954.9002601908064,-7.453416149068323
3958.36947094536,14.906832298136646
3958.36947094536,7.453416149068323
3958.36947094536,0.0
3958.36947094536,-7.453416149068323
3961.838681699913,14.906832298136646
3961.838681699913,7.453416149068323
3961.838681699913,0.0
3961.838681699913,-7.453416149068323
3965.3078924544666,14.906832298136646
3965.3078924544666,7.453416149068323
3965.3078924544666,0.0
3965.3078924544666,-7.453416149068323
3968.77710320902,14.906832298136646
3968.77710320902,7.453416149068323
3968.77710320902,0.0
3968.77710320902,-7.453416149068323
3972.2463139635734,14.906832298136646
3972.2463139635734,7.453416149068323
3972.2463139635734,0.0
3972.2463139635734,-7.453416149068323
3975.7155247181267,14.906832298136646
3975.7155247181267,7.453416149068323
3975.7155247181267,0.0
3975.7155247181267,-7.453416149068323
3979.18473547268,14.906832298136646
3979.18473547268,7.453416149068323
3979.18473547268,0.0
3979.18473547268,-7.453416149068323
3982.6539462272335,14.906832298136646
3982.6539462272335,7.453416149068323
3982.6539462272335,0.0
3982.6539462272335,-7.453416149068323
3986.1231569817865,14.906832298136646
3986.1231569817865,7.453416149068323
3986.1231569817865,0.0
3986.1231569817865,-7.453416149068323
3989.59236773634,14.906832298136646
3989.59236773634,7.453416149068323
3989.59236773634,0.0
3989.59236773634,-7.453416149068323
3993.061578490893,14.906832298136646
3993.061578490893,7.453416149068323
3993.061578490893,0.0
3993.061578490893,-7.453416149068323
3996.5307892454466,14.906832298136646
3996.5307892454466,7.453416149068323
3996.5307892454466,0.0
3996.5307892454466,-7.453416149068323
4000.0,14.906832298136646
4000.0,7.453416149068323
4000.0,0.0
4000.0,-7.453416149068323
4003.4692107545534,14.906832298136646
4003.4692107545534,7.453416149068323
4003.4692107545534,0.0
4003.4692107545534,-7.453416149068323
4006.938421509107,14.906832298136646
4006.938421509107,7.453416149068323
4006.938421509107,0.0
4006.938421509107,-7.453416149068323
4010.40763226366,14.906832298136646
4010.40763226366,7.453416149068323
4010.40763226366,0.0
4010.40763226366,-7.453416149068323
4013.8768430182135,14.906832298136646
4013.8768430182135,7.453416149068323
4013.8768430182135,0.0
4013.8768430182135,-7.453416149068323
4017.3460537727665,14.906832298136646
4017.3460537727665,7.453416149068323
4017.3460537727665,0.0
4017.3460537727665,-7.453416149068323
4020.81526452732,14.906832298136646
4020.81526452732,7.453416149068323
4020.81526452732,0.0
4020.81526452732,-7.453416149068323
4024.2844752818733,14.906832298136646
4024.2844752818733,7.453416149068323
4024.2844752818733,0.0
4024.2844752818733,-7.453416149068323
4027.7536860364266,14.906832298136646
4027.7536860364266,7.453416149068323
4027.7536860364266,0.0
4027.7536860364266,-7.453416149068323
4031.22289679098,14.906832298136646
4031.22289679098,7.453416149068323
4031.22289679098,0.0
4031.22289679098,-7.453416149068323
4034.6921075455334,14.906832298136646
4034.6921075455334,7.453416149068323
4034.6921075455334,0.0
4034.6921075455334,-7.453416149068323
4038.161318300087,14.906832298136646
4038.161318300087,7.453416149068323
4038.161318300087,0.0
4038.161318300087,-7.453416149068323
4041.63052905464,14.906832298136646
4041.63052905464,7.453416149068323
4041.63052905464,0.0
4041.63052905464,-7.453416149068323
4045.0997398091936,14.906832298136646
4045.0997398091936,7.453416149068323
4045.0997398091936,0.0
4045.0997398091936,-7.453416149068323
4048.568950563747,14.906832298136646
4048.568950563747,7.453416149068323
4048.568950563747,0.0
4048.568950563747,-7.453416149068323
4052.0381613183,14.906832298136646
4052.0381613183,7.453416149068323
4052.0381613183,0.0
4052.0381613183,-7.453416149068323
4055.5073720728533,14.906832298136646
4055.5073720728533,7.453416149068323
4055.5073720728533,0.0
4055.5073720728533,-7.453416149068323
4058.9765828274067,14.906832298136646
4058.9765828274067,7.453416149068323
4058.9765828274067,0.0
4058.9765828274067,-7.453416149068323
4062.44579358196,14.906832298136646
4062.44579358196,7.453416149068323
4062.44579358196,0.0
4062.44579358196,-7.453416149068323
4065.9150043365134,14.906832298136646
4065.9150043365134,7.453416149068323
4065.9150043365134,0.0
4065.9150043365134,-7.453416149068323
4069.384215091067,14.906832298136646
4069.384215091067,7.453416149068323
4069.384215091067,0.0
4069.384215091067,-7.453416149068323
4072.85342584562,14.906832298136646
4072.85342584562,7.453416149068323
4072.85342584562,0.0
4072.85342584562,-7.453416149068323
4076.3226366001736,14.906832298136646
4076.3226366001736,7.453416149068323
4076.3226366001736,0.0
4076.3226366001736,-7.453416149068323
4079.791847354727,14.906832298136646
4079.791847354727,7.453416149068323
4079.791847354727,0.0
4079.791847354727,-7.453416149068323
4083.26105810928,14.906832298136646
4083.26105810928,7.453416149068323
4083.26105810928,0.0
4083.26105810928,-7.453416149068323
4086.7302688638333,14.906832298136646
4086.7302688638333,7.453416149068323
4086.7302688638333,0.0
4086.7302688638333,-7.453416149068323
4090.1994796183867,14.906832298136646
4090.1994796183867,7.453416149068323
4090.1994796183867,0.0
4090.1994796183867,-7.453416149068323
4093.66869037294,14.906832298136646
4093.66869037294,7.453416149068323
4093.66869037294,0.0
4093.66869037294,-7.453416149068323
4097.137901127494,14.906832298136646
4097.137901127494,7.453416149068323
4097.137901127494,0.0
4097.137901127494,-7.453416149068323
4100.607111882046,14.906832298136646
4100.607111882046,7.453416149068323
4100.607111882046,0.0
4100.607111882046,-7.453416149068323
4104.0763226366,14.906832298136646
4104.0763226366,7.453416149068323
4104.0763226366,0.0
4104.0763226366,-7.453416149068323
4107.545533391153,14.906832298136646
4107.545533391153,7.453416149068323
4107.545533391153,0.0
4107.545533391153,-7.453416149068323
4111.014744145707,14.906832298136646
4111.014744145707,7.453416149068323
4111.014744145707,0.0
4111.014744145707,-7.453416149068323
4114.48395490026,14.906832298136646
4114.48395490026,7.453416149068323
4114.48395490026,0.0
4114.48395490026,-7.453416149068323
4117.953165654813,14.906832298136646
4117.953165654813,7.453416149068323
4117.953165654813,0.0
4117.953165654813,-7.453416149068323
4121.422376409367,14.906832298136646
4121.422376409367,7.453416149068323
4121.422376409367,0.0
4121.422376409367,-7.453416149068323
4124.89158716392,14.906832298136646
4124.89158716392,7.453416149068323
4124.89158716392,0.0
4124.89158716392,-7.453416149068323
4128.3607979184735,14.906832298136646
4128.3607979184735,7.453416149068323
4128.3607979184735,0.0
4128.3607979184735,-7.453416149068323
4131.830008673027,14.906832298136646
4131.830008673027,7.453416149068323
4131.830008673027,0.0
4131.830008673027,-7.453416149068323
4135.29921942758,14.906832298136646
4135.29921942758,7.453416149068323
4135.29921942758,0.0
4135.29921942758,-7.453416149068323
4138.768430182134,14.906832298136646
4138.768430182134,7.453416149068323
4138.768430182134,0.0
4138.768430182134,-7.453416149068323
4142.237640936687,14.906832298136646
4142.237640936687,7.453416149068323
4142.237640936687,0.0
4142.237640936687,-7.453416149068323
4145.70685169124,14.906832298136646
4145.70685169124,7.453416149068323
4145.70685169124,0.0
4145.70685169124,-7.453416149068323
4149.176062445794,14.906832298136646
4149.176062445794,7.453416149068323
4149.176062445794,0.0
4149.176062445794,-7.453416149068323
4152.645273200347,14.906832298136646
4152.645273200347,7.453416149068323
4152.645273200347,0.0
4152.645273200347,-7.453416149068323
4156.114483954901,14.906832298136646
4156.114483954901,7.453416149068323
4156.114483954901,0.0
4156.114483954901,-7.453416149068323
4159.583694709454,14.906832298136646
4159.583694709454,7.453416149068323
4159.583694709454,0.0
4159.583694709454,-7.453416149068323
4163.052905464007,14.906832298136646
4163.052905464007,7.453416149068323
4163.052905464007,0.0
4163.052905464007,-7.453416149068323
4166.52211621856,14.906832298136646
4166.52211621856,7.453416149068323
4166.52211621856,0.0
4166.52211621856,-7.453416149068323
4169.991326973113,14.906832298136646
4169.991326973113,7.453416149068323
4169.991326973113,0.0
4169.991326973113,-7.453416149068323
4173.460537727667,14.906832298136646
4173.460537727667,7.453416149068323
4173.460537727667,0.0
4173.460537727667,-7.453416149068323
4176.92974848222,14.906832298136646
4176.92974848222,7.453416149068323
4176.92974848222,0.0
4176.92974848222,-7.453416149068323
4180.398959236773,14.906832298136646
4180.398959236773,7.453416149068323
4180.398959236773,0.0
4180.398959236773,-7.453416149068323
4183.868169991327,14.906832298136646
4183.868169991327,7.453416149068323
4183.868169991327,0.0
4183.868169991327,-7.453416149068323
4187.33738074588,14.906832298136646
4187.33738074588,7.453416149068323
4187.33738074588,0.0
4187.33738074588,-7.453416149068323
4190.806591500434,14.906832298136646
4190.806591500434,7.453416149068323
4190.806591500434,0.0
4190.806591500434,-7.453416149068323
4194.275802254987,14.906832298136646
4194.275802254987,7.453416149068323
4194.275802254987,0.0
4194.275802254987,-7.453416149068323
4197.74501300954,14.906832298136646
4197.74501300954,7.453416149068323
4197.74501300954,0.0
4197.74501300954,-7.453416149068323
4201.214223764094,14.906832298136646
4201.214223764094,7.453416149068323
4201.214223764094,0.0
4201.214223764094,-7.453416149068323
4204.683434518647,14.906832298136646
4204.683434518647,7.453416149068323
4204.683434518647,0.0
4204.683434518647,-7.453416149068323
4208.1526452732005,14.906832298136646
4208.1526452732005,7.453416149068323
4208.1526452732005,0.0
4208.1526452732005,-7.453416149068323
4211.621856027754,14.906832298136646
4211.621856027754,7.453416149068323
4211.621856027754,0.0
4211.621856027754,-7.453416149068323
4215.091066782307,14.906832298136646
4215.091066782307,7.453416149068323
4215.091066782307,0.0
4215.091066782307,-7.453416149068323
4218.560277536861,14.906832298136646
4218.560277536861,7.453416149068323
4218.560277536861,0.0
4218.560277536861,-7.453416149068323
4222.029488291414,14.906832298136646
4222.029488291414,7.453416149068323
4222.029488291414,0.0
4222.029488291414,-7.453416149068323
4225.498699045967,14.906832298136646
4225.498699045967,7.453416149068323
4225.498699045967,0.0
4225.498699045967,-7.453416149068323
4228.967909800521,14.906832298136646
4228.967909800521,7.453416149068323
4228.967909800521,0.0
4228.967909800521,-7.453416149068323
4232.437120555073,14.906832298136646
4232.437120555073,7.453416149068323
4232.437120555073,0.0
4232.437120555073,-7.453416149068323
4235.906331309627,14.906832298136646
4235.906331309627,7.453416149068323
4235.906331309627,0.0
4235.906331309627,-7.453416149068323
4239.37554206418,14.906832298136646
4239.37554206418,7.453416149068323
4239.37554206418,0.0
4239.37554206418,-7.453416149068323
4242.8447528187335,14.906832298136646
4242.8447528187335,7.453416149068323
4242.8447528187335,0.0
4242.8447528187335,-7.453416149068323
4246.313963573287,14.906832298136646
4246.313963573287,7.453416149068323
4246.313963573287,0.0
4246.313963573287,-7.453416149068323
4249.78317432784,14.906832298136646
4249.78317432784,7.453416149068323
4249.78317432784,0.0
4249.78317432784,-7.453416149068323
4253.252385082394,14.906832298136646
4253.252385082394,7.453416149068323
4253.252385082394,0.0
4253.252385082394,-7.453416149068323
4256.721595836947,14.906832298136646
4256.721595836947,7.453416149068323
4256.721595836947,0.0
4256.721595836947,-7.453416149068323
4260.1908065915,14.906832298136646
4260.1908065915,7.453416149068323
4260.1908065915,0.0
4260.1908065915,-7.453416149068323
4263.660017346054,14.906832298136646
4263.660017346054,7.453416149068323
4263.660017346054,0.0
4263.660017346054,-7.453416149068323
4267.129228100607,14.906832298136646
4267.129228100607,7.453416149068323
4267.129228100607,0.0
4267.129228100607,-7.453416149068323
4270.598438855161,14.906832298136646
4270.598438855161,7.453416149068323
4270.598438855161,0.0
4270.598438855161,-7.453416149068323
4274.067649609714,14.906832298136646
4274.067649609714,7.453416149068323
4274.067649609714,0.0
4274.067649609714,-7.453416149068323
4277.536860364267,14.906832298136646
4277.536860364267,7.453416149068323
4277.536860364267,0.0
4277.536860364267,-7.453416149068323
4281.006071118821,14.906832298136646
4281.006071118821,7.453416149068323
4281.006071118821,0.0
4281.006071118821,-7.453416149068323
4284.475281873374,14.906832298136646
4284.475281873374,7.453416149068323
4284.475281873374,0.0
4284.475281873374,-7.453416149068323
4287.9444926279275,14.906832298136646
4287.9444926279275,7.453416149068323
4287.9444926279275,0.0
4287.9444926279275,-7.453416149068323
4291.413703382481,14.906832298136646
4291.413703382481,7.453416149068323
4291.413703382481,0.0
4291.413703382481,-7.453416149068323
4294.882914137034,14.906832298136646
4294.882914137034,7.453416149068323
4294.882914137034,0.0
4294.882914137034,-7.453416149068323
4298.352124891587,14.906832298136646
4298.352124891587,7.453416149068323
4298.352124891587,0.0
4298.352124891587,-7.453416149068323
4301.82133564614,14.906832298136646
4301.82133564614,7.453416149068323
4301.82133564614,0.0
4301.82133564614,-7.453416149068323
4305.2905464006935,14.906832298136646
4305.2905464006935,7.453416149068323
4305.2905464006935,0.0
4305.2905464006935,-7.453416149068323
4308.759757155247,14.906832298136646
4308.759757155247,7.453416149068323
4308.759757155247,0.0
4308.759757155247,-7.453416149068323
4312.2289679098,14.906832298136646
4312.2289679098,7.453416149068323
4312.2289679098,0.0
4312.2289679098,-7.453416149068323
4315.698178664354,14.906832298136646
4315.698178664354,7.453416149068323
4315.698178664354,0.0
4315.698178664354,-7.453416149068323
4319.167389418907,14.906832298136646
4319.167389418907,7.453416149068323
4319.167389418907,0.0
4319.167389418907,-7.453416149068323
4322.6366001734605,14.906832298136646
4322.6366001734605,7.453416149068323
4322.6366001734605,0.0
4322.6366001734605,-7.453416149068323
4326.105810928014,14.906832298136646
4326.105810928014,7.453416149068323
4326.105810928014,0.0
4326.105810928014,-7.453416149068323
4329.575021682567,14.906832298136646
4329.575021682567,7.453416149068323
4329.575021682567,0.0
4329.575021682567,-7.453416149068323
4333.044232437121,14.906832298136646
4333.044232437121,7.453416149068323
4333.044232437121,0.0
4333.044232437121,-7.453416149068323
4336.513443191674,14.906832298136646
4336.513443191674,7.453416149068323
4336.513443191674,0.0
4336.513443191674,-7.453416149068323
4339.982653946227,14.906832298136646
4339.982653946227,7.453416149068323
4339.982653946227,0.0
4339.982653946227,-7.453416149068323
4343.451864700781,14.906832298136646
4343.451864700781,7.453416149068323
4343.451864700781,0.0
4343.451864700781,-7.453416149068323
4346.921075455334,14.906832298136646
4346.921075455334,7.453416149068323
4346.921075455334,0.0
4346.921075455334,-7.453416149068323
4350.390286209888,14.906832298136646
4350.390286209888,7.453416149068323
4350.390286209888,0.0
4350.390286209888,-7.453416149068323
4353.859496964441,14.906832298136646
4353.859496964441,7.453416149068323
4353.859496964441,0.0
4353.859496964441,-7.453416149068323
4357.328707718994,14.906832298136646
4357.328707718994,7.453416149068323
4357.328707718994,0.0
4357.328707718994,-7.453416149068323
4360.797918473547,14.906832298136646
4360.797918473547,7.453416149068323
4360.797918473547,0.0
4360.797918473547,-7.453416149068323
4364.2671292281,14.906832298136646
4364.2671292281,7.453416149068323
4364.2671292281,0.0
4364.2671292281,-7.453416149068323
4367.736339982654,14.906832298136646
4367.736339982654,7.453416149068323
4367.736339982654,0.0
4367.736339982654,-7.453416149068323
4371.205550737207,14.906832298136646
4371.205550737207,7.453416149068323
4371.205550737207,0.0
4371.205550737207,-7.453416149068323
4374.67476149176,14.906832298136646
4374.67476149176,7.453416149068323
4374.67476149176,0.0
4374.67476149176,-7.453416149068323
4378.143972246314,14.906832298136646
4378.143972246314,7.453416149068323
4378.143972246314,0.0
4378.143972246314,-7.453416149068323
4381.613183000867,14.906832298136646
4381.613183000867,7.453416149068323
4381.613183000867,0.0
4381.613183000867,-7.453416149068323
4385.0823937554205,14.906832298136646
4385.0823937554205,7.453416149068323
4385.0823937554205,0.0
4385.0823937554205,-7.453416149068323
