Raman_Shift_cm-1,Intensity_norm
73.94366197183099,21.22641509433962
73.94366197183099,17.68867924528302
79.22535211267606,24.764150943396228
79.22535211267606,21.22641509433962
79.22535211267606,17.68867924528302
79.22535211267606,14.150943396226415
84.50704225352112,28.30188679245283
84.50704225352112,24.764150943396228
84.50704225352112,21.22641509433962
84.50704225352112,17.68867924528302
84.50704225352112,14.150943396226415
84.50704225352112,10.61320754716981
89.78873239436619,31.839622641509433
89.78873239436619,28.30188679245283
89.78873239436619,24.764150943396228
89.78873239436619,21.22641509433962
89.78873239436619,17.68867924528302
89.78873239436619,14.150943396226415
95.07042253521126,35.37735849056604
95.07042253521126,31.839622641509433
95.07042253521126,28.30188679245283
95.07042253521126,24.764150943396228
95.07042253521126,21.22641509433962
95.07042253521126,17.68867924528302
95.07042253521126,14.150943396226415
100.35211267605634,35.37735849056604
100.35211267605634,31.839622641509433
100.35211267605634,28.30188679245283
100.35211267605634,24.764150943396228
100.35211267605634,21.22641509433962
100.35211267605634,17.68867924528302
105.63380281690141,38.91509433962264
105.63380281690141,35.37735849056604
105.63380281690141,31.839622641509433
105.63380281690141,28.30188679245283
105.63380281690141,24.764150943396228
105.63380281690141,21.22641509433962
105.63380281690141,17.68867924528302
110.91549295774648,127.35849056603773
110.91549295774648,123.82075471698113
110.91549295774648,120.28301886792453
110.91549295774648,116.74528301886792
110.91549295774648,113.20754716981132
110.91549295774648,109.66981132075472
110.91549295774648,106.13207547169812
110.91549295774648,102.59433962264151
110.91549295774648,99.05660377358491
110.91549295774648,95.51886792452831
110.91549295774648,91.98113207547169
110.91549295774648,88.44339622641509
110.91549295774648,84.90566037735849
110.91549295774648,81.36792452830188
110.91549295774648,77.83018867924528
110.91549295774648,74.29245283018868
110.91549295774648,70.75471698113208
110.91549295774648,67.21698113207547
110.91549295774648,63.679245283018865
110.91549295774648,60.14150943396226
110.91549295774648,56.60377358490566
110.91549295774648,53.06603773584906
110.91549295774648,49.528301886792455
110.91549295774648,45.990566037735846
110.91549295774648,42.45283018867924
110.91549295774648,38.91509433962264
110.91549295774648,35.37735849056604
110.91549295774648,31.839622641509433
110.91549295774648,28.30188679245283
110.91549295774648,24.764150943396228
110.91549295774648,21.22641509433962
110.91549295774648,17.68867924528302
116.19718309859155,350.2358490566038
116.19718309859155,346.6981132075472
116.19718309859155,343.16037735849056
116.19718309859155,339.62264150943395
116.19718309859155,336.08490566037733
116.19718309859155,332.54716981132077
116.19718309859155,329.00943396226415
116.19718309859155,325.47169811320754
116.19718309859155,321.9339622641509
116.19718309859155,318.39622641509436
116.19718309859155,314.85849056603774
116.19718309859155,311.3207547169811
116.19718309859155,307.7830188679245
116.19718309859155,304.24528301886795
116.19718309859155,300.70754716981133
116.19718309859155,297.1698113207547
116.19718309859155,293.6320754716981
116.19718309859155,290.0943396226415
116.19718309859155,286.5566037735849
116.19718309859155,283.0188679245283
116.19718309859155,279.4811320754717
116.19718309859155,275.9433962264151
116.19718309859155,272.4056603773585
116.19718309859155,268.8679245283019
116.19718309859155,265.3301886792453
116.19718309859155,261.79245283018867
116.19718309859155,258.25471698113205
116.19718309859155,254.71698113207546
116.19718309859155,251.17924528301887
116.19718309859155,247.64150943396226
116.19718309859155,244.10377358490567
116.19718309859155,240.56603773584905
116.19718309859155,237.02830188679246
116.19718309859155,233.49056603773585
116.19718309859155,229.95283018867926
116.19718309859155,226.41509433962264
116.19718309859155,222.87735849056602
116.19718309859155,219.33962264150944
116.19718309859155,215.80188679245282
116.19718309859155,212.26415094339623
116.19718309859155,208.72641509433961
116.19718309859155,205.18867924528303
116.19718309859155,201.6509433962264
116.19718309859155,198.11320754716982
116.19718309859155,194.5754716981132
116.19718309859155,191.03773584905662
116.19718309859155,187.5
116.19718309859155,183.96226415094338
116.19718309859155,180.4245283018868
116.19718309859155,176.88679245283018
116.19718309859155,173.3490566037736
116.19718309859155,169.81132075471697
116.19718309859155,166.27358490566039
116.19718309859155,162.73584905660377
116.19718309859155,159.19811320754718
116.19718309859155,155.66037735849056
116.19718309859155,152.12264150943398
116.19718309859155,148.58490566037736
116.19718309859155,145.04716981132074
116.19718309859155,141.50943396226415
116.19718309859155,137.97169811320754
116.19718309859155,134.43396226415095
116.19718309859155,130.89622641509433
116.19718309859155,127.35849056603773
116.19718309859155,123.82075471698113
116.19718309859155,120.28301886792453
116.19718309859155,116.74528301886792
116.19718309859155,113.20754716981132
116.19718309859155,109.66981132075472
116.19718309859155,106.13207547169812
116.19718309859155,102.59433962264151
116.19718309859155,99.05660377358491
116.19718309859155,95.51886792452831
116.19718309859155,91.98113207547169
116.19718309859155,88.44339622641509
116.19718309859155,84.90566037735849
116.19718309859155,81.36792452830188
116.19718309859155,77.83018867924528
116.19718309859155,74.29245283018868
116.19718309859155,70.75471698113208
116.19718309859155,67.21698113207547
116.19718309859155,63.679245283018865
116.19718309859155,60.14150943396226
116.19718309859155,56.60377358490566
116.19718309859155,53.06603773584906
116.19718309859155,49.528301886792455
116.19718309859155,45.990566037735846
116.19718309859155,42.45283018867924
116.19718309859155,38.91509433962264
116.19718309859155,35.37735849056604
116.19718309859155,31.839622641509433
116.19718309859155,28.30188679245283
116.19718309859155,24.764150943396228
116.19718309859155,21.22641509433962
116.19718309859155,17.68867924528302
121.47887323943662,686.3207547169811
121.47887323943662,682.7830188679245
121.47887323943662,679.2452830188679
121.47887323943662,675.7075471698113
121.47887323943662,672.1698113207547
121.47887323943662,668.6320754716982
121.47887323943662,665.0943396226415
121.47887323943662,661.5566037735849
121.47887323943662,658.0188679245283
121.47887323943662,654.4811320754717
121.47887323943662,650.9433962264151
121.47887323943662,647.4056603773585
121.47887323943662,643.8679245283018
121.47887323943662,640.3301886792453
121.47887323943662,636.7924528301887
121.47887323943662,633.2547169811321
121.47887323943662,629.7169811320755
121.47887323943662,626.1792452830189
121.47887323943662,622.6415094339623
121.47887323943662,619.1037735849056
121.47887323943662,615.566037735849
121.47887323943662,612.0283018867924
121.47887323943662,608.4905660377359
121.47887323943662,604.9528301886793
121.47887323943662,601.4150943396227
121.47887323943662,597.877358490566
121.47887323943662,594.3396226415094
121.47887323943662,590.8018867924528
121.47887323943662,587.2641509433962
121.47887323943662,583.7264150943396
121.47887323943662,580.188679245283
121.47887323943662,576.6509433962265
121.47887323943662,573.1132075471698
121.47887323943662,569.5754716981132
121.47887323943662,566.0377358490566
121.47887323943662,562.5
121.47887323943662,558.9622641509434
121.47887323943662,555.4245283018868
121.47887323943662,551.8867924528302
121.47887323943662,548.3490566037735
121.47887323943662,544.811320754717
121.47887323943662,541.2735849056604
121.47887323943662,537.7358490566038
121.47887323943662,534.1981132075472
121.47887323943662,530.6603773584906
121.47887323943662,527.122641509434
121.47887323943662,523.5849056603773
121.47887323943662,520.0471698113207
121.47887323943662,516.5094339622641
121.47887323943662,512.9716981132076
121.47887323943662,509.4339622641509
121.47887323943662,505.89622641509436
121.47887323943662,502.35849056603774
121.47887323943662,498.8207547169811
121.47887323943662,495.2830188679245
121.47887323943662,491.74528301886795
121.47887323943662,488.20754716981133
121.47887323943662,484.6698113207547
121.47887323943662,481.1320754716981
121.47887323943662,477.5943396226415
121.47887323943662,474.0566037735849
121.47887323943662,470.5188679245283
121.47887323943662,466.9811320754717
121.47887323943662,463.4433962264151
121.47887323943662,459.9056603773585
121.47887323943662,456.3679245283019
121.47887323943662,452.8301886792453
121.47887323943662,449.29245283018867
121.47887323943662,445.75471698113205
121.47887323943662,442.2169811320755
121.47887323943662,438.6792452830189
121.47887323943662,435.14150943396226
121.47887323943662,431.60377358490564
121.47887323943662,428.0660377358491
121.47887323943662,424.52830188679246
121.47887323943662,420.99056603773585
121.47887323943662,417.45283018867923
121.47887323943662,413.91509433962267
121.47887323943662,410.37735849056605
121.47887323943662,406.83962264150944
121.47887323943662,403.3018867924528
121.47887323943662,399.7641509433962
121.47887323943662,396.22641509433964
121.47887323943662,392.688679245283
121.47887323943662,389.1509433962264
121.47887323943662,385.6132075471698
121.47887323943662,382.07547169811323
121.47887323943662,378.5377358490566
121.47887323943662,375.0
121.47887323943662,371.4622641509434
121.47887323943662,367.92452830188677
121.47887323943662,364.3867924528302
121.47887323943662,360.8490566037736
121.47887323943662,357.311320754717
121.47887323943662,353.77358490566036
121.47887323943662,350.2358490566038
121.47887323943662,346.6981132075472
121.47887323943662,343.16037735849056
121.47887323943662,339.62264150943395
121.47887323943662,336.08490566037733
121.47887323943662,332.54716981132077
121.47887323943662,329.00943396226415
121.47887323943662,325.47169811320754
121.47887323943662,321.9339622641509
121.47887323943662,318.39622641509436
121.47887323943662,314.85849056603774
121.47887323943662,311.3207547169811
121.47887323943662,307.7830188679245
121.47887323943662,304.24528301886795
121.47887323943662,300.70754716981133
121.47887323943662,297.1698113207547
121.47887323943662,293.6320754716981
121.47887323943662,290.0943396226415
121.47887323943662,286.5566037735849
121.47887323943662,283.0188679245283
121.47887323943662,279.4811320754717
121.47887323943662,275.9433962264151
121.47887323943662,272.4056603773585
121.47887323943662,268.8679245283019
121.47887323943662,265.3301886792453
121.47887323943662,261.79245283018867
121.47887323943662,258.25471698113205
121.47887323943662,254.71698113207546
121.47887323943662,251.17924528301887
121.47887323943662,247.64150943396226
121.47887323943662,244.10377358490567
121.47887323943662,240.56603773584905
121.47887323943662,237.02830188679246
121.47887323943662,233.49056603773585
121.47887323943662,229.95283018867926
121.47887323943662,226.41509433962264
121.47887323943662,222.87735849056602
121.47887323943662,219.33962264150944
121.47887323943662,215.80188679245282
121.47887323943662,212.26415094339623
121.47887323943662,208.72641509433961
121.47887323943662,205.18867924528303
121.47887323943662,201.6509433962264
121.47887323943662,198.11320754716982
121.47887323943662,194.5754716981132
121.47887323943662,191.03773584905662
121.47887323943662,187.5
121.47887323943662,183.96226415094338
121.47887323943662,180.4245283018868
121.47887323943662,176.88679245283018
121.47887323943662,173.3490566037736
121.47887323943662,169.81132075471697
121.47887323943662,166.27358490566039
121.47887323943662,162.73584905660377
121.47887323943662,159.19811320754718
121.47887323943662,155.66037735849056
121.47887323943662,152.12264150943398
121.47887323943662,148.58490566037736
121.47887323943662,145.04716981132074
121.47887323943662,141.50943396226415
121.47887323943662,137.97169811320754
121.47887323943662,134.43396226415095
121.47887323943662,130.89622641509433
121.47887323943662,127.35849056603773
121.47887323943662,123.82075471698113
121.47887323943662,120.28301886792453
121.47887323943662,116.74528301886792
121.47887323943662,113.20754716981132
121.47887323943662,109.66981132075472
121.47887323943662,106.13207547169812
121.47887323943662,102.59433962264151
121.47887323943662,99.05660377358491
121.47887323943662,95.51886792452831
121.47887323943662,91.98113207547169
121.47887323943662,88.44339622641509
121.47887323943662,84.90566037735849
121.47887323943662,81.36792452830188
121.47887323943662,77.83018867924528
121.47887323943662,74.29245283018868
121.47887323943662,70.75471698113208
121.47887323943662,67.21698113207547
121.47887323943662,63.679245283018865
121.47887323943662,60.14150943396226
121.47887323943662,56.60377358490566
121.47887323943662,53.06603773584906
121.47887323943662,49.528301886792455
121.47887323943662,45.990566037735846
121.47887323943662,42.45283018867924
121.47887323943662,38.91509433962264
121.47887323943662,35.37735849056604
121.47887323943662,31.839622641509433
121.47887323943662,28.30188679245283
121.47887323943662,24.764150943396228
121.47887323943662,21.22641509433962
126.7605633802817,1040.0943396226414
126.7605633802817,1036.5566037735848
126.7605633802817,1033.0188679245282
126.7605633802817,1029.4811320754718
126.7605633802817,1025.9433962264152
126.7605633802817,1022.4056603773585
126.7605633802817,1018.8679245283018
126.7605633802817,1015.3301886792453
126.7605633802817,1011.7924528301887
126.7605633802817,1008.2547169811321
126.7605633802817,1004.7169811320755
126.7605633802817,1001.1792452830189
126.7605633802817,997.6415094339623
126.7605633802817,994.1037735849056
126.7605633802817,990.566037735849
126.7605633802817,987.0283018867924
126.7605633802817,983.4905660377359
126.7605633802817,979.9528301886793
126.7605633802817,976.4150943396227
126.7605633802817,972.877358490566
126.7605633802817,969.3396226415094
126.7605633802817,965.8018867924528
126.7605633802817,962.2641509433962
126.7605633802817,958.7264150943396
126.7605633802817,955.188679245283
126.7605633802817,951.6509433962265
126.7605633802817,948.1132075471698
126.7605633802817,944.5754716981132
126.7605633802817,941.0377358490566
126.7605633802817,937.5
126.7605633802817,933.9622641509434
126.7605633802817,930.4245283018868
126.7605633802817,926.8867924528302
126.7605633802817,923.3490566037735
126.7605633802817,919.811320754717
126.7605633802817,916.2735849056604
126.7605633802817,912.7358490566038
126.7605633802817,909.1981132075472
126.7605633802817,905.6603773584906
126.7605633802817,902.122641509434
126.7605633802817,898.5849056603773
126.7605633802817,895.0471698113207
126.7605633802817,891.5094339622641
126.7605633802817,887.9716981132076
126.7605633802817,884.433962264151
126.7605633802817,880.8962264150944
126.7605633802817,877.3584905660377
126.7605633802817,873.8207547169811
126.7605633802817,870.2830188679245
126.7605633802817,866.7452830188679
126.7605633802817,863.2075471698113
126.7605633802817,859.6698113207547
126.7605633802817,856.1320754716982
126.7605633802817,852.5943396226415
126.7605633802817,849.0566037735849
126.7605633802817,845.5188679245283
126.7605633802817,841.9811320754717
126.7605633802817,838.4433962264151
126.7605633802817,834.9056603773585
126.7605633802817,831.3679245283018
126.7605633802817,827.8301886792453
126.7605633802817,824.2924528301887
126.7605633802817,820.7547169811321
126.7605633802817,817.2169811320755
126.7605633802817,813.6792452830189
126.7605633802817,810.1415094339623
126.7605633802817,806.6037735849056
126.7605633802817,803.066037735849
126.7605633802817,799.5283018867924
126.7605633802817,795.9905660377359
126.7605633802817,792.4528301886793
126.7605633802817,788.9150943396227
126.7605633802817,785.377358490566
126.7605633802817,781.8396226415094
126.7605633802817,778.3018867924528
126.7605633802817,774.7641509433962
126.7605633802817,771.2264150943396
126.7605633802817,767.688679245283
126.7605633802817,764.1509433962265
126.7605633802817,760.6132075471698
126.7605633802817,757.0754716981132
126.7605633802817,753.5377358490566
126.7605633802817,750.0
126.7605633802817,746.4622641509434
126.7605633802817,742.9245283018868
126.7605633802817,739.3867924528302
126.7605633802817,735.8490566037735
126.7605633802817,732.311320754717
126.7605633802817,728.7735849056604
126.7605633802817,725.2358490566038
126.7605633802817,721.6981132075472
126.7605633802817,718.1603773584906
126.7605633802817,714.622641509434
126.7605633802817,711.0849056603773
126.7605633802817,707.5471698113207
126.7605633802817,704.0094339622641
126.7605633802817,700.4716981132076
126.7605633802817,696.933962264151
126.7605633802817,693.3962264150944
126.7605633802817,689.8584905660377
126.7605633802817,686.3207547169811
126.7605633802817,682.7830188679245
126.7605633802817,679.2452830188679
126.7605633802817,675.7075471698113
126.7605633802817,672.1698113207547
126.7605633802817,668.6320754716982
126.7605633802817,665.0943396226415
126.7605633802817,661.5566037735849
126.7605633802817,658.0188679245283
126.7605633802817,654.4811320754717
126.7605633802817,650.9433962264151
126.7605633802817,647.4056603773585
126.7605633802817,643.8679245283018
126.7605633802817,640.3301886792453
126.7605633802817,636.7924528301887
126.7605633802817,633.2547169811321
126.7605633802817,629.7169811320755
126.7605633802817,626.1792452830189
126.7605633802817,622.6415094339623
126.7605633802817,619.1037735849056
126.7605633802817,615.566037735849
126.7605633802817,612.0283018867924
126.7605633802817,608.4905660377359
126.7605633802817,604.9528301886793
126.7605633802817,601.4150943396227
126.7605633802817,597.877358490566
126.7605633802817,594.3396226415094
126.7605633802817,590.8018867924528
126.7605633802817,587.2641509433962
126.7605633802817,583.7264150943396
126.7605633802817,580.188679245283
126.7605633802817,576.6509433962265
126.7605633802817,573.1132075471698
126.7605633802817,569.5754716981132
126.7605633802817,566.0377358490566
126.7605633802817,562.5
126.7605633802817,558.9622641509434
126.7605633802817,555.4245283018868
126.7605633802817,551.8867924528302
126.7605633802817,548.3490566037735
126.7605633802817,544.811320754717
126.7605633802817,541.2735849056604
126.7605633802817,537.7358490566038
126.7605633802817,534.1981132075472
126.7605633802817,530.6603773584906
126.7605633802817,527.122641509434
126.7605633802817,523.5849056603773
126.7605633802817,520.0471698113207
126.7605633802817,516.5094339622641
126.7605633802817,512.9716981132076
126.7605633802817,509.4339622641509
126.7605633802817,505.89622641509436
126.7605633802817,502.35849056603774
126.7605633802817,498.8207547169811
126.7605633802817,495.2830188679245
126.7605633802817,491.74528301886795
126.7605633802817,488.20754716981133
126.7605633802817,484.6698113207547
126.7605633802817,481.1320754716981
126.7605633802817,477.5943396226415
126.7605633802817,474.0566037735849
126.7605633802817,470.5188679245283
126.7605633802817,466.9811320754717
126.7605633802817,463.4433962264151
126.7605633802817,459.9056603773585
126.7605633802817,456.3679245283019
126.7605633802817,452.8301886792453
126.7605633802817,449.29245283018867
126.7605633802817,445.75471698113205
126.7605633802817,442.2169811320755
126.7605633802817,438.6792452830189
126.7605633802817,435.14150943396226
126.7605633802817,431.60377358490564
126.7605633802817,428.0660377358491
126.7605633802817,424.52830188679246
126.7605633802817,420.99056603773585
126.7605633802817,417.45283018867923
126.7605633802817,413.91509433962267
126.7605633802817,410.37735849056605
126.7605633802817,406.83962264150944
126.7605633802817,403.3018867924528
126.7605633802817,399.7641509433962
126.7605633802817,396.22641509433964
126.7605633802817,392.688679245283
126.7605633802817,389.1509433962264
126.7605633802817,385.6132075471698
126.7605633802817,382.07547169811323
126.7605633802817,378.5377358490566
126.7605633802817,375.0
126.7605633802817,371.4622641509434
126.7605633802817,367.92452830188677
126.7605633802817,364.3867924528302
126.7605633802817,360.8490566037736
126.7605633802817,357.311320754717
126.7605633802817,353.77358490566036
126.7605633802817,350.2358490566038
126.7605633802817,346.6981132075472
126.7605633802817,343.16037735849056
126.7605633802817,339.62264150943395
126.7605633802817,336.08490566037733
126.7605633802817,332.54716981132077
126.7605633802817,329.00943396226415
126.7605633802817,325.47169811320754
126.7605633802817,321.9339622641509
126.7605633802817,318.39622641509436
126.7605633802817,314.85849056603774
126.7605633802817,311.3207547169811
126.7605633802817,307.7830188679245
126.7605633802817,304.24528301886795
126.7605633802817,300.70754716981133
126.7605633802817,297.1698113207547
126.7605633802817,293.6320754716981
126.7605633802817,290.0943396226415
126.7605633802817,286.5566037735849
126.7605633802817,283.0188679245283
126.7605633802817,279.4811320754717
126.7605633802817,275.9433962264151
126.7605633802817,272.4056603773585
126.7605633802817,268.8679245283019
126.7605633802817,265.3301886792453
126.7605633802817,261.79245283018867
126.7605633802817,258.25471698113205
126.7605633802817,254.71698113207546
126.7605633802817,251.17924528301887
126.7605633802817,247.64150943396226
126.7605633802817,244.10377358490567
126.7605633802817,240.56603773584905
126.7605633802817,237.02830188679246
126.7605633802817,233.49056603773585
126.7605633802817,229.95283018867926
126.7605633802817,226.41509433962264
126.7605633802817,222.87735849056602
126.7605633802817,219.33962264150944
126.7605633802817,215.80188679245282
126.7605633802817,212.26415094339623
126.7605633802817,208.72641509433961
126.7605633802817,205.18867924528303
126.7605633802817,201.6509433962264
126.7605633802817,198.11320754716982
126.7605633802817,194.5754716981132
126.7605633802817,191.03773584905662
126.7605633802817,187.5
126.7605633802817,183.96226415094338
126.7605633802817,180.4245283018868
126.7605633802817,176.88679245283018
126.7605633802817,173.3490566037736
126.7605633802817,169.81132075471697
126.7605633802817,166.27358490566039
126.7605633802817,162.73584905660377
126.7605633802817,159.19811320754718
126.7605633802817,155.66037735849056
126.7605633802817,152.12264150943398
126.7605633802817,148.58490566037736
126.7605633802817,145.04716981132074
126.7605633802817,141.50943396226415
126.7605633802817,137.97169811320754
126.7605633802817,134.43396226415095
126.7605633802817,130.89622641509433
126.7605633802817,127.35849056603773
126.7605633802817,123.82075471698113
126.7605633802817,120.28301886792453
126.7605633802817,116.74528301886792
126.7605633802817,113.20754716981132
126.7605633802817,109.66981132075472
126.7605633802817,106.13207547169812
126.7605633802817,102.59433962264151
126.7605633802817,99.05660377358491
126.7605633802817,95.51886792452831
126.7605633802817,91.98113207547169
126.7605633802817,88.44339622641509
126.7605633802817,84.90566037735849
126.7605633802817,81.36792452830188
126.7605633802817,77.83018867924528
126.7605633802817,74.29245283018868
126.7605633802817,70.75471698113208
126.7605633802817,67.21698113207547
126.7605633802817,63.679245283018865
126.7605633802817,60.14150943396226
126.7605633802817,56.60377358490566
126.7605633802817,53.06603773584906
126.7605633802817,49.528301886792455
126.7605633802817,45.990566037735846
126.7605633802817,42.45283018867924
126.7605633802817,38.91509433962264
132.04225352112675,1404.4811320754718
132.04225352112675,1400.9433962264152
132.04225352112675,1397.4056603773586
132.04225352112675,1393.867924528302
132.04225352112675,1390.3301886792453
132.04225352112675,1386.7924528301887
132.04225352112675,1383.254716981132
132.04225352112675,1379.7169811320755
132.04225352112675,1376.1792452830189
132.04225352112675,1372.6415094339623
132.04225352112675,1369.1037735849056
132.04225352112675,1365.566037735849
132.04225352112675,1362.0283018867924
132.04225352112675,1358.4905660377358
132.04225352112675,1354.9528301886792
132.04225352112675,1351.4150943396226
132.04225352112675,1347.877358490566
132.04225352112675,1344.3396226415093
132.04225352112675,1340.801886792453
132.04225352112675,1337.2641509433963
132.04225352112675,1333.7264150943397
132.04225352112675,1330.188679245283
132.04225352112675,1326.6509433962265
132.04225352112675,1323.1132075471698
132.04225352112675,1319.5754716981132
132.04225352112675,1316.0377358490566
132.04225352112675,1312.5
132.04225352112675,1308.9622641509434
132.04225352112675,1305.4245283018868
132.04225352112675,1301.8867924528302
132.04225352112675,1298.3490566037735
132.04225352112675,1294.811320754717
132.04225352112675,1291.2735849056603
132.04225352112675,1287.7358490566037
132.04225352112675,1284.198113207547
132.04225352112675,1280.6603773584907
132.04225352112675,1277.122641509434
132.04225352112675,1273.5849056603774
132.04225352112675,1270.0471698113208
132.04225352112675,1266.5094339622642
132.04225352112675,1262.9716981132076
132.04225352112675,1259.433962264151
132.04225352112675,1255.8962264150944
132.04225352112675,1252.3584905660377
132.04225352112675,1248.8207547169811
132.04225352112675,1245.2830188679245
132.04225352112675,1241.745283018868
132.04225352112675,1238.2075471698113
132.04225352112675,1234.6698113207547
132.04225352112675,1231.132075471698
132.04225352112675,1227.5943396226414
132.04225352112675,1224.0566037735848
132.04225352112675,1220.5188679245282
132.04225352112675,1216.9811320754718
132.04225352112675,1213.4433962264152
132.04225352112675,1209.9056603773586
132.04225352112675,1206.367924528302
132.04225352112675,1202.8301886792453
132.04225352112675,1199.2924528301887
132.04225352112675,1195.754716981132
132.04225352112675,1192.2169811320755
132.04225352112675,1188.6792452830189
132.04225352112675,1185.1415094339623
132.04225352112675,1181.6037735849056
132.04225352112675,1178.066037735849
132.04225352112675,1174.5283018867924
132.04225352112675,1170.9905660377358
132.04225352112675,1167.4528301886792
132.04225352112675,1163.9150943396226
132.04225352112675,1160.377358490566
132.04225352112675,1156.8396226415093
132.04225352112675,1153.301886792453
132.04225352112675,1149.7641509433963
132.04225352112675,1146.2264150943397
132.04225352112675,1142.688679245283
132.04225352112675,1139.1509433962265
132.04225352112675,1135.6132075471698
132.04225352112675,1132.0754716981132
132.04225352112675,1128.5377358490566
132.04225352112675,1125.0
132.04225352112675,1121.4622641509434
132.04225352112675,1117.9245283018868
132.04225352112675,1114.3867924528302
132.04225352112675,1110.8490566037735
132.04225352112675,1107.311320754717
132.04225352112675,1103.7735849056603
132.04225352112675,1100.2358490566037
132.04225352112675,1096.698113207547
132.04225352112675,1093.1603773584907
132.04225352112675,1089.622641509434
132.04225352112675,1086.0849056603774
132.04225352112675,1082.5471698113208
132.04225352112675,1079.0094339622642
132.04225352112675,1075.4716981132076
132.04225352112675,1071.933962264151
132.04225352112675,1068.3962264150944
132.04225352112675,1064.8584905660377
132.04225352112675,1061.3207547169811
132.04225352112675,1057.7830188679245
132.04225352112675,1054.245283018868
132.04225352112675,1050.7075471698113
132.04225352112675,1047.1698113207547
132.04225352112675,1043.632075471698
132.04225352112675,1040.0943396226414
132.04225352112675,1036.5566037735848
132.04225352112675,1033.0188679245282
132.04225352112675,1029.4811320754718
132.04225352112675,1025.9433962264152
132.04225352112675,1022.4056603773585
132.04225352112675,1018.8679245283018
132.04225352112675,1015.3301886792453
132.04225352112675,1011.7924528301887
132.04225352112675,1008.2547169811321
132.04225352112675,1004.7169811320755
132.04225352112675,1001.1792452830189
132.04225352112675,997.6415094339623
132.04225352112675,994.1037735849056
132.04225352112675,990.566037735849
132.04225352112675,987.0283018867924
132.04225352112675,983.4905660377359
132.04225352112675,979.9528301886793
132.04225352112675,976.4150943396227
132.04225352112675,972.877358490566
132.04225352112675,969.3396226415094
132.04225352112675,965.8018867924528
132.04225352112675,962.2641509433962
132.04225352112675,958.7264150943396
132.04225352112675,955.188679245283
132.04225352112675,951.6509433962265
132.04225352112675,948.1132075471698
132.04225352112675,944.5754716981132
132.04225352112675,941.0377358490566
132.04225352112675,937.5
132.04225352112675,933.9622641509434
132.04225352112675,930.4245283018868
132.04225352112675,926.8867924528302
132.04225352112675,923.3490566037735
132.04225352112675,919.811320754717
132.04225352112675,916.2735849056604
132.04225352112675,912.7358490566038
132.04225352112675,909.1981132075472
132.04225352112675,905.6603773584906
132.04225352112675,902.122641509434
132.04225352112675,898.5849056603773
132.04225352112675,895.0471698113207
132.04225352112675,891.5094339622641
132.04225352112675,887.9716981132076
132.04225352112675,884.433962264151
132.04225352112675,880.8962264150944
132.04225352112675,877.3584905660377
132.04225352112675,873.8207547169811
132.04225352112675,870.2830188679245
132.04225352112675,866.7452830188679
132.04225352112675,863.2075471698113
132.04225352112675,859.6698113207547
132.04225352112675,856.1320754716982
132.04225352112675,852.5943396226415
132.04225352112675,849.0566037735849
132.04225352112675,845.5188679245283
132.04225352112675,841.9811320754717
132.04225352112675,838.4433962264151
132.04225352112675,834.9056603773585
132.04225352112675,831.3679245283018
132.04225352112675,827.8301886792453
132.04225352112675,824.2924528301887
132.04225352112675,820.7547169811321
132.04225352112675,817.2169811320755
132.04225352112675,813.6792452830189
132.04225352112675,810.1415094339623
132.04225352112675,806.6037735849056
132.04225352112675,803.066037735849
132.04225352112675,799.5283018867924
132.04225352112675,795.9905660377359
132.04225352112675,792.4528301886793
132.04225352112675,788.9150943396227
132.04225352112675,785.377358490566
132.04225352112675,781.8396226415094
132.04225352112675,778.3018867924528
132.04225352112675,774.7641509433962
132.04225352112675,771.2264150943396
132.04225352112675,767.688679245283
132.04225352112675,764.1509433962265
132.04225352112675,760.6132075471698
132.04225352112675,757.0754716981132
132.04225352112675,753.5377358490566
132.04225352112675,750.0
132.04225352112675,746.4622641509434
132.04225352112675,742.9245283018868
132.04225352112675,739.3867924528302
132.04225352112675,735.8490566037735
132.04225352112675,732.311320754717
132.04225352112675,728.7735849056604
132.04225352112675,725.2358490566038
132.04225352112675,721.6981132075472
132.04225352112675,718.1603773584906
132.04225352112675,714.622641509434
132.04225352112675,711.0849056603773
132.04225352112675,707.5471698113207
132.04225352112675,704.0094339622641
132.04225352112675,700.4716981132076
132.04225352112675,696.933962264151
132.04225352112675,693.3962264150944
132.04225352112675,689.8584905660377
132.04225352112675,686.3207547169811
132.04225352112675,682.7830188679245
132.04225352112675,679.2452830188679
132.04225352112675,675.7075471698113
132.04225352112675,672.1698113207547
132.04225352112675,668.6320754716982
132.04225352112675,665.0943396226415
132.04225352112675,661.5566037735849
132.04225352112675,658.0188679245283
132.04225352112675,654.4811320754717
132.04225352112675,650.9433962264151
132.04225352112675,647.4056603773585
132.04225352112675,643.8679245283018
132.04225352112675,640.3301886792453
132.04225352112675,636.7924528301887
132.04225352112675,633.2547169811321
132.04225352112675,629.7169811320755
132.04225352112675,626.1792452830189
132.04225352112675,622.6415094339623
132.04225352112675,619.1037735849056
132.04225352112675,615.566037735849
132.04225352112675,612.0283018867924
132.04225352112675,608.4905660377359
132.04225352112675,604.9528301886793
132.04225352112675,601.4150943396227
132.04225352112675,597.877358490566
132.04225352112675,594.3396226415094
132.04225352112675,590.8018867924528
132.04225352112675,587.2641509433962
132.04225352112675,583.7264150943396
132.04225352112675,580.188679245283
132.04225352112675,576.6509433962265
132.04225352112675,573.1132075471698
132.04225352112675,569.5754716981132
132.04225352112675,566.0377358490566
132.04225352112675,562.5
132.04225352112675,558.9622641509434
132.04225352112675,555.4245283018868
132.04225352112675,551.8867924528302
132.04225352112675,548.3490566037735
132.04225352112675,544.811320754717
132.04225352112675,541.2735849056604
132.04225352112675,537.7358490566038
132.04225352112675,534.1981132075472
132.04225352112675,530.6603773584906
132.04225352112675,527.122641509434
132.04225352112675,523.5849056603773
132.04225352112675,520.0471698113207
132.04225352112675,516.5094339622641
132.04225352112675,512.9716981132076
132.04225352112675,509.4339622641509
132.04225352112675,505.89622641509436
132.04225352112675,502.35849056603774
132.04225352112675,498.8207547169811
132.04225352112675,495.2830188679245
132.04225352112675,491.74528301886795
132.04225352112675,488.20754716981133
132.04225352112675,484.6698113207547
132.04225352112675,481.1320754716981
132.04225352112675,477.5943396226415
132.04225352112675,474.0566037735849
132.04225352112675,470.5188679245283
132.04225352112675,466.9811320754717
132.04225352112675,463.4433962264151
132.04225352112675,459.9056603773585
132.04225352112675,456.3679245283019
132.04225352112675,452.8301886792453
132.04225352112675,449.29245283018867
132.04225352112675,445.75471698113205
132.04225352112675,442.2169811320755
132.04225352112675,438.6792452830189
132.04225352112675,435.14150943396226
132.04225352112675,431.60377358490564
132.04225352112675,428.0660377358491
132.04225352112675,424.52830188679246
132.04225352112675,420.99056603773585
132.04225352112675,417.45283018867923
132.04225352112675,413.91509433962267
132.04225352112675,410.37735849056605
132.04225352112675,406.83962264150944
132.04225352112675,403.3018867924528
132.04225352112675,399.7641509433962
132.04225352112675,396.22641509433964
132.04225352112675,392.688679245283
132.04225352112675,389.1509433962264
132.04225352112675,385.6132075471698
132.04225352112675,382.07547169811323
132.04225352112675,378.5377358490566
132.04225352112675,375.0
132.04225352112675,371.4622641509434
132.04225352112675,367.92452830188677
132.04225352112675,364.3867924528302
132.04225352112675,360.8490566037736
132.04225352112675,357.311320754717
132.04225352112675,353.77358490566036
132.04225352112675,350.2358490566038
132.04225352112675,346.6981132075472
132.04225352112675,343.16037735849056
132.04225352112675,339.62264150943395
132.04225352112675,336.08490566037733
132.04225352112675,332.54716981132077
132.04225352112675,329.00943396226415
132.04225352112675,325.47169811320754
132.04225352112675,321.9339622641509
132.04225352112675,318.39622641509436
132.04225352112675,314.85849056603774
132.04225352112675,311.3207547169811
132.04225352112675,307.7830188679245
132.04225352112675,304.24528301886795
132.04225352112675,300.70754716981133
132.04225352112675,297.1698113207547
132.04225352112675,293.6320754716981
132.04225352112675,290.0943396226415
132.04225352112675,286.5566037735849
132.04225352112675,283.0188679245283
132.04225352112675,279.4811320754717
132.04225352112675,275.9433962264151
132.04225352112675,272.4056603773585
132.04225352112675,268.8679245283019
132.04225352112675,265.3301886792453
132.04225352112675,261.79245283018867
132.04225352112675,258.25471698113205
132.04225352112675,254.71698113207546
132.04225352112675,251.17924528301887
132.04225352112675,247.64150943396226
132.04225352112675,244.10377358490567
132.04225352112675,240.56603773584905
132.04225352112675,237.02830188679246
132.04225352112675,233.49056603773585
132.04225352112675,229.95283018867926
132.04225352112675,226.41509433962264
132.04225352112675,222.87735849056602
132.04225352112675,219.33962264150944
132.04225352112675,215.80188679245282
132.04225352112675,212.26415094339623
132.04225352112675,208.72641509433961
132.04225352112675,205.18867924528303
132.04225352112675,201.6509433962264
132.04225352112675,198.11320754716982
132.04225352112675,194.5754716981132
132.04225352112675,191.03773584905662
132.04225352112675,187.5
132.04225352112675,183.96226415094338
132.04225352112675,180.4245283018868
132.04225352112675,176.88679245283018
132.04225352112675,173.3490566037736
132.04225352112675,169.81132075471697
132.04225352112675,166.27358490566039
132.04225352112675,162.73584905660377
132.04225352112675,159.19811320754718
132.04225352112675,155.66037735849056
132.04225352112675,152.12264150943398
132.04225352112675,148.58490566037736
132.04225352112675,145.04716981132074
132.04225352112675,141.50943396226415
132.04225352112675,137.97169811320754
132.04225352112675,134.43396226415095
132.04225352112675,130.89622641509433
132.04225352112675,127.35849056603773
132.04225352112675,123.82075471698113
137.32394366197184,1698.1132075471698
137.32394366197184,1694.5754716981132
137.32394366197184,1691.0377358490566
137.32394366197184,1687.5
137.32394366197184,1683.9622641509434
137.32394366197184,1680.4245283018868
137.32394366197184,1676.8867924528302
137.32394366197184,1673.3490566037735
137.32394366197184,1669.811320754717
137.32394366197184,1666.2735849056603
137.32394366197184,1662.7358490566037
137.32394366197184,1659.198113207547
137.32394366197184,1655.6603773584907
137.32394366197184,1652.122641509434
137.32394366197184,1648.5849056603774
137.32394366197184,1645.0471698113208
137.32394366197184,1641.5094339622642
137.32394366197184,1637.9716981132076
137.32394366197184,1634.433962264151
137.32394366197184,1630.8962264150944
137.32394366197184,1627.3584905660377
137.32394366197184,1623.8207547169811
137.32394366197184,1620.2830188679245
137.32394366197184,1616.745283018868
137.32394366197184,1613.2075471698113
137.32394366197184,1609.6698113207547
137.32394366197184,1606.132075471698
137.32394366197184,1602.5943396226414
137.32394366197184,1599.0566037735848
137.32394366197184,1595.5188679245282
137.32394366197184,1591.9811320754718
137.32394366197184,1588.4433962264152
137.32394366197184,1584.9056603773586
137.32394366197184,1581.367924528302
137.32394366197184,1577.8301886792453
137.32394366197184,1574.2924528301887
137.32394366197184,1570.754716981132
137.32394366197184,1567.2169811320755
137.32394366197184,1563.6792452830189
137.32394366197184,1560.1415094339623
137.32394366197184,1556.6037735849056
137.32394366197184,1553.066037735849
137.32394366197184,1549.5283018867924
137.32394366197184,1545.9905660377358
137.32394366197184,1542.4528301886792
137.32394366197184,1538.9150943396226
137.32394366197184,1535.377358490566
137.32394366197184,1531.8396226415093
137.32394366197184,1528.301886792453
137.32394366197184,1524.7641509433963
137.32394366197184,1521.2264150943397
137.32394366197184,1517.688679245283
137.32394366197184,1514.1509433962265
137.32394366197184,1510.6132075471698
137.32394366197184,1507.0754716981132
137.32394366197184,1503.5377358490566
137.32394366197184,1500.0
137.32394366197184,1496.4622641509434
137.32394366197184,1492.9245283018868
137.32394366197184,1489.3867924528302
137.32394366197184,1485.8490566037735
137.32394366197184,1482.311320754717
137.32394366197184,1478.7735849056603
137.32394366197184,1475.2358490566037
137.32394366197184,1471.698113207547
137.32394366197184,1468.1603773584907
137.32394366197184,1464.622641509434
137.32394366197184,1461.0849056603774
137.32394366197184,1457.5471698113208
137.32394366197184,1454.0094339622642
137.32394366197184,1450.4716981132076
137.32394366197184,1446.933962264151
137.32394366197184,1443.3962264150944
137.32394366197184,1439.8584905660377
137.32394366197184,1436.3207547169811
137.32394366197184,1432.7830188679245
137.32394366197184,1429.245283018868
137.32394366197184,1425.7075471698113
137.32394366197184,1422.1698113207547
137.32394366197184,1418.632075471698
137.32394366197184,1415.0943396226414
137.32394366197184,1411.5566037735848
137.32394366197184,1408.0188679245282
137.32394366197184,1404.4811320754718
137.32394366197184,1400.9433962264152
137.32394366197184,1397.4056603773586
137.32394366197184,1393.867924528302
137.32394366197184,1390.3301886792453
137.32394366197184,1386.7924528301887
137.32394366197184,1383.254716981132
137.32394366197184,1379.7169811320755
137.32394366197184,1376.1792452830189
137.32394366197184,1372.6415094339623
137.32394366197184,1369.1037735849056
137.32394366197184,1365.566037735849
137.32394366197184,1362.0283018867924
137.32394366197184,1358.4905660377358
137.32394366197184,1354.9528301886792
137.32394366197184,1351.4150943396226
137.32394366197184,1347.877358490566
137.32394366197184,1344.3396226415093
137.32394366197184,1340.801886792453
137.32394366197184,1337.2641509433963
137.32394366197184,1333.7264150943397
137.32394366197184,1330.188679245283
137.32394366197184,1326.6509433962265
137.32394366197184,1323.1132075471698
137.32394366197184,1319.5754716981132
137.32394366197184,1316.0377358490566
137.32394366197184,1312.5
137.32394366197184,1308.9622641509434
137.32394366197184,1305.4245283018868
137.32394366197184,1301.8867924528302
137.32394366197184,1298.3490566037735
137.32394366197184,1294.811320754717
137.32394366197184,1291.2735849056603
137.32394366197184,1287.7358490566037
137.32394366197184,1284.198113207547
137.32394366197184,1280.6603773584907
137.32394366197184,1277.122641509434
137.32394366197184,1273.5849056603774
137.32394366197184,1270.0471698113208
137.32394366197184,1266.5094339622642
137.32394366197184,1262.9716981132076
137.32394366197184,1259.433962264151
137.32394366197184,1255.8962264150944
137.32394366197184,1252.3584905660377
137.32394366197184,1248.8207547169811
137.32394366197184,1245.2830188679245
137.32394366197184,1241.745283018868
137.32394366197184,1238.2075471698113
137.32394366197184,1234.6698113207547
137.32394366197184,1231.132075471698
137.32394366197184,1227.5943396226414
137.32394366197184,1224.0566037735848
137.32394366197184,1220.5188679245282
137.32394366197184,1216.9811320754718
137.32394366197184,1213.4433962264152
137.32394366197184,1209.9056603773586
137.32394366197184,1206.367924528302
137.32394366197184,1202.8301886792453
137.32394366197184,1199.2924528301887
137.32394366197184,1195.754716981132
137.32394366197184,1192.2169811320755
137.32394366197184,1188.6792452830189
137.32394366197184,1185.1415094339623
137.32394366197184,1181.6037735849056
137.32394366197184,1178.066037735849
137.32394366197184,1174.5283018867924
137.32394366197184,1170.9905660377358
137.32394366197184,1167.4528301886792
137.32394366197184,1163.9150943396226
137.32394366197184,1160.377358490566
137.32394366197184,1156.8396226415093
137.32394366197184,1153.301886792453
137.32394366197184,1149.7641509433963
137.32394366197184,1146.2264150943397
137.32394366197184,1142.688679245283
137.32394366197184,1139.1509433962265
137.32394366197184,1135.6132075471698
137.32394366197184,1132.0754716981132
137.32394366197184,1128.5377358490566
137.32394366197184,1125.0
137.32394366197184,1121.4622641509434
137.32394366197184,1117.9245283018868
137.32394366197184,1114.3867924528302
137.32394366197184,1110.8490566037735
137.32394366197184,1107.311320754717
137.32394366197184,1103.7735849056603
137.32394366197184,1100.2358490566037
137.32394366197184,1096.698113207547
137.32394366197184,1093.1603773584907
137.32394366197184,1089.622641509434
137.32394366197184,1086.0849056603774
137.32394366197184,1082.5471698113208
137.32394366197184,1079.0094339622642
137.32394366197184,1075.4716981132076
137.32394366197184,1071.933962264151
137.32394366197184,1068.3962264150944
137.32394366197184,1064.8584905660377
137.32394366197184,1061.3207547169811
137.32394366197184,1057.7830188679245
137.32394366197184,1054.245283018868
137.32394366197184,1050.7075471698113
137.32394366197184,1047.1698113207547
137.32394366197184,1043.632075471698
137.32394366197184,1040.0943396226414
137.32394366197184,1036.5566037735848
137.32394366197184,1033.0188679245282
137.32394366197184,1029.4811320754718
137.32394366197184,1025.9433962264152
137.32394366197184,1022.4056603773585
137.32394366197184,1018.8679245283018
137.32394366197184,1015.3301886792453
137.32394366197184,1011.7924528301887
137.32394366197184,1008.2547169811321
137.32394366197184,1004.7169811320755
137.32394366197184,1001.1792452830189
137.32394366197184,997.6415094339623
137.32394366197184,994.1037735849056
137.32394366197184,990.566037735849
137.32394366197184,987.0283018867924
137.32394366197184,983.4905660377359
137.32394366197184,979.9528301886793
137.32394366197184,976.4150943396227
137.32394366197184,972.877358490566
137.32394366197184,969.3396226415094
137.32394366197184,965.8018867924528
137.32394366197184,962.2641509433962
137.32394366197184,958.7264150943396
137.32394366197184,955.188679245283
137.32394366197184,951.6509433962265
137.32394366197184,948.1132075471698
137.32394366197184,944.5754716981132
137.32394366197184,941.0377358490566
137.32394366197184,937.5
137.32394366197184,933.9622641509434
137.32394366197184,930.4245283018868
137.32394366197184,926.8867924528302
137.32394366197184,923.3490566037735
137.32394366197184,919.811320754717
137.32394366197184,916.2735849056604
137.32394366197184,912.7358490566038
137.32394366197184,909.1981132075472
137.32394366197184,905.6603773584906
137.32394366197184,902.122641509434
137.32394366197184,898.5849056603773
137.32394366197184,895.0471698113207
137.32394366197184,891.5094339622641
137.32394366197184,887.9716981132076
137.32394366197184,884.433962264151
137.32394366197184,880.8962264150944
137.32394366197184,877.3584905660377
137.32394366197184,873.8207547169811
137.32394366197184,870.2830188679245
137.32394366197184,866.7452830188679
137.32394366197184,863.2075471698113
137.32394366197184,859.6698113207547
137.32394366197184,856.1320754716982
137.32394366197184,852.5943396226415
137.32394366197184,849.0566037735849
137.32394366197184,845.5188679245283
137.32394366197184,841.9811320754717
137.32394366197184,838.4433962264151
137.32394366197184,834.9056603773585
137.32394366197184,831.3679245283018
137.32394366197184,827.8301886792453
137.32394366197184,824.2924528301887
137.32394366197184,820.7547169811321
137.32394366197184,817.2169811320755
137.32394366197184,813.6792452830189
137.32394366197184,810.1415094339623
137.32394366197184,806.6037735849056
137.32394366197184,803.066037735849
137.32394366197184,799.5283018867924
137.32394366197184,795.9905660377359
137.32394366197184,792.4528301886793
137.32394366197184,788.9150943396227
137.32394366197184,785.377358490566
137.32394366197184,781.8396226415094
137.32394366197184,778.3018867924528
137.32394366197184,774.7641509433962
137.32394366197184,771.2264150943396
137.32394366197184,767.688679245283
137.32394366197184,764.1509433962265
137.32394366197184,760.6132075471698
137.32394366197184,757.0754716981132
137.32394366197184,753.5377358490566
137.32394366197184,750.0
137.32394366197184,746.4622641509434
137.32394366197184,742.9245283018868
137.32394366197184,739.3867924528302
137.32394366197184,735.8490566037735
137.32394366197184,732.311320754717
137.32394366197184,728.7735849056604
137.32394366197184,725.2358490566038
137.32394366197184,721.6981132075472
137.32394366197184,718.1603773584906
137.32394366197184,714.622641509434
137.32394366197184,711.0849056603773
137.32394366197184,707.5471698113207
137.32394366197184,704.0094339622641
137.32394366197184,700.4716981132076
137.32394366197184,696.933962264151
137.32394366197184,693.3962264150944
137.32394366197184,689.8584905660377
137.32394366197184,686.3207547169811
137.32394366197184,682.7830188679245
137.32394366197184,679.2452830188679
137.32394366197184,675.7075471698113
137.32394366197184,672.1698113207547
137.32394366197184,668.6320754716982
137.32394366197184,665.0943396226415
137.32394366197184,661.5566037735849
137.32394366197184,658.0188679245283
137.32394366197184,654.4811320754717
137.32394366197184,650.9433962264151
137.32394366197184,647.4056603773585
137.32394366197184,643.8679245283018
137.32394366197184,640.3301886792453
137.32394366197184,636.7924528301887
137.32394366197184,633.2547169811321
137.32394366197184,629.7169811320755
137.32394366197184,626.1792452830189
137.32394366197184,622.6415094339623
137.32394366197184,619.1037735849056
137.32394366197184,615.566037735849
137.32394366197184,612.0283018867924
137.32394366197184,608.4905660377359
137.32394366197184,604.9528301886793
137.32394366197184,601.4150943396227
137.32394366197184,597.877358490566
137.32394366197184,594.3396226415094
137.32394366197184,590.8018867924528
137.32394366197184,587.2641509433962
137.32394366197184,583.7264150943396
137.32394366197184,580.188679245283
137.32394366197184,576.6509433962265
137.32394366197184,573.1132075471698
137.32394366197184,569.5754716981132
137.32394366197184,566.0377358490566
137.32394366197184,562.5
137.32394366197184,558.9622641509434
137.32394366197184,555.4245283018868
137.32394366197184,551.8867924528302
137.32394366197184,548.3490566037735
137.32394366197184,544.811320754717
137.32394366197184,541.2735849056604
137.32394366197184,537.7358490566038
137.32394366197184,534.1981132075472
137.32394366197184,530.6603773584906
137.32394366197184,527.122641509434
137.32394366197184,523.5849056603773
137.32394366197184,520.0471698113207
137.32394366197184,516.5094339622641
137.32394366197184,512.9716981132076
137.32394366197184,509.4339622641509
137.32394366197184,505.89622641509436
137.32394366197184,502.35849056603774
137.32394366197184,498.8207547169811
137.32394366197184,495.2830188679245
137.32394366197184,491.74528301886795
137.32394366197184,488.20754716981133
137.32394366197184,484.6698113207547
137.32394366197184,481.1320754716981
137.32394366197184,477.5943396226415
137.32394366197184,474.0566037735849
137.32394366197184,470.5188679245283
137.32394366197184,466.9811320754717
137.32394366197184,463.4433962264151
137.32394366197184,459.9056603773585
137.32394366197184,456.3679245283019
137.32394366197184,452.8301886792453
137.32394366197184,449.29245283018867
137.32394366197184,445.75471698113205
137.32394366197184,442.2169811320755
137.32394366197184,438.6792452830189
137.32394366197184,435.14150943396226
137.32394366197184,431.60377358490564
137.32394366197184,428.0660377358491
137.32394366197184,424.52830188679246
137.32394366197184,420.99056603773585
137.32394366197184,417.45283018867923
137.32394366197184,413.91509433962267
137.32394366197184,410.37735849056605
137.32394366197184,406.83962264150944
137.32394366197184,403.3018867924528
137.32394366197184,399.7641509433962
137.32394366197184,396.22641509433964
137.32394366197184,392.688679245283
137.32394366197184,389.1509433962264
137.32394366197184,385.6132075471698
137.32394366197184,382.07547169811323
137.32394366197184,378.5377358490566
137.32394366197184,375.0
137.32394366197184,371.4622641509434
137.32394366197184,367.92452830188677
137.32394366197184,364.3867924528302
137.32394366197184,360.8490566037736
137.32394366197184,357.311320754717
137.32394366197184,353.77358490566036
137.32394366197184,350.2358490566038
137.32394366197184,346.6981132075472
137.32394366197184,343.16037735849056
137.32394366197184,339.62264150943395
137.32394366197184,336.08490566037733
142.6056338028169,1740.566037735849
142.6056338028169,1737.0283018867924
142.6056338028169,1733.4905660377358
142.6056338028169,1729.9528301886792
142.6056338028169,1726.4150943396226
142.6056338028169,1722.877358490566
142.6056338028169,1719.3396226415093
142.6056338028169,1715.801886792453
142.6056338028169,1712.2641509433963
142.6056338028169,1708.7264150943397
142.6056338028169,1705.188679245283
142.6056338028169,1701.6509433962265
142.6056338028169,1698.1132075471698
142.6056338028169,1694.5754716981132
142.6056338028169,1691.0377358490566
142.6056338028169,1687.5
142.6056338028169,1683.9622641509434
142.6056338028169,1680.4245283018868
142.6056338028169,1676.8867924528302
142.6056338028169,1673.3490566037735
142.6056338028169,1669.811320754717
142.6056338028169,1666.2735849056603
142.6056338028169,1662.7358490566037
142.6056338028169,1659.198113207547
142.6056338028169,1655.6603773584907
142.6056338028169,1652.122641509434
142.6056338028169,1648.5849056603774
142.6056338028169,1645.0471698113208
142.6056338028169,1641.5094339622642
142.6056338028169,1637.9716981132076
142.6056338028169,1634.433962264151
142.6056338028169,1630.8962264150944
142.6056338028169,1627.3584905660377
142.6056338028169,1623.8207547169811
142.6056338028169,1620.2830188679245
142.6056338028169,1616.745283018868
142.6056338028169,1613.2075471698113
142.6056338028169,1609.6698113207547
142.6056338028169,1606.132075471698
142.6056338028169,1602.5943396226414
142.6056338028169,1599.0566037735848
142.6056338028169,1595.5188679245282
142.6056338028169,1591.9811320754718
142.6056338028169,1588.4433962264152
142.6056338028169,1584.9056603773586
142.6056338028169,1581.367924528302
142.6056338028169,1577.8301886792453
142.6056338028169,1574.2924528301887
142.6056338028169,1570.754716981132
142.6056338028169,1567.2169811320755
142.6056338028169,1563.6792452830189
142.6056338028169,1560.1415094339623
142.6056338028169,1556.6037735849056
142.6056338028169,1553.066037735849
142.6056338028169,1549.5283018867924
142.6056338028169,1545.9905660377358
142.6056338028169,1542.4528301886792
142.6056338028169,1538.9150943396226
142.6056338028169,1535.377358490566
142.6056338028169,1531.8396226415093
142.6056338028169,1528.301886792453
142.6056338028169,1524.7641509433963
142.6056338028169,1521.2264150943397
142.6056338028169,1517.688679245283
142.6056338028169,1514.1509433962265
142.6056338028169,1510.6132075471698
142.6056338028169,1507.0754716981132
142.6056338028169,1503.5377358490566
142.6056338028169,1500.0
142.6056338028169,1496.4622641509434
142.6056338028169,1492.9245283018868
142.6056338028169,1489.3867924528302
142.6056338028169,1485.8490566037735
142.6056338028169,1482.311320754717
142.6056338028169,1478.7735849056603
142.6056338028169,1475.2358490566037
142.6056338028169,1471.698113207547
142.6056338028169,1468.1603773584907
142.6056338028169,1464.622641509434
142.6056338028169,1461.0849056603774
142.6056338028169,1457.5471698113208
142.6056338028169,1454.0094339622642
142.6056338028169,1450.4716981132076
142.6056338028169,1446.933962264151
142.6056338028169,1443.3962264150944
142.6056338028169,1439.8584905660377
142.6056338028169,1436.3207547169811
142.6056338028169,1432.7830188679245
142.6056338028169,1429.245283018868
142.6056338028169,1425.7075471698113
142.6056338028169,1422.1698113207547
142.6056338028169,1418.632075471698
142.6056338028169,1415.0943396226414
142.6056338028169,1411.5566037735848
142.6056338028169,1408.0188679245282
142.6056338028169,1404.4811320754718
142.6056338028169,1400.9433962264152
142.6056338028169,1397.4056603773586
142.6056338028169,1393.867924528302
142.6056338028169,1390.3301886792453
142.6056338028169,1386.7924528301887
142.6056338028169,1383.254716981132
142.6056338028169,1379.7169811320755
142.6056338028169,1376.1792452830189
142.6056338028169,1372.6415094339623
142.6056338028169,1369.1037735849056
142.6056338028169,1365.566037735849
142.6056338028169,1362.0283018867924
142.6056338028169,1358.4905660377358
142.6056338028169,1354.9528301886792
142.6056338028169,1351.4150943396226
142.6056338028169,1347.877358490566
142.6056338028169,1344.3396226415093
142.6056338028169,1340.801886792453
142.6056338028169,1337.2641509433963
142.6056338028169,1333.7264150943397
142.6056338028169,1330.188679245283
142.6056338028169,1326.6509433962265
142.6056338028169,1323.1132075471698
142.6056338028169,1319.5754716981132
142.6056338028169,1316.0377358490566
142.6056338028169,1312.5
142.6056338028169,1308.9622641509434
142.6056338028169,1305.4245283018868
142.6056338028169,1301.8867924528302
142.6056338028169,1298.3490566037735
142.6056338028169,1294.811320754717
142.6056338028169,1291.2735849056603
142.6056338028169,1287.7358490566037
142.6056338028169,1284.198113207547
142.6056338028169,1280.6603773584907
142.6056338028169,1277.122641509434
142.6056338028169,1273.5849056603774
142.6056338028169,1270.0471698113208
142.6056338028169,1266.5094339622642
142.6056338028169,1262.9716981132076
142.6056338028169,1259.433962264151
142.6056338028169,1255.8962264150944
142.6056338028169,1252.3584905660377
142.6056338028169,1248.8207547169811
142.6056338028169,1245.2830188679245
142.6056338028169,1241.745283018868
142.6056338028169,1238.2075471698113
142.6056338028169,1234.6698113207547
142.6056338028169,1231.132075471698
142.6056338028169,1227.5943396226414
142.6056338028169,1224.0566037735848
142.6056338028169,1220.5188679245282
142.6056338028169,1216.9811320754718
142.6056338028169,1213.4433962264152
142.6056338028169,1209.9056603773586
142.6056338028169,1206.367924528302
142.6056338028169,1202.8301886792453
142.6056338028169,1199.2924528301887
142.6056338028169,1195.754716981132
142.6056338028169,1192.2169811320755
142.6056338028169,1188.6792452830189
142.6056338028169,1185.1415094339623
142.6056338028169,1181.6037735849056
142.6056338028169,1178.066037735849
142.6056338028169,1174.5283018867924
142.6056338028169,1170.9905660377358
142.6056338028169,1167.4528301886792
142.6056338028169,1163.9150943396226
142.6056338028169,1160.377358490566
142.6056338028169,1156.8396226415093
142.6056338028169,1153.301886792453
142.6056338028169,1149.7641509433963
142.6056338028169,1146.2264150943397
142.6056338028169,1142.688679245283
142.6056338028169,1139.1509433962265
142.6056338028169,1135.6132075471698
142.6056338028169,1132.0754716981132
142.6056338028169,1128.5377358490566
142.6056338028169,1125.0
142.6056338028169,1121.4622641509434
142.6056338028169,1117.9245283018868
142.6056338028169,1114.3867924528302
142.6056338028169,1110.8490566037735
142.6056338028169,1107.311320754717
142.6056338028169,1103.7735849056603
142.6056338028169,1100.2358490566037
142.6056338028169,1096.698113207547
142.6056338028169,1093.1603773584907
142.6056338028169,1089.622641509434
142.6056338028169,1086.0849056603774
142.6056338028169,1082.5471698113208
142.6056338028169,1079.0094339622642
142.6056338028169,1075.4716981132076
142.6056338028169,1071.933962264151
142.6056338028169,1068.3962264150944
142.6056338028169,1064.8584905660377
142.6056338028169,1061.3207547169811
142.6056338028169,1057.7830188679245
142.6056338028169,1054.245283018868
142.6056338028169,1050.7075471698113
142.6056338028169,1047.1698113207547
142.6056338028169,1043.632075471698
142.6056338028169,1040.0943396226414
142.6056338028169,1036.5566037735848
142.6056338028169,1033.0188679245282
142.6056338028169,1029.4811320754718
142.6056338028169,1025.9433962264152
142.6056338028169,1022.4056603773585
142.6056338028169,1018.8679245283018
142.6056338028169,1015.3301886792453
142.6056338028169,1011.7924528301887
142.6056338028169,1008.2547169811321
142.6056338028169,1004.7169811320755
142.6056338028169,1001.1792452830189
142.6056338028169,997.6415094339623
142.6056338028169,994.1037735849056
142.6056338028169,990.566037735849
142.6056338028169,987.0283018867924
142.6056338028169,983.4905660377359
142.6056338028169,979.9528301886793
142.6056338028169,976.4150943396227
142.6056338028169,972.877358490566
142.6056338028169,969.3396226415094
142.6056338028169,965.8018867924528
142.6056338028169,962.2641509433962
142.6056338028169,958.7264150943396
142.6056338028169,955.188679245283
142.6056338028169,951.6509433962265
142.6056338028169,948.1132075471698
142.6056338028169,944.5754716981132
142.6056338028169,941.0377358490566
142.6056338028169,937.5
142.6056338028169,933.9622641509434
142.6056338028169,930.4245283018868
142.6056338028169,926.8867924528302
142.6056338028169,923.3490566037735
142.6056338028169,919.811320754717
142.6056338028169,916.2735849056604
142.6056338028169,912.7358490566038
142.6056338028169,909.1981132075472
142.6056338028169,905.6603773584906
142.6056338028169,902.122641509434
142.6056338028169,898.5849056603773
142.6056338028169,895.0471698113207
142.6056338028169,891.5094339622641
142.6056338028169,887.9716981132076
142.6056338028169,884.433962264151
142.6056338028169,880.8962264150944
142.6056338028169,877.3584905660377
142.6056338028169,873.8207547169811
142.6056338028169,870.2830188679245
142.6056338028169,866.7452830188679
142.6056338028169,863.2075471698113
142.6056338028169,859.6698113207547
142.6056338028169,856.1320754716982
142.6056338028169,852.5943396226415
142.6056338028169,849.0566037735849
142.6056338028169,845.5188679245283
142.6056338028169,841.9811320754717
142.6056338028169,838.4433962264151
142.6056338028169,834.9056603773585
142.6056338028169,831.3679245283018
142.6056338028169,827.8301886792453
142.6056338028169,824.2924528301887
142.6056338028169,820.7547169811321
142.6056338028169,817.2169811320755
142.6056338028169,813.6792452830189
142.6056338028169,810.1415094339623
142.6056338028169,806.6037735849056
142.6056338028169,803.066037735849
142.6056338028169,799.5283018867924
142.6056338028169,795.9905660377359
142.6056338028169,792.4528301886793
142.6056338028169,788.9150943396227
142.6056338028169,785.377358490566
142.6056338028169,781.8396226415094
142.6056338028169,778.3018867924528
142.6056338028169,774.7641509433962
142.6056338028169,771.2264150943396
142.6056338028169,767.688679245283
142.6056338028169,764.1509433962265
142.6056338028169,760.6132075471698
142.6056338028169,757.0754716981132
142.6056338028169,753.5377358490566
142.6056338028169,750.0
142.6056338028169,746.4622641509434
142.6056338028169,742.9245283018868
142.6056338028169,739.3867924528302
142.6056338028169,735.8490566037735
142.6056338028169,732.311320754717
142.6056338028169,728.7735849056604
142.6056338028169,725.2358490566038
142.6056338028169,721.6981132075472
142.6056338028169,718.1603773584906
142.6056338028169,714.622641509434
142.6056338028169,711.0849056603773
142.6056338028169,707.5471698113207
142.6056338028169,704.0094339622641
142.6056338028169,700.4716981132076
142.6056338028169,696.933962264151
142.6056338028169,693.3962264150944
142.6056338028169,689.8584905660377
142.6056338028169,686.3207547169811
142.6056338028169,682.7830188679245
142.6056338028169,679.2452830188679
142.6056338028169,675.7075471698113
142.6056338028169,672.1698113207547
147.88732394366198,1744.1037735849056
147.88732394366198,1740.566037735849
147.88732394366198,1737.0283018867924
147.88732394366198,1733.4905660377358
147.88732394366198,1729.9528301886792
147.88732394366198,1726.4150943396226
147.88732394366198,1722.877358490566
147.88732394366198,1719.3396226415093
147.88732394366198,1715.801886792453
147.88732394366198,1712.2641509433963
147.88732394366198,1708.7264150943397
147.88732394366198,1705.188679245283
147.88732394366198,1701.6509433962265
147.88732394366198,1698.1132075471698
147.88732394366198,1694.5754716981132
147.88732394366198,1691.0377358490566
147.88732394366198,1687.5
147.88732394366198,1683.9622641509434
147.88732394366198,1680.4245283018868
147.88732394366198,1676.8867924528302
147.88732394366198,1673.3490566037735
147.88732394366198,1669.811320754717
147.88732394366198,1666.2735849056603
147.88732394366198,1662.7358490566037
147.88732394366198,1659.198113207547
147.88732394366198,1655.6603773584907
147.88732394366198,1652.122641509434
147.88732394366198,1648.5849056603774
147.88732394366198,1645.0471698113208
147.88732394366198,1641.5094339622642
147.88732394366198,1637.9716981132076
147.88732394366198,1634.433962264151
147.88732394366198,1630.8962264150944
147.88732394366198,1627.3584905660377
147.88732394366198,1623.8207547169811
147.88732394366198,1620.2830188679245
147.88732394366198,1616.745283018868
147.88732394366198,1613.2075471698113
147.88732394366198,1609.6698113207547
147.88732394366198,1606.132075471698
147.88732394366198,1602.5943396226414
147.88732394366198,1599.0566037735848
147.88732394366198,1595.5188679245282
147.88732394366198,1591.9811320754718
147.88732394366198,1588.4433962264152
147.88732394366198,1584.9056603773586
147.88732394366198,1581.367924528302
147.88732394366198,1577.8301886792453
147.88732394366198,1574.2924528301887
147.88732394366198,1570.754716981132
147.88732394366198,1567.2169811320755
147.88732394366198,1563.6792452830189
147.88732394366198,1560.1415094339623
147.88732394366198,1556.6037735849056
147.88732394366198,1553.066037735849
147.88732394366198,1549.5283018867924
147.88732394366198,1545.9905660377358
147.88732394366198,1542.4528301886792
147.88732394366198,1538.9150943396226
147.88732394366198,1535.377358490566
147.88732394366198,1531.8396226415093
147.88732394366198,1528.301886792453
147.88732394366198,1524.7641509433963
147.88732394366198,1521.2264150943397
147.88732394366198,1517.688679245283
147.88732394366198,1514.1509433962265
147.88732394366198,1510.6132075471698
147.88732394366198,1507.0754716981132
147.88732394366198,1503.5377358490566
147.88732394366198,1500.0
147.88732394366198,1496.4622641509434
147.88732394366198,1492.9245283018868
147.88732394366198,1489.3867924528302
147.88732394366198,1485.8490566037735
147.88732394366198,1482.311320754717
147.88732394366198,1478.7735849056603
147.88732394366198,1475.2358490566037
147.88732394366198,1471.698113207547
147.88732394366198,1468.1603773584907
147.88732394366198,1464.622641509434
147.88732394366198,1461.0849056603774
147.88732394366198,1457.5471698113208
147.88732394366198,1454.0094339622642
147.88732394366198,1450.4716981132076
147.88732394366198,1446.933962264151
147.88732394366198,1443.3962264150944
147.88732394366198,1439.8584905660377
147.88732394366198,1436.3207547169811
147.88732394366198,1432.7830188679245
147.88732394366198,1429.245283018868
147.88732394366198,1425.7075471698113
147.88732394366198,1422.1698113207547
147.88732394366198,1418.632075471698
147.88732394366198,1415.0943396226414
147.88732394366198,1411.5566037735848
147.88732394366198,1408.0188679245282
147.88732394366198,1404.4811320754718
147.88732394366198,1400.9433962264152
147.88732394366198,1397.4056603773586
147.88732394366198,1393.867924528302
147.88732394366198,1390.3301886792453
147.88732394366198,1386.7924528301887
147.88732394366198,1383.254716981132
147.88732394366198,1379.7169811320755
147.88732394366198,1376.1792452830189
147.88732394366198,1372.6415094339623
147.88732394366198,1369.1037735849056
147.88732394366198,1365.566037735849
147.88732394366198,1362.0283018867924
147.88732394366198,1358.4905660377358
147.88732394366198,1354.9528301886792
147.88732394366198,1351.4150943396226
147.88732394366198,1347.877358490566
147.88732394366198,1344.3396226415093
147.88732394366198,1340.801886792453
147.88732394366198,1337.2641509433963
147.88732394366198,1333.7264150943397
147.88732394366198,1330.188679245283
147.88732394366198,1326.6509433962265
147.88732394366198,1323.1132075471698
147.88732394366198,1319.5754716981132
147.88732394366198,1316.0377358490566
147.88732394366198,1312.5
147.88732394366198,1308.9622641509434
147.88732394366198,1305.4245283018868
147.88732394366198,1301.8867924528302
147.88732394366198,1298.3490566037735
147.88732394366198,1294.811320754717
147.88732394366198,1291.2735849056603
147.88732394366198,1287.7358490566037
147.88732394366198,1284.198113207547
147.88732394366198,1280.6603773584907
147.88732394366198,1277.122641509434
147.88732394366198,1273.5849056603774
147.88732394366198,1270.0471698113208
147.88732394366198,1266.5094339622642
147.88732394366198,1262.9716981132076
147.88732394366198,1259.433962264151
147.88732394366198,1255.8962264150944
147.88732394366198,1252.3584905660377
147.88732394366198,1248.8207547169811
147.88732394366198,1245.2830188679245
147.88732394366198,1241.745283018868
147.88732394366198,1238.2075471698113
147.88732394366198,1234.6698113207547
147.88732394366198,1231.132075471698
147.88732394366198,1227.5943396226414
147.88732394366198,1224.0566037735848
147.88732394366198,1220.5188679245282
147.88732394366198,1216.9811320754718
147.88732394366198,1213.4433962264152
147.88732394366198,1209.9056603773586
147.88732394366198,1206.367924528302
147.88732394366198,1202.8301886792453
147.88732394366198,1199.2924528301887
147.88732394366198,1195.754716981132
147.88732394366198,1192.2169811320755
147.88732394366198,1188.6792452830189
147.88732394366198,1185.1415094339623
147.88732394366198,1181.6037735849056
147.88732394366198,1178.066037735849
147.88732394366198,1174.5283018867924
147.88732394366198,1170.9905660377358
147.88732394366198,1167.4528301886792
147.88732394366198,1163.9150943396226
147.88732394366198,1160.377358490566
147.88732394366198,1156.8396226415093
147.88732394366198,1153.301886792453
147.88732394366198,1149.7641509433963
147.88732394366198,1146.2264150943397
147.88732394366198,1142.688679245283
147.88732394366198,1139.1509433962265
147.88732394366198,1135.6132075471698
147.88732394366198,1132.0754716981132
147.88732394366198,1128.5377358490566
147.88732394366198,1125.0
147.88732394366198,1121.4622641509434
147.88732394366198,1117.9245283018868
147.88732394366198,1114.3867924528302
147.88732394366198,1110.8490566037735
147.88732394366198,1107.311320754717
147.88732394366198,1103.7735849056603
147.88732394366198,1100.2358490566037
147.88732394366198,1096.698113207547
147.88732394366198,1093.1603773584907
147.88732394366198,1089.622641509434
147.88732394366198,1086.0849056603774
147.88732394366198,1082.5471698113208
147.88732394366198,1079.0094339622642
147.88732394366198,1075.4716981132076
147.88732394366198,1071.933962264151
147.88732394366198,1068.3962264150944
147.88732394366198,1064.8584905660377
147.88732394366198,1061.3207547169811
147.88732394366198,1057.7830188679245
147.88732394366198,1054.245283018868
147.88732394366198,1050.7075471698113
147.88732394366198,1047.1698113207547
147.88732394366198,1043.632075471698
147.88732394366198,1040.0943396226414
147.88732394366198,1036.5566037735848
147.88732394366198,1033.0188679245282
147.88732394366198,1029.4811320754718
147.88732394366198,1025.9433962264152
147.88732394366198,1022.4056603773585
153.16901408450704,1744.1037735849056
153.16901408450704,1740.566037735849
153.16901408450704,1737.0283018867924
153.16901408450704,1733.4905660377358
153.16901408450704,1729.9528301886792
153.16901408450704,1726.4150943396226
153.16901408450704,1722.877358490566
153.16901408450704,1719.3396226415093
153.16901408450704,1715.801886792453
153.16901408450704,1712.2641509433963
153.16901408450704,1708.7264150943397
153.16901408450704,1705.188679245283
153.16901408450704,1701.6509433962265
153.16901408450704,1698.1132075471698
153.16901408450704,1694.5754716981132
153.16901408450704,1691.0377358490566
153.16901408450704,1687.5
153.16901408450704,1683.9622641509434
153.16901408450704,1680.4245283018868
153.16901408450704,1676.8867924528302
153.16901408450704,1673.3490566037735
153.16901408450704,1669.811320754717
153.16901408450704,1666.2735849056603
153.16901408450704,1662.7358490566037
153.16901408450704,1659.198113207547
153.16901408450704,1655.6603773584907
153.16901408450704,1652.122641509434
153.16901408450704,1648.5849056603774
153.16901408450704,1645.0471698113208
153.16901408450704,1641.5094339622642
153.16901408450704,1637.9716981132076
153.16901408450704,1634.433962264151
153.16901408450704,1630.8962264150944
153.16901408450704,1627.3584905660377
153.16901408450704,1623.8207547169811
153.16901408450704,1620.2830188679245
153.16901408450704,1616.745283018868
153.16901408450704,1613.2075471698113
153.16901408450704,1609.6698113207547
153.16901408450704,1606.132075471698
153.16901408450704,1602.5943396226414
153.16901408450704,1599.0566037735848
153.16901408450704,1595.5188679245282
153.16901408450704,1591.9811320754718
153.16901408450704,1588.4433962264152
153.16901408450704,1584.9056603773586
153.16901408450704,1581.367924528302
153.16901408450704,1577.8301886792453
153.16901408450704,1574.2924528301887
153.16901408450704,1570.754716981132
153.16901408450704,1567.2169811320755
153.16901408450704,1563.6792452830189
153.16901408450704,1560.1415094339623
153.16901408450704,1556.6037735849056
153.16901408450704,1553.066037735849
153.16901408450704,1549.5283018867924
153.16901408450704,1545.9905660377358
153.16901408450704,1542.4528301886792
153.16901408450704,1538.9150943396226
153.16901408450704,1535.377358490566
153.16901408450704,1531.8396226415093
153.16901408450704,1528.301886792453
153.16901408450704,1524.7641509433963
153.16901408450704,1521.2264150943397
153.16901408450704,1517.688679245283
153.16901408450704,1514.1509433962265
153.16901408450704,1510.6132075471698
153.16901408450704,1507.0754716981132
153.16901408450704,1503.5377358490566
153.16901408450704,1500.0
153.16901408450704,1496.4622641509434
153.16901408450704,1492.9245283018868
153.16901408450704,1489.3867924528302
153.16901408450704,1485.8490566037735
153.16901408450704,1482.311320754717
153.16901408450704,1478.7735849056603
153.16901408450704,1475.2358490566037
153.16901408450704,1471.698113207547
153.16901408450704,1468.1603773584907
153.16901408450704,1464.622641509434
153.16901408450704,1461.0849056603774
153.16901408450704,1457.5471698113208
153.16901408450704,1454.0094339622642
153.16901408450704,1450.4716981132076
153.16901408450704,1446.933962264151
153.16901408450704,1443.3962264150944
153.16901408450704,1439.8584905660377
153.16901408450704,1436.3207547169811
153.16901408450704,1432.7830188679245
153.16901408450704,1429.245283018868
153.16901408450704,1425.7075471698113
153.16901408450704,1422.1698113207547
153.16901408450704,1418.632075471698
153.16901408450704,1415.0943396226414
153.16901408450704,1411.5566037735848
153.16901408450704,1408.0188679245282
153.16901408450704,1404.4811320754718
153.16901408450704,1400.9433962264152
153.16901408450704,1397.4056603773586
153.16901408450704,1393.867924528302
153.16901408450704,1390.3301886792453
153.16901408450704,1386.7924528301887
158.45070422535213,1740.566037735849
158.45070422535213,1737.0283018867924
158.45070422535213,1733.4905660377358
158.45070422535213,1729.9528301886792
158.45070422535213,1726.4150943396226
158.45070422535213,1722.877358490566
158.45070422535213,1719.3396226415093
158.45070422535213,1715.801886792453
158.45070422535213,1712.2641509433963
158.45070422535213,1708.7264150943397
158.45070422535213,1705.188679245283
158.45070422535213,1701.6509433962265
158.45070422535213,1698.1132075471698
158.45070422535213,1694.5754716981132
158.45070422535213,1691.0377358490566
158.45070422535213,1687.5
158.45070422535213,1683.9622641509434
158.45070422535213,1680.4245283018868
158.45070422535213,1676.8867924528302
158.45070422535213,1673.3490566037735
158.45070422535213,1669.811320754717
158.45070422535213,1666.2735849056603
158.45070422535213,1662.7358490566037
158.45070422535213,1659.198113207547
158.45070422535213,1655.6603773584907
158.45070422535213,1652.122641509434
158.45070422535213,1648.5849056603774
158.45070422535213,1645.0471698113208
158.45070422535213,1641.5094339622642
158.45070422535213,1637.9716981132076
158.45070422535213,1634.433962264151
158.45070422535213,1630.8962264150944
158.45070422535213,1627.3584905660377
158.45070422535213,1623.8207547169811
158.45070422535213,1620.2830188679245
158.45070422535213,1616.745283018868
158.45070422535213,1613.2075471698113
158.45070422535213,1609.6698113207547
158.45070422535213,1606.132075471698
158.45070422535213,1602.5943396226414
158.45070422535213,1599.0566037735848
158.45070422535213,1595.5188679245282
158.45070422535213,1591.9811320754718
158.45070422535213,1588.4433962264152
158.45070422535213,1584.9056603773586
158.45070422535213,1581.367924528302
158.45070422535213,1577.8301886792453
158.45070422535213,1574.2924528301887
158.45070422535213,1570.754716981132
158.45070422535213,1567.2169811320755
158.45070422535213,1563.6792452830189
158.45070422535213,1560.1415094339623
158.45070422535213,1556.6037735849056
158.45070422535213,1553.066037735849
158.45070422535213,1549.5283018867924
158.45070422535213,1545.9905660377358
158.45070422535213,1542.4528301886792
158.45070422535213,1538.9150943396226
158.45070422535213,1535.377358490566
158.45070422535213,1531.8396226415093
158.45070422535213,1528.301886792453
158.45070422535213,1524.7641509433963
158.45070422535213,1521.2264150943397
158.45070422535213,1517.688679245283
158.45070422535213,1514.1509433962265
158.45070422535213,1510.6132075471698
158.45070422535213,1507.0754716981132
158.45070422535213,1503.5377358490566
158.45070422535213,1500.0
158.45070422535213,1496.4622641509434
158.45070422535213,1492.9245283018868
158.45070422535213,1489.3867924528302
158.45070422535213,1485.8490566037735
158.45070422535213,1482.311320754717
158.45070422535213,1478.7735849056603
158.45070422535213,1475.2358490566037
158.45070422535213,1471.698113207547
158.45070422535213,1468.1603773584907
158.45070422535213,1464.622641509434
158.45070422535213,1461.0849056603774
158.45070422535213,1457.5471698113208
158.45070422535213,1454.0094339622642
163.73239436619718,1740.566037735849
163.73239436619718,1737.0283018867924
163.73239436619718,1733.4905660377358
163.73239436619718,1729.9528301886792
163.73239436619718,1726.4150943396226
163.73239436619718,1722.877358490566
163.73239436619718,1719.3396226415093
163.73239436619718,1715.801886792453
163.73239436619718,1712.2641509433963
163.73239436619718,1708.7264150943397
163.73239436619718,1705.188679245283
163.73239436619718,1701.6509433962265
163.73239436619718,1698.1132075471698
163.73239436619718,1694.5754716981132
163.73239436619718,1691.0377358490566
163.73239436619718,1687.5
163.73239436619718,1683.9622641509434
163.73239436619718,1680.4245283018868
163.73239436619718,1676.8867924528302
163.73239436619718,1673.3490566037735
163.73239436619718,1669.811320754717
163.73239436619718,1666.2735849056603
163.73239436619718,1662.7358490566037
163.73239436619718,1659.198113207547
163.73239436619718,1655.6603773584907
163.73239436619718,1652.122641509434
163.73239436619718,1648.5849056603774
163.73239436619718,1645.0471698113208
163.73239436619718,1641.5094339622642
163.73239436619718,1637.9716981132076
163.73239436619718,1634.433962264151
163.73239436619718,1630.8962264150944
163.73239436619718,1627.3584905660377
163.73239436619718,1623.8207547169811
163.73239436619718,1620.2830188679245
163.73239436619718,1616.745283018868
163.73239436619718,1613.2075471698113
163.73239436619718,1609.6698113207547
163.73239436619718,1606.132075471698
163.73239436619718,1602.5943396226414
163.73239436619718,1599.0566037735848
163.73239436619718,1595.5188679245282
163.73239436619718,1591.9811320754718
163.73239436619718,1588.4433962264152
163.73239436619718,1584.9056603773586
163.73239436619718,1581.367924528302
163.73239436619718,1577.8301886792453
163.73239436619718,1574.2924528301887
163.73239436619718,1570.754716981132
163.73239436619718,1567.2169811320755
163.73239436619718,1563.6792452830189
163.73239436619718,1560.1415094339623
163.73239436619718,1556.6037735849056
163.73239436619718,1553.066037735849
163.73239436619718,1549.5283018867924
163.73239436619718,1545.9905660377358
163.73239436619718,1542.4528301886792
163.73239436619718,1538.9150943396226
163.73239436619718,1535.377358490566
163.73239436619718,1531.8396226415093
163.73239436619718,1528.301886792453
163.73239436619718,1524.7641509433963
163.73239436619718,1521.2264150943397
163.73239436619718,1517.688679245283
163.73239436619718,1514.1509433962265
163.73239436619718,1510.6132075471698
163.73239436619718,1507.0754716981132
163.73239436619718,1503.5377358490566
163.73239436619718,1500.0
163.73239436619718,1496.4622641509434
163.73239436619718,1492.9245283018868
163.73239436619718,1489.3867924528302
163.73239436619718,1485.8490566037735
163.73239436619718,1482.311320754717
163.73239436619718,1478.7735849056603
163.73239436619718,1475.2358490566037
163.73239436619718,1471.698113207547
163.73239436619718,1468.1603773584907
163.73239436619718,1464.622641509434
163.73239436619718,1461.0849056603774
163.73239436619718,1457.5471698113208
163.73239436619718,1454.0094339622642
169.01408450704224,1740.566037735849
169.01408450704224,1737.0283018867924
169.01408450704224,1733.4905660377358
169.01408450704224,1729.9528301886792
169.01408450704224,1726.4150943396226
169.01408450704224,1722.877358490566
169.01408450704224,1719.3396226415093
169.01408450704224,1715.801886792453
169.01408450704224,1712.2641509433963
169.01408450704224,1708.7264150943397
169.01408450704224,1705.188679245283
169.01408450704224,1701.6509433962265
169.01408450704224,1698.1132075471698
169.01408450704224,1694.5754716981132
169.01408450704224,1691.0377358490566
169.01408450704224,1687.5
169.01408450704224,1683.9622641509434
169.01408450704224,1680.4245283018868
169.01408450704224,1676.8867924528302
169.01408450704224,1673.3490566037735
169.01408450704224,1669.811320754717
169.01408450704224,1666.2735849056603
169.01408450704224,1662.7358490566037
169.01408450704224,1659.198113207547
169.01408450704224,1655.6603773584907
169.01408450704224,1652.122641509434
169.01408450704224,1648.5849056603774
169.01408450704224,1645.0471698113208
169.01408450704224,1641.5094339622642
169.01408450704224,1637.9716981132076
169.01408450704224,1634.433962264151
169.01408450704224,1630.8962264150944
169.01408450704224,1627.3584905660377
169.01408450704224,1623.8207547169811
169.01408450704224,1620.2830188679245
169.01408450704224,1616.745283018868
169.01408450704224,1613.2075471698113
169.01408450704224,1609.6698113207547
169.01408450704224,1606.132075471698
169.01408450704224,1602.5943396226414
169.01408450704224,1599.0566037735848
169.01408450704224,1595.5188679245282
169.01408450704224,1591.9811320754718
169.01408450704224,1588.4433962264152
169.01408450704224,1584.9056603773586
169.01408450704224,1581.367924528302
169.01408450704224,1577.8301886792453
169.01408450704224,1574.2924528301887
169.01408450704224,1570.754716981132
169.01408450704224,1567.2169811320755
169.01408450704224,1563.6792452830189
169.01408450704224,1560.1415094339623
169.01408450704224,1556.6037735849056
169.01408450704224,1553.066037735849
169.01408450704224,1549.5283018867924
169.01408450704224,1545.9905660377358
169.01408450704224,1542.4528301886792
169.01408450704224,1538.9150943396226
169.01408450704224,1535.377358490566
169.01408450704224,1531.8396226415093
169.01408450704224,1528.301886792453
169.01408450704224,1524.7641509433963
169.01408450704224,1521.2264150943397
169.01408450704224,1517.688679245283
169.01408450704224,1514.1509433962265
169.01408450704224,1510.6132075471698
169.01408450704224,1507.0754716981132
169.01408450704224,1503.5377358490566
169.01408450704224,1500.0
169.01408450704224,1496.4622641509434
169.01408450704224,1492.9245283018868
169.01408450704224,1489.3867924528302
169.01408450704224,1485.8490566037735
169.01408450704224,1482.311320754717
169.01408450704224,1478.7735849056603
169.01408450704224,1475.2358490566037
169.01408450704224,1471.698113207547
169.01408450704224,1468.1603773584907
169.01408450704224,1464.622641509434
169.01408450704224,1461.0849056603774
169.01408450704224,1457.5471698113208
174.29577464788733,1857.311320754717
174.29577464788733,1853.7735849056603
174.29577464788733,1850.2358490566037
174.29577464788733,1846.698113207547
174.29577464788733,1843.1603773584907
174.29577464788733,1839.622641509434
174.29577464788733,1836.0849056603774
174.29577464788733,1832.5471698113208
174.29577464788733,1829.0094339622642
174.29577464788733,1825.4716981132076
174.29577464788733,1821.933962264151
174.29577464788733,1818.3962264150944
174.29577464788733,1814.8584905660377
174.29577464788733,1811.3207547169811
174.29577464788733,1807.7830188679245
174.29577464788733,1804.245283018868
174.29577464788733,1800.7075471698113
174.29577464788733,1797.1698113207547
174.29577464788733,1793.632075471698
174.29577464788733,1790.0943396226414
174.29577464788733,1786.5566037735848
174.29577464788733,1783.0188679245282
174.29577464788733,1779.4811320754718
174.29577464788733,1775.9433962264152
174.29577464788733,1772.4056603773586
174.29577464788733,1768.867924528302
174.29577464788733,1765.3301886792453
174.29577464788733,1761.7924528301887
174.29577464788733,1758.254716981132
174.29577464788733,1754.7169811320755
174.29577464788733,1751.1792452830189
174.29577464788733,1747.6415094339623
174.29577464788733,1744.1037735849056
174.29577464788733,1740.566037735849
174.29577464788733,1737.0283018867924
174.29577464788733,1733.4905660377358
174.29577464788733,1729.9528301886792
174.29577464788733,1726.4150943396226
174.29577464788733,1722.877358490566
174.29577464788733,1719.3396226415093
174.29577464788733,1715.801886792453
174.29577464788733,1712.2641509433963
174.29577464788733,1708.7264150943397
174.29577464788733,1705.188679245283
174.29577464788733,1701.6509433962265
174.29577464788733,1698.1132075471698
174.29577464788733,1694.5754716981132
174.29577464788733,1691.0377358490566
174.29577464788733,1687.5
174.29577464788733,1683.9622641509434
174.29577464788733,1680.4245283018868
174.29577464788733,1676.8867924528302
174.29577464788733,1673.3490566037735
174.29577464788733,1669.811320754717
174.29577464788733,1666.2735849056603
174.29577464788733,1662.7358490566037
174.29577464788733,1659.198113207547
174.29577464788733,1655.6603773584907
174.29577464788733,1652.122641509434
174.29577464788733,1648.5849056603774
174.29577464788733,1645.0471698113208
174.29577464788733,1641.5094339622642
174.29577464788733,1637.9716981132076
174.29577464788733,1634.433962264151
174.29577464788733,1630.8962264150944
174.29577464788733,1627.3584905660377
174.29577464788733,1623.8207547169811
174.29577464788733,1620.2830188679245
174.29577464788733,1616.745283018868
174.29577464788733,1613.2075471698113
174.29577464788733,1609.6698113207547
174.29577464788733,1606.132075471698
174.29577464788733,1602.5943396226414
174.29577464788733,1599.0566037735848
174.29577464788733,1595.5188679245282
174.29577464788733,1591.9811320754718
174.29577464788733,1588.4433962264152
174.29577464788733,1584.9056603773586
174.29577464788733,1581.367924528302
174.29577464788733,1577.8301886792453
174.29577464788733,1574.2924528301887
174.29577464788733,1570.754716981132
174.29577464788733,1567.2169811320755
174.29577464788733,1563.6792452830189
174.29577464788733,1560.1415094339623
174.29577464788733,1556.6037735849056
174.29577464788733,1553.066037735849
174.29577464788733,1549.5283018867924
174.29577464788733,1545.9905660377358
174.29577464788733,1542.4528301886792
174.29577464788733,1538.9150943396226
174.29577464788733,1535.377358490566
174.29577464788733,1531.8396226415093
174.29577464788733,1528.301886792453
174.29577464788733,1524.7641509433963
174.29577464788733,1521.2264150943397
174.29577464788733,1517.688679245283
174.29577464788733,1514.1509433962265
174.29577464788733,1510.6132075471698
174.29577464788733,1507.0754716981132
174.29577464788733,1503.5377358490566
174.29577464788733,1500.0
174.29577464788733,1496.4622641509434
174.29577464788733,1492.9245283018868
174.29577464788733,1489.3867924528302
174.29577464788733,1485.8490566037735
174.29577464788733,1482.311320754717
174.29577464788733,1478.7735849056603
174.29577464788733,1475.2358490566037
174.29577464788733,1471.698113207547
179.57746478873239,1938.6792452830189
179.57746478873239,1935.1415094339623
179.57746478873239,1931.6037735849056
179.57746478873239,1928.066037735849
179.57746478873239,1924.5283018867924
179.57746478873239,1920.9905660377358
179.57746478873239,1917.4528301886792
179.57746478873239,1913.9150943396226
179.57746478873239,1910.377358490566
179.57746478873239,1906.8396226415093
179.57746478873239,1903.301886792453
179.57746478873239,1899.7641509433963
179.57746478873239,1896.2264150943397
179.57746478873239,1892.688679245283
179.57746478873239,1889.1509433962265
179.57746478873239,1885.6132075471698
179.57746478873239,1882.0754716981132
179.57746478873239,1878.5377358490566
179.57746478873239,1875.0
179.57746478873239,1871.4622641509434
179.57746478873239,1867.9245283018868
179.57746478873239,1864.3867924528302
179.57746478873239,1860.8490566037735
179.57746478873239,1857.311320754717
179.57746478873239,1853.7735849056603
179.57746478873239,1850.2358490566037
179.57746478873239,1846.698113207547
179.57746478873239,1843.1603773584907
179.57746478873239,1839.622641509434
179.57746478873239,1836.0849056603774
179.57746478873239,1832.5471698113208
179.57746478873239,1829.0094339622642
179.57746478873239,1825.4716981132076
179.57746478873239,1821.933962264151
179.57746478873239,1818.3962264150944
179.57746478873239,1814.8584905660377
179.57746478873239,1811.3207547169811
179.57746478873239,1807.7830188679245
179.57746478873239,1804.245283018868
179.57746478873239,1800.7075471698113
179.57746478873239,1797.1698113207547
179.57746478873239,1793.632075471698
179.57746478873239,1790.0943396226414
179.57746478873239,1786.5566037735848
179.57746478873239,1783.0188679245282
179.57746478873239,1779.4811320754718
179.57746478873239,1775.9433962264152
179.57746478873239,1772.4056603773586
179.57746478873239,1768.867924528302
179.57746478873239,1765.3301886792453
179.57746478873239,1761.7924528301887
179.57746478873239,1758.254716981132
179.57746478873239,1754.7169811320755
179.57746478873239,1751.1792452830189
179.57746478873239,1747.6415094339623
179.57746478873239,1744.1037735849056
179.57746478873239,1740.566037735849
179.57746478873239,1737.0283018867924
179.57746478873239,1733.4905660377358
179.57746478873239,1729.9528301886792
179.57746478873239,1726.4150943396226
179.57746478873239,1722.877358490566
179.57746478873239,1719.3396226415093
179.57746478873239,1715.801886792453
179.57746478873239,1712.2641509433963
179.57746478873239,1708.7264150943397
179.57746478873239,1705.188679245283
179.57746478873239,1701.6509433962265
179.57746478873239,1698.1132075471698
179.57746478873239,1694.5754716981132
179.57746478873239,1691.0377358490566
179.57746478873239,1687.5
179.57746478873239,1683.9622641509434
179.57746478873239,1680.4245283018868
179.57746478873239,1676.8867924528302
179.57746478873239,1673.3490566037735
179.57746478873239,1669.811320754717
179.57746478873239,1666.2735849056603
179.57746478873239,1662.7358490566037
179.57746478873239,1659.198113207547
179.57746478873239,1655.6603773584907
179.57746478873239,1652.122641509434
179.57746478873239,1648.5849056603774
179.57746478873239,1645.0471698113208
179.57746478873239,1641.5094339622642
179.57746478873239,1637.9716981132076
179.57746478873239,1634.433962264151
179.57746478873239,1630.8962264150944
179.57746478873239,1627.3584905660377
179.57746478873239,1623.8207547169811
179.57746478873239,1620.2830188679245
179.57746478873239,1616.745283018868
179.57746478873239,1613.2075471698113
179.57746478873239,1609.6698113207547
179.57746478873239,1606.132075471698
179.57746478873239,1602.5943396226414
179.57746478873239,1599.0566037735848
179.57746478873239,1595.5188679245282
179.57746478873239,1591.9811320754718
179.57746478873239,1588.4433962264152
179.57746478873239,1584.9056603773586
179.57746478873239,1581.367924528302
179.57746478873239,1577.8301886792453
179.57746478873239,1574.2924528301887
179.57746478873239,1570.754716981132
179.57746478873239,1567.2169811320755
179.57746478873239,1563.6792452830189
179.57746478873239,1560.1415094339623
179.57746478873239,1556.6037735849056
179.57746478873239,1553.066037735849
179.57746478873239,1549.5283018867924
179.57746478873239,1545.9905660377358
179.57746478873239,1542.4528301886792
179.57746478873239,1538.9150943396226
179.57746478873239,1535.377358490566
179.57746478873239,1531.8396226415093
179.57746478873239,1528.301886792453
179.57746478873239,1524.7641509433963
179.57746478873239,1521.2264150943397
179.57746478873239,1517.688679245283
179.57746478873239,1514.1509433962265
184.85915492957747,2250.0
184.85915492957747,2246.4622641509436
184.85915492957747,2242.9245283018868
184.85915492957747,2239.3867924528304
184.85915492957747,2235.8490566037735
184.85915492957747,2232.311320754717
184.85915492957747,2228.7735849056603
184.85915492957747,2225.235849056604
184.85915492957747,2221.698113207547
184.85915492957747,2218.1603773584907
184.85915492957747,2214.622641509434
184.85915492957747,2211.0849056603774
184.85915492957747,2207.5471698113206
184.85915492957747,2204.009433962264
184.85915492957747,2200.4716981132074
184.85915492957747,2196.933962264151
184.85915492957747,2193.396226415094
184.85915492957747,2189.8584905660377
184.85915492957747,2186.3207547169814
184.85915492957747,2182.7830188679245
184.85915492957747,2179.245283018868
184.85915492957747,2175.7075471698113
184.85915492957747,2172.169811320755
184.85915492957747,2168.632075471698
184.85915492957747,2165.0943396226417
184.85915492957747,2161.556603773585
184.85915492957747,2158.0188679245284
184.85915492957747,2154.4811320754716
184.85915492957747,2150.943396226415
184.85915492957747,2147.4056603773583
184.85915492957747,2143.867924528302
184.85915492957747,2140.330188679245
184.85915492957747,2136.7924528301887
184.85915492957747,2133.254716981132
184.85915492957747,2129.7169811320755
184.85915492957747,2126.1792452830186
184.85915492957747,2122.6415094339623
184.85915492957747,2119.103773584906
184.85915492957747,2115.566037735849
184.85915492957747,2112.0283018867926
184.85915492957747,2108.490566037736
184.85915492957747,2104.9528301886794
184.85915492957747,2101.4150943396226
184.85915492957747,2097.877358490566
184.85915492957747,2094.3396226415093
184.85915492957747,2090.801886792453
184.85915492957747,2087.264150943396
184.85915492957747,2083.7264150943397
184.85915492957747,2080.188679245283
184.85915492957747,2076.6509433962265
184.85915492957747,2073.1132075471696
184.85915492957747,2069.5754716981132
184.85915492957747,2066.0377358490564
184.85915492957747,2062.5
184.85915492957747,2058.9622641509436
184.85915492957747,2055.4245283018868
184.85915492957747,2051.8867924528304
184.85915492957747,2048.3490566037735
184.85915492957747,2044.811320754717
184.85915492957747,2041.2735849056603
184.85915492957747,2037.7358490566037
184.85915492957747,2034.198113207547
184.85915492957747,2030.6603773584907
184.85915492957747,2027.122641509434
184.85915492957747,2023.5849056603774
184.85915492957747,2020.0471698113208
184.85915492957747,2016.5094339622642
184.85915492957747,2012.9716981132076
184.85915492957747,2009.433962264151
184.85915492957747,2005.8962264150944
184.85915492957747,2002.3584905660377
184.85915492957747,1998.8207547169811
184.85915492957747,1995.2830188679245
184.85915492957747,1991.745283018868
184.85915492957747,1988.2075471698113
184.85915492957747,1984.6698113207547
184.85915492957747,1981.132075471698
184.85915492957747,1977.5943396226414
184.85915492957747,1974.0566037735848
184.85915492957747,1970.5188679245282
184.85915492957747,1966.9811320754718
184.85915492957747,1963.4433962264152
184.85915492957747,1959.9056603773586
184.85915492957747,1956.367924528302
184.85915492957747,1952.8301886792453
184.85915492957747,1949.2924528301887
184.85915492957747,1945.754716981132
184.85915492957747,1942.2169811320755
184.85915492957747,1938.6792452830189
184.85915492957747,1935.1415094339623
184.85915492957747,1931.6037735849056
184.85915492957747,1928.066037735849
184.85915492957747,1924.5283018867924
184.85915492957747,1920.9905660377358
184.85915492957747,1917.4528301886792
184.85915492957747,1913.9150943396226
184.85915492957747,1910.377358490566
184.85915492957747,1906.8396226415093
184.85915492957747,1903.301886792453
184.85915492957747,1899.7641509433963
184.85915492957747,1896.2264150943397
184.85915492957747,1892.688679245283
184.85915492957747,1889.1509433962265
184.85915492957747,1885.6132075471698
184.85915492957747,1882.0754716981132
184.85915492957747,1878.5377358490566
184.85915492957747,1875.0
184.85915492957747,1871.4622641509434
184.85915492957747,1867.9245283018868
184.85915492957747,1864.3867924528302
184.85915492957747,1860.8490566037735
184.85915492957747,1857.311320754717
184.85915492957747,1853.7735849056603
184.85915492957747,1850.2358490566037
184.85915492957747,1846.698113207547
184.85915492957747,1843.1603773584907
184.85915492957747,1839.622641509434
184.85915492957747,1836.0849056603774
184.85915492957747,1832.5471698113208
184.85915492957747,1829.0094339622642
184.85915492957747,1825.4716981132076
184.85915492957747,1821.933962264151
184.85915492957747,1818.3962264150944
184.85915492957747,1814.8584905660377
184.85915492957747,1811.3207547169811
184.85915492957747,1807.7830188679245
184.85915492957747,1804.245283018868
184.85915492957747,1800.7075471698113
184.85915492957747,1797.1698113207547
184.85915492957747,1793.632075471698
184.85915492957747,1790.0943396226414
184.85915492957747,1786.5566037735848
184.85915492957747,1783.0188679245282
184.85915492957747,1779.4811320754718
184.85915492957747,1775.9433962264152
184.85915492957747,1772.4056603773586
184.85915492957747,1768.867924528302
184.85915492957747,1765.3301886792453
184.85915492957747,1761.7924528301887
184.85915492957747,1758.254716981132
184.85915492957747,1754.7169811320755
184.85915492957747,1751.1792452830189
184.85915492957747,1747.6415094339623
184.85915492957747,1744.1037735849056
184.85915492957747,1740.566037735849
184.85915492957747,1737.0283018867924
184.85915492957747,1733.4905660377358
184.85915492957747,1729.9528301886792
184.85915492957747,1726.4150943396226
184.85915492957747,1722.877358490566
184.85915492957747,1719.3396226415093
184.85915492957747,1715.801886792453
184.85915492957747,1712.2641509433963
184.85915492957747,1708.7264150943397
184.85915492957747,1705.188679245283
184.85915492957747,1701.6509433962265
184.85915492957747,1698.1132075471698
184.85915492957747,1694.5754716981132
184.85915492957747,1691.0377358490566
184.85915492957747,1687.5
184.85915492957747,1683.9622641509434
184.85915492957747,1680.4245283018868
184.85915492957747,1676.8867924528302
184.85915492957747,1673.3490566037735
184.85915492957747,1669.811320754717
184.85915492957747,1666.2735849056603
184.85915492957747,1662.7358490566037
184.85915492957747,1659.198113207547
184.85915492957747,1655.6603773584907
184.85915492957747,1652.122641509434
184.85915492957747,1648.5849056603774
184.85915492957747,1645.0471698113208
184.85915492957747,1641.5094339622642
184.85915492957747,1637.9716981132076
184.85915492957747,1634.433962264151
184.85915492957747,1630.8962264150944
184.85915492957747,1627.3584905660377
184.85915492957747,1623.8207547169811
184.85915492957747,1620.2830188679245
184.85915492957747,1616.745283018868
184.85915492957747,1613.2075471698113
184.85915492957747,1609.6698113207547
184.85915492957747,1606.132075471698
184.85915492957747,1602.5943396226414
184.85915492957747,1599.0566037735848
184.85915492957747,1595.5188679245282
184.85915492957747,1591.9811320754718
184.85915492957747,1588.4433962264152
190.14084507042253,2787.735849056604
190.14084507042253,2784.198113207547
190.14084507042253,2780.6603773584907
190.14084507042253,2777.122641509434
190.14084507042253,2773.5849056603774
190.14084507042253,2770.0471698113206
190.14084507042253,2766.509433962264
190.14084507042253,2762.9716981132074
190.14084507042253,2759.433962264151
190.14084507042253,2755.896226415094
190.14084507042253,2752.3584905660377
190.14084507042253,2748.8207547169814
190.14084507042253,2745.2830188679245
190.14084507042253,2741.745283018868
190.14084507042253,2738.2075471698113
190.14084507042253,2734.669811320755
190.14084507042253,2731.132075471698
190.14084507042253,2727.5943396226417
190.14084507042253,2724.056603773585
190.14084507042253,2720.5188679245284
190.14084507042253,2716.9811320754716
190.14084507042253,2713.443396226415
190.14084507042253,2709.9056603773583
190.14084507042253,2706.367924528302
190.14084507042253,2702.830188679245
190.14084507042253,2699.2924528301887
190.14084507042253,2695.754716981132
190.14084507042253,2692.2169811320755
190.14084507042253,2688.6792452830186
190.14084507042253,2685.1415094339623
190.14084507042253,2681.603773584906
190.14084507042253,2678.066037735849
190.14084507042253,2674.5283018867926
190.14084507042253,2670.990566037736
190.14084507042253,2667.4528301886794
190.14084507042253,2663.9150943396226
190.14084507042253,2660.377358490566
190.14084507042253,2656.8396226415093
190.14084507042253,2653.301886792453
190.14084507042253,2649.764150943396
190.14084507042253,2646.2264150943397
190.14084507042253,2642.688679245283
190.14084507042253,2639.1509433962265
190.14084507042253,2635.6132075471696
190.14084507042253,2632.0754716981132
190.14084507042253,2628.5377358490564
190.14084507042253,2625.0
190.14084507042253,2621.4622641509436
190.14084507042253,2617.9245283018868
190.14084507042253,2614.3867924528304
190.14084507042253,2610.8490566037735
190.14084507042253,2607.311320754717
190.14084507042253,2603.7735849056603
190.14084507042253,2600.235849056604
190.14084507042253,2596.698113207547
190.14084507042253,2593.1603773584907
190.14084507042253,2589.622641509434
190.14084507042253,2586.0849056603774
190.14084507042253,2582.5471698113206
190.14084507042253,2579.009433962264
190.14084507042253,2575.4716981132074
190.14084507042253,2571.933962264151
190.14084507042253,2568.396226415094
190.14084507042253,2564.8584905660377
190.14084507042253,2561.3207547169814
190.14084507042253,2557.7830188679245
190.14084507042253,2554.245283018868
190.14084507042253,2550.7075471698113
190.14084507042253,2547.169811320755
190.14084507042253,2543.632075471698
190.14084507042253,2540.0943396226417
190.14084507042253,2536.556603773585
190.14084507042253,2533.0188679245284
190.14084507042253,2529.4811320754716
190.14084507042253,2525.943396226415
190.14084507042253,2522.4056603773583
190.14084507042253,2518.867924528302
190.14084507042253,2515.330188679245
190.14084507042253,2511.7924528301887
190.14084507042253,2508.254716981132
190.14084507042253,2504.7169811320755
190.14084507042253,2501.1792452830186
190.14084507042253,2497.6415094339623
190.14084507042253,2494.103773584906
190.14084507042253,2490.566037735849
190.14084507042253,2487.0283018867926
190.14084507042253,2483.490566037736
190.14084507042253,2479.9528301886794
190.14084507042253,2476.4150943396226
190.14084507042253,2472.877358490566
190.14084507042253,2469.3396226415093
190.14084507042253,2465.801886792453
190.14084507042253,2462.264150943396
190.14084507042253,2458.7264150943397
190.14084507042253,2455.188679245283
190.14084507042253,2451.6509433962265
190.14084507042253,2448.1132075471696
190.14084507042253,2444.5754716981132
190.14084507042253,2441.0377358490564
190.14084507042253,2437.5
190.14084507042253,2433.9622641509436
190.14084507042253,2430.4245283018868
190.14084507042253,2426.8867924528304
190.14084507042253,2423.3490566037735
190.14084507042253,2419.811320754717
190.14084507042253,2416.2735849056603
190.14084507042253,2412.735849056604
190.14084507042253,2409.198113207547
190.14084507042253,2405.6603773584907
190.14084507042253,2402.122641509434
190.14084507042253,2398.5849056603774
190.14084507042253,2395.0471698113206
190.14084507042253,2391.509433962264
190.14084507042253,2387.9716981132074
190.14084507042253,2384.433962264151
190.14084507042253,2380.896226415094
190.14084507042253,2377.3584905660377
190.14084507042253,2373.8207547169814
190.14084507042253,2370.2830188679245
190.14084507042253,2366.745283018868
190.14084507042253,2363.2075471698113
190.14084507042253,2359.669811320755
190.14084507042253,2356.132075471698
190.14084507042253,2352.5943396226417
190.14084507042253,2349.056603773585
190.14084507042253,2345.5188679245284
190.14084507042253,2341.9811320754716
190.14084507042253,2338.443396226415
190.14084507042253,2334.9056603773583
190.14084507042253,2331.367924528302
190.14084507042253,2327.830188679245
190.14084507042253,2324.2924528301887
190.14084507042253,2320.754716981132
190.14084507042253,2317.2169811320755
190.14084507042253,2313.6792452830186
190.14084507042253,2310.1415094339623
190.14084507042253,2306.603773584906
190.14084507042253,2303.066037735849
190.14084507042253,2299.5283018867926
190.14084507042253,2295.990566037736
190.14084507042253,2292.4528301886794
190.14084507042253,2288.9150943396226
190.14084507042253,2285.377358490566
190.14084507042253,2281.8396226415093
190.14084507042253,2278.301886792453
190.14084507042253,2274.764150943396
190.14084507042253,2271.2264150943397
190.14084507042253,2267.688679245283
190.14084507042253,2264.1509433962265
190.14084507042253,2260.6132075471696
190.14084507042253,2257.0754716981132
190.14084507042253,2253.5377358490564
190.14084507042253,2250.0
190.14084507042253,2246.4622641509436
190.14084507042253,2242.9245283018868
190.14084507042253,2239.3867924528304
190.14084507042253,2235.8490566037735
190.14084507042253,2232.311320754717
190.14084507042253,2228.7735849056603
190.14084507042253,2225.235849056604
190.14084507042253,2221.698113207547
190.14084507042253,2218.1603773584907
190.14084507042253,2214.622641509434
190.14084507042253,2211.0849056603774
190.14084507042253,2207.5471698113206
190.14084507042253,2204.009433962264
190.14084507042253,2200.4716981132074
190.14084507042253,2196.933962264151
190.14084507042253,2193.396226415094
190.14084507042253,2189.8584905660377
190.14084507042253,2186.3207547169814
190.14084507042253,2182.7830188679245
190.14084507042253,2179.245283018868
190.14084507042253,2175.7075471698113
190.14084507042253,2172.169811320755
190.14084507042253,2168.632075471698
190.14084507042253,2165.0943396226417
190.14084507042253,2161.556603773585
190.14084507042253,2158.0188679245284
190.14084507042253,2154.4811320754716
190.14084507042253,2150.943396226415
190.14084507042253,2147.4056603773583
190.14084507042253,2143.867924528302
190.14084507042253,2140.330188679245
190.14084507042253,2136.7924528301887
190.14084507042253,2133.254716981132
190.14084507042253,2129.7169811320755
190.14084507042253,2126.1792452830186
190.14084507042253,2122.6415094339623
190.14084507042253,2119.103773584906
190.14084507042253,2115.566037735849
190.14084507042253,2112.0283018867926
190.14084507042253,2108.490566037736
190.14084507042253,2104.9528301886794
190.14084507042253,2101.4150943396226
190.14084507042253,2097.877358490566
190.14084507042253,2094.3396226415093
190.14084507042253,2090.801886792453
190.14084507042253,2087.264150943396
190.14084507042253,2083.7264150943397
190.14084507042253,2080.188679245283
190.14084507042253,2076.6509433962265
190.14084507042253,2073.1132075471696
190.14084507042253,2069.5754716981132
190.14084507042253,2066.0377358490564
190.14084507042253,2062.5
190.14084507042253,2058.9622641509436
190.14084507042253,2055.4245283018868
190.14084507042253,2051.8867924528304
190.14084507042253,2048.3490566037735
190.14084507042253,2044.811320754717
190.14084507042253,2041.2735849056603
190.14084507042253,2037.7358490566037
190.14084507042253,2034.198113207547
190.14084507042253,2030.6603773584907
190.14084507042253,2027.122641509434
190.14084507042253,2023.5849056603774
190.14084507042253,2020.0471698113208
190.14084507042253,2016.5094339622642
190.14084507042253,2012.9716981132076
190.14084507042253,2009.433962264151
190.14084507042253,2005.8962264150944
190.14084507042253,2002.3584905660377
190.14084507042253,1998.8207547169811
190.14084507042253,1995.2830188679245
190.14084507042253,1991.745283018868
190.14084507042253,1988.2075471698113
190.14084507042253,1984.6698113207547
190.14084507042253,1981.132075471698
190.14084507042253,1977.5943396226414
190.14084507042253,1974.0566037735848
190.14084507042253,1970.5188679245282
190.14084507042253,1966.9811320754718
190.14084507042253,1963.4433962264152
190.14084507042253,1959.9056603773586
190.14084507042253,1956.367924528302
190.14084507042253,1952.8301886792453
190.14084507042253,1949.2924528301887
190.14084507042253,1945.754716981132
190.14084507042253,1942.2169811320755
190.14084507042253,1938.6792452830189
190.14084507042253,1935.1415094339623
190.14084507042253,1931.6037735849056
190.14084507042253,1928.066037735849
190.14084507042253,1924.5283018867924
190.14084507042253,1920.9905660377358
190.14084507042253,1917.4528301886792
190.14084507042253,1913.9150943396226
190.14084507042253,1910.377358490566
190.14084507042253,1906.8396226415093
190.14084507042253,1903.301886792453
190.14084507042253,1899.7641509433963
190.14084507042253,1896.2264150943397
190.14084507042253,1892.688679245283
190.14084507042253,1889.1509433962265
190.14084507042253,1885.6132075471698
190.14084507042253,1882.0754716981132
190.14084507042253,1878.5377358490566
190.14084507042253,1875.0
190.14084507042253,1871.4622641509434
190.14084507042253,1867.9245283018868
190.14084507042253,1864.3867924528302
190.14084507042253,1860.8490566037735
190.14084507042253,1857.311320754717
190.14084507042253,1853.7735849056603
190.14084507042253,1850.2358490566037
190.14084507042253,1846.698113207547
190.14084507042253,1843.1603773584907
190.14084507042253,1839.622641509434
190.14084507042253,1836.0849056603774
190.14084507042253,1832.5471698113208
190.14084507042253,1829.0094339622642
190.14084507042253,1825.4716981132076
190.14084507042253,1821.933962264151
190.14084507042253,1818.3962264150944
190.14084507042253,1814.8584905660377
190.14084507042253,1811.3207547169811
190.14084507042253,1807.7830188679245
190.14084507042253,1804.245283018868
190.14084507042253,1800.7075471698113
190.14084507042253,1797.1698113207547
190.14084507042253,1793.632075471698
190.14084507042253,1790.0943396226414
190.14084507042253,1786.5566037735848
190.14084507042253,1783.0188679245282
190.14084507042253,1779.4811320754718
190.14084507042253,1775.9433962264152
190.14084507042253,1772.4056603773586
190.14084507042253,1768.867924528302
190.14084507042253,1765.3301886792453
190.14084507042253,1761.7924528301887
190.14084507042253,1758.254716981132
190.14084507042253,1754.7169811320755
190.14084507042253,1751.1792452830189
190.14084507042253,1747.6415094339623
190.14084507042253,1744.1037735849056
190.14084507042253,1740.566037735849
190.14084507042253,1737.0283018867924
190.14084507042253,1733.4905660377358
195.42253521126761,3095.5188679245284
195.42253521126761,3091.9811320754716
195.42253521126761,3088.443396226415
195.42253521126761,3084.9056603773583
195.42253521126761,3081.367924528302
195.42253521126761,3077.830188679245
195.42253521126761,3074.2924528301887
195.42253521126761,3070.754716981132
195.42253521126761,3067.2169811320755
195.42253521126761,3063.6792452830186
195.42253521126761,3060.1415094339623
195.42253521126761,3056.603773584906
195.42253521126761,3053.066037735849
195.42253521126761,3049.5283018867926
195.42253521126761,3045.990566037736
195.42253521126761,3042.4528301886794
195.42253521126761,3038.9150943396226
195.42253521126761,3035.377358490566
195.42253521126761,3031.8396226415093
195.42253521126761,3028.301886792453
195.42253521126761,3024.764150943396
195.42253521126761,3021.2264150943397
195.42253521126761,3017.688679245283
195.42253521126761,3014.1509433962265
195.42253521126761,3010.6132075471696
195.42253521126761,3007.0754716981132
195.42253521126761,3003.5377358490564
195.42253521126761,3000.0
195.42253521126761,2996.4622641509436
195.42253521126761,2992.9245283018868
195.42253521126761,2989.3867924528304
195.42253521126761,2985.8490566037735
195.42253521126761,2982.311320754717
195.42253521126761,2978.7735849056603
195.42253521126761,2975.235849056604
195.42253521126761,2971.698113207547
195.42253521126761,2968.1603773584907
195.42253521126761,2964.622641509434
195.42253521126761,2961.0849056603774
195.42253521126761,2957.5471698113206
195.42253521126761,2954.009433962264
195.42253521126761,2950.4716981132074
195.42253521126761,2946.933962264151
195.42253521126761,2943.396226415094
195.42253521126761,2939.8584905660377
195.42253521126761,2936.3207547169814
195.42253521126761,2932.7830188679245
195.42253521126761,2929.245283018868
195.42253521126761,2925.7075471698113
195.42253521126761,2922.169811320755
195.42253521126761,2918.632075471698
195.42253521126761,2915.0943396226417
195.42253521126761,2911.556603773585
195.42253521126761,2908.0188679245284
195.42253521126761,2904.4811320754716
195.42253521126761,2900.943396226415
195.42253521126761,2897.4056603773583
195.42253521126761,2893.867924528302
195.42253521126761,2890.330188679245
195.42253521126761,2886.7924528301887
195.42253521126761,2883.254716981132
195.42253521126761,2879.7169811320755
195.42253521126761,2876.1792452830186
195.42253521126761,2872.6415094339623
195.42253521126761,2869.103773584906
195.42253521126761,2865.566037735849
195.42253521126761,2862.0283018867926
195.42253521126761,2858.490566037736
195.42253521126761,2854.9528301886794
195.42253521126761,2851.4150943396226
195.42253521126761,2847.877358490566
195.42253521126761,2844.3396226415093
195.42253521126761,2840.801886792453
195.42253521126761,2837.264150943396
195.42253521126761,2833.7264150943397
195.42253521126761,2830.188679245283
195.42253521126761,2826.6509433962265
195.42253521126761,2823.1132075471696
195.42253521126761,2819.5754716981132
195.42253521126761,2816.0377358490564
195.42253521126761,2812.5
195.42253521126761,2808.9622641509436
195.42253521126761,2805.4245283018868
195.42253521126761,2801.8867924528304
195.42253521126761,2798.3490566037735
195.42253521126761,2794.811320754717
195.42253521126761,2791.2735849056603
195.42253521126761,2787.735849056604
195.42253521126761,2784.198113207547
195.42253521126761,2780.6603773584907
195.42253521126761,2777.122641509434
195.42253521126761,2773.5849056603774
195.42253521126761,2770.0471698113206
195.42253521126761,2766.509433962264
195.42253521126761,2762.9716981132074
195.42253521126761,2759.433962264151
195.42253521126761,2755.896226415094
195.42253521126761,2752.3584905660377
195.42253521126761,2748.8207547169814
195.42253521126761,2745.2830188679245
195.42253521126761,2741.745283018868
195.42253521126761,2738.2075471698113
195.42253521126761,2734.669811320755
195.42253521126761,2731.132075471698
195.42253521126761,2727.5943396226417
195.42253521126761,2724.056603773585
195.42253521126761,2720.5188679245284
195.42253521126761,2716.9811320754716
195.42253521126761,2713.443396226415
195.42253521126761,2709.9056603773583
195.42253521126761,2706.367924528302
195.42253521126761,2702.830188679245
195.42253521126761,2699.2924528301887
195.42253521126761,2695.754716981132
195.42253521126761,2692.2169811320755
195.42253521126761,2688.6792452830186
195.42253521126761,2685.1415094339623
195.42253521126761,2681.603773584906
195.42253521126761,2678.066037735849
195.42253521126761,2674.5283018867926
195.42253521126761,2670.990566037736
195.42253521126761,2667.4528301886794
195.42253521126761,2663.9150943396226
195.42253521126761,2660.377358490566
195.42253521126761,2656.8396226415093
195.42253521126761,2653.301886792453
195.42253521126761,2649.764150943396
195.42253521126761,2646.2264150943397
195.42253521126761,2642.688679245283
195.42253521126761,2639.1509433962265
195.42253521126761,2635.6132075471696
195.42253521126761,2632.0754716981132
195.42253521126761,2628.5377358490564
195.42253521126761,2625.0
195.42253521126761,2621.4622641509436
195.42253521126761,2617.9245283018868
195.42253521126761,2614.3867924528304
195.42253521126761,2610.8490566037735
195.42253521126761,2607.311320754717
195.42253521126761,2603.7735849056603
195.42253521126761,2600.235849056604
195.42253521126761,2596.698113207547
195.42253521126761,2593.1603773584907
195.42253521126761,2589.622641509434
195.42253521126761,2586.0849056603774
195.42253521126761,2582.5471698113206
195.42253521126761,2579.009433962264
195.42253521126761,2575.4716981132074
195.42253521126761,2571.933962264151
195.42253521126761,2568.396226415094
195.42253521126761,2564.8584905660377
195.42253521126761,2561.3207547169814
195.42253521126761,2557.7830188679245
195.42253521126761,2554.245283018868
195.42253521126761,2550.7075471698113
195.42253521126761,2547.169811320755
195.42253521126761,2543.632075471698
195.42253521126761,2540.0943396226417
195.42253521126761,2536.556603773585
195.42253521126761,2533.0188679245284
195.42253521126761,2529.4811320754716
195.42253521126761,2525.943396226415
195.42253521126761,2522.4056603773583
195.42253521126761,2518.867924528302
195.42253521126761,2515.330188679245
195.42253521126761,2511.7924528301887
195.42253521126761,2508.254716981132
195.42253521126761,2504.7169811320755
195.42253521126761,2501.1792452830186
195.42253521126761,2497.6415094339623
195.42253521126761,2494.103773584906
195.42253521126761,2490.566037735849
195.42253521126761,2487.0283018867926
195.42253521126761,2483.490566037736
195.42253521126761,2479.9528301886794
195.42253521126761,2476.4150943396226
195.42253521126761,2472.877358490566
195.42253521126761,2469.3396226415093
195.42253521126761,2465.801886792453
195.42253521126761,2462.264150943396
195.42253521126761,2458.7264150943397
195.42253521126761,2455.188679245283
195.42253521126761,2451.6509433962265
195.42253521126761,2448.1132075471696
195.42253521126761,2444.5754716981132
195.42253521126761,2441.0377358490564
195.42253521126761,2437.5
195.42253521126761,2433.9622641509436
195.42253521126761,2430.4245283018868
195.42253521126761,2426.8867924528304
195.42253521126761,2423.3490566037735
195.42253521126761,2419.811320754717
195.42253521126761,2416.2735849056603
195.42253521126761,2412.735849056604
195.42253521126761,2409.198113207547
195.42253521126761,2405.6603773584907
195.42253521126761,2402.122641509434
195.42253521126761,2398.5849056603774
195.42253521126761,2395.0471698113206
195.42253521126761,2391.509433962264
195.42253521126761,2387.9716981132074
195.42253521126761,2384.433962264151
195.42253521126761,2380.896226415094
195.42253521126761,2377.3584905660377
195.42253521126761,2373.8207547169814
195.42253521126761,2370.2830188679245
195.42253521126761,2366.745283018868
195.42253521126761,2363.2075471698113
195.42253521126761,2359.669811320755
195.42253521126761,2356.132075471698
195.42253521126761,2352.5943396226417
195.42253521126761,2349.056603773585
195.42253521126761,2345.5188679245284
195.42253521126761,2341.9811320754716
195.42253521126761,2338.443396226415
195.42253521126761,2334.9056603773583
195.42253521126761,2331.367924528302
195.42253521126761,2327.830188679245
195.42253521126761,2324.2924528301887
195.42253521126761,2320.754716981132
195.42253521126761,2317.2169811320755
195.42253521126761,2313.6792452830186
195.42253521126761,2310.1415094339623
195.42253521126761,2306.603773584906
195.42253521126761,2303.066037735849
195.42253521126761,2299.5283018867926
195.42253521126761,2295.990566037736
195.42253521126761,2292.4528301886794
195.42253521126761,2288.9150943396226
195.42253521126761,2285.377358490566
195.42253521126761,2281.8396226415093
195.42253521126761,2278.301886792453
195.42253521126761,2274.764150943396
195.42253521126761,2271.2264150943397
195.42253521126761,2267.688679245283
195.42253521126761,2264.1509433962265
195.42253521126761,2260.6132075471696
195.42253521126761,2257.0754716981132
195.42253521126761,2253.5377358490564
195.42253521126761,2250.0
195.42253521126761,2246.4622641509436
195.42253521126761,2242.9245283018868
195.42253521126761,2239.3867924528304
195.42253521126761,2235.8490566037735
195.42253521126761,2232.311320754717
195.42253521126761,2228.7735849056603
195.42253521126761,2225.235849056604
195.42253521126761,2221.698113207547
195.42253521126761,2218.1603773584907
195.42253521126761,2214.622641509434
195.42253521126761,2211.0849056603774
195.42253521126761,2207.5471698113206
195.42253521126761,2204.009433962264
195.42253521126761,2200.4716981132074
195.42253521126761,2196.933962264151
195.42253521126761,2193.396226415094
195.42253521126761,2189.8584905660377
195.42253521126761,2186.3207547169814
195.42253521126761,2182.7830188679245
195.42253521126761,2179.245283018868
195.42253521126761,2175.7075471698113
195.42253521126761,2172.169811320755
195.42253521126761,2168.632075471698
195.42253521126761,2165.0943396226417
195.42253521126761,2161.556603773585
195.42253521126761,2158.0188679245284
195.42253521126761,2154.4811320754716
195.42253521126761,2150.943396226415
195.42253521126761,2147.4056603773583
195.42253521126761,2143.867924528302
195.42253521126761,2140.330188679245
195.42253521126761,2136.7924528301887
195.42253521126761,2133.254716981132
195.42253521126761,2129.7169811320755
195.42253521126761,2126.1792452830186
195.42253521126761,2122.6415094339623
195.42253521126761,2119.103773584906
195.42253521126761,2115.566037735849
195.42253521126761,2112.0283018867926
195.42253521126761,2108.490566037736
195.42253521126761,2104.9528301886794
195.42253521126761,2101.4150943396226
195.42253521126761,2097.877358490566
195.42253521126761,2094.3396226415093
195.42253521126761,2090.801886792453
195.42253521126761,2087.264150943396
195.42253521126761,2083.7264150943397
195.42253521126761,2080.188679245283
195.42253521126761,2076.6509433962265
195.42253521126761,2073.1132075471696
195.42253521126761,2069.5754716981132
195.42253521126761,2066.0377358490564
195.42253521126761,2062.5
195.42253521126761,2058.9622641509436
195.42253521126761,2055.4245283018868
195.42253521126761,2051.8867924528304
195.42253521126761,2048.3490566037735
195.42253521126761,2044.811320754717
195.42253521126761,2041.2735849056603
195.42253521126761,2037.7358490566037
195.42253521126761,2034.198113207547
195.42253521126761,2030.6603773584907
195.42253521126761,2027.122641509434
195.42253521126761,2023.5849056603774
195.42253521126761,2020.0471698113208
195.42253521126761,2016.5094339622642
195.42253521126761,2012.9716981132076
195.42253521126761,2009.433962264151
195.42253521126761,2005.8962264150944
195.42253521126761,2002.3584905660377
195.42253521126761,1998.8207547169811
195.42253521126761,1995.2830188679245
195.42253521126761,1991.745283018868
195.42253521126761,1988.2075471698113
195.42253521126761,1984.6698113207547
195.42253521126761,1981.132075471698
195.42253521126761,1977.5943396226414
195.42253521126761,1974.0566037735848
195.42253521126761,1970.5188679245282
195.42253521126761,1966.9811320754718
195.42253521126761,1963.4433962264152
195.42253521126761,1959.9056603773586
195.42253521126761,1956.367924528302
195.42253521126761,1952.8301886792453
195.42253521126761,1949.2924528301887
195.42253521126761,1945.754716981132
195.42253521126761,1942.2169811320755
195.42253521126761,1938.6792452830189
195.42253521126761,1935.1415094339623
195.42253521126761,1931.6037735849056
195.42253521126761,1928.066037735849
195.42253521126761,1924.5283018867924
195.42253521126761,1920.9905660377358
195.42253521126761,1917.4528301886792
195.42253521126761,1913.9150943396226
195.42253521126761,1910.377358490566
195.42253521126761,1906.8396226415093
195.42253521126761,1903.301886792453
195.42253521126761,1899.7641509433963
195.42253521126761,1896.2264150943397
195.42253521126761,1892.688679245283
195.42253521126761,1889.1509433962265
195.42253521126761,1885.6132075471698
195.42253521126761,1882.0754716981132
195.42253521126761,1878.5377358490566
195.42253521126761,1875.0
195.42253521126761,1871.4622641509434
195.42253521126761,1867.9245283018868
195.42253521126761,1864.3867924528302
195.42253521126761,1860.8490566037735
195.42253521126761,1857.311320754717
200.70422535211267,3102.5943396226417
200.70422535211267,3099.056603773585
200.70422535211267,3095.5188679245284
200.70422535211267,3091.9811320754716
200.70422535211267,3088.443396226415
200.70422535211267,3084.9056603773583
200.70422535211267,3081.367924528302
200.70422535211267,3077.830188679245
200.70422535211267,3074.2924528301887
200.70422535211267,3070.754716981132
200.70422535211267,3067.2169811320755
200.70422535211267,3063.6792452830186
200.70422535211267,3060.1415094339623
200.70422535211267,3056.603773584906
200.70422535211267,3053.066037735849
200.70422535211267,3049.5283018867926
200.70422535211267,3045.990566037736
200.70422535211267,3042.4528301886794
200.70422535211267,3038.9150943396226
200.70422535211267,3035.377358490566
200.70422535211267,3031.8396226415093
200.70422535211267,3028.301886792453
200.70422535211267,3024.764150943396
200.70422535211267,3021.2264150943397
200.70422535211267,3017.688679245283
200.70422535211267,3014.1509433962265
200.70422535211267,3010.6132075471696
200.70422535211267,3007.0754716981132
200.70422535211267,3003.5377358490564
200.70422535211267,3000.0
200.70422535211267,2996.4622641509436
200.70422535211267,2992.9245283018868
200.70422535211267,2989.3867924528304
200.70422535211267,2985.8490566037735
200.70422535211267,2982.311320754717
200.70422535211267,2978.7735849056603
200.70422535211267,2975.235849056604
200.70422535211267,2971.698113207547
200.70422535211267,2968.1603773584907
200.70422535211267,2964.622641509434
200.70422535211267,2961.0849056603774
200.70422535211267,2957.5471698113206
200.70422535211267,2954.009433962264
200.70422535211267,2950.4716981132074
200.70422535211267,2946.933962264151
200.70422535211267,2943.396226415094
200.70422535211267,2939.8584905660377
200.70422535211267,2936.3207547169814
200.70422535211267,2932.7830188679245
200.70422535211267,2929.245283018868
200.70422535211267,2925.7075471698113
200.70422535211267,2922.169811320755
200.70422535211267,2918.632075471698
200.70422535211267,2915.0943396226417
200.70422535211267,2911.556603773585
200.70422535211267,2908.0188679245284
200.70422535211267,2904.4811320754716
200.70422535211267,2900.943396226415
200.70422535211267,2897.4056603773583
200.70422535211267,2893.867924528302
200.70422535211267,2890.330188679245
200.70422535211267,2886.7924528301887
200.70422535211267,2883.254716981132
200.70422535211267,2879.7169811320755
200.70422535211267,2876.1792452830186
200.70422535211267,2872.6415094339623
200.70422535211267,2869.103773584906
200.70422535211267,2865.566037735849
200.70422535211267,2862.0283018867926
200.70422535211267,2858.490566037736
200.70422535211267,2854.9528301886794
200.70422535211267,2851.4150943396226
200.70422535211267,2847.877358490566
200.70422535211267,2844.3396226415093
200.70422535211267,2840.801886792453
200.70422535211267,2837.264150943396
200.70422535211267,2833.7264150943397
200.70422535211267,2830.188679245283
200.70422535211267,2826.6509433962265
200.70422535211267,2823.1132075471696
200.70422535211267,2819.5754716981132
200.70422535211267,2816.0377358490564
200.70422535211267,2812.5
200.70422535211267,2808.9622641509436
200.70422535211267,2805.4245283018868
200.70422535211267,2801.8867924528304
200.70422535211267,2798.3490566037735
200.70422535211267,2794.811320754717
200.70422535211267,2791.2735849056603
200.70422535211267,2787.735849056604
200.70422535211267,2784.198113207547
200.70422535211267,2780.6603773584907
200.70422535211267,2777.122641509434
200.70422535211267,2773.5849056603774
200.70422535211267,2770.0471698113206
200.70422535211267,2766.509433962264
200.70422535211267,2762.9716981132074
200.70422535211267,2759.433962264151
200.70422535211267,2755.896226415094
200.70422535211267,2752.3584905660377
200.70422535211267,2748.8207547169814
200.70422535211267,2745.2830188679245
200.70422535211267,2741.745283018868
200.70422535211267,2738.2075471698113
200.70422535211267,2734.669811320755
200.70422535211267,2731.132075471698
200.70422535211267,2727.5943396226417
200.70422535211267,2724.056603773585
200.70422535211267,2720.5188679245284
200.70422535211267,2716.9811320754716
200.70422535211267,2713.443396226415
200.70422535211267,2709.9056603773583
200.70422535211267,2706.367924528302
200.70422535211267,2702.830188679245
200.70422535211267,2699.2924528301887
200.70422535211267,2695.754716981132
200.70422535211267,2692.2169811320755
200.70422535211267,2688.6792452830186
200.70422535211267,2685.1415094339623
200.70422535211267,2681.603773584906
200.70422535211267,2678.066037735849
200.70422535211267,2674.5283018867926
200.70422535211267,2670.990566037736
200.70422535211267,2667.4528301886794
200.70422535211267,2663.9150943396226
200.70422535211267,2660.377358490566
200.70422535211267,2656.8396226415093
200.70422535211267,2653.301886792453
200.70422535211267,2649.764150943396
200.70422535211267,2646.2264150943397
200.70422535211267,2642.688679245283
200.70422535211267,2639.1509433962265
200.70422535211267,2635.6132075471696
200.70422535211267,2632.0754716981132
200.70422535211267,2628.5377358490564
200.70422535211267,2625.0
200.70422535211267,2621.4622641509436
200.70422535211267,2617.9245283018868
200.70422535211267,2614.3867924528304
200.70422535211267,2610.8490566037735
200.70422535211267,2607.311320754717
200.70422535211267,2603.7735849056603
200.70422535211267,2600.235849056604
200.70422535211267,2596.698113207547
200.70422535211267,2593.1603773584907
200.70422535211267,2589.622641509434
200.70422535211267,2586.0849056603774
200.70422535211267,2582.5471698113206
200.70422535211267,2579.009433962264
200.70422535211267,2575.4716981132074
200.70422535211267,2571.933962264151
200.70422535211267,2568.396226415094
200.70422535211267,2564.8584905660377
200.70422535211267,2561.3207547169814
200.70422535211267,2557.7830188679245
200.70422535211267,2554.245283018868
200.70422535211267,2550.7075471698113
200.70422535211267,2547.169811320755
200.70422535211267,2543.632075471698
200.70422535211267,2540.0943396226417
200.70422535211267,2536.556603773585
200.70422535211267,2533.0188679245284
200.70422535211267,2529.4811320754716
200.70422535211267,2525.943396226415
200.70422535211267,2522.4056603773583
200.70422535211267,2518.867924528302
200.70422535211267,2515.330188679245
200.70422535211267,2511.7924528301887
200.70422535211267,2508.254716981132
200.70422535211267,2504.7169811320755
200.70422535211267,2501.1792452830186
200.70422535211267,2497.6415094339623
200.70422535211267,2494.103773584906
200.70422535211267,2490.566037735849
200.70422535211267,2487.0283018867926
200.70422535211267,2483.490566037736
200.70422535211267,2479.9528301886794
200.70422535211267,2476.4150943396226
200.70422535211267,2472.877358490566
200.70422535211267,2469.3396226415093
200.70422535211267,2465.801886792453
200.70422535211267,2462.264150943396
200.70422535211267,2458.7264150943397
200.70422535211267,2455.188679245283
200.70422535211267,2451.6509433962265
200.70422535211267,2448.1132075471696
200.70422535211267,2444.5754716981132
200.70422535211267,2441.0377358490564
200.70422535211267,2437.5
200.70422535211267,2433.9622641509436
200.70422535211267,2430.4245283018868
200.70422535211267,2426.8867924528304
200.70422535211267,2423.3490566037735
200.70422535211267,2419.811320754717
200.70422535211267,2416.2735849056603
200.70422535211267,2412.735849056604
200.70422535211267,2409.198113207547
200.70422535211267,2405.6603773584907
200.70422535211267,2402.122641509434
200.70422535211267,2398.5849056603774
200.70422535211267,2395.0471698113206
200.70422535211267,2391.509433962264
200.70422535211267,2387.9716981132074
200.70422535211267,2384.433962264151
200.70422535211267,2380.896226415094
200.70422535211267,2377.3584905660377
200.70422535211267,2373.8207547169814
200.70422535211267,2370.2830188679245
200.70422535211267,2366.745283018868
200.70422535211267,2363.2075471698113
200.70422535211267,2359.669811320755
200.70422535211267,2356.132075471698
200.70422535211267,2352.5943396226417
200.70422535211267,2349.056603773585
200.70422535211267,2345.5188679245284
200.70422535211267,2341.9811320754716
200.70422535211267,2338.443396226415
200.70422535211267,2334.9056603773583
200.70422535211267,2331.367924528302
200.70422535211267,2327.830188679245
200.70422535211267,2324.2924528301887
200.70422535211267,2320.754716981132
200.70422535211267,2317.2169811320755
200.70422535211267,2313.6792452830186
200.70422535211267,2310.1415094339623
200.70422535211267,2306.603773584906
200.70422535211267,2303.066037735849
200.70422535211267,2299.5283018867926
200.70422535211267,2295.990566037736
200.70422535211267,2292.4528301886794
200.70422535211267,2288.9150943396226
200.70422535211267,2285.377358490566
200.70422535211267,2281.8396226415093
200.70422535211267,2278.301886792453
200.70422535211267,2274.764150943396
200.70422535211267,2271.2264150943397
200.70422535211267,2267.688679245283
200.70422535211267,2264.1509433962265
200.70422535211267,2260.6132075471696
200.70422535211267,2257.0754716981132
200.70422535211267,2253.5377358490564
200.70422535211267,2250.0
200.70422535211267,2246.4622641509436
200.70422535211267,2242.9245283018868
200.70422535211267,2239.3867924528304
200.70422535211267,2235.8490566037735
200.70422535211267,2232.311320754717
200.70422535211267,2228.7735849056603
200.70422535211267,2225.235849056604
200.70422535211267,2221.698113207547
200.70422535211267,2218.1603773584907
200.70422535211267,2214.622641509434
200.70422535211267,2211.0849056603774
200.70422535211267,2207.5471698113206
200.70422535211267,2204.009433962264
200.70422535211267,2200.4716981132074
200.70422535211267,2196.933962264151
200.70422535211267,2193.396226415094
200.70422535211267,2189.8584905660377
200.70422535211267,2186.3207547169814
200.70422535211267,2182.7830188679245
200.70422535211267,2179.245283018868
200.70422535211267,2175.7075471698113
200.70422535211267,2172.169811320755
200.70422535211267,2168.632075471698
200.70422535211267,2165.0943396226417
200.70422535211267,2161.556603773585
200.70422535211267,2158.0188679245284
200.70422535211267,2154.4811320754716
200.70422535211267,2150.943396226415
200.70422535211267,2147.4056603773583
200.70422535211267,2143.867924528302
200.70422535211267,2140.330188679245
200.70422535211267,2136.7924528301887
200.70422535211267,2133.254716981132
200.70422535211267,2129.7169811320755
200.70422535211267,2126.1792452830186
200.70422535211267,2122.6415094339623
200.70422535211267,2119.103773584906
200.70422535211267,2115.566037735849
200.70422535211267,2112.0283018867926
200.70422535211267,2108.490566037736
200.70422535211267,2104.9528301886794
200.70422535211267,2101.4150943396226
200.70422535211267,2097.877358490566
200.70422535211267,2094.3396226415093
200.70422535211267,2090.801886792453
200.70422535211267,2087.264150943396
200.70422535211267,2083.7264150943397
200.70422535211267,2080.188679245283
200.70422535211267,2076.6509433962265
200.70422535211267,2073.1132075471696
200.70422535211267,2069.5754716981132
200.70422535211267,2066.0377358490564
200.70422535211267,2062.5
200.70422535211267,2058.9622641509436
200.70422535211267,2055.4245283018868
200.70422535211267,2051.8867924528304
200.70422535211267,2048.3490566037735
200.70422535211267,2044.811320754717
200.70422535211267,2041.2735849056603
200.70422535211267,2037.7358490566037
200.70422535211267,2034.198113207547
200.70422535211267,2030.6603773584907
200.70422535211267,2027.122641509434
200.70422535211267,2023.5849056603774
200.70422535211267,2020.0471698113208
200.70422535211267,2016.5094339622642
200.70422535211267,2012.9716981132076
200.70422535211267,2009.433962264151
200.70422535211267,2005.8962264150944
200.70422535211267,2002.3584905660377
200.70422535211267,1998.8207547169811
200.70422535211267,1995.2830188679245
200.70422535211267,1991.745283018868
200.70422535211267,1988.2075471698113
200.70422535211267,1984.6698113207547
200.70422535211267,1981.132075471698
200.70422535211267,1977.5943396226414
200.70422535211267,1974.0566037735848
200.70422535211267,1970.5188679245282
200.70422535211267,1966.9811320754718
200.70422535211267,1963.4433962264152
200.70422535211267,1959.9056603773586
200.70422535211267,1956.367924528302
200.70422535211267,1952.8301886792453
200.70422535211267,1949.2924528301887
200.70422535211267,1945.754716981132
200.70422535211267,1942.2169811320755
200.70422535211267,1938.6792452830189
200.70422535211267,1935.1415094339623
200.70422535211267,1931.6037735849056
200.70422535211267,1928.066037735849
200.70422535211267,1924.5283018867924
200.70422535211267,1920.9905660377358
200.70422535211267,1917.4528301886792
200.70422535211267,1913.9150943396226
200.70422535211267,1910.377358490566
200.70422535211267,1906.8396226415093
205.98591549295776,3102.5943396226417
205.98591549295776,3099.056603773585
205.98591549295776,3095.5188679245284
205.98591549295776,3091.9811320754716
205.98591549295776,3088.443396226415
205.98591549295776,3084.9056603773583
205.98591549295776,3081.367924528302
205.98591549295776,3077.830188679245
205.98591549295776,3074.2924528301887
205.98591549295776,3070.754716981132
205.98591549295776,3067.2169811320755
205.98591549295776,3063.6792452830186
205.98591549295776,3060.1415094339623
205.98591549295776,3056.603773584906
205.98591549295776,3053.066037735849
205.98591549295776,3049.5283018867926
205.98591549295776,3045.990566037736
205.98591549295776,3042.4528301886794
205.98591549295776,3038.9150943396226
205.98591549295776,3035.377358490566
205.98591549295776,3031.8396226415093
205.98591549295776,3028.301886792453
205.98591549295776,3024.764150943396
205.98591549295776,3021.2264150943397
205.98591549295776,3017.688679245283
205.98591549295776,3014.1509433962265
205.98591549295776,3010.6132075471696
205.98591549295776,3007.0754716981132
205.98591549295776,3003.5377358490564
205.98591549295776,3000.0
205.98591549295776,2996.4622641509436
205.98591549295776,2992.9245283018868
205.98591549295776,2989.3867924528304
205.98591549295776,2985.8490566037735
205.98591549295776,2982.311320754717
205.98591549295776,2978.7735849056603
205.98591549295776,2975.235849056604
205.98591549295776,2971.698113207547
205.98591549295776,2968.1603773584907
205.98591549295776,2964.622641509434
205.98591549295776,2961.0849056603774
205.98591549295776,2957.5471698113206
205.98591549295776,2954.009433962264
205.98591549295776,2950.4716981132074
205.98591549295776,2946.933962264151
205.98591549295776,2943.396226415094
205.98591549295776,2939.8584905660377
205.98591549295776,2936.3207547169814
205.98591549295776,2932.7830188679245
205.98591549295776,2929.245283018868
205.98591549295776,2925.7075471698113
205.98591549295776,2922.169811320755
205.98591549295776,2918.632075471698
205.98591549295776,2915.0943396226417
205.98591549295776,2911.556603773585
205.98591549295776,2908.0188679245284
205.98591549295776,2904.4811320754716
205.98591549295776,2900.943396226415
205.98591549295776,2897.4056603773583
205.98591549295776,2893.867924528302
205.98591549295776,2890.330188679245
205.98591549295776,2886.7924528301887
205.98591549295776,2883.254716981132
205.98591549295776,2879.7169811320755
205.98591549295776,2876.1792452830186
205.98591549295776,2872.6415094339623
205.98591549295776,2869.103773584906
205.98591549295776,2865.566037735849
205.98591549295776,2862.0283018867926
205.98591549295776,2858.490566037736
205.98591549295776,2854.9528301886794
205.98591549295776,2851.4150943396226
205.98591549295776,2847.877358490566
205.98591549295776,2844.3396226415093
205.98591549295776,2840.801886792453
205.98591549295776,2837.264150943396
205.98591549295776,2833.7264150943397
205.98591549295776,2830.188679245283
205.98591549295776,2826.6509433962265
205.98591549295776,2823.1132075471696
205.98591549295776,2819.5754716981132
205.98591549295776,2816.0377358490564
205.98591549295776,2812.5
205.98591549295776,2808.9622641509436
205.98591549295776,2805.4245283018868
205.98591549295776,2801.8867924528304
205.98591549295776,2798.3490566037735
205.98591549295776,2794.811320754717
205.98591549295776,2791.2735849056603
205.98591549295776,2787.735849056604
205.98591549295776,2784.198113207547
205.98591549295776,2780.6603773584907
205.98591549295776,2777.122641509434
205.98591549295776,2773.5849056603774
205.98591549295776,2770.0471698113206
205.98591549295776,2766.509433962264
205.98591549295776,2762.9716981132074
205.98591549295776,2759.433962264151
205.98591549295776,2755.896226415094
205.98591549295776,2752.3584905660377
205.98591549295776,2748.8207547169814
205.98591549295776,2745.2830188679245
205.98591549295776,2741.745283018868
205.98591549295776,2738.2075471698113
205.98591549295776,2734.669811320755
205.98591549295776,2731.132075471698
205.98591549295776,2727.5943396226417
205.98591549295776,2724.056603773585
205.98591549295776,2720.5188679245284
205.98591549295776,2716.9811320754716
205.98591549295776,2713.443396226415
205.98591549295776,2709.9056603773583
205.98591549295776,2706.367924528302
205.98591549295776,2702.830188679245
205.98591549295776,2699.2924528301887
205.98591549295776,2695.754716981132
205.98591549295776,2692.2169811320755
205.98591549295776,2688.6792452830186
205.98591549295776,2685.1415094339623
205.98591549295776,2681.603773584906
205.98591549295776,2678.066037735849
205.98591549295776,2674.5283018867926
205.98591549295776,2670.990566037736
205.98591549295776,2667.4528301886794
205.98591549295776,2663.9150943396226
205.98591549295776,2660.377358490566
205.98591549295776,2656.8396226415093
205.98591549295776,2653.301886792453
205.98591549295776,2649.764150943396
205.98591549295776,2646.2264150943397
205.98591549295776,2642.688679245283
205.98591549295776,2639.1509433962265
205.98591549295776,2635.6132075471696
205.98591549295776,2632.0754716981132
205.98591549295776,2628.5377358490564
205.98591549295776,2625.0
205.98591549295776,2621.4622641509436
205.98591549295776,2617.9245283018868
205.98591549295776,2614.3867924528304
205.98591549295776,2610.8490566037735
205.98591549295776,2607.311320754717
205.98591549295776,2603.7735849056603
205.98591549295776,2600.235849056604
205.98591549295776,2596.698113207547
205.98591549295776,2593.1603773584907
205.98591549295776,2589.622641509434
205.98591549295776,2586.0849056603774
205.98591549295776,2582.5471698113206
205.98591549295776,2579.009433962264
205.98591549295776,2575.4716981132074
205.98591549295776,2571.933962264151
205.98591549295776,2568.396226415094
205.98591549295776,2564.8584905660377
205.98591549295776,2561.3207547169814
205.98591549295776,2557.7830188679245
205.98591549295776,2554.245283018868
205.98591549295776,2550.7075471698113
205.98591549295776,2547.169811320755
205.98591549295776,2543.632075471698
205.98591549295776,2540.0943396226417
205.98591549295776,2536.556603773585
205.98591549295776,2533.0188679245284
205.98591549295776,2529.4811320754716
205.98591549295776,2525.943396226415
205.98591549295776,2522.4056603773583
205.98591549295776,2518.867924528302
205.98591549295776,2515.330188679245
205.98591549295776,2511.7924528301887
205.98591549295776,2508.254716981132
205.98591549295776,2504.7169811320755
205.98591549295776,2501.1792452830186
205.98591549295776,2497.6415094339623
205.98591549295776,2494.103773584906
205.98591549295776,2490.566037735849
205.98591549295776,2487.0283018867926
205.98591549295776,2483.490566037736
205.98591549295776,2479.9528301886794
205.98591549295776,2476.4150943396226
205.98591549295776,2472.877358490566
205.98591549295776,2469.3396226415093
205.98591549295776,2465.801886792453
205.98591549295776,2462.264150943396
205.98591549295776,2458.7264150943397
205.98591549295776,2455.188679245283
205.98591549295776,2451.6509433962265
205.98591549295776,2448.1132075471696
205.98591549295776,2444.5754716981132
205.98591549295776,2441.0377358490564
205.98591549295776,2437.5
205.98591549295776,2433.9622641509436
205.98591549295776,2430.4245283018868
205.98591549295776,2426.8867924528304
205.98591549295776,2423.3490566037735
205.98591549295776,2419.811320754717
205.98591549295776,2416.2735849056603
205.98591549295776,2412.735849056604
205.98591549295776,2409.198113207547
205.98591549295776,2405.6603773584907
205.98591549295776,2402.122641509434
205.98591549295776,2398.5849056603774
205.98591549295776,2395.0471698113206
205.98591549295776,2391.509433962264
205.98591549295776,2387.9716981132074
205.98591549295776,2384.433962264151
205.98591549295776,2380.896226415094
205.98591549295776,2377.3584905660377
205.98591549295776,2373.8207547169814
205.98591549295776,2370.2830188679245
205.98591549295776,2366.745283018868
205.98591549295776,2363.2075471698113
205.98591549295776,2359.669811320755
205.98591549295776,2356.132075471698
205.98591549295776,2352.5943396226417
205.98591549295776,2349.056603773585
205.98591549295776,2345.5188679245284
205.98591549295776,2341.9811320754716
205.98591549295776,2338.443396226415
205.98591549295776,2334.9056603773583
205.98591549295776,2331.367924528302
205.98591549295776,2327.830188679245
205.98591549295776,2324.2924528301887
205.98591549295776,2320.754716981132
205.98591549295776,2317.2169811320755
205.98591549295776,2313.6792452830186
205.98591549295776,2310.1415094339623
205.98591549295776,2306.603773584906
205.98591549295776,2303.066037735849
205.98591549295776,2299.5283018867926
205.98591549295776,2295.990566037736
205.98591549295776,2292.4528301886794
205.98591549295776,2288.9150943396226
205.98591549295776,2285.377358490566
205.98591549295776,2281.8396226415093
205.98591549295776,2278.301886792453
205.98591549295776,2274.764150943396
205.98591549295776,2271.2264150943397
205.98591549295776,2267.688679245283
205.98591549295776,2264.1509433962265
205.98591549295776,2260.6132075471696
205.98591549295776,2257.0754716981132
205.98591549295776,2253.5377358490564
205.98591549295776,2250.0
205.98591549295776,2246.4622641509436
205.98591549295776,2242.9245283018868
205.98591549295776,2239.3867924528304
205.98591549295776,2235.8490566037735
205.98591549295776,2232.311320754717
205.98591549295776,2228.7735849056603
205.98591549295776,2225.235849056604
205.98591549295776,2221.698113207547
205.98591549295776,2218.1603773584907
205.98591549295776,2214.622641509434
205.98591549295776,2211.0849056603774
205.98591549295776,2207.5471698113206
205.98591549295776,2204.009433962264
205.98591549295776,2200.4716981132074
205.98591549295776,2196.933962264151
205.98591549295776,2193.396226415094
205.98591549295776,2189.8584905660377
205.98591549295776,2186.3207547169814
205.98591549295776,2182.7830188679245
205.98591549295776,2179.245283018868
205.98591549295776,2175.7075471698113
205.98591549295776,2172.169811320755
205.98591549295776,2168.632075471698
205.98591549295776,2165.0943396226417
205.98591549295776,2161.556603773585
205.98591549295776,2158.0188679245284
205.98591549295776,2154.4811320754716
205.98591549295776,2150.943396226415
205.98591549295776,2147.4056603773583
205.98591549295776,2143.867924528302
205.98591549295776,2140.330188679245
205.98591549295776,2136.7924528301887
205.98591549295776,2133.254716981132
205.98591549295776,2129.7169811320755
205.98591549295776,2126.1792452830186
205.98591549295776,2122.6415094339623
205.98591549295776,2119.103773584906
205.98591549295776,2115.566037735849
205.98591549295776,2112.0283018867926
205.98591549295776,2108.490566037736
205.98591549295776,2104.9528301886794
205.98591549295776,2101.4150943396226
205.98591549295776,2097.877358490566
205.98591549295776,2094.3396226415093
205.98591549295776,2090.801886792453
205.98591549295776,2087.264150943396
205.98591549295776,2083.7264150943397
205.98591549295776,2080.188679245283
205.98591549295776,2076.6509433962265
205.98591549295776,2073.1132075471696
205.98591549295776,2069.5754716981132
205.98591549295776,2066.0377358490564
205.98591549295776,2062.5
205.98591549295776,2058.9622641509436
205.98591549295776,2055.4245283018868
205.98591549295776,2051.8867924528304
205.98591549295776,2048.3490566037735
205.98591549295776,2044.811320754717
205.98591549295776,2041.2735849056603
205.98591549295776,2037.7358490566037
205.98591549295776,2034.198113207547
205.98591549295776,2030.6603773584907
205.98591549295776,2027.122641509434
205.98591549295776,2023.5849056603774
205.98591549295776,2020.0471698113208
205.98591549295776,2016.5094339622642
205.98591549295776,2012.9716981132076
205.98591549295776,2009.433962264151
205.98591549295776,2005.8962264150944
205.98591549295776,2002.3584905660377
205.98591549295776,1998.8207547169811
205.98591549295776,1995.2830188679245
205.98591549295776,1991.745283018868
205.98591549295776,1988.2075471698113
205.98591549295776,1984.6698113207547
205.98591549295776,1981.132075471698
205.98591549295776,1977.5943396226414
205.98591549295776,1974.0566037735848
205.98591549295776,1970.5188679245282
205.98591549295776,1966.9811320754718
205.98591549295776,1963.4433962264152
205.98591549295776,1959.9056603773586
205.98591549295776,1956.367924528302
205.98591549295776,1952.8301886792453
205.98591549295776,1949.2924528301887
205.98591549295776,1945.754716981132
205.98591549295776,1942.2169811320755
205.98591549295776,1938.6792452830189
205.98591549295776,1935.1415094339623
205.98591549295776,1931.6037735849056
205.98591549295776,1928.066037735849
205.98591549295776,1924.5283018867924
205.98591549295776,1920.9905660377358
205.98591549295776,1917.4528301886792
205.98591549295776,1913.9150943396226
205.98591549295776,1910.377358490566
205.98591549295776,1906.8396226415093
211.26760563380282,3102.5943396226417
211.26760563380282,3099.056603773585
211.26760563380282,3095.5188679245284
211.26760563380282,3091.9811320754716
211.26760563380282,3088.443396226415
211.26760563380282,3084.9056603773583
211.26760563380282,3081.367924528302
211.26760563380282,3077.830188679245
211.26760563380282,3074.2924528301887
211.26760563380282,3070.754716981132
211.26760563380282,3067.2169811320755
211.26760563380282,3063.6792452830186
211.26760563380282,3060.1415094339623
211.26760563380282,3056.603773584906
211.26760563380282,3053.066037735849
211.26760563380282,3049.5283018867926
211.26760563380282,3045.990566037736
211.26760563380282,3042.4528301886794
211.26760563380282,3038.9150943396226
211.26760563380282,3035.377358490566
211.26760563380282,3031.8396226415093
211.26760563380282,3028.301886792453
211.26760563380282,3024.764150943396
211.26760563380282,3021.2264150943397
211.26760563380282,3017.688679245283
211.26760563380282,3014.1509433962265
211.26760563380282,3010.6132075471696
211.26760563380282,3007.0754716981132
211.26760563380282,3003.5377358490564
211.26760563380282,3000.0
211.26760563380282,2996.4622641509436
211.26760563380282,2992.9245283018868
211.26760563380282,2989.3867924528304
211.26760563380282,2985.8490566037735
211.26760563380282,2982.311320754717
211.26760563380282,2978.7735849056603
211.26760563380282,2975.235849056604
211.26760563380282,2971.698113207547
211.26760563380282,2968.1603773584907
211.26760563380282,2964.622641509434
211.26760563380282,2961.0849056603774
211.26760563380282,2957.5471698113206
211.26760563380282,2954.009433962264
211.26760563380282,2950.4716981132074
211.26760563380282,2946.933962264151
211.26760563380282,2943.396226415094
211.26760563380282,2939.8584905660377
211.26760563380282,2936.3207547169814
211.26760563380282,2932.7830188679245
211.26760563380282,2929.245283018868
211.26760563380282,2925.7075471698113
211.26760563380282,2922.169811320755
211.26760563380282,2918.632075471698
211.26760563380282,2915.0943396226417
211.26760563380282,2911.556603773585
211.26760563380282,2908.0188679245284
211.26760563380282,2904.4811320754716
211.26760563380282,2900.943396226415
211.26760563380282,2897.4056603773583
211.26760563380282,2893.867924528302
211.26760563380282,2890.330188679245
211.26760563380282,2886.7924528301887
211.26760563380282,2883.254716981132
211.26760563380282,2879.7169811320755
211.26760563380282,2876.1792452830186
211.26760563380282,2872.6415094339623
211.26760563380282,2869.103773584906
211.26760563380282,2865.566037735849
211.26760563380282,2862.0283018867926
211.26760563380282,2858.490566037736
211.26760563380282,2854.9528301886794
211.26760563380282,2851.4150943396226
211.26760563380282,2847.877358490566
211.26760563380282,2844.3396226415093
211.26760563380282,2840.801886792453
211.26760563380282,2837.264150943396
211.26760563380282,2833.7264150943397
211.26760563380282,2830.188679245283
211.26760563380282,2826.6509433962265
211.26760563380282,2823.1132075471696
211.26760563380282,2819.5754716981132
211.26760563380282,2816.0377358490564
211.26760563380282,2812.5
211.26760563380282,2808.9622641509436
211.26760563380282,2805.4245283018868
211.26760563380282,2801.8867924528304
211.26760563380282,2798.3490566037735
211.26760563380282,2794.811320754717
211.26760563380282,2791.2735849056603
211.26760563380282,2787.735849056604
211.26760563380282,2784.198113207547
211.26760563380282,2780.6603773584907
211.26760563380282,2777.122641509434
211.26760563380282,2773.5849056603774
211.26760563380282,2770.0471698113206
211.26760563380282,2766.509433962264
211.26760563380282,2762.9716981132074
211.26760563380282,2759.433962264151
211.26760563380282,2755.896226415094
211.26760563380282,2752.3584905660377
211.26760563380282,2748.8207547169814
211.26760563380282,2745.2830188679245
211.26760563380282,2741.745283018868
211.26760563380282,2738.2075471698113
211.26760563380282,2734.669811320755
211.26760563380282,2731.132075471698
211.26760563380282,2727.5943396226417
211.26760563380282,2724.056603773585
211.26760563380282,2720.5188679245284
211.26760563380282,2716.9811320754716
211.26760563380282,2713.443396226415
211.26760563380282,2709.9056603773583
211.26760563380282,2706.367924528302
211.26760563380282,2702.830188679245
211.26760563380282,2699.2924528301887
211.26760563380282,2695.754716981132
211.26760563380282,2692.2169811320755
211.26760563380282,2688.6792452830186
211.26760563380282,2685.1415094339623
211.26760563380282,2681.603773584906
211.26760563380282,2678.066037735849
211.26760563380282,2674.5283018867926
211.26760563380282,2670.990566037736
211.26760563380282,2667.4528301886794
211.26760563380282,2663.9150943396226
211.26760563380282,2660.377358490566
211.26760563380282,2656.8396226415093
211.26760563380282,2653.301886792453
211.26760563380282,2649.764150943396
211.26760563380282,2646.2264150943397
211.26760563380282,2642.688679245283
211.26760563380282,2639.1509433962265
211.26760563380282,2635.6132075471696
211.26760563380282,2632.0754716981132
211.26760563380282,2628.5377358490564
211.26760563380282,2625.0
211.26760563380282,2621.4622641509436
211.26760563380282,2617.9245283018868
211.26760563380282,2614.3867924528304
211.26760563380282,2610.8490566037735
211.26760563380282,2607.311320754717
211.26760563380282,2603.7735849056603
211.26760563380282,2600.235849056604
211.26760563380282,2596.698113207547
211.26760563380282,2593.1603773584907
211.26760563380282,2589.622641509434
211.26760563380282,2586.0849056603774
211.26760563380282,2582.5471698113206
211.26760563380282,2579.009433962264
211.26760563380282,2575.4716981132074
211.26760563380282,2571.933962264151
211.26760563380282,2568.396226415094
211.26760563380282,2564.8584905660377
211.26760563380282,2561.3207547169814
211.26760563380282,2557.7830188679245
211.26760563380282,2554.245283018868
211.26760563380282,2550.7075471698113
211.26760563380282,2547.169811320755
211.26760563380282,2543.632075471698
211.26760563380282,2540.0943396226417
211.26760563380282,2536.556603773585
211.26760563380282,2533.0188679245284
211.26760563380282,2529.4811320754716
211.26760563380282,2525.943396226415
211.26760563380282,2522.4056603773583
211.26760563380282,2518.867924528302
211.26760563380282,2515.330188679245
211.26760563380282,2511.7924528301887
211.26760563380282,2508.254716981132
211.26760563380282,2504.7169811320755
211.26760563380282,2501.1792452830186
211.26760563380282,2497.6415094339623
211.26760563380282,2494.103773584906
211.26760563380282,2490.566037735849
211.26760563380282,2487.0283018867926
211.26760563380282,2483.490566037736
211.26760563380282,2479.9528301886794
211.26760563380282,2476.4150943396226
211.26760563380282,2472.877358490566
211.26760563380282,2469.3396226415093
211.26760563380282,2465.801886792453
211.26760563380282,2462.264150943396
211.26760563380282,2458.7264150943397
211.26760563380282,2455.188679245283
211.26760563380282,2451.6509433962265
211.26760563380282,2448.1132075471696
211.26760563380282,2444.5754716981132
211.26760563380282,2441.0377358490564
211.26760563380282,2437.5
211.26760563380282,2433.9622641509436
211.26760563380282,2430.4245283018868
211.26760563380282,2426.8867924528304
211.26760563380282,2423.3490566037735
211.26760563380282,2419.811320754717
211.26760563380282,2416.2735849056603
211.26760563380282,2412.735849056604
211.26760563380282,2409.198113207547
211.26760563380282,2405.6603773584907
211.26760563380282,2402.122641509434
211.26760563380282,2398.5849056603774
211.26760563380282,2395.0471698113206
211.26760563380282,2391.509433962264
211.26760563380282,2387.9716981132074
211.26760563380282,2384.433962264151
211.26760563380282,2380.896226415094
211.26760563380282,2377.3584905660377
211.26760563380282,2373.8207547169814
211.26760563380282,2370.2830188679245
211.26760563380282,2366.745283018868
211.26760563380282,2363.2075471698113
211.26760563380282,2359.669811320755
211.26760563380282,2356.132075471698
211.26760563380282,2352.5943396226417
211.26760563380282,2349.056603773585
211.26760563380282,2345.5188679245284
211.26760563380282,2341.9811320754716
211.26760563380282,2338.443396226415
211.26760563380282,2334.9056603773583
211.26760563380282,2331.367924528302
211.26760563380282,2327.830188679245
211.26760563380282,2324.2924528301887
211.26760563380282,2320.754716981132
211.26760563380282,2317.2169811320755
211.26760563380282,2313.6792452830186
211.26760563380282,2310.1415094339623
211.26760563380282,2306.603773584906
211.26760563380282,2303.066037735849
211.26760563380282,2299.5283018867926
211.26760563380282,2295.990566037736
211.26760563380282,2292.4528301886794
211.26760563380282,2288.9150943396226
211.26760563380282,2285.377358490566
211.26760563380282,2281.8396226415093
211.26760563380282,2278.301886792453
211.26760563380282,2274.764150943396
211.26760563380282,2271.2264150943397
211.26760563380282,2267.688679245283
211.26760563380282,2264.1509433962265
211.26760563380282,2260.6132075471696
211.26760563380282,2257.0754716981132
211.26760563380282,2253.5377358490564
211.26760563380282,2250.0
211.26760563380282,2246.4622641509436
211.26760563380282,2242.9245283018868
211.26760563380282,2239.3867924528304
211.26760563380282,2235.8490566037735
211.26760563380282,2232.311320754717
211.26760563380282,2228.7735849056603
211.26760563380282,2225.235849056604
211.26760563380282,2221.698113207547
211.26760563380282,2218.1603773584907
211.26760563380282,2214.622641509434
211.26760563380282,2211.0849056603774
211.26760563380282,2207.5471698113206
211.26760563380282,2204.009433962264
211.26760563380282,2200.4716981132074
211.26760563380282,2196.933962264151
211.26760563380282,2193.396226415094
211.26760563380282,2189.8584905660377
211.26760563380282,2186.3207547169814
211.26760563380282,2182.7830188679245
211.26760563380282,2179.245283018868
211.26760563380282,2175.7075471698113
211.26760563380282,2172.169811320755
211.26760563380282,2168.632075471698
211.26760563380282,2165.0943396226417
211.26760563380282,2161.556603773585
211.26760563380282,2158.0188679245284
211.26760563380282,2154.4811320754716
211.26760563380282,2150.943396226415
211.26760563380282,2147.4056603773583
211.26760563380282,2143.867924528302
211.26760563380282,2140.330188679245
211.26760563380282,2136.7924528301887
211.26760563380282,2133.254716981132
211.26760563380282,2129.7169811320755
211.26760563380282,2126.1792452830186
211.26760563380282,2122.6415094339623
211.26760563380282,2119.103773584906
211.26760563380282,2115.566037735849
211.26760563380282,2112.0283018867926
211.26760563380282,2108.490566037736
211.26760563380282,2104.9528301886794
211.26760563380282,2101.4150943396226
211.26760563380282,2097.877358490566
211.26760563380282,2094.3396226415093
211.26760563380282,2090.801886792453
211.26760563380282,2087.264150943396
211.26760563380282,2083.7264150943397
211.26760563380282,2080.188679245283
211.26760563380282,2076.6509433962265
211.26760563380282,2073.1132075471696
211.26760563380282,2069.5754716981132
211.26760563380282,2066.0377358490564
211.26760563380282,2062.5
211.26760563380282,2058.9622641509436
211.26760563380282,2055.4245283018868
211.26760563380282,2051.8867924528304
211.26760563380282,2048.3490566037735
211.26760563380282,2044.811320754717
211.26760563380282,2041.2735849056603
211.26760563380282,2037.7358490566037
211.26760563380282,2034.198113207547
211.26760563380282,2030.6603773584907
211.26760563380282,2027.122641509434
211.26760563380282,2023.5849056603774
211.26760563380282,2020.0471698113208
211.26760563380282,2016.5094339622642
211.26760563380282,2012.9716981132076
211.26760563380282,2009.433962264151
211.26760563380282,2005.8962264150944
211.26760563380282,2002.3584905660377
211.26760563380282,1998.8207547169811
211.26760563380282,1995.2830188679245
211.26760563380282,1991.745283018868
211.26760563380282,1988.2075471698113
211.26760563380282,1984.6698113207547
211.26760563380282,1981.132075471698
211.26760563380282,1977.5943396226414
211.26760563380282,1974.0566037735848
211.26760563380282,1970.5188679245282
211.26760563380282,1966.9811320754718
211.26760563380282,1963.4433962264152
211.26760563380282,1959.9056603773586
211.26760563380282,1956.367924528302
211.26760563380282,1952.8301886792453
211.26760563380282,1949.2924528301887
211.26760563380282,1945.754716981132
211.26760563380282,1942.2169811320755
211.26760563380282,1938.6792452830189
211.26760563380282,1935.1415094339623
211.26760563380282,1931.6037735849056
211.26760563380282,1928.066037735849
211.26760563380282,1924.5283018867924
211.26760563380282,1920.9905660377358
211.26760563380282,1917.4528301886792
211.26760563380282,1913.9150943396226
211.26760563380282,1910.377358490566
211.26760563380282,1906.8396226415093
216.54929577464787,3099.056603773585
216.54929577464787,3095.5188679245284
216.54929577464787,3091.9811320754716
216.54929577464787,3088.443396226415
216.54929577464787,3084.9056603773583
216.54929577464787,3081.367924528302
216.54929577464787,3077.830188679245
216.54929577464787,3074.2924528301887
216.54929577464787,3070.754716981132
216.54929577464787,3067.2169811320755
216.54929577464787,3063.6792452830186
216.54929577464787,3060.1415094339623
216.54929577464787,3056.603773584906
216.54929577464787,3053.066037735849
216.54929577464787,3049.5283018867926
216.54929577464787,3045.990566037736
216.54929577464787,3042.4528301886794
216.54929577464787,3038.9150943396226
216.54929577464787,3035.377358490566
216.54929577464787,3031.8396226415093
216.54929577464787,3028.301886792453
216.54929577464787,3024.764150943396
216.54929577464787,3021.2264150943397
216.54929577464787,3017.688679245283
216.54929577464787,3014.1509433962265
216.54929577464787,3010.6132075471696
216.54929577464787,3007.0754716981132
216.54929577464787,3003.5377358490564
216.54929577464787,3000.0
216.54929577464787,2996.4622641509436
216.54929577464787,2992.9245283018868
216.54929577464787,2989.3867924528304
216.54929577464787,2985.8490566037735
216.54929577464787,2982.311320754717
216.54929577464787,2978.7735849056603
216.54929577464787,2975.235849056604
216.54929577464787,2971.698113207547
216.54929577464787,2968.1603773584907
216.54929577464787,2964.622641509434
216.54929577464787,2961.0849056603774
216.54929577464787,2957.5471698113206
216.54929577464787,2954.009433962264
216.54929577464787,2950.4716981132074
216.54929577464787,2946.933962264151
216.54929577464787,2943.396226415094
216.54929577464787,2939.8584905660377
216.54929577464787,2936.3207547169814
216.54929577464787,2932.7830188679245
216.54929577464787,2929.245283018868
216.54929577464787,2925.7075471698113
216.54929577464787,2922.169811320755
216.54929577464787,2918.632075471698
216.54929577464787,2915.0943396226417
216.54929577464787,2911.556603773585
216.54929577464787,2908.0188679245284
216.54929577464787,2904.4811320754716
216.54929577464787,2900.943396226415
216.54929577464787,2897.4056603773583
216.54929577464787,2893.867924528302
216.54929577464787,2890.330188679245
216.54929577464787,2886.7924528301887
216.54929577464787,2883.254716981132
216.54929577464787,2879.7169811320755
216.54929577464787,2876.1792452830186
216.54929577464787,2872.6415094339623
216.54929577464787,2869.103773584906
216.54929577464787,2865.566037735849
216.54929577464787,2862.0283018867926
216.54929577464787,2858.490566037736
216.54929577464787,2854.9528301886794
216.54929577464787,2851.4150943396226
216.54929577464787,2847.877358490566
216.54929577464787,2844.3396226415093
216.54929577464787,2840.801886792453
216.54929577464787,2837.264150943396
216.54929577464787,2833.7264150943397
216.54929577464787,2830.188679245283
216.54929577464787,2826.6509433962265
216.54929577464787,2823.1132075471696
216.54929577464787,2819.5754716981132
216.54929577464787,2816.0377358490564
216.54929577464787,2812.5
216.54929577464787,2808.9622641509436
216.54929577464787,2805.4245283018868
216.54929577464787,2801.8867924528304
216.54929577464787,2798.3490566037735
216.54929577464787,2794.811320754717
216.54929577464787,2791.2735849056603
216.54929577464787,2787.735849056604
216.54929577464787,2784.198113207547
216.54929577464787,2780.6603773584907
216.54929577464787,2777.122641509434
216.54929577464787,2773.5849056603774
216.54929577464787,2770.0471698113206
216.54929577464787,2766.509433962264
216.54929577464787,2762.9716981132074
216.54929577464787,2759.433962264151
216.54929577464787,2755.896226415094
216.54929577464787,2752.3584905660377
216.54929577464787,2748.8207547169814
216.54929577464787,2745.2830188679245
216.54929577464787,2741.745283018868
216.54929577464787,2738.2075471698113
216.54929577464787,2734.669811320755
216.54929577464787,2731.132075471698
216.54929577464787,2727.5943396226417
216.54929577464787,2724.056603773585
216.54929577464787,2720.5188679245284
216.54929577464787,2716.9811320754716
216.54929577464787,2713.443396226415
216.54929577464787,2709.9056603773583
216.54929577464787,2706.367924528302
216.54929577464787,2702.830188679245
216.54929577464787,2699.2924528301887
216.54929577464787,2695.754716981132
216.54929577464787,2692.2169811320755
216.54929577464787,2688.6792452830186
216.54929577464787,2685.1415094339623
216.54929577464787,2681.603773584906
216.54929577464787,2678.066037735849
216.54929577464787,2674.5283018867926
216.54929577464787,2670.990566037736
216.54929577464787,2667.4528301886794
216.54929577464787,2663.9150943396226
216.54929577464787,2660.377358490566
216.54929577464787,2656.8396226415093
216.54929577464787,2653.301886792453
216.54929577464787,2649.764150943396
216.54929577464787,2646.2264150943397
216.54929577464787,2642.688679245283
216.54929577464787,2639.1509433962265
216.54929577464787,2635.6132075471696
216.54929577464787,2632.0754716981132
216.54929577464787,2628.5377358490564
216.54929577464787,2625.0
216.54929577464787,2621.4622641509436
216.54929577464787,2617.9245283018868
216.54929577464787,2614.3867924528304
216.54929577464787,2610.8490566037735
216.54929577464787,2607.311320754717
216.54929577464787,2603.7735849056603
216.54929577464787,2600.235849056604
216.54929577464787,2596.698113207547
216.54929577464787,2593.1603773584907
216.54929577464787,2589.622641509434
216.54929577464787,2586.0849056603774
216.54929577464787,2582.5471698113206
216.54929577464787,2579.009433962264
216.54929577464787,2575.4716981132074
216.54929577464787,2571.933962264151
216.54929577464787,2568.396226415094
216.54929577464787,2564.8584905660377
216.54929577464787,2561.3207547169814
216.54929577464787,2557.7830188679245
216.54929577464787,2554.245283018868
216.54929577464787,2550.7075471698113
216.54929577464787,2547.169811320755
216.54929577464787,2543.632075471698
216.54929577464787,2540.0943396226417
216.54929577464787,2536.556603773585
216.54929577464787,2533.0188679245284
216.54929577464787,2529.4811320754716
216.54929577464787,2525.943396226415
216.54929577464787,2522.4056603773583
216.54929577464787,2518.867924528302
216.54929577464787,2515.330188679245
216.54929577464787,2511.7924528301887
216.54929577464787,2508.254716981132
216.54929577464787,2504.7169811320755
216.54929577464787,2501.1792452830186
216.54929577464787,2497.6415094339623
216.54929577464787,2494.103773584906
216.54929577464787,2490.566037735849
216.54929577464787,2487.0283018867926
216.54929577464787,2483.490566037736
216.54929577464787,2479.9528301886794
216.54929577464787,2476.4150943396226
216.54929577464787,2472.877358490566
216.54929577464787,2469.3396226415093
216.54929577464787,2465.801886792453
216.54929577464787,2462.264150943396
216.54929577464787,2458.7264150943397
216.54929577464787,2455.188679245283
216.54929577464787,2451.6509433962265
216.54929577464787,2448.1132075471696
216.54929577464787,2444.5754716981132
216.54929577464787,2441.0377358490564
216.54929577464787,2437.5
216.54929577464787,2433.9622641509436
216.54929577464787,2430.4245283018868
216.54929577464787,2426.8867924528304
216.54929577464787,2423.3490566037735
216.54929577464787,2419.811320754717
216.54929577464787,2416.2735849056603
216.54929577464787,2412.735849056604
216.54929577464787,2409.198113207547
216.54929577464787,2405.6603773584907
216.54929577464787,2402.122641509434
216.54929577464787,2398.5849056603774
216.54929577464787,2395.0471698113206
216.54929577464787,2391.509433962264
216.54929577464787,2387.9716981132074
216.54929577464787,2384.433962264151
216.54929577464787,2380.896226415094
216.54929577464787,2377.3584905660377
216.54929577464787,2373.8207547169814
216.54929577464787,2370.2830188679245
216.54929577464787,2366.745283018868
216.54929577464787,2363.2075471698113
216.54929577464787,2359.669811320755
216.54929577464787,2356.132075471698
216.54929577464787,2352.5943396226417
216.54929577464787,2349.056603773585
216.54929577464787,2345.5188679245284
216.54929577464787,2341.9811320754716
216.54929577464787,2338.443396226415
216.54929577464787,2334.9056603773583
216.54929577464787,2331.367924528302
216.54929577464787,2327.830188679245
216.54929577464787,2324.2924528301887
216.54929577464787,2320.754716981132
216.54929577464787,2317.2169811320755
216.54929577464787,2313.6792452830186
216.54929577464787,2310.1415094339623
216.54929577464787,2306.603773584906
216.54929577464787,2303.066037735849
216.54929577464787,2299.5283018867926
216.54929577464787,2295.990566037736
216.54929577464787,2292.4528301886794
216.54929577464787,2288.9150943396226
216.54929577464787,2285.377358490566
216.54929577464787,2281.8396226415093
216.54929577464787,2278.301886792453
216.54929577464787,2274.764150943396
216.54929577464787,2271.2264150943397
216.54929577464787,2267.688679245283
216.54929577464787,2264.1509433962265
216.54929577464787,2260.6132075471696
216.54929577464787,2257.0754716981132
216.54929577464787,2253.5377358490564
216.54929577464787,2250.0
216.54929577464787,2246.4622641509436
216.54929577464787,2242.9245283018868
216.54929577464787,2239.3867924528304
216.54929577464787,2235.8490566037735
216.54929577464787,2232.311320754717
216.54929577464787,2228.7735849056603
216.54929577464787,2225.235849056604
216.54929577464787,2221.698113207547
216.54929577464787,2218.1603773584907
216.54929577464787,2214.622641509434
216.54929577464787,2211.0849056603774
216.54929577464787,2207.5471698113206
216.54929577464787,2204.009433962264
216.54929577464787,2200.4716981132074
216.54929577464787,2196.933962264151
216.54929577464787,2193.396226415094
216.54929577464787,2189.8584905660377
216.54929577464787,2186.3207547169814
216.54929577464787,2182.7830188679245
216.54929577464787,2179.245283018868
216.54929577464787,2175.7075471698113
216.54929577464787,2172.169811320755
216.54929577464787,2168.632075471698
216.54929577464787,2165.0943396226417
216.54929577464787,2161.556603773585
216.54929577464787,2158.0188679245284
216.54929577464787,2154.4811320754716
216.54929577464787,2150.943396226415
216.54929577464787,2147.4056603773583
216.54929577464787,2143.867924528302
216.54929577464787,2140.330188679245
216.54929577464787,2136.7924528301887
216.54929577464787,2133.254716981132
216.54929577464787,2129.7169811320755
216.54929577464787,2126.1792452830186
216.54929577464787,2122.6415094339623
216.54929577464787,2119.103773584906
216.54929577464787,2115.566037735849
216.54929577464787,2112.0283018867926
216.54929577464787,2108.490566037736
216.54929577464787,2104.9528301886794
216.54929577464787,2101.4150943396226
216.54929577464787,2097.877358490566
216.54929577464787,2094.3396226415093
216.54929577464787,2090.801886792453
216.54929577464787,2087.264150943396
216.54929577464787,2083.7264150943397
216.54929577464787,2080.188679245283
216.54929577464787,2076.6509433962265
216.54929577464787,2073.1132075471696
216.54929577464787,2069.5754716981132
216.54929577464787,2066.0377358490564
216.54929577464787,2062.5
216.54929577464787,2058.9622641509436
216.54929577464787,2055.4245283018868
216.54929577464787,2051.8867924528304
216.54929577464787,2048.3490566037735
216.54929577464787,2044.811320754717
216.54929577464787,2041.2735849056603
216.54929577464787,2037.7358490566037
216.54929577464787,2034.198113207547
216.54929577464787,2030.6603773584907
216.54929577464787,2027.122641509434
216.54929577464787,2023.5849056603774
216.54929577464787,2020.0471698113208
216.54929577464787,2016.5094339622642
216.54929577464787,2012.9716981132076
216.54929577464787,2009.433962264151
216.54929577464787,2005.8962264150944
216.54929577464787,2002.3584905660377
216.54929577464787,1998.8207547169811
216.54929577464787,1995.2830188679245
216.54929577464787,1991.745283018868
216.54929577464787,1988.2075471698113
216.54929577464787,1984.6698113207547
216.54929577464787,1981.132075471698
216.54929577464787,1977.5943396226414
216.54929577464787,1974.0566037735848
216.54929577464787,1970.5188679245282
216.54929577464787,1966.9811320754718
216.54929577464787,1963.4433962264152
216.54929577464787,1959.9056603773586
216.54929577464787,1956.367924528302
216.54929577464787,1952.8301886792453
216.54929577464787,1949.2924528301887
216.54929577464787,1945.754716981132
216.54929577464787,1942.2169811320755
216.54929577464787,1938.6792452830189
216.54929577464787,1935.1415094339623
216.54929577464787,1931.6037735849056
216.54929577464787,1928.066037735849
216.54929577464787,1924.5283018867924
216.54929577464787,1920.9905660377358
216.54929577464787,1917.4528301886792
216.54929577464787,1913.9150943396226
216.54929577464787,1910.377358490566
216.54929577464787,1906.8396226415093
216.54929577464787,1903.301886792453
216.54929577464787,1899.7641509433963
216.54929577464787,1896.2264150943397
216.54929577464787,1892.688679245283
216.54929577464787,1889.1509433962265
216.54929577464787,1885.6132075471698
216.54929577464787,1882.0754716981132
216.54929577464787,1878.5377358490566
216.54929577464787,1875.0
216.54929577464787,1871.4622641509434
216.54929577464787,1867.9245283018868
216.54929577464787,1864.3867924528302
216.54929577464787,1860.8490566037735
216.54929577464787,1857.311320754717
216.54929577464787,1853.7735849056603
216.54929577464787,1850.2358490566037
216.54929577464787,1846.698113207547
216.54929577464787,1843.1603773584907
216.54929577464787,1839.622641509434
216.54929577464787,1836.0849056603774
216.54929577464787,1832.5471698113208
216.54929577464787,1829.0094339622642
216.54929577464787,1825.4716981132076
216.54929577464787,1821.933962264151
216.54929577464787,1818.3962264150944
216.54929577464787,1814.8584905660377
216.54929577464787,1811.3207547169811
216.54929577464787,1807.7830188679245
216.54929577464787,1804.245283018868
216.54929577464787,1800.7075471698113
216.54929577464787,1797.1698113207547
216.54929577464787,1793.632075471698
216.54929577464787,1790.0943396226414
216.54929577464787,1786.5566037735848
216.54929577464787,1783.0188679245282
216.54929577464787,1779.4811320754718
216.54929577464787,1775.9433962264152
216.54929577464787,1772.4056603773586
216.54929577464787,1768.867924528302
216.54929577464787,1765.3301886792453
216.54929577464787,1761.7924528301887
216.54929577464787,1758.254716981132
216.54929577464787,1754.7169811320755
216.54929577464787,1751.1792452830189
216.54929577464787,1747.6415094339623
216.54929577464787,1744.1037735849056
216.54929577464787,1740.566037735849
216.54929577464787,1737.0283018867924
216.54929577464787,1733.4905660377358
221.83098591549296,2851.4150943396226
221.83098591549296,2847.877358490566
221.83098591549296,2844.3396226415093
221.83098591549296,2840.801886792453
221.83098591549296,2837.264150943396
221.83098591549296,2833.7264150943397
221.83098591549296,2830.188679245283
221.83098591549296,2826.6509433962265
221.83098591549296,2823.1132075471696
221.83098591549296,2819.5754716981132
221.83098591549296,2816.0377358490564
221.83098591549296,2812.5
221.83098591549296,2808.9622641509436
221.83098591549296,2805.4245283018868
221.83098591549296,2801.8867924528304
221.83098591549296,2798.3490566037735
221.83098591549296,2794.811320754717
221.83098591549296,2791.2735849056603
221.83098591549296,2787.735849056604
221.83098591549296,2784.198113207547
221.83098591549296,2780.6603773584907
221.83098591549296,2777.122641509434
221.83098591549296,2773.5849056603774
221.83098591549296,2770.0471698113206
221.83098591549296,2766.509433962264
221.83098591549296,2762.9716981132074
221.83098591549296,2759.433962264151
221.83098591549296,2755.896226415094
221.83098591549296,2752.3584905660377
221.83098591549296,2748.8207547169814
221.83098591549296,2745.2830188679245
221.83098591549296,2741.745283018868
221.83098591549296,2738.2075471698113
221.83098591549296,2734.669811320755
221.83098591549296,2731.132075471698
221.83098591549296,2727.5943396226417
221.83098591549296,2724.056603773585
221.83098591549296,2720.5188679245284
221.83098591549296,2716.9811320754716
221.83098591549296,2713.443396226415
221.83098591549296,2709.9056603773583
221.83098591549296,2706.367924528302
221.83098591549296,2702.830188679245
221.83098591549296,2699.2924528301887
221.83098591549296,2695.754716981132
221.83098591549296,2692.2169811320755
221.83098591549296,2688.6792452830186
221.83098591549296,2685.1415094339623
221.83098591549296,2681.603773584906
221.83098591549296,2678.066037735849
221.83098591549296,2674.5283018867926
221.83098591549296,2670.990566037736
221.83098591549296,2667.4528301886794
221.83098591549296,2663.9150943396226
221.83098591549296,2660.377358490566
221.83098591549296,2656.8396226415093
221.83098591549296,2653.301886792453
221.83098591549296,2649.764150943396
221.83098591549296,2646.2264150943397
221.83098591549296,2642.688679245283
221.83098591549296,2639.1509433962265
221.83098591549296,2635.6132075471696
221.83098591549296,2632.0754716981132
221.83098591549296,2628.5377358490564
221.83098591549296,2625.0
221.83098591549296,2621.4622641509436
221.83098591549296,2617.9245283018868
221.83098591549296,2614.3867924528304
221.83098591549296,2610.8490566037735
221.83098591549296,2607.311320754717
221.83098591549296,2603.7735849056603
221.83098591549296,2600.235849056604
221.83098591549296,2596.698113207547
221.83098591549296,2593.1603773584907
221.83098591549296,2589.622641509434
221.83098591549296,2586.0849056603774
221.83098591549296,2582.5471698113206
221.83098591549296,2579.009433962264
221.83098591549296,2575.4716981132074
221.83098591549296,2571.933962264151
221.83098591549296,2568.396226415094
221.83098591549296,2564.8584905660377
221.83098591549296,2561.3207547169814
221.83098591549296,2557.7830188679245
221.83098591549296,2554.245283018868
221.83098591549296,2550.7075471698113
221.83098591549296,2547.169811320755
221.83098591549296,2543.632075471698
221.83098591549296,2540.0943396226417
221.83098591549296,2536.556603773585
221.83098591549296,2533.0188679245284
221.83098591549296,2529.4811320754716
221.83098591549296,2525.943396226415
221.83098591549296,2522.4056603773583
221.83098591549296,2518.867924528302
221.83098591549296,2515.330188679245
221.83098591549296,2511.7924528301887
221.83098591549296,2508.254716981132
221.83098591549296,2504.7169811320755
221.83098591549296,2501.1792452830186
221.83098591549296,2497.6415094339623
221.83098591549296,2494.103773584906
221.83098591549296,2490.566037735849
221.83098591549296,2487.0283018867926
221.83098591549296,2483.490566037736
221.83098591549296,2479.9528301886794
221.83098591549296,2476.4150943396226
221.83098591549296,2472.877358490566
221.83098591549296,2469.3396226415093
221.83098591549296,2465.801886792453
221.83098591549296,2462.264150943396
221.83098591549296,2458.7264150943397
221.83098591549296,2455.188679245283
221.83098591549296,2451.6509433962265
221.83098591549296,2448.1132075471696
221.83098591549296,2444.5754716981132
221.83098591549296,2441.0377358490564
221.83098591549296,2437.5
221.83098591549296,2433.9622641509436
221.83098591549296,2430.4245283018868
221.83098591549296,2426.8867924528304
221.83098591549296,2423.3490566037735
221.83098591549296,2419.811320754717
221.83098591549296,2416.2735849056603
221.83098591549296,2412.735849056604
221.83098591549296,2409.198113207547
221.83098591549296,2405.6603773584907
221.83098591549296,2402.122641509434
221.83098591549296,2398.5849056603774
221.83098591549296,2395.0471698113206
221.83098591549296,2391.509433962264
221.83098591549296,2387.9716981132074
221.83098591549296,2384.433962264151
221.83098591549296,2380.896226415094
221.83098591549296,2377.3584905660377
221.83098591549296,2373.8207547169814
221.83098591549296,2370.2830188679245
221.83098591549296,2366.745283018868
221.83098591549296,2363.2075471698113
221.83098591549296,2359.669811320755
221.83098591549296,2356.132075471698
221.83098591549296,2352.5943396226417
221.83098591549296,2349.056603773585
221.83098591549296,2345.5188679245284
221.83098591549296,2341.9811320754716
221.83098591549296,2338.443396226415
221.83098591549296,2334.9056603773583
221.83098591549296,2331.367924528302
221.83098591549296,2327.830188679245
221.83098591549296,2324.2924528301887
221.83098591549296,2320.754716981132
221.83098591549296,2317.2169811320755
221.83098591549296,2313.6792452830186
221.83098591549296,2310.1415094339623
221.83098591549296,2306.603773584906
221.83098591549296,2303.066037735849
221.83098591549296,2299.5283018867926
221.83098591549296,2295.990566037736
221.83098591549296,2292.4528301886794
221.83098591549296,2288.9150943396226
221.83098591549296,2285.377358490566
221.83098591549296,2281.8396226415093
221.83098591549296,2278.301886792453
221.83098591549296,2274.764150943396
221.83098591549296,2271.2264150943397
221.83098591549296,2267.688679245283
221.83098591549296,2264.1509433962265
221.83098591549296,2260.6132075471696
221.83098591549296,2257.0754716981132
221.83098591549296,2253.5377358490564
221.83098591549296,2250.0
221.83098591549296,2246.4622641509436
221.83098591549296,2242.9245283018868
221.83098591549296,2239.3867924528304
221.83098591549296,2235.8490566037735
221.83098591549296,2232.311320754717
221.83098591549296,2228.7735849056603
221.83098591549296,2225.235849056604
221.83098591549296,2221.698113207547
221.83098591549296,2218.1603773584907
221.83098591549296,2214.622641509434
221.83098591549296,2211.0849056603774
221.83098591549296,2207.5471698113206
221.83098591549296,2204.009433962264
221.83098591549296,2200.4716981132074
221.83098591549296,2196.933962264151
221.83098591549296,2193.396226415094
221.83098591549296,2189.8584905660377
221.83098591549296,2186.3207547169814
221.83098591549296,2182.7830188679245
221.83098591549296,2179.245283018868
221.83098591549296,2175.7075471698113
221.83098591549296,2172.169811320755
221.83098591549296,2168.632075471698
221.83098591549296,2165.0943396226417
221.83098591549296,2161.556603773585
221.83098591549296,2158.0188679245284
221.83098591549296,2154.4811320754716
221.83098591549296,2150.943396226415
221.83098591549296,2147.4056603773583
221.83098591549296,2143.867924528302
221.83098591549296,2140.330188679245
221.83098591549296,2136.7924528301887
221.83098591549296,2133.254716981132
221.83098591549296,2129.7169811320755
221.83098591549296,2126.1792452830186
221.83098591549296,2122.6415094339623
221.83098591549296,2119.103773584906
221.83098591549296,2115.566037735849
221.83098591549296,2112.0283018867926
221.83098591549296,2108.490566037736
221.83098591549296,2104.9528301886794
221.83098591549296,2101.4150943396226
221.83098591549296,2097.877358490566
221.83098591549296,2094.3396226415093
221.83098591549296,2090.801886792453
221.83098591549296,2087.264150943396
221.83098591549296,2083.7264150943397
221.83098591549296,2080.188679245283
221.83098591549296,2076.6509433962265
221.83098591549296,2073.1132075471696
221.83098591549296,2069.5754716981132
221.83098591549296,2066.0377358490564
221.83098591549296,2062.5
221.83098591549296,2058.9622641509436
221.83098591549296,2055.4245283018868
221.83098591549296,2051.8867924528304
221.83098591549296,2048.3490566037735
221.83098591549296,2044.811320754717
221.83098591549296,2041.2735849056603
221.83098591549296,2037.7358490566037
221.83098591549296,2034.198113207547
221.83098591549296,2030.6603773584907
221.83098591549296,2027.122641509434
221.83098591549296,2023.5849056603774
221.83098591549296,2020.0471698113208
221.83098591549296,2016.5094339622642
221.83098591549296,2012.9716981132076
221.83098591549296,2009.433962264151
221.83098591549296,2005.8962264150944
221.83098591549296,2002.3584905660377
221.83098591549296,1998.8207547169811
221.83098591549296,1995.2830188679245
221.83098591549296,1991.745283018868
221.83098591549296,1988.2075471698113
221.83098591549296,1984.6698113207547
221.83098591549296,1981.132075471698
221.83098591549296,1977.5943396226414
221.83098591549296,1974.0566037735848
221.83098591549296,1970.5188679245282
221.83098591549296,1966.9811320754718
221.83098591549296,1963.4433962264152
221.83098591549296,1959.9056603773586
221.83098591549296,1956.367924528302
221.83098591549296,1952.8301886792453
221.83098591549296,1949.2924528301887
221.83098591549296,1945.754716981132
221.83098591549296,1942.2169811320755
221.83098591549296,1938.6792452830189
221.83098591549296,1935.1415094339623
221.83098591549296,1931.6037735849056
221.83098591549296,1928.066037735849
221.83098591549296,1924.5283018867924
221.83098591549296,1920.9905660377358
221.83098591549296,1917.4528301886792
221.83098591549296,1913.9150943396226
221.83098591549296,1910.377358490566
221.83098591549296,1906.8396226415093
221.83098591549296,1903.301886792453
221.83098591549296,1899.7641509433963
221.83098591549296,1896.2264150943397
221.83098591549296,1892.688679245283
221.83098591549296,1889.1509433962265
221.83098591549296,1885.6132075471698
221.83098591549296,1882.0754716981132
221.83098591549296,1878.5377358490566
221.83098591549296,1875.0
221.83098591549296,1871.4622641509434
221.83098591549296,1867.9245283018868
221.83098591549296,1864.3867924528302
221.83098591549296,1860.8490566037735
221.83098591549296,1857.311320754717
221.83098591549296,1853.7735849056603
221.83098591549296,1850.2358490566037
221.83098591549296,1846.698113207547
221.83098591549296,1843.1603773584907
221.83098591549296,1839.622641509434
221.83098591549296,1836.0849056603774
221.83098591549296,1832.5471698113208
221.83098591549296,1829.0094339622642
221.83098591549296,1825.4716981132076
221.83098591549296,1821.933962264151
221.83098591549296,1818.3962264150944
221.83098591549296,1814.8584905660377
221.83098591549296,1811.3207547169811
221.83098591549296,1807.7830188679245
221.83098591549296,1804.245283018868
221.83098591549296,1800.7075471698113
221.83098591549296,1797.1698113207547
221.83098591549296,1793.632075471698
221.83098591549296,1790.0943396226414
221.83098591549296,1786.5566037735848
221.83098591549296,1783.0188679245282
221.83098591549296,1779.4811320754718
221.83098591549296,1775.9433962264152
221.83098591549296,1772.4056603773586
221.83098591549296,1768.867924528302
221.83098591549296,1765.3301886792453
221.83098591549296,1761.7924528301887
221.83098591549296,1758.254716981132
221.83098591549296,1754.7169811320755
221.83098591549296,1751.1792452830189
221.83098591549296,1747.6415094339623
221.83098591549296,1744.1037735849056
221.83098591549296,1740.566037735849
221.83098591549296,1737.0283018867924
221.83098591549296,1733.4905660377358
221.83098591549296,1729.9528301886792
221.83098591549296,1726.4150943396226
221.83098591549296,1722.877358490566
221.83098591549296,1719.3396226415093
221.83098591549296,1715.801886792453
221.83098591549296,1712.2641509433963
221.83098591549296,1708.7264150943397
221.83098591549296,1705.188679245283
221.83098591549296,1701.6509433962265
221.83098591549296,1698.1132075471698
221.83098591549296,1694.5754716981132
221.83098591549296,1691.0377358490566
221.83098591549296,1687.5
221.83098591549296,1683.9622641509434
221.83098591549296,1680.4245283018868
221.83098591549296,1676.8867924528302
221.83098591549296,1673.3490566037735
221.83098591549296,1669.811320754717
221.83098591549296,1666.2735849056603
221.83098591549296,1662.7358490566037
221.83098591549296,1659.198113207547
221.83098591549296,1655.6603773584907
221.83098591549296,1652.122641509434
221.83098591549296,1648.5849056603774
221.83098591549296,1645.0471698113208
221.83098591549296,1641.5094339622642
221.83098591549296,1637.9716981132076
221.83098591549296,1634.433962264151
221.83098591549296,1630.8962264150944
221.83098591549296,1627.3584905660377
221.83098591549296,1623.8207547169811
221.83098591549296,1620.2830188679245
221.83098591549296,1616.745283018868
221.83098591549296,1613.2075471698113
221.83098591549296,1609.6698113207547
221.83098591549296,1606.132075471698
221.83098591549296,1602.5943396226414
221.83098591549296,1599.0566037735848
221.83098591549296,1595.5188679245282
221.83098591549296,1591.9811320754718
221.83098591549296,1588.4433962264152
221.83098591549296,1584.9056603773586
221.83098591549296,1581.367924528302
221.83098591549296,1577.8301886792453
221.83098591549296,1574.2924528301887
221.83098591549296,1570.754716981132
221.83098591549296,1567.2169811320755
221.83098591549296,1563.6792452830189
221.83098591549296,1560.1415094339623
221.83098591549296,1556.6037735849056
221.83098591549296,1553.066037735849
221.83098591549296,1549.5283018867924
221.83098591549296,1545.9905660377358
221.83098591549296,1542.4528301886792
221.83098591549296,1538.9150943396226
221.83098591549296,1535.377358490566
221.83098591549296,1531.8396226415093
221.83098591549296,1528.301886792453
221.83098591549296,1524.7641509433963
221.83098591549296,1521.2264150943397
221.83098591549296,1517.688679245283
227.11267605633802,2352.5943396226417
227.11267605633802,2349.056603773585
227.11267605633802,2345.5188679245284
227.11267605633802,2341.9811320754716
227.11267605633802,2338.443396226415
227.11267605633802,2334.9056603773583
227.11267605633802,2331.367924528302
227.11267605633802,2327.830188679245
227.11267605633802,2324.2924528301887
227.11267605633802,2320.754716981132
227.11267605633802,2317.2169811320755
227.11267605633802,2313.6792452830186
227.11267605633802,2310.1415094339623
227.11267605633802,2306.603773584906
227.11267605633802,2303.066037735849
227.11267605633802,2299.5283018867926
227.11267605633802,2295.990566037736
227.11267605633802,2292.4528301886794
227.11267605633802,2288.9150943396226
227.11267605633802,2285.377358490566
227.11267605633802,2281.8396226415093
227.11267605633802,2278.301886792453
227.11267605633802,2274.764150943396
227.11267605633802,2271.2264150943397
227.11267605633802,2267.688679245283
227.11267605633802,2264.1509433962265
227.11267605633802,2260.6132075471696
227.11267605633802,2257.0754716981132
227.11267605633802,2253.5377358490564
227.11267605633802,2250.0
227.11267605633802,2246.4622641509436
227.11267605633802,2242.9245283018868
227.11267605633802,2239.3867924528304
227.11267605633802,2235.8490566037735
227.11267605633802,2232.311320754717
227.11267605633802,2228.7735849056603
227.11267605633802,2225.235849056604
227.11267605633802,2221.698113207547
227.11267605633802,2218.1603773584907
227.11267605633802,2214.622641509434
227.11267605633802,2211.0849056603774
227.11267605633802,2207.5471698113206
227.11267605633802,2204.009433962264
227.11267605633802,2200.4716981132074
227.11267605633802,2196.933962264151
227.11267605633802,2193.396226415094
227.11267605633802,2189.8584905660377
227.11267605633802,2186.3207547169814
227.11267605633802,2182.7830188679245
227.11267605633802,2179.245283018868
227.11267605633802,2175.7075471698113
227.11267605633802,2172.169811320755
227.11267605633802,2168.632075471698
227.11267605633802,2165.0943396226417
227.11267605633802,2161.556603773585
227.11267605633802,2158.0188679245284
227.11267605633802,2154.4811320754716
227.11267605633802,2150.943396226415
227.11267605633802,2147.4056603773583
227.11267605633802,2143.867924528302
227.11267605633802,2140.330188679245
227.11267605633802,2136.7924528301887
227.11267605633802,2133.254716981132
227.11267605633802,2129.7169811320755
227.11267605633802,2126.1792452830186
227.11267605633802,2122.6415094339623
227.11267605633802,2119.103773584906
227.11267605633802,2115.566037735849
227.11267605633802,2112.0283018867926
227.11267605633802,2108.490566037736
227.11267605633802,2104.9528301886794
227.11267605633802,2101.4150943396226
227.11267605633802,2097.877358490566
227.11267605633802,2094.3396226415093
227.11267605633802,2090.801886792453
227.11267605633802,2087.264150943396
227.11267605633802,2083.7264150943397
227.11267605633802,2080.188679245283
227.11267605633802,2076.6509433962265
227.11267605633802,2073.1132075471696
227.11267605633802,2069.5754716981132
227.11267605633802,2066.0377358490564
227.11267605633802,2062.5
227.11267605633802,2058.9622641509436
227.11267605633802,2055.4245283018868
227.11267605633802,2051.8867924528304
227.11267605633802,2048.3490566037735
227.11267605633802,2044.811320754717
227.11267605633802,2041.2735849056603
227.11267605633802,2037.7358490566037
227.11267605633802,2034.198113207547
227.11267605633802,2030.6603773584907
227.11267605633802,2027.122641509434
227.11267605633802,2023.5849056603774
227.11267605633802,2020.0471698113208
227.11267605633802,2016.5094339622642
227.11267605633802,2012.9716981132076
227.11267605633802,2009.433962264151
227.11267605633802,2005.8962264150944
227.11267605633802,2002.3584905660377
227.11267605633802,1998.8207547169811
227.11267605633802,1995.2830188679245
227.11267605633802,1991.745283018868
227.11267605633802,1988.2075471698113
227.11267605633802,1984.6698113207547
227.11267605633802,1981.132075471698
227.11267605633802,1977.5943396226414
227.11267605633802,1974.0566037735848
227.11267605633802,1970.5188679245282
227.11267605633802,1966.9811320754718
227.11267605633802,1963.4433962264152
227.11267605633802,1959.9056603773586
227.11267605633802,1956.367924528302
227.11267605633802,1952.8301886792453
227.11267605633802,1949.2924528301887
227.11267605633802,1945.754716981132
227.11267605633802,1942.2169811320755
227.11267605633802,1938.6792452830189
227.11267605633802,1935.1415094339623
227.11267605633802,1931.6037735849056
227.11267605633802,1928.066037735849
227.11267605633802,1924.5283018867924
227.11267605633802,1920.9905660377358
227.11267605633802,1917.4528301886792
227.11267605633802,1913.9150943396226
227.11267605633802,1910.377358490566
227.11267605633802,1906.8396226415093
227.11267605633802,1903.301886792453
227.11267605633802,1899.7641509433963
227.11267605633802,1896.2264150943397
227.11267605633802,1892.688679245283
227.11267605633802,1889.1509433962265
227.11267605633802,1885.6132075471698
227.11267605633802,1882.0754716981132
227.11267605633802,1878.5377358490566
227.11267605633802,1875.0
227.11267605633802,1871.4622641509434
227.11267605633802,1867.9245283018868
227.11267605633802,1864.3867924528302
227.11267605633802,1860.8490566037735
227.11267605633802,1857.311320754717
227.11267605633802,1853.7735849056603
227.11267605633802,1850.2358490566037
227.11267605633802,1846.698113207547
227.11267605633802,1843.1603773584907
227.11267605633802,1839.622641509434
227.11267605633802,1836.0849056603774
227.11267605633802,1832.5471698113208
227.11267605633802,1829.0094339622642
227.11267605633802,1825.4716981132076
227.11267605633802,1821.933962264151
227.11267605633802,1818.3962264150944
227.11267605633802,1814.8584905660377
227.11267605633802,1811.3207547169811
227.11267605633802,1807.7830188679245
227.11267605633802,1804.245283018868
227.11267605633802,1800.7075471698113
227.11267605633802,1797.1698113207547
227.11267605633802,1793.632075471698
227.11267605633802,1790.0943396226414
227.11267605633802,1786.5566037735848
227.11267605633802,1783.0188679245282
227.11267605633802,1779.4811320754718
227.11267605633802,1775.9433962264152
227.11267605633802,1772.4056603773586
227.11267605633802,1768.867924528302
227.11267605633802,1765.3301886792453
227.11267605633802,1761.7924528301887
227.11267605633802,1758.254716981132
227.11267605633802,1754.7169811320755
227.11267605633802,1751.1792452830189
227.11267605633802,1747.6415094339623
227.11267605633802,1744.1037735849056
227.11267605633802,1740.566037735849
227.11267605633802,1737.0283018867924
227.11267605633802,1733.4905660377358
227.11267605633802,1729.9528301886792
227.11267605633802,1726.4150943396226
227.11267605633802,1722.877358490566
227.11267605633802,1719.3396226415093
227.11267605633802,1715.801886792453
227.11267605633802,1712.2641509433963
227.11267605633802,1708.7264150943397
227.11267605633802,1705.188679245283
227.11267605633802,1701.6509433962265
227.11267605633802,1698.1132075471698
227.11267605633802,1694.5754716981132
227.11267605633802,1691.0377358490566
227.11267605633802,1687.5
227.11267605633802,1683.9622641509434
227.11267605633802,1680.4245283018868
227.11267605633802,1676.8867924528302
227.11267605633802,1673.3490566037735
227.11267605633802,1669.811320754717
227.11267605633802,1666.2735849056603
227.11267605633802,1662.7358490566037
227.11267605633802,1659.198113207547
227.11267605633802,1655.6603773584907
227.11267605633802,1652.122641509434
227.11267605633802,1648.5849056603774
227.11267605633802,1645.0471698113208
227.11267605633802,1641.5094339622642
227.11267605633802,1637.9716981132076
227.11267605633802,1634.433962264151
227.11267605633802,1630.8962264150944
227.11267605633802,1627.3584905660377
227.11267605633802,1623.8207547169811
227.11267605633802,1620.2830188679245
227.11267605633802,1616.745283018868
227.11267605633802,1613.2075471698113
227.11267605633802,1609.6698113207547
227.11267605633802,1606.132075471698
227.11267605633802,1602.5943396226414
227.11267605633802,1599.0566037735848
227.11267605633802,1595.5188679245282
227.11267605633802,1591.9811320754718
227.11267605633802,1588.4433962264152
227.11267605633802,1584.9056603773586
227.11267605633802,1581.367924528302
227.11267605633802,1577.8301886792453
227.11267605633802,1574.2924528301887
227.11267605633802,1570.754716981132
227.11267605633802,1567.2169811320755
227.11267605633802,1563.6792452830189
227.11267605633802,1560.1415094339623
227.11267605633802,1556.6037735849056
227.11267605633802,1553.066037735849
227.11267605633802,1549.5283018867924
227.11267605633802,1545.9905660377358
227.11267605633802,1542.4528301886792
227.11267605633802,1538.9150943396226
227.11267605633802,1535.377358490566
227.11267605633802,1531.8396226415093
227.11267605633802,1528.301886792453
227.11267605633802,1524.7641509433963
227.11267605633802,1521.2264150943397
227.11267605633802,1517.688679245283
227.11267605633802,1514.1509433962265
227.11267605633802,1510.6132075471698
227.11267605633802,1507.0754716981132
227.11267605633802,1503.5377358490566
227.11267605633802,1500.0
227.11267605633802,1496.4622641509434
227.11267605633802,1492.9245283018868
227.11267605633802,1489.3867924528302
227.11267605633802,1485.8490566037735
227.11267605633802,1482.311320754717
227.11267605633802,1478.7735849056603
227.11267605633802,1475.2358490566037
227.11267605633802,1471.698113207547
227.11267605633802,1468.1603773584907
227.11267605633802,1464.622641509434
227.11267605633802,1461.0849056603774
227.11267605633802,1457.5471698113208
227.11267605633802,1454.0094339622642
227.11267605633802,1450.4716981132076
227.11267605633802,1446.933962264151
227.11267605633802,1443.3962264150944
227.11267605633802,1439.8584905660377
227.11267605633802,1436.3207547169811
227.11267605633802,1432.7830188679245
227.11267605633802,1429.245283018868
227.11267605633802,1425.7075471698113
227.11267605633802,1422.1698113207547
227.11267605633802,1418.632075471698
227.11267605633802,1415.0943396226414
227.11267605633802,1411.5566037735848
227.11267605633802,1408.0188679245282
227.11267605633802,1404.4811320754718
227.11267605633802,1400.9433962264152
227.11267605633802,1397.4056603773586
227.11267605633802,1393.867924528302
227.11267605633802,1390.3301886792453
227.11267605633802,1386.7924528301887
227.11267605633802,1383.254716981132
227.11267605633802,1379.7169811320755
227.11267605633802,1376.1792452830189
227.11267605633802,1372.6415094339623
227.11267605633802,1369.1037735849056
227.11267605633802,1365.566037735849
227.11267605633802,1362.0283018867924
227.11267605633802,1358.4905660377358
227.11267605633802,1354.9528301886792
227.11267605633802,1351.4150943396226
227.11267605633802,1347.877358490566
227.11267605633802,1344.3396226415093
227.11267605633802,1340.801886792453
227.11267605633802,1337.2641509433963
227.11267605633802,1333.7264150943397
227.11267605633802,1330.188679245283
227.11267605633802,1326.6509433962265
227.11267605633802,1323.1132075471698
227.11267605633802,1319.5754716981132
227.11267605633802,1316.0377358490566
227.11267605633802,1312.5
227.11267605633802,1308.9622641509434
227.11267605633802,1305.4245283018868
227.11267605633802,1301.8867924528302
227.11267605633802,1298.3490566037735
227.11267605633802,1294.811320754717
227.11267605633802,1291.2735849056603
227.11267605633802,1287.7358490566037
227.11267605633802,1284.198113207547
227.11267605633802,1280.6603773584907
227.11267605633802,1277.122641509434
227.11267605633802,1273.5849056603774
227.11267605633802,1270.0471698113208
227.11267605633802,1266.5094339622642
227.11267605633802,1262.9716981132076
232.3943661971831,1920.9905660377358
232.3943661971831,1917.4528301886792
232.3943661971831,1913.9150943396226
232.3943661971831,1910.377358490566
232.3943661971831,1906.8396226415093
232.3943661971831,1903.301886792453
232.3943661971831,1899.7641509433963
232.3943661971831,1896.2264150943397
232.3943661971831,1892.688679245283
232.3943661971831,1889.1509433962265
232.3943661971831,1885.6132075471698
232.3943661971831,1882.0754716981132
232.3943661971831,1878.5377358490566
232.3943661971831,1875.0
232.3943661971831,1871.4622641509434
232.3943661971831,1867.9245283018868
232.3943661971831,1864.3867924528302
232.3943661971831,1860.8490566037735
232.3943661971831,1857.311320754717
232.3943661971831,1853.7735849056603
232.3943661971831,1850.2358490566037
232.3943661971831,1846.698113207547
232.3943661971831,1843.1603773584907
232.3943661971831,1839.622641509434
232.3943661971831,1836.0849056603774
232.3943661971831,1832.5471698113208
232.3943661971831,1829.0094339622642
232.3943661971831,1825.4716981132076
232.3943661971831,1821.933962264151
232.3943661971831,1818.3962264150944
232.3943661971831,1814.8584905660377
232.3943661971831,1811.3207547169811
232.3943661971831,1807.7830188679245
232.3943661971831,1804.245283018868
232.3943661971831,1800.7075471698113
232.3943661971831,1797.1698113207547
232.3943661971831,1793.632075471698
232.3943661971831,1790.0943396226414
232.3943661971831,1786.5566037735848
232.3943661971831,1783.0188679245282
232.3943661971831,1779.4811320754718
232.3943661971831,1775.9433962264152
232.3943661971831,1772.4056603773586
232.3943661971831,1768.867924528302
232.3943661971831,1765.3301886792453
232.3943661971831,1761.7924528301887
232.3943661971831,1758.254716981132
232.3943661971831,1754.7169811320755
232.3943661971831,1751.1792452830189
232.3943661971831,1747.6415094339623
232.3943661971831,1744.1037735849056
232.3943661971831,1740.566037735849
232.3943661971831,1737.0283018867924
232.3943661971831,1733.4905660377358
232.3943661971831,1729.9528301886792
232.3943661971831,1726.4150943396226
232.3943661971831,1722.877358490566
232.3943661971831,1719.3396226415093
232.3943661971831,1715.801886792453
232.3943661971831,1712.2641509433963
232.3943661971831,1708.7264150943397
232.3943661971831,1705.188679245283
232.3943661971831,1701.6509433962265
232.3943661971831,1698.1132075471698
232.3943661971831,1694.5754716981132
232.3943661971831,1691.0377358490566
232.3943661971831,1687.5
232.3943661971831,1683.9622641509434
232.3943661971831,1680.4245283018868
232.3943661971831,1676.8867924528302
232.3943661971831,1673.3490566037735
232.3943661971831,1669.811320754717
232.3943661971831,1666.2735849056603
232.3943661971831,1662.7358490566037
232.3943661971831,1659.198113207547
232.3943661971831,1655.6603773584907
232.3943661971831,1652.122641509434
232.3943661971831,1648.5849056603774
232.3943661971831,1645.0471698113208
232.3943661971831,1641.5094339622642
232.3943661971831,1637.9716981132076
232.3943661971831,1634.433962264151
232.3943661971831,1630.8962264150944
232.3943661971831,1627.3584905660377
232.3943661971831,1623.8207547169811
232.3943661971831,1620.2830188679245
232.3943661971831,1616.745283018868
232.3943661971831,1613.2075471698113
232.3943661971831,1609.6698113207547
232.3943661971831,1606.132075471698
232.3943661971831,1602.5943396226414
232.3943661971831,1599.0566037735848
232.3943661971831,1595.5188679245282
232.3943661971831,1591.9811320754718
232.3943661971831,1588.4433962264152
232.3943661971831,1584.9056603773586
232.3943661971831,1581.367924528302
232.3943661971831,1577.8301886792453
232.3943661971831,1574.2924528301887
232.3943661971831,1570.754716981132
232.3943661971831,1567.2169811320755
232.3943661971831,1563.6792452830189
232.3943661971831,1560.1415094339623
232.3943661971831,1556.6037735849056
232.3943661971831,1553.066037735849
232.3943661971831,1549.5283018867924
232.3943661971831,1545.9905660377358
232.3943661971831,1542.4528301886792
232.3943661971831,1538.9150943396226
232.3943661971831,1535.377358490566
232.3943661971831,1531.8396226415093
232.3943661971831,1528.301886792453
232.3943661971831,1524.7641509433963
232.3943661971831,1521.2264150943397
232.3943661971831,1517.688679245283
232.3943661971831,1514.1509433962265
232.3943661971831,1510.6132075471698
232.3943661971831,1507.0754716981132
232.3943661971831,1503.5377358490566
232.3943661971831,1500.0
232.3943661971831,1496.4622641509434
232.3943661971831,1492.9245283018868
232.3943661971831,1489.3867924528302
232.3943661971831,1485.8490566037735
232.3943661971831,1482.311320754717
232.3943661971831,1478.7735849056603
232.3943661971831,1475.2358490566037
232.3943661971831,1471.698113207547
232.3943661971831,1468.1603773584907
232.3943661971831,1464.622641509434
232.3943661971831,1461.0849056603774
232.3943661971831,1457.5471698113208
232.3943661971831,1454.0094339622642
232.3943661971831,1450.4716981132076
232.3943661971831,1446.933962264151
232.3943661971831,1443.3962264150944
232.3943661971831,1439.8584905660377
232.3943661971831,1436.3207547169811
232.3943661971831,1432.7830188679245
232.3943661971831,1429.245283018868
232.3943661971831,1425.7075471698113
232.3943661971831,1422.1698113207547
232.3943661971831,1418.632075471698
232.3943661971831,1415.0943396226414
232.3943661971831,1411.5566037735848
232.3943661971831,1408.0188679245282
232.3943661971831,1404.4811320754718
232.3943661971831,1400.9433962264152
232.3943661971831,1397.4056603773586
232.3943661971831,1393.867924528302
232.3943661971831,1390.3301886792453
232.3943661971831,1386.7924528301887
232.3943661971831,1383.254716981132
232.3943661971831,1379.7169811320755
232.3943661971831,1376.1792452830189
232.3943661971831,1372.6415094339623
232.3943661971831,1369.1037735849056
232.3943661971831,1365.566037735849
232.3943661971831,1362.0283018867924
232.3943661971831,1358.4905660377358
232.3943661971831,1354.9528301886792
232.3943661971831,1351.4150943396226
232.3943661971831,1347.877358490566
232.3943661971831,1344.3396226415093
232.3943661971831,1340.801886792453
232.3943661971831,1337.2641509433963
232.3943661971831,1333.7264150943397
232.3943661971831,1330.188679245283
232.3943661971831,1326.6509433962265
232.3943661971831,1323.1132075471698
232.3943661971831,1319.5754716981132
232.3943661971831,1316.0377358490566
232.3943661971831,1312.5
232.3943661971831,1308.9622641509434
232.3943661971831,1305.4245283018868
232.3943661971831,1301.8867924528302
232.3943661971831,1298.3490566037735
232.3943661971831,1294.811320754717
232.3943661971831,1291.2735849056603
232.3943661971831,1287.7358490566037
232.3943661971831,1284.198113207547
232.3943661971831,1280.6603773584907
232.3943661971831,1277.122641509434
232.3943661971831,1273.5849056603774
232.3943661971831,1270.0471698113208
232.3943661971831,1266.5094339622642
232.3943661971831,1262.9716981132076
232.3943661971831,1259.433962264151
232.3943661971831,1255.8962264150944
232.3943661971831,1252.3584905660377
232.3943661971831,1248.8207547169811
232.3943661971831,1245.2830188679245
232.3943661971831,1241.745283018868
232.3943661971831,1238.2075471698113
232.3943661971831,1234.6698113207547
232.3943661971831,1231.132075471698
232.3943661971831,1227.5943396226414
232.3943661971831,1224.0566037735848
232.3943661971831,1220.5188679245282
232.3943661971831,1216.9811320754718
232.3943661971831,1213.4433962264152
232.3943661971831,1209.9056603773586
232.3943661971831,1206.367924528302
232.3943661971831,1202.8301886792453
232.3943661971831,1199.2924528301887
232.3943661971831,1195.754716981132
232.3943661971831,1192.2169811320755
232.3943661971831,1188.6792452830189
232.3943661971831,1185.1415094339623
232.3943661971831,1181.6037735849056
232.3943661971831,1178.066037735849
232.3943661971831,1174.5283018867924
232.3943661971831,1170.9905660377358
232.3943661971831,1167.4528301886792
232.3943661971831,1163.9150943396226
232.3943661971831,1160.377358490566
232.3943661971831,1156.8396226415093
237.67605633802816,1737.0283018867924
237.67605633802816,1733.4905660377358
237.67605633802816,1729.9528301886792
237.67605633802816,1726.4150943396226
237.67605633802816,1722.877358490566
237.67605633802816,1719.3396226415093
237.67605633802816,1715.801886792453
237.67605633802816,1712.2641509433963
237.67605633802816,1708.7264150943397
237.67605633802816,1705.188679245283
237.67605633802816,1701.6509433962265
237.67605633802816,1698.1132075471698
237.67605633802816,1694.5754716981132
237.67605633802816,1691.0377358490566
237.67605633802816,1687.5
237.67605633802816,1683.9622641509434
237.67605633802816,1680.4245283018868
237.67605633802816,1676.8867924528302
237.67605633802816,1673.3490566037735
237.67605633802816,1669.811320754717
237.67605633802816,1666.2735849056603
237.67605633802816,1662.7358490566037
237.67605633802816,1659.198113207547
237.67605633802816,1655.6603773584907
237.67605633802816,1652.122641509434
237.67605633802816,1648.5849056603774
237.67605633802816,1645.0471698113208
237.67605633802816,1641.5094339622642
237.67605633802816,1637.9716981132076
237.67605633802816,1634.433962264151
237.67605633802816,1630.8962264150944
237.67605633802816,1627.3584905660377
237.67605633802816,1623.8207547169811
237.67605633802816,1620.2830188679245
237.67605633802816,1616.745283018868
237.67605633802816,1613.2075471698113
237.67605633802816,1609.6698113207547
237.67605633802816,1606.132075471698
237.67605633802816,1602.5943396226414
237.67605633802816,1599.0566037735848
237.67605633802816,1595.5188679245282
237.67605633802816,1591.9811320754718
237.67605633802816,1588.4433962264152
237.67605633802816,1584.9056603773586
237.67605633802816,1581.367924528302
237.67605633802816,1577.8301886792453
237.67605633802816,1574.2924528301887
237.67605633802816,1570.754716981132
237.67605633802816,1567.2169811320755
237.67605633802816,1563.6792452830189
237.67605633802816,1560.1415094339623
237.67605633802816,1556.6037735849056
237.67605633802816,1553.066037735849
237.67605633802816,1549.5283018867924
237.67605633802816,1545.9905660377358
237.67605633802816,1542.4528301886792
237.67605633802816,1538.9150943396226
237.67605633802816,1535.377358490566
237.67605633802816,1531.8396226415093
237.67605633802816,1528.301886792453
237.67605633802816,1524.7641509433963
237.67605633802816,1521.2264150943397
237.67605633802816,1517.688679245283
237.67605633802816,1514.1509433962265
237.67605633802816,1510.6132075471698
237.67605633802816,1507.0754716981132
237.67605633802816,1503.5377358490566
237.67605633802816,1500.0
237.67605633802816,1496.4622641509434
237.67605633802816,1492.9245283018868
237.67605633802816,1489.3867924528302
237.67605633802816,1485.8490566037735
237.67605633802816,1482.311320754717
237.67605633802816,1478.7735849056603
237.67605633802816,1475.2358490566037
237.67605633802816,1471.698113207547
237.67605633802816,1468.1603773584907
237.67605633802816,1464.622641509434
237.67605633802816,1461.0849056603774
237.67605633802816,1457.5471698113208
237.67605633802816,1454.0094339622642
237.67605633802816,1450.4716981132076
237.67605633802816,1446.933962264151
237.67605633802816,1443.3962264150944
237.67605633802816,1439.8584905660377
237.67605633802816,1436.3207547169811
237.67605633802816,1432.7830188679245
237.67605633802816,1429.245283018868
237.67605633802816,1425.7075471698113
237.67605633802816,1422.1698113207547
237.67605633802816,1418.632075471698
237.67605633802816,1415.0943396226414
237.67605633802816,1411.5566037735848
237.67605633802816,1408.0188679245282
237.67605633802816,1404.4811320754718
237.67605633802816,1400.9433962264152
237.67605633802816,1397.4056603773586
237.67605633802816,1393.867924528302
237.67605633802816,1390.3301886792453
237.67605633802816,1386.7924528301887
237.67605633802816,1383.254716981132
237.67605633802816,1379.7169811320755
237.67605633802816,1376.1792452830189
237.67605633802816,1372.6415094339623
237.67605633802816,1369.1037735849056
237.67605633802816,1365.566037735849
237.67605633802816,1362.0283018867924
237.67605633802816,1358.4905660377358
237.67605633802816,1354.9528301886792
237.67605633802816,1351.4150943396226
237.67605633802816,1347.877358490566
237.67605633802816,1344.3396226415093
237.67605633802816,1340.801886792453
237.67605633802816,1337.2641509433963
237.67605633802816,1333.7264150943397
237.67605633802816,1330.188679245283
237.67605633802816,1326.6509433962265
237.67605633802816,1323.1132075471698
237.67605633802816,1319.5754716981132
237.67605633802816,1316.0377358490566
237.67605633802816,1312.5
237.67605633802816,1308.9622641509434
237.67605633802816,1305.4245283018868
237.67605633802816,1301.8867924528302
237.67605633802816,1298.3490566037735
237.67605633802816,1294.811320754717
237.67605633802816,1291.2735849056603
237.67605633802816,1287.7358490566037
237.67605633802816,1284.198113207547
237.67605633802816,1280.6603773584907
237.67605633802816,1277.122641509434
237.67605633802816,1273.5849056603774
237.67605633802816,1270.0471698113208
237.67605633802816,1266.5094339622642
237.67605633802816,1262.9716981132076
237.67605633802816,1259.433962264151
237.67605633802816,1255.8962264150944
237.67605633802816,1252.3584905660377
237.67605633802816,1248.8207547169811
237.67605633802816,1245.2830188679245
237.67605633802816,1241.745283018868
237.67605633802816,1238.2075471698113
237.67605633802816,1234.6698113207547
237.67605633802816,1231.132075471698
237.67605633802816,1227.5943396226414
237.67605633802816,1224.0566037735848
237.67605633802816,1220.5188679245282
237.67605633802816,1216.9811320754718
237.67605633802816,1213.4433962264152
237.67605633802816,1209.9056603773586
237.67605633802816,1206.367924528302
237.67605633802816,1202.8301886792453
237.67605633802816,1199.2924528301887
237.67605633802816,1195.754716981132
237.67605633802816,1192.2169811320755
237.67605633802816,1188.6792452830189
237.67605633802816,1185.1415094339623
237.67605633802816,1181.6037735849056
237.67605633802816,1178.066037735849
237.67605633802816,1174.5283018867924
237.67605633802816,1170.9905660377358
237.67605633802816,1167.4528301886792
237.67605633802816,1163.9150943396226
237.67605633802816,1160.377358490566
237.67605633802816,1156.8396226415093
237.67605633802816,1153.301886792453
237.67605633802816,1149.7641509433963
242.95774647887325,1528.301886792453
242.95774647887325,1524.7641509433963
242.95774647887325,1521.2264150943397
242.95774647887325,1517.688679245283
242.95774647887325,1514.1509433962265
242.95774647887325,1510.6132075471698
242.95774647887325,1507.0754716981132
242.95774647887325,1503.5377358490566
242.95774647887325,1500.0
242.95774647887325,1496.4622641509434
242.95774647887325,1492.9245283018868
242.95774647887325,1489.3867924528302
242.95774647887325,1485.8490566037735
242.95774647887325,1482.311320754717
242.95774647887325,1478.7735849056603
242.95774647887325,1475.2358490566037
242.95774647887325,1471.698113207547
242.95774647887325,1468.1603773584907
242.95774647887325,1464.622641509434
242.95774647887325,1461.0849056603774
242.95774647887325,1457.5471698113208
242.95774647887325,1454.0094339622642
242.95774647887325,1450.4716981132076
242.95774647887325,1446.933962264151
242.95774647887325,1443.3962264150944
242.95774647887325,1439.8584905660377
242.95774647887325,1436.3207547169811
242.95774647887325,1432.7830188679245
242.95774647887325,1429.245283018868
242.95774647887325,1425.7075471698113
242.95774647887325,1422.1698113207547
242.95774647887325,1418.632075471698
242.95774647887325,1415.0943396226414
242.95774647887325,1411.5566037735848
242.95774647887325,1408.0188679245282
242.95774647887325,1404.4811320754718
242.95774647887325,1400.9433962264152
242.95774647887325,1397.4056603773586
242.95774647887325,1393.867924528302
242.95774647887325,1390.3301886792453
242.95774647887325,1386.7924528301887
242.95774647887325,1383.254716981132
242.95774647887325,1379.7169811320755
242.95774647887325,1376.1792452830189
242.95774647887325,1372.6415094339623
242.95774647887325,1369.1037735849056
242.95774647887325,1365.566037735849
242.95774647887325,1362.0283018867924
242.95774647887325,1358.4905660377358
242.95774647887325,1354.9528301886792
242.95774647887325,1351.4150943396226
242.95774647887325,1347.877358490566
242.95774647887325,1344.3396226415093
242.95774647887325,1340.801886792453
242.95774647887325,1337.2641509433963
242.95774647887325,1333.7264150943397
242.95774647887325,1330.188679245283
242.95774647887325,1326.6509433962265
242.95774647887325,1323.1132075471698
242.95774647887325,1319.5754716981132
242.95774647887325,1316.0377358490566
242.95774647887325,1312.5
242.95774647887325,1308.9622641509434
242.95774647887325,1305.4245283018868
242.95774647887325,1301.8867924528302
242.95774647887325,1298.3490566037735
242.95774647887325,1294.811320754717
242.95774647887325,1291.2735849056603
242.95774647887325,1287.7358490566037
242.95774647887325,1284.198113207547
242.95774647887325,1280.6603773584907
242.95774647887325,1277.122641509434
242.95774647887325,1273.5849056603774
242.95774647887325,1270.0471698113208
242.95774647887325,1266.5094339622642
242.95774647887325,1262.9716981132076
242.95774647887325,1259.433962264151
242.95774647887325,1255.8962264150944
242.95774647887325,1252.3584905660377
242.95774647887325,1248.8207547169811
242.95774647887325,1245.2830188679245
242.95774647887325,1241.745283018868
242.95774647887325,1238.2075471698113
242.95774647887325,1234.6698113207547
242.95774647887325,1231.132075471698
242.95774647887325,1227.5943396226414
242.95774647887325,1224.0566037735848
242.95774647887325,1220.5188679245282
242.95774647887325,1216.9811320754718
242.95774647887325,1213.4433962264152
242.95774647887325,1209.9056603773586
242.95774647887325,1206.367924528302
242.95774647887325,1202.8301886792453
242.95774647887325,1199.2924528301887
242.95774647887325,1195.754716981132
242.95774647887325,1192.2169811320755
242.95774647887325,1188.6792452830189
242.95774647887325,1185.1415094339623
242.95774647887325,1181.6037735849056
242.95774647887325,1178.066037735849
242.95774647887325,1174.5283018867924
242.95774647887325,1170.9905660377358
242.95774647887325,1167.4528301886792
242.95774647887325,1163.9150943396226
242.95774647887325,1160.377358490566
242.95774647887325,1156.8396226415093
242.95774647887325,1153.301886792453
242.95774647887325,1149.7641509433963
248.2394366197183,1340.801886792453
248.2394366197183,1337.2641509433963
248.2394366197183,1333.7264150943397
248.2394366197183,1330.188679245283
248.2394366197183,1326.6509433962265
248.2394366197183,1323.1132075471698
248.2394366197183,1319.5754716981132
248.2394366197183,1316.0377358490566
248.2394366197183,1312.5
248.2394366197183,1308.9622641509434
248.2394366197183,1305.4245283018868
248.2394366197183,1301.8867924528302
248.2394366197183,1298.3490566037735
248.2394366197183,1294.811320754717
248.2394366197183,1291.2735849056603
248.2394366197183,1287.7358490566037
248.2394366197183,1284.198113207547
248.2394366197183,1280.6603773584907
248.2394366197183,1277.122641509434
248.2394366197183,1273.5849056603774
248.2394366197183,1270.0471698113208
248.2394366197183,1266.5094339622642
248.2394366197183,1262.9716981132076
248.2394366197183,1259.433962264151
248.2394366197183,1255.8962264150944
248.2394366197183,1252.3584905660377
248.2394366197183,1248.8207547169811
248.2394366197183,1245.2830188679245
248.2394366197183,1241.745283018868
248.2394366197183,1238.2075471698113
248.2394366197183,1234.6698113207547
248.2394366197183,1231.132075471698
248.2394366197183,1227.5943396226414
248.2394366197183,1224.0566037735848
248.2394366197183,1220.5188679245282
248.2394366197183,1216.9811320754718
248.2394366197183,1213.4433962264152
248.2394366197183,1209.9056603773586
248.2394366197183,1206.367924528302
248.2394366197183,1202.8301886792453
248.2394366197183,1199.2924528301887
248.2394366197183,1195.754716981132
248.2394366197183,1192.2169811320755
248.2394366197183,1188.6792452830189
248.2394366197183,1185.1415094339623
248.2394366197183,1181.6037735849056
248.2394366197183,1178.066037735849
248.2394366197183,1174.5283018867924
248.2394366197183,1170.9905660377358
248.2394366197183,1167.4528301886792
248.2394366197183,1163.9150943396226
248.2394366197183,1160.377358490566
248.2394366197183,1156.8396226415093
248.2394366197183,1153.301886792453
248.2394366197183,1149.7641509433963
253.5211267605634,1340.801886792453
253.5211267605634,1337.2641509433963
253.5211267605634,1333.7264150943397
253.5211267605634,1330.188679245283
253.5211267605634,1326.6509433962265
253.5211267605634,1323.1132075471698
253.5211267605634,1319.5754716981132
253.5211267605634,1316.0377358490566
253.5211267605634,1312.5
253.5211267605634,1308.9622641509434
253.5211267605634,1305.4245283018868
253.5211267605634,1301.8867924528302
253.5211267605634,1298.3490566037735
253.5211267605634,1294.811320754717
253.5211267605634,1291.2735849056603
253.5211267605634,1287.7358490566037
253.5211267605634,1284.198113207547
253.5211267605634,1280.6603773584907
253.5211267605634,1277.122641509434
253.5211267605634,1273.5849056603774
253.5211267605634,1270.0471698113208
253.5211267605634,1266.5094339622642
253.5211267605634,1262.9716981132076
253.5211267605634,1259.433962264151
253.5211267605634,1255.8962264150944
253.5211267605634,1252.3584905660377
253.5211267605634,1248.8207547169811
253.5211267605634,1245.2830188679245
253.5211267605634,1241.745283018868
253.5211267605634,1238.2075471698113
253.5211267605634,1234.6698113207547
253.5211267605634,1231.132075471698
253.5211267605634,1227.5943396226414
253.5211267605634,1224.0566037735848
253.5211267605634,1220.5188679245282
253.5211267605634,1216.9811320754718
253.5211267605634,1213.4433962264152
253.5211267605634,1209.9056603773586
253.5211267605634,1206.367924528302
253.5211267605634,1202.8301886792453
253.5211267605634,1199.2924528301887
253.5211267605634,1195.754716981132
253.5211267605634,1192.2169811320755
253.5211267605634,1188.6792452830189
253.5211267605634,1185.1415094339623
253.5211267605634,1181.6037735849056
253.5211267605634,1178.066037735849
253.5211267605634,1174.5283018867924
253.5211267605634,1170.9905660377358
253.5211267605634,1167.4528301886792
253.5211267605634,1163.9150943396226
253.5211267605634,1160.377358490566
253.5211267605634,1156.8396226415093
253.5211267605634,1153.301886792453
253.5211267605634,1149.7641509433963
253.5211267605634,1146.2264150943397
253.5211267605634,1142.688679245283
253.5211267605634,1139.1509433962265
253.5211267605634,1135.6132075471698
253.5211267605634,1132.0754716981132
258.80281690140845,1340.801886792453
258.80281690140845,1337.2641509433963
258.80281690140845,1333.7264150943397
258.80281690140845,1330.188679245283
258.80281690140845,1326.6509433962265
258.80281690140845,1323.1132075471698
258.80281690140845,1319.5754716981132
258.80281690140845,1316.0377358490566
258.80281690140845,1312.5
258.80281690140845,1308.9622641509434
258.80281690140845,1305.4245283018868
258.80281690140845,1301.8867924528302
258.80281690140845,1298.3490566037735
258.80281690140845,1294.811320754717
258.80281690140845,1291.2735849056603
258.80281690140845,1287.7358490566037
258.80281690140845,1284.198113207547
258.80281690140845,1280.6603773584907
258.80281690140845,1277.122641509434
258.80281690140845,1273.5849056603774
258.80281690140845,1270.0471698113208
258.80281690140845,1266.5094339622642
258.80281690140845,1262.9716981132076
258.80281690140845,1259.433962264151
258.80281690140845,1255.8962264150944
258.80281690140845,1252.3584905660377
258.80281690140845,1248.8207547169811
258.80281690140845,1245.2830188679245
258.80281690140845,1241.745283018868
258.80281690140845,1238.2075471698113
258.80281690140845,1234.6698113207547
258.80281690140845,1231.132075471698
258.80281690140845,1227.5943396226414
258.80281690140845,1224.0566037735848
258.80281690140845,1220.5188679245282
258.80281690140845,1216.9811320754718
258.80281690140845,1213.4433962264152
258.80281690140845,1209.9056603773586
258.80281690140845,1206.367924528302
258.80281690140845,1202.8301886792453
258.80281690140845,1199.2924528301887
258.80281690140845,1195.754716981132
258.80281690140845,1192.2169811320755
258.80281690140845,1188.6792452830189
258.80281690140845,1185.1415094339623
258.80281690140845,1181.6037735849056
258.80281690140845,1178.066037735849
258.80281690140845,1174.5283018867924
258.80281690140845,1170.9905660377358
258.80281690140845,1167.4528301886792
258.80281690140845,1163.9150943396226
258.80281690140845,1160.377358490566
258.80281690140845,1156.8396226415093
258.80281690140845,1153.301886792453
258.80281690140845,1149.7641509433963
258.80281690140845,1146.2264150943397
258.80281690140845,1142.688679245283
258.80281690140845,1139.1509433962265
258.80281690140845,1135.6132075471698
258.80281690140845,1132.0754716981132
258.80281690140845,1128.5377358490566
258.80281690140845,1125.0
258.80281690140845,1121.4622641509434
258.80281690140845,1117.9245283018868
258.80281690140845,1114.3867924528302
258.80281690140845,1110.8490566037735
258.80281690140845,1107.311320754717
258.80281690140845,1103.7735849056603
258.80281690140845,1100.2358490566037
258.80281690140845,1096.698113207547
258.80281690140845,1093.1603773584907
258.80281690140845,1089.622641509434
258.80281690140845,1086.0849056603774
258.80281690140845,1082.5471698113208
258.80281690140845,1079.0094339622642
258.80281690140845,1075.4716981132076
258.80281690140845,1071.933962264151
258.80281690140845,1068.3962264150944
258.80281690140845,1064.8584905660377
258.80281690140845,1061.3207547169811
258.80281690140845,1057.7830188679245
258.80281690140845,1054.245283018868
258.80281690140845,1050.7075471698113
258.80281690140845,1047.1698113207547
258.80281690140845,1043.632075471698
258.80281690140845,1040.0943396226414
258.80281690140845,1036.5566037735848
258.80281690140845,1033.0188679245282
258.80281690140845,1029.4811320754718
258.80281690140845,1025.9433962264152
258.80281690140845,1022.4056603773585
258.80281690140845,1018.8679245283018
258.80281690140845,1015.3301886792453
258.80281690140845,1011.7924528301887
258.80281690140845,1008.2547169811321
258.80281690140845,1004.7169811320755
258.80281690140845,1001.1792452830189
258.80281690140845,997.6415094339623
258.80281690140845,994.1037735849056
258.80281690140845,990.566037735849
258.80281690140845,987.0283018867924
258.80281690140845,983.4905660377359
258.80281690140845,979.9528301886793
258.80281690140845,976.4150943396227
258.80281690140845,972.877358490566
258.80281690140845,969.3396226415094
258.80281690140845,965.8018867924528
258.80281690140845,962.2641509433962
258.80281690140845,958.7264150943396
258.80281690140845,955.188679245283
264.0845070422535,1337.2641509433963
264.0845070422535,1333.7264150943397
264.0845070422535,1330.188679245283
264.0845070422535,1326.6509433962265
264.0845070422535,1323.1132075471698
264.0845070422535,1319.5754716981132
264.0845070422535,1316.0377358490566
264.0845070422535,1312.5
264.0845070422535,1308.9622641509434
264.0845070422535,1305.4245283018868
264.0845070422535,1301.8867924528302
264.0845070422535,1298.3490566037735
264.0845070422535,1294.811320754717
264.0845070422535,1291.2735849056603
264.0845070422535,1287.7358490566037
264.0845070422535,1284.198113207547
264.0845070422535,1280.6603773584907
264.0845070422535,1277.122641509434
264.0845070422535,1273.5849056603774
264.0845070422535,1270.0471698113208
264.0845070422535,1266.5094339622642
264.0845070422535,1262.9716981132076
264.0845070422535,1259.433962264151
264.0845070422535,1255.8962264150944
264.0845070422535,1252.3584905660377
264.0845070422535,1248.8207547169811
264.0845070422535,1245.2830188679245
264.0845070422535,1241.745283018868
264.0845070422535,1238.2075471698113
264.0845070422535,1234.6698113207547
264.0845070422535,1231.132075471698
264.0845070422535,1227.5943396226414
264.0845070422535,1224.0566037735848
264.0845070422535,1220.5188679245282
264.0845070422535,1216.9811320754718
264.0845070422535,1213.4433962264152
264.0845070422535,1209.9056603773586
264.0845070422535,1206.367924528302
264.0845070422535,1202.8301886792453
264.0845070422535,1199.2924528301887
264.0845070422535,1195.754716981132
264.0845070422535,1192.2169811320755
264.0845070422535,1188.6792452830189
264.0845070422535,1185.1415094339623
264.0845070422535,1181.6037735849056
264.0845070422535,1178.066037735849
264.0845070422535,1174.5283018867924
264.0845070422535,1170.9905660377358
264.0845070422535,1167.4528301886792
264.0845070422535,1163.9150943396226
264.0845070422535,1160.377358490566
264.0845070422535,1156.8396226415093
264.0845070422535,1153.301886792453
264.0845070422535,1149.7641509433963
264.0845070422535,1146.2264150943397
264.0845070422535,1142.688679245283
264.0845070422535,1139.1509433962265
264.0845070422535,1135.6132075471698
264.0845070422535,1132.0754716981132
264.0845070422535,1128.5377358490566
264.0845070422535,1125.0
264.0845070422535,1121.4622641509434
264.0845070422535,1117.9245283018868
264.0845070422535,1114.3867924528302
264.0845070422535,1110.8490566037735
264.0845070422535,1107.311320754717
264.0845070422535,1103.7735849056603
264.0845070422535,1100.2358490566037
264.0845070422535,1096.698113207547
264.0845070422535,1093.1603773584907
264.0845070422535,1089.622641509434
264.0845070422535,1086.0849056603774
264.0845070422535,1082.5471698113208
264.0845070422535,1079.0094339622642
264.0845070422535,1075.4716981132076
264.0845070422535,1071.933962264151
264.0845070422535,1068.3962264150944
264.0845070422535,1064.8584905660377
264.0845070422535,1061.3207547169811
264.0845070422535,1057.7830188679245
264.0845070422535,1054.245283018868
264.0845070422535,1050.7075471698113
264.0845070422535,1047.1698113207547
264.0845070422535,1043.632075471698
264.0845070422535,1040.0943396226414
264.0845070422535,1036.5566037735848
264.0845070422535,1033.0188679245282
264.0845070422535,1029.4811320754718
264.0845070422535,1025.9433962264152
264.0845070422535,1022.4056603773585
264.0845070422535,1018.8679245283018
264.0845070422535,1015.3301886792453
264.0845070422535,1011.7924528301887
264.0845070422535,1008.2547169811321
264.0845070422535,1004.7169811320755
264.0845070422535,1001.1792452830189
264.0845070422535,997.6415094339623
264.0845070422535,994.1037735849056
264.0845070422535,990.566037735849
264.0845070422535,987.0283018867924
264.0845070422535,983.4905660377359
264.0845070422535,979.9528301886793
264.0845070422535,976.4150943396227
264.0845070422535,972.877358490566
264.0845070422535,969.3396226415094
264.0845070422535,965.8018867924528
264.0845070422535,962.2641509433962
264.0845070422535,958.7264150943396
264.0845070422535,955.188679245283
264.0845070422535,951.6509433962265
264.0845070422535,948.1132075471698
264.0845070422535,944.5754716981132
264.0845070422535,941.0377358490566
264.0845070422535,937.5
264.0845070422535,933.9622641509434
264.0845070422535,930.4245283018868
264.0845070422535,926.8867924528302
264.0845070422535,923.3490566037735
264.0845070422535,919.811320754717
264.0845070422535,916.2735849056604
264.0845070422535,912.7358490566038
264.0845070422535,909.1981132075472
264.0845070422535,905.6603773584906
264.0845070422535,902.122641509434
264.0845070422535,898.5849056603773
264.0845070422535,895.0471698113207
264.0845070422535,891.5094339622641
264.0845070422535,887.9716981132076
264.0845070422535,884.433962264151
264.0845070422535,880.8962264150944
264.0845070422535,877.3584905660377
264.0845070422535,873.8207547169811
264.0845070422535,870.2830188679245
264.0845070422535,866.7452830188679
264.0845070422535,863.2075471698113
264.0845070422535,859.6698113207547
264.0845070422535,856.1320754716982
264.0845070422535,852.5943396226415
264.0845070422535,849.0566037735849
264.0845070422535,845.5188679245283
264.0845070422535,841.9811320754717
264.0845070422535,838.4433962264151
264.0845070422535,834.9056603773585
264.0845070422535,831.3679245283018
264.0845070422535,827.8301886792453
264.0845070422535,824.2924528301887
264.0845070422535,820.7547169811321
264.0845070422535,817.2169811320755
264.0845070422535,813.6792452830189
264.0845070422535,810.1415094339623
264.0845070422535,806.6037735849056
264.0845070422535,803.066037735849
269.36619718309856,1301.8867924528302
269.36619718309856,1298.3490566037735
269.36619718309856,1294.811320754717
269.36619718309856,1291.2735849056603
269.36619718309856,1287.7358490566037
269.36619718309856,1284.198113207547
269.36619718309856,1280.6603773584907
269.36619718309856,1277.122641509434
269.36619718309856,1273.5849056603774
269.36619718309856,1270.0471698113208
269.36619718309856,1266.5094339622642
269.36619718309856,1262.9716981132076
269.36619718309856,1259.433962264151
269.36619718309856,1255.8962264150944
269.36619718309856,1252.3584905660377
269.36619718309856,1248.8207547169811
269.36619718309856,1245.2830188679245
269.36619718309856,1241.745283018868
269.36619718309856,1238.2075471698113
269.36619718309856,1234.6698113207547
269.36619718309856,1231.132075471698
269.36619718309856,1227.5943396226414
269.36619718309856,1224.0566037735848
269.36619718309856,1220.5188679245282
269.36619718309856,1216.9811320754718
269.36619718309856,1213.4433962264152
269.36619718309856,1209.9056603773586
269.36619718309856,1206.367924528302
269.36619718309856,1202.8301886792453
269.36619718309856,1199.2924528301887
269.36619718309856,1195.754716981132
269.36619718309856,1192.2169811320755
269.36619718309856,1188.6792452830189
269.36619718309856,1185.1415094339623
269.36619718309856,1181.6037735849056
269.36619718309856,1178.066037735849
269.36619718309856,1174.5283018867924
269.36619718309856,1170.9905660377358
269.36619718309856,1167.4528301886792
269.36619718309856,1163.9150943396226
269.36619718309856,1160.377358490566
269.36619718309856,1156.8396226415093
269.36619718309856,1153.301886792453
269.36619718309856,1149.7641509433963
269.36619718309856,1146.2264150943397
269.36619718309856,1142.688679245283
269.36619718309856,1139.1509433962265
269.36619718309856,1135.6132075471698
269.36619718309856,1132.0754716981132
269.36619718309856,1128.5377358490566
269.36619718309856,1125.0
269.36619718309856,1121.4622641509434
269.36619718309856,1117.9245283018868
269.36619718309856,1114.3867924528302
269.36619718309856,1110.8490566037735
269.36619718309856,1107.311320754717
269.36619718309856,1103.7735849056603
269.36619718309856,1100.2358490566037
269.36619718309856,1096.698113207547
269.36619718309856,1093.1603773584907
269.36619718309856,1089.622641509434
269.36619718309856,1086.0849056603774
269.36619718309856,1082.5471698113208
269.36619718309856,1079.0094339622642
269.36619718309856,1075.4716981132076
269.36619718309856,1071.933962264151
269.36619718309856,1068.3962264150944
269.36619718309856,1064.8584905660377
269.36619718309856,1061.3207547169811
269.36619718309856,1057.7830188679245
269.36619718309856,1054.245283018868
269.36619718309856,1050.7075471698113
269.36619718309856,1047.1698113207547
269.36619718309856,1043.632075471698
269.36619718309856,1040.0943396226414
269.36619718309856,1036.5566037735848
269.36619718309856,1033.0188679245282
269.36619718309856,1029.4811320754718
269.36619718309856,1025.9433962264152
269.36619718309856,1022.4056603773585
269.36619718309856,1018.8679245283018
269.36619718309856,1015.3301886792453
269.36619718309856,1011.7924528301887
269.36619718309856,1008.2547169811321
269.36619718309856,1004.7169811320755
269.36619718309856,1001.1792452830189
269.36619718309856,997.6415094339623
269.36619718309856,994.1037735849056
269.36619718309856,990.566037735849
269.36619718309856,987.0283018867924
269.36619718309856,983.4905660377359
269.36619718309856,979.9528301886793
269.36619718309856,976.4150943396227
269.36619718309856,972.877358490566
269.36619718309856,969.3396226415094
269.36619718309856,965.8018867924528
269.36619718309856,962.2641509433962
269.36619718309856,958.7264150943396
269.36619718309856,955.188679245283
269.36619718309856,951.6509433962265
269.36619718309856,948.1132075471698
269.36619718309856,944.5754716981132
269.36619718309856,941.0377358490566
269.36619718309856,937.5
269.36619718309856,933.9622641509434
269.36619718309856,930.4245283018868
269.36619718309856,926.8867924528302
269.36619718309856,923.3490566037735
269.36619718309856,919.811320754717
269.36619718309856,916.2735849056604
269.36619718309856,912.7358490566038
269.36619718309856,909.1981132075472
269.36619718309856,905.6603773584906
269.36619718309856,902.122641509434
269.36619718309856,898.5849056603773
269.36619718309856,895.0471698113207
269.36619718309856,891.5094339622641
269.36619718309856,887.9716981132076
269.36619718309856,884.433962264151
269.36619718309856,880.8962264150944
269.36619718309856,877.3584905660377
269.36619718309856,873.8207547169811
269.36619718309856,870.2830188679245
269.36619718309856,866.7452830188679
269.36619718309856,863.2075471698113
269.36619718309856,859.6698113207547
269.36619718309856,856.1320754716982
269.36619718309856,852.5943396226415
269.36619718309856,849.0566037735849
269.36619718309856,845.5188679245283
269.36619718309856,841.9811320754717
269.36619718309856,838.4433962264151
269.36619718309856,834.9056603773585
269.36619718309856,831.3679245283018
269.36619718309856,827.8301886792453
269.36619718309856,824.2924528301887
269.36619718309856,820.7547169811321
269.36619718309856,817.2169811320755
269.36619718309856,813.6792452830189
269.36619718309856,810.1415094339623
269.36619718309856,806.6037735849056
269.36619718309856,803.066037735849
269.36619718309856,799.5283018867924
269.36619718309856,795.9905660377359
269.36619718309856,792.4528301886793
269.36619718309856,788.9150943396227
269.36619718309856,785.377358490566
269.36619718309856,781.8396226415094
269.36619718309856,778.3018867924528
269.36619718309856,774.7641509433962
269.36619718309856,771.2264150943396
269.36619718309856,767.688679245283
269.36619718309856,764.1509433962265
269.36619718309856,760.6132075471698
269.36619718309856,757.0754716981132
269.36619718309856,753.5377358490566
269.36619718309856,750.0
269.36619718309856,746.4622641509434
269.36619718309856,742.9245283018868
269.36619718309856,739.3867924528302
269.36619718309856,735.8490566037735
269.36619718309856,732.311320754717
269.36619718309856,728.7735849056604
269.36619718309856,725.2358490566038
269.36619718309856,721.6981132075472
269.36619718309856,718.1603773584906
269.36619718309856,714.622641509434
269.36619718309856,711.0849056603773
269.36619718309856,707.5471698113207
269.36619718309856,704.0094339622641
269.36619718309856,700.4716981132076
269.36619718309856,696.933962264151
269.36619718309856,693.3962264150944
269.36619718309856,689.8584905660377
274.6478873239437,1139.1509433962265
274.6478873239437,1135.6132075471698
274.6478873239437,1132.0754716981132
274.6478873239437,1128.5377358490566
274.6478873239437,1125.0
274.6478873239437,1121.4622641509434
274.6478873239437,1117.9245283018868
274.6478873239437,1114.3867924528302
274.6478873239437,1110.8490566037735
274.6478873239437,1107.311320754717
274.6478873239437,1103.7735849056603
274.6478873239437,1100.2358490566037
274.6478873239437,1096.698113207547
274.6478873239437,1093.1603773584907
274.6478873239437,1089.622641509434
274.6478873239437,1086.0849056603774
274.6478873239437,1082.5471698113208
274.6478873239437,1079.0094339622642
274.6478873239437,1075.4716981132076
274.6478873239437,1071.933962264151
274.6478873239437,1068.3962264150944
274.6478873239437,1064.8584905660377
274.6478873239437,1061.3207547169811
274.6478873239437,1057.7830188679245
274.6478873239437,1054.245283018868
274.6478873239437,1050.7075471698113
274.6478873239437,1047.1698113207547
274.6478873239437,1043.632075471698
274.6478873239437,1040.0943396226414
274.6478873239437,1036.5566037735848
274.6478873239437,1033.0188679245282
274.6478873239437,1029.4811320754718
274.6478873239437,1025.9433962264152
274.6478873239437,1022.4056603773585
274.6478873239437,1018.8679245283018
274.6478873239437,1015.3301886792453
274.6478873239437,1011.7924528301887
274.6478873239437,1008.2547169811321
274.6478873239437,1004.7169811320755
274.6478873239437,1001.1792452830189
274.6478873239437,997.6415094339623
274.6478873239437,994.1037735849056
274.6478873239437,990.566037735849
274.6478873239437,987.0283018867924
274.6478873239437,983.4905660377359
274.6478873239437,979.9528301886793
274.6478873239437,976.4150943396227
274.6478873239437,972.877358490566
274.6478873239437,969.3396226415094
274.6478873239437,965.8018867924528
274.6478873239437,962.2641509433962
274.6478873239437,958.7264150943396
274.6478873239437,955.188679245283
274.6478873239437,951.6509433962265
274.6478873239437,948.1132075471698
274.6478873239437,944.5754716981132
274.6478873239437,941.0377358490566
274.6478873239437,937.5
274.6478873239437,933.9622641509434
274.6478873239437,930.4245283018868
274.6478873239437,926.8867924528302
274.6478873239437,923.3490566037735
274.6478873239437,919.811320754717
274.6478873239437,916.2735849056604
274.6478873239437,912.7358490566038
274.6478873239437,909.1981132075472
274.6478873239437,905.6603773584906
274.6478873239437,902.122641509434
274.6478873239437,898.5849056603773
274.6478873239437,895.0471698113207
274.6478873239437,891.5094339622641
274.6478873239437,887.9716981132076
274.6478873239437,884.433962264151
274.6478873239437,880.8962264150944
274.6478873239437,877.3584905660377
274.6478873239437,873.8207547169811
274.6478873239437,870.2830188679245
274.6478873239437,866.7452830188679
274.6478873239437,863.2075471698113
274.6478873239437,859.6698113207547
274.6478873239437,856.1320754716982
274.6478873239437,852.5943396226415
274.6478873239437,849.0566037735849
274.6478873239437,845.5188679245283
274.6478873239437,841.9811320754717
274.6478873239437,838.4433962264151
274.6478873239437,834.9056603773585
274.6478873239437,831.3679245283018
274.6478873239437,827.8301886792453
274.6478873239437,824.2924528301887
274.6478873239437,820.7547169811321
274.6478873239437,817.2169811320755
274.6478873239437,813.6792452830189
274.6478873239437,810.1415094339623
274.6478873239437,806.6037735849056
274.6478873239437,803.066037735849
274.6478873239437,799.5283018867924
274.6478873239437,795.9905660377359
274.6478873239437,792.4528301886793
274.6478873239437,788.9150943396227
274.6478873239437,785.377358490566
274.6478873239437,781.8396226415094
274.6478873239437,778.3018867924528
274.6478873239437,774.7641509433962
274.6478873239437,771.2264150943396
274.6478873239437,767.688679245283
274.6478873239437,764.1509433962265
274.6478873239437,760.6132075471698
274.6478873239437,757.0754716981132
274.6478873239437,753.5377358490566
274.6478873239437,750.0
274.6478873239437,746.4622641509434
274.6478873239437,742.9245283018868
274.6478873239437,739.3867924528302
274.6478873239437,735.8490566037735
274.6478873239437,732.311320754717
274.6478873239437,728.7735849056604
274.6478873239437,725.2358490566038
274.6478873239437,721.6981132075472
274.6478873239437,718.1603773584906
274.6478873239437,714.622641509434
274.6478873239437,711.0849056603773
274.6478873239437,707.5471698113207
274.6478873239437,704.0094339622641
274.6478873239437,700.4716981132076
274.6478873239437,696.933962264151
274.6478873239437,693.3962264150944
274.6478873239437,689.8584905660377
274.6478873239437,686.3207547169811
274.6478873239437,682.7830188679245
274.6478873239437,679.2452830188679
274.6478873239437,675.7075471698113
274.6478873239437,672.1698113207547
274.6478873239437,668.6320754716982
274.6478873239437,665.0943396226415
274.6478873239437,661.5566037735849
274.6478873239437,658.0188679245283
274.6478873239437,654.4811320754717
274.6478873239437,650.9433962264151
274.6478873239437,647.4056603773585
274.6478873239437,643.8679245283018
274.6478873239437,640.3301886792453
274.6478873239437,636.7924528301887
274.6478873239437,633.2547169811321
274.6478873239437,629.7169811320755
274.6478873239437,626.1792452830189
274.6478873239437,622.6415094339623
274.6478873239437,619.1037735849056
274.6478873239437,615.566037735849
274.6478873239437,612.0283018867924
274.6478873239437,608.4905660377359
274.6478873239437,604.9528301886793
274.6478873239437,601.4150943396227
274.6478873239437,597.877358490566
274.6478873239437,594.3396226415094
274.6478873239437,590.8018867924528
274.6478873239437,587.2641509433962
274.6478873239437,583.7264150943396
274.6478873239437,580.188679245283
274.6478873239437,576.6509433962265
274.6478873239437,573.1132075471698
279.92957746478874,962.2641509433962
279.92957746478874,958.7264150943396
279.92957746478874,955.188679245283
279.92957746478874,951.6509433962265
279.92957746478874,948.1132075471698
279.92957746478874,944.5754716981132
279.92957746478874,941.0377358490566
279.92957746478874,937.5
279.92957746478874,933.9622641509434
279.92957746478874,930.4245283018868
279.92957746478874,926.8867924528302
279.92957746478874,923.3490566037735
279.92957746478874,919.811320754717
279.92957746478874,916.2735849056604
279.92957746478874,912.7358490566038
279.92957746478874,909.1981132075472
279.92957746478874,905.6603773584906
279.92957746478874,902.122641509434
279.92957746478874,898.5849056603773
279.92957746478874,895.0471698113207
279.92957746478874,891.5094339622641
279.92957746478874,887.9716981132076
279.92957746478874,884.433962264151
279.92957746478874,880.8962264150944
279.92957746478874,877.3584905660377
279.92957746478874,873.8207547169811
279.92957746478874,870.2830188679245
279.92957746478874,866.7452830188679
279.92957746478874,863.2075471698113
279.92957746478874,859.6698113207547
279.92957746478874,856.1320754716982
279.92957746478874,852.5943396226415
279.92957746478874,849.0566037735849
279.92957746478874,845.5188679245283
279.92957746478874,841.9811320754717
279.92957746478874,838.4433962264151
279.92957746478874,834.9056603773585
279.92957746478874,831.3679245283018
279.92957746478874,827.8301886792453
279.92957746478874,824.2924528301887
279.92957746478874,820.7547169811321
279.92957746478874,817.2169811320755
279.92957746478874,813.6792452830189
279.92957746478874,810.1415094339623
279.92957746478874,806.6037735849056
279.92957746478874,803.066037735849
279.92957746478874,799.5283018867924
279.92957746478874,795.9905660377359
279.92957746478874,792.4528301886793
279.92957746478874,788.9150943396227
279.92957746478874,785.377358490566
279.92957746478874,781.8396226415094
279.92957746478874,778.3018867924528
279.92957746478874,774.7641509433962
279.92957746478874,771.2264150943396
279.92957746478874,767.688679245283
279.92957746478874,764.1509433962265
279.92957746478874,760.6132075471698
279.92957746478874,757.0754716981132
279.92957746478874,753.5377358490566
279.92957746478874,750.0
279.92957746478874,746.4622641509434
279.92957746478874,742.9245283018868
279.92957746478874,739.3867924528302
279.92957746478874,735.8490566037735
279.92957746478874,732.311320754717
279.92957746478874,728.7735849056604
279.92957746478874,725.2358490566038
279.92957746478874,721.6981132075472
279.92957746478874,718.1603773584906
279.92957746478874,714.622641509434
279.92957746478874,711.0849056603773
279.92957746478874,707.5471698113207
279.92957746478874,704.0094339622641
279.92957746478874,700.4716981132076
279.92957746478874,696.933962264151
279.92957746478874,693.3962264150944
279.92957746478874,689.8584905660377
279.92957746478874,686.3207547169811
279.92957746478874,682.7830188679245
279.92957746478874,679.2452830188679
279.92957746478874,675.7075471698113
279.92957746478874,672.1698113207547
279.92957746478874,668.6320754716982
279.92957746478874,665.0943396226415
279.92957746478874,661.5566037735849
279.92957746478874,658.0188679245283
279.92957746478874,654.4811320754717
279.92957746478874,650.9433962264151
279.92957746478874,647.4056603773585
279.92957746478874,643.8679245283018
279.92957746478874,640.3301886792453
279.92957746478874,636.7924528301887
279.92957746478874,633.2547169811321
279.92957746478874,629.7169811320755
279.92957746478874,626.1792452830189
279.92957746478874,622.6415094339623
279.92957746478874,619.1037735849056
279.92957746478874,615.566037735849
279.92957746478874,612.0283018867924
279.92957746478874,608.4905660377359
279.92957746478874,604.9528301886793
279.92957746478874,601.4150943396227
279.92957746478874,597.877358490566
279.92957746478874,594.3396226415094
279.92957746478874,590.8018867924528
279.92957746478874,587.2641509433962
279.92957746478874,583.7264150943396
279.92957746478874,580.188679245283
279.92957746478874,576.6509433962265
279.92957746478874,573.1132075471698
279.92957746478874,569.5754716981132
279.92957746478874,566.0377358490566
279.92957746478874,562.5
279.92957746478874,558.9622641509434
279.92957746478874,555.4245283018868
279.92957746478874,551.8867924528302
279.92957746478874,548.3490566037735
279.92957746478874,544.811320754717
279.92957746478874,541.2735849056604
279.92957746478874,537.7358490566038
279.92957746478874,534.1981132075472
279.92957746478874,530.6603773584906
279.92957746478874,527.122641509434
279.92957746478874,523.5849056603773
279.92957746478874,520.0471698113207
279.92957746478874,516.5094339622641
279.92957746478874,512.9716981132076
279.92957746478874,509.4339622641509
279.92957746478874,505.89622641509436
279.92957746478874,502.35849056603774
279.92957746478874,498.8207547169811
279.92957746478874,495.2830188679245
279.92957746478874,491.74528301886795
279.92957746478874,488.20754716981133
279.92957746478874,484.6698113207547
279.92957746478874,481.1320754716981
279.92957746478874,477.5943396226415
285.2112676056338,803.066037735849
285.2112676056338,799.5283018867924
285.2112676056338,795.9905660377359
285.2112676056338,792.4528301886793
285.2112676056338,788.9150943396227
285.2112676056338,785.377358490566
285.2112676056338,781.8396226415094
285.2112676056338,778.3018867924528
285.2112676056338,774.7641509433962
285.2112676056338,771.2264150943396
285.2112676056338,767.688679245283
285.2112676056338,764.1509433962265
285.2112676056338,760.6132075471698
285.2112676056338,757.0754716981132
285.2112676056338,753.5377358490566
285.2112676056338,750.0
285.2112676056338,746.4622641509434
285.2112676056338,742.9245283018868
285.2112676056338,739.3867924528302
285.2112676056338,735.8490566037735
285.2112676056338,732.311320754717
285.2112676056338,728.7735849056604
285.2112676056338,725.2358490566038
285.2112676056338,721.6981132075472
285.2112676056338,718.1603773584906
285.2112676056338,714.622641509434
285.2112676056338,711.0849056603773
285.2112676056338,707.5471698113207
285.2112676056338,704.0094339622641
285.2112676056338,700.4716981132076
285.2112676056338,696.933962264151
285.2112676056338,693.3962264150944
285.2112676056338,689.8584905660377
285.2112676056338,686.3207547169811
285.2112676056338,682.7830188679245
285.2112676056338,679.2452830188679
285.2112676056338,675.7075471698113
285.2112676056338,672.1698113207547
285.2112676056338,668.6320754716982
285.2112676056338,665.0943396226415
285.2112676056338,661.5566037735849
285.2112676056338,658.0188679245283
285.2112676056338,654.4811320754717
285.2112676056338,650.9433962264151
285.2112676056338,647.4056603773585
285.2112676056338,643.8679245283018
285.2112676056338,640.3301886792453
285.2112676056338,636.7924528301887
285.2112676056338,633.2547169811321
285.2112676056338,629.7169811320755
285.2112676056338,626.1792452830189
285.2112676056338,622.6415094339623
285.2112676056338,619.1037735849056
285.2112676056338,615.566037735849
285.2112676056338,612.0283018867924
285.2112676056338,608.4905660377359
285.2112676056338,604.9528301886793
285.2112676056338,601.4150943396227
285.2112676056338,597.877358490566
285.2112676056338,594.3396226415094
285.2112676056338,590.8018867924528
285.2112676056338,587.2641509433962
285.2112676056338,583.7264150943396
285.2112676056338,580.188679245283
285.2112676056338,576.6509433962265
285.2112676056338,573.1132075471698
285.2112676056338,569.5754716981132
285.2112676056338,566.0377358490566
285.2112676056338,562.5
285.2112676056338,558.9622641509434
285.2112676056338,555.4245283018868
285.2112676056338,551.8867924528302
285.2112676056338,548.3490566037735
285.2112676056338,544.811320754717
285.2112676056338,541.2735849056604
285.2112676056338,537.7358490566038
285.2112676056338,534.1981132075472
285.2112676056338,530.6603773584906
285.2112676056338,527.122641509434
285.2112676056338,523.5849056603773
285.2112676056338,520.0471698113207
285.2112676056338,516.5094339622641
285.2112676056338,512.9716981132076
285.2112676056338,509.4339622641509
285.2112676056338,505.89622641509436
285.2112676056338,502.35849056603774
285.2112676056338,498.8207547169811
285.2112676056338,495.2830188679245
285.2112676056338,491.74528301886795
285.2112676056338,488.20754716981133
285.2112676056338,484.6698113207547
285.2112676056338,481.1320754716981
285.2112676056338,477.5943396226415
285.2112676056338,474.0566037735849
285.2112676056338,470.5188679245283
285.2112676056338,466.9811320754717
285.2112676056338,463.4433962264151
285.2112676056338,459.9056603773585
285.2112676056338,456.3679245283019
285.2112676056338,452.8301886792453
285.2112676056338,449.29245283018867
285.2112676056338,445.75471698113205
285.2112676056338,442.2169811320755
285.2112676056338,438.6792452830189
285.2112676056338,435.14150943396226
285.2112676056338,431.60377358490564
285.2112676056338,428.0660377358491
285.2112676056338,424.52830188679246
290.49295774647885,693.3962264150944
290.49295774647885,689.8584905660377
290.49295774647885,686.3207547169811
290.49295774647885,682.7830188679245
290.49295774647885,679.2452830188679
290.49295774647885,675.7075471698113
290.49295774647885,672.1698113207547
290.49295774647885,668.6320754716982
290.49295774647885,665.0943396226415
290.49295774647885,661.5566037735849
290.49295774647885,658.0188679245283
290.49295774647885,654.4811320754717
290.49295774647885,650.9433962264151
290.49295774647885,647.4056603773585
290.49295774647885,643.8679245283018
290.49295774647885,640.3301886792453
290.49295774647885,636.7924528301887
290.49295774647885,633.2547169811321
290.49295774647885,629.7169811320755
290.49295774647885,626.1792452830189
290.49295774647885,622.6415094339623
290.49295774647885,619.1037735849056
290.49295774647885,615.566037735849
290.49295774647885,612.0283018867924
290.49295774647885,608.4905660377359
290.49295774647885,604.9528301886793
290.49295774647885,601.4150943396227
290.49295774647885,597.877358490566
290.49295774647885,594.3396226415094
290.49295774647885,590.8018867924528
290.49295774647885,587.2641509433962
290.49295774647885,583.7264150943396
290.49295774647885,580.188679245283
290.49295774647885,576.6509433962265
290.49295774647885,573.1132075471698
290.49295774647885,569.5754716981132
290.49295774647885,566.0377358490566
290.49295774647885,562.5
290.49295774647885,558.9622641509434
290.49295774647885,555.4245283018868
290.49295774647885,551.8867924528302
290.49295774647885,548.3490566037735
290.49295774647885,544.811320754717
290.49295774647885,541.2735849056604
290.49295774647885,537.7358490566038
290.49295774647885,534.1981132075472
290.49295774647885,530.6603773584906
290.49295774647885,527.122641509434
290.49295774647885,523.5849056603773
290.49295774647885,520.0471698113207
290.49295774647885,516.5094339622641
290.49295774647885,512.9716981132076
290.49295774647885,509.4339622641509
290.49295774647885,505.89622641509436
290.49295774647885,502.35849056603774
290.49295774647885,498.8207547169811
290.49295774647885,495.2830188679245
290.49295774647885,491.74528301886795
290.49295774647885,488.20754716981133
290.49295774647885,484.6698113207547
290.49295774647885,481.1320754716981
290.49295774647885,477.5943396226415
290.49295774647885,474.0566037735849
290.49295774647885,470.5188679245283
290.49295774647885,466.9811320754717
290.49295774647885,463.4433962264151
290.49295774647885,459.9056603773585
290.49295774647885,456.3679245283019
290.49295774647885,452.8301886792453
290.49295774647885,449.29245283018867
290.49295774647885,445.75471698113205
290.49295774647885,442.2169811320755
290.49295774647885,438.6792452830189
290.49295774647885,435.14150943396226
290.49295774647885,431.60377358490564
290.49295774647885,428.0660377358491
290.49295774647885,424.52830188679246
290.49295774647885,420.99056603773585
290.49295774647885,417.45283018867923
290.49295774647885,413.91509433962267
290.49295774647885,410.37735849056605
290.49295774647885,406.83962264150944
290.49295774647885,403.3018867924528
295.77464788732397,576.6509433962265
295.77464788732397,573.1132075471698
295.77464788732397,569.5754716981132
295.77464788732397,566.0377358490566
295.77464788732397,562.5
295.77464788732397,558.9622641509434
295.77464788732397,555.4245283018868
295.77464788732397,551.8867924528302
295.77464788732397,548.3490566037735
295.77464788732397,544.811320754717
295.77464788732397,541.2735849056604
295.77464788732397,537.7358490566038
295.77464788732397,534.1981132075472
295.77464788732397,530.6603773584906
295.77464788732397,527.122641509434
295.77464788732397,523.5849056603773
295.77464788732397,520.0471698113207
295.77464788732397,516.5094339622641
295.77464788732397,512.9716981132076
295.77464788732397,509.4339622641509
295.77464788732397,505.89622641509436
295.77464788732397,502.35849056603774
295.77464788732397,498.8207547169811
295.77464788732397,495.2830188679245
295.77464788732397,491.74528301886795
295.77464788732397,488.20754716981133
295.77464788732397,484.6698113207547
295.77464788732397,481.1320754716981
295.77464788732397,477.5943396226415
295.77464788732397,474.0566037735849
295.77464788732397,470.5188679245283
295.77464788732397,466.9811320754717
295.77464788732397,463.4433962264151
295.77464788732397,459.9056603773585
295.77464788732397,456.3679245283019
295.77464788732397,452.8301886792453
295.77464788732397,449.29245283018867
295.77464788732397,445.75471698113205
295.77464788732397,442.2169811320755
295.77464788732397,438.6792452830189
295.77464788732397,435.14150943396226
295.77464788732397,431.60377358490564
295.77464788732397,428.0660377358491
295.77464788732397,424.52830188679246
295.77464788732397,420.99056603773585
295.77464788732397,417.45283018867923
295.77464788732397,413.91509433962267
295.77464788732397,410.37735849056605
295.77464788732397,406.83962264150944
295.77464788732397,403.3018867924528
295.77464788732397,399.7641509433962
295.77464788732397,396.22641509433964
295.77464788732397,392.688679245283
301.056338028169,477.5943396226415
301.056338028169,474.0566037735849
301.056338028169,470.5188679245283
301.056338028169,466.9811320754717
301.056338028169,463.4433962264151
301.056338028169,459.9056603773585
301.056338028169,456.3679245283019
301.056338028169,452.8301886792453
301.056338028169,449.29245283018867
301.056338028169,445.75471698113205
301.056338028169,442.2169811320755
301.056338028169,438.6792452830189
301.056338028169,435.14150943396226
301.056338028169,431.60377358490564
301.056338028169,428.0660377358491
301.056338028169,424.52830188679246
301.056338028169,420.99056603773585
301.056338028169,417.45283018867923
301.056338028169,413.91509433962267
301.056338028169,410.37735849056605
301.056338028169,406.83962264150944
301.056338028169,403.3018867924528
301.056338028169,399.7641509433962
301.056338028169,396.22641509433964
301.056338028169,392.688679245283
301.056338028169,389.1509433962264
306.3380281690141,477.5943396226415
306.3380281690141,474.0566037735849
306.3380281690141,470.5188679245283
306.3380281690141,466.9811320754717
306.3380281690141,463.4433962264151
306.3380281690141,459.9056603773585
306.3380281690141,456.3679245283019
306.3380281690141,452.8301886792453
306.3380281690141,449.29245283018867
306.3380281690141,445.75471698113205
306.3380281690141,442.2169811320755
306.3380281690141,438.6792452830189
306.3380281690141,435.14150943396226
306.3380281690141,431.60377358490564
306.3380281690141,428.0660377358491
306.3380281690141,424.52830188679246
306.3380281690141,420.99056603773585
306.3380281690141,417.45283018867923
306.3380281690141,413.91509433962267
306.3380281690141,410.37735849056605
306.3380281690141,406.83962264150944
306.3380281690141,403.3018867924528
306.3380281690141,399.7641509433962
306.3380281690141,396.22641509433964
306.3380281690141,392.688679245283
306.3380281690141,389.1509433962264
311.61971830985914,477.5943396226415
311.61971830985914,474.0566037735849
311.61971830985914,470.5188679245283
311.61971830985914,466.9811320754717
311.61971830985914,463.4433962264151
311.61971830985914,459.9056603773585
311.61971830985914,456.3679245283019
311.61971830985914,452.8301886792453
311.61971830985914,449.29245283018867
311.61971830985914,445.75471698113205
311.61971830985914,442.2169811320755
311.61971830985914,438.6792452830189
311.61971830985914,435.14150943396226
311.61971830985914,431.60377358490564
311.61971830985914,428.0660377358491
311.61971830985914,424.52830188679246
311.61971830985914,420.99056603773585
311.61971830985914,417.45283018867923
311.61971830985914,413.91509433962267
311.61971830985914,410.37735849056605
311.61971830985914,406.83962264150944
311.61971830985914,403.3018867924528
311.61971830985914,399.7641509433962
311.61971830985914,396.22641509433964
311.61971830985914,392.688679245283
311.61971830985914,389.1509433962264
316.90140845070425,491.74528301886795
316.90140845070425,488.20754716981133
316.90140845070425,484.6698113207547
316.90140845070425,481.1320754716981
316.90140845070425,477.5943396226415
316.90140845070425,474.0566037735849
316.90140845070425,470.5188679245283
316.90140845070425,466.9811320754717
316.90140845070425,463.4433962264151
316.90140845070425,459.9056603773585
316.90140845070425,456.3679245283019
316.90140845070425,452.8301886792453
316.90140845070425,449.29245283018867
316.90140845070425,445.75471698113205
316.90140845070425,442.2169811320755
316.90140845070425,438.6792452830189
316.90140845070425,435.14150943396226
316.90140845070425,431.60377358490564
316.90140845070425,428.0660377358491
316.90140845070425,424.52830188679246
316.90140845070425,420.99056603773585
316.90140845070425,417.45283018867923
316.90140845070425,413.91509433962267
316.90140845070425,410.37735849056605
316.90140845070425,406.83962264150944
316.90140845070425,403.3018867924528
316.90140845070425,399.7641509433962
316.90140845070425,396.22641509433964
322.1830985915493,541.2735849056604
322.1830985915493,537.7358490566038
322.1830985915493,534.1981132075472
322.1830985915493,530.6603773584906
322.1830985915493,527.122641509434
322.1830985915493,523.5849056603773
322.1830985915493,520.0471698113207
322.1830985915493,516.5094339622641
322.1830985915493,512.9716981132076
322.1830985915493,509.4339622641509
322.1830985915493,505.89622641509436
322.1830985915493,502.35849056603774
322.1830985915493,498.8207547169811
322.1830985915493,495.2830188679245
322.1830985915493,491.74528301886795
322.1830985915493,488.20754716981133
322.1830985915493,484.6698113207547
322.1830985915493,481.1320754716981
322.1830985915493,477.5943396226415
322.1830985915493,474.0566037735849
322.1830985915493,470.5188679245283
322.1830985915493,466.9811320754717
322.1830985915493,463.4433962264151
322.1830985915493,459.9056603773585
322.1830985915493,456.3679245283019
322.1830985915493,452.8301886792453
322.1830985915493,449.29245283018867
322.1830985915493,445.75471698113205
322.1830985915493,442.2169811320755
322.1830985915493,438.6792452830189
322.1830985915493,435.14150943396226
322.1830985915493,431.60377358490564
322.1830985915493,428.0660377358491
322.1830985915493,424.52830188679246
322.1830985915493,420.99056603773585
322.1830985915493,417.45283018867923
322.1830985915493,413.91509433962267
322.1830985915493,410.37735849056605
322.1830985915493,406.83962264150944
327.46478873239437,587.2641509433962
327.46478873239437,583.7264150943396
327.46478873239437,580.188679245283
327.46478873239437,576.6509433962265
327.46478873239437,573.1132075471698
327.46478873239437,569.5754716981132
327.46478873239437,566.0377358490566
327.46478873239437,562.5
327.46478873239437,558.9622641509434
327.46478873239437,555.4245283018868
327.46478873239437,551.8867924528302
327.46478873239437,548.3490566037735
327.46478873239437,544.811320754717
327.46478873239437,541.2735849056604
327.46478873239437,537.7358490566038
327.46478873239437,534.1981132075472
327.46478873239437,530.6603773584906
327.46478873239437,527.122641509434
327.46478873239437,523.5849056603773
327.46478873239437,520.0471698113207
327.46478873239437,516.5094339622641
327.46478873239437,512.9716981132076
327.46478873239437,509.4339622641509
327.46478873239437,505.89622641509436
327.46478873239437,502.35849056603774
327.46478873239437,498.8207547169811
327.46478873239437,495.2830188679245
327.46478873239437,491.74528301886795
327.46478873239437,488.20754716981133
327.46478873239437,484.6698113207547
327.46478873239437,481.1320754716981
327.46478873239437,477.5943396226415
327.46478873239437,474.0566037735849
327.46478873239437,470.5188679245283
327.46478873239437,466.9811320754717
327.46478873239437,463.4433962264151
327.46478873239437,459.9056603773585
327.46478873239437,456.3679245283019
327.46478873239437,452.8301886792453
327.46478873239437,449.29245283018867
327.46478873239437,445.75471698113205
327.46478873239437,442.2169811320755
327.46478873239437,438.6792452830189
327.46478873239437,435.14150943396226
327.46478873239437,431.60377358490564
327.46478873239437,428.0660377358491
327.46478873239437,424.52830188679246
332.7464788732394,629.7169811320755
332.7464788732394,626.1792452830189
332.7464788732394,622.6415094339623
332.7464788732394,619.1037735849056
332.7464788732394,615.566037735849
332.7464788732394,612.0283018867924
332.7464788732394,608.4905660377359
332.7464788732394,604.9528301886793
332.7464788732394,601.4150943396227
332.7464788732394,597.877358490566
332.7464788732394,594.3396226415094
332.7464788732394,590.8018867924528
332.7464788732394,587.2641509433962
332.7464788732394,583.7264150943396
332.7464788732394,580.188679245283
332.7464788732394,576.6509433962265
332.7464788732394,573.1132075471698
332.7464788732394,569.5754716981132
332.7464788732394,566.0377358490566
332.7464788732394,562.5
332.7464788732394,558.9622641509434
332.7464788732394,555.4245283018868
332.7464788732394,551.8867924528302
332.7464788732394,548.3490566037735
332.7464788732394,544.811320754717
332.7464788732394,541.2735849056604
332.7464788732394,537.7358490566038
332.7464788732394,534.1981132075472
332.7464788732394,530.6603773584906
332.7464788732394,527.122641509434
332.7464788732394,523.5849056603773
332.7464788732394,520.0471698113207
332.7464788732394,516.5094339622641
332.7464788732394,512.9716981132076
332.7464788732394,509.4339622641509
332.7464788732394,505.89622641509436
332.7464788732394,502.35849056603774
332.7464788732394,498.8207547169811
332.7464788732394,495.2830188679245
332.7464788732394,491.74528301886795
332.7464788732394,488.20754716981133
332.7464788732394,484.6698113207547
332.7464788732394,481.1320754716981
332.7464788732394,477.5943396226415
332.7464788732394,474.0566037735849
332.7464788732394,470.5188679245283
332.7464788732394,466.9811320754717
332.7464788732394,463.4433962264151
332.7464788732394,459.9056603773585
332.7464788732394,456.3679245283019
332.7464788732394,452.8301886792453
338.0281690140845,672.1698113207547
338.0281690140845,668.6320754716982
338.0281690140845,665.0943396226415
338.0281690140845,661.5566037735849
338.0281690140845,658.0188679245283
338.0281690140845,654.4811320754717
338.0281690140845,650.9433962264151
338.0281690140845,647.4056603773585
338.0281690140845,643.8679245283018
338.0281690140845,640.3301886792453
338.0281690140845,636.7924528301887
338.0281690140845,633.2547169811321
338.0281690140845,629.7169811320755
338.0281690140845,626.1792452830189
338.0281690140845,622.6415094339623
338.0281690140845,619.1037735849056
338.0281690140845,615.566037735849
338.0281690140845,612.0283018867924
338.0281690140845,608.4905660377359
338.0281690140845,604.9528301886793
338.0281690140845,601.4150943396227
338.0281690140845,597.877358490566
338.0281690140845,594.3396226415094
338.0281690140845,590.8018867924528
338.0281690140845,587.2641509433962
338.0281690140845,583.7264150943396
338.0281690140845,580.188679245283
338.0281690140845,576.6509433962265
338.0281690140845,573.1132075471698
338.0281690140845,569.5754716981132
338.0281690140845,566.0377358490566
338.0281690140845,562.5
338.0281690140845,558.9622641509434
338.0281690140845,555.4245283018868
338.0281690140845,551.8867924528302
338.0281690140845,548.3490566037735
338.0281690140845,544.811320754717
338.0281690140845,541.2735849056604
338.0281690140845,537.7358490566038
338.0281690140845,534.1981132075472
338.0281690140845,530.6603773584906
338.0281690140845,527.122641509434
338.0281690140845,523.5849056603773
338.0281690140845,520.0471698113207
338.0281690140845,516.5094339622641
338.0281690140845,512.9716981132076
338.0281690140845,509.4339622641509
338.0281690140845,505.89622641509436
338.0281690140845,502.35849056603774
338.0281690140845,498.8207547169811
338.0281690140845,495.2830188679245
338.0281690140845,491.74528301886795
343.3098591549296,718.1603773584906
343.3098591549296,714.622641509434
343.3098591549296,711.0849056603773
343.3098591549296,707.5471698113207
343.3098591549296,704.0094339622641
343.3098591549296,700.4716981132076
343.3098591549296,696.933962264151
343.3098591549296,693.3962264150944
343.3098591549296,689.8584905660377
343.3098591549296,686.3207547169811
343.3098591549296,682.7830188679245
343.3098591549296,679.2452830188679
343.3098591549296,675.7075471698113
343.3098591549296,672.1698113207547
343.3098591549296,668.6320754716982
343.3098591549296,665.0943396226415
343.3098591549296,661.5566037735849
343.3098591549296,658.0188679245283
343.3098591549296,654.4811320754717
343.3098591549296,650.9433962264151
343.3098591549296,647.4056603773585
343.3098591549296,643.8679245283018
343.3098591549296,640.3301886792453
343.3098591549296,636.7924528301887
343.3098591549296,633.2547169811321
343.3098591549296,629.7169811320755
343.3098591549296,626.1792452830189
343.3098591549296,622.6415094339623
343.3098591549296,619.1037735849056
343.3098591549296,615.566037735849
343.3098591549296,612.0283018867924
343.3098591549296,608.4905660377359
343.3098591549296,604.9528301886793
343.3098591549296,601.4150943396227
343.3098591549296,597.877358490566
343.3098591549296,594.3396226415094
343.3098591549296,590.8018867924528
343.3098591549296,587.2641509433962
343.3098591549296,583.7264150943396
343.3098591549296,580.188679245283
343.3098591549296,576.6509433962265
343.3098591549296,573.1132075471698
343.3098591549296,569.5754716981132
343.3098591549296,566.0377358490566
343.3098591549296,562.5
343.3098591549296,558.9622641509434
343.3098591549296,555.4245283018868
343.3098591549296,551.8867924528302
343.3098591549296,548.3490566037735
343.3098591549296,544.811320754717
343.3098591549296,541.2735849056604
348.59154929577466,753.5377358490566
348.59154929577466,750.0
348.59154929577466,746.4622641509434
348.59154929577466,742.9245283018868
348.59154929577466,739.3867924528302
348.59154929577466,735.8490566037735
348.59154929577466,732.311320754717
348.59154929577466,728.7735849056604
348.59154929577466,725.2358490566038
348.59154929577466,721.6981132075472
348.59154929577466,718.1603773584906
348.59154929577466,714.622641509434
348.59154929577466,711.0849056603773
348.59154929577466,707.5471698113207
348.59154929577466,704.0094339622641
348.59154929577466,700.4716981132076
348.59154929577466,696.933962264151
348.59154929577466,693.3962264150944
348.59154929577466,689.8584905660377
348.59154929577466,686.3207547169811
348.59154929577466,682.7830188679245
348.59154929577466,679.2452830188679
348.59154929577466,675.7075471698113
348.59154929577466,672.1698113207547
348.59154929577466,668.6320754716982
348.59154929577466,665.0943396226415
348.59154929577466,661.5566037735849
348.59154929577466,658.0188679245283
348.59154929577466,654.4811320754717
348.59154929577466,650.9433962264151
348.59154929577466,647.4056603773585
348.59154929577466,643.8679245283018
348.59154929577466,640.3301886792453
348.59154929577466,636.7924528301887
348.59154929577466,633.2547169811321
348.59154929577466,629.7169811320755
348.59154929577466,626.1792452830189
348.59154929577466,622.6415094339623
348.59154929577466,619.1037735849056
348.59154929577466,615.566037735849
348.59154929577466,612.0283018867924
348.59154929577466,608.4905660377359
348.59154929577466,604.9528301886793
348.59154929577466,601.4150943396227
348.59154929577466,597.877358490566
348.59154929577466,594.3396226415094
348.59154929577466,590.8018867924528
348.59154929577466,587.2641509433962
353.8732394366197,760.6132075471698
353.8732394366197,757.0754716981132
353.8732394366197,753.5377358490566
353.8732394366197,750.0
353.8732394366197,746.4622641509434
353.8732394366197,742.9245283018868
353.8732394366197,739.3867924528302
353.8732394366197,735.8490566037735
353.8732394366197,732.311320754717
353.8732394366197,728.7735849056604
353.8732394366197,725.2358490566038
353.8732394366197,721.6981132075472
353.8732394366197,718.1603773584906
353.8732394366197,714.622641509434
353.8732394366197,711.0849056603773
353.8732394366197,707.5471698113207
353.8732394366197,704.0094339622641
353.8732394366197,700.4716981132076
353.8732394366197,696.933962264151
353.8732394366197,693.3962264150944
353.8732394366197,689.8584905660377
353.8732394366197,686.3207547169811
353.8732394366197,682.7830188679245
353.8732394366197,679.2452830188679
353.8732394366197,675.7075471698113
353.8732394366197,672.1698113207547
353.8732394366197,668.6320754716982
353.8732394366197,665.0943396226415
353.8732394366197,661.5566037735849
353.8732394366197,658.0188679245283
353.8732394366197,654.4811320754717
353.8732394366197,650.9433962264151
353.8732394366197,647.4056603773585
353.8732394366197,643.8679245283018
353.8732394366197,640.3301886792453
353.8732394366197,636.7924528301887
353.8732394366197,633.2547169811321
353.8732394366197,629.7169811320755
359.15492957746477,764.1509433962265
359.15492957746477,760.6132075471698
359.15492957746477,757.0754716981132
359.15492957746477,753.5377358490566
359.15492957746477,750.0
359.15492957746477,746.4622641509434
359.15492957746477,742.9245283018868
359.15492957746477,739.3867924528302
359.15492957746477,735.8490566037735
359.15492957746477,732.311320754717
359.15492957746477,728.7735849056604
359.15492957746477,725.2358490566038
359.15492957746477,721.6981132075472
359.15492957746477,718.1603773584906
359.15492957746477,714.622641509434
359.15492957746477,711.0849056603773
359.15492957746477,707.5471698113207
359.15492957746477,704.0094339622641
359.15492957746477,700.4716981132076
359.15492957746477,696.933962264151
359.15492957746477,693.3962264150944
359.15492957746477,689.8584905660377
359.15492957746477,686.3207547169811
359.15492957746477,682.7830188679245
359.15492957746477,679.2452830188679
359.15492957746477,675.7075471698113
359.15492957746477,672.1698113207547
359.15492957746477,668.6320754716982
359.15492957746477,665.0943396226415
359.15492957746477,661.5566037735849
359.15492957746477,658.0188679245283
359.15492957746477,654.4811320754717
359.15492957746477,650.9433962264151
359.15492957746477,647.4056603773585
359.15492957746477,643.8679245283018
359.15492957746477,640.3301886792453
359.15492957746477,636.7924528301887
359.15492957746477,633.2547169811321
359.15492957746477,629.7169811320755
364.4366197183099,764.1509433962265
364.4366197183099,760.6132075471698
364.4366197183099,757.0754716981132
364.4366197183099,753.5377358490566
364.4366197183099,750.0
364.4366197183099,746.4622641509434
364.4366197183099,742.9245283018868
364.4366197183099,739.3867924528302
364.4366197183099,735.8490566037735
364.4366197183099,732.311320754717
364.4366197183099,728.7735849056604
364.4366197183099,725.2358490566038
364.4366197183099,721.6981132075472
364.4366197183099,718.1603773584906
364.4366197183099,714.622641509434
364.4366197183099,711.0849056603773
364.4366197183099,707.5471698113207
364.4366197183099,704.0094339622641
364.4366197183099,700.4716981132076
364.4366197183099,696.933962264151
364.4366197183099,693.3962264150944
364.4366197183099,689.8584905660377
364.4366197183099,686.3207547169811
364.4366197183099,682.7830188679245
364.4366197183099,679.2452830188679
364.4366197183099,675.7075471698113
364.4366197183099,672.1698113207547
364.4366197183099,668.6320754716982
364.4366197183099,665.0943396226415
364.4366197183099,661.5566037735849
364.4366197183099,658.0188679245283
364.4366197183099,654.4811320754717
364.4366197183099,650.9433962264151
364.4366197183099,647.4056603773585
364.4366197183099,643.8679245283018
364.4366197183099,640.3301886792453
364.4366197183099,636.7924528301887
364.4366197183099,633.2547169811321
364.4366197183099,629.7169811320755
369.71830985915494,760.6132075471698
369.71830985915494,757.0754716981132
369.71830985915494,753.5377358490566
369.71830985915494,750.0
369.71830985915494,746.4622641509434
369.71830985915494,742.9245283018868
369.71830985915494,739.3867924528302
369.71830985915494,735.8490566037735
369.71830985915494,732.311320754717
369.71830985915494,728.7735849056604
369.71830985915494,725.2358490566038
369.71830985915494,721.6981132075472
369.71830985915494,718.1603773584906
369.71830985915494,714.622641509434
369.71830985915494,711.0849056603773
369.71830985915494,707.5471698113207
369.71830985915494,704.0094339622641
369.71830985915494,700.4716981132076
369.71830985915494,696.933962264151
369.71830985915494,693.3962264150944
369.71830985915494,689.8584905660377
369.71830985915494,686.3207547169811
369.71830985915494,682.7830188679245
369.71830985915494,679.2452830188679
369.71830985915494,675.7075471698113
369.71830985915494,672.1698113207547
369.71830985915494,668.6320754716982
369.71830985915494,665.0943396226415
369.71830985915494,661.5566037735849
369.71830985915494,658.0188679245283
369.71830985915494,654.4811320754717
369.71830985915494,650.9433962264151
369.71830985915494,647.4056603773585
369.71830985915494,643.8679245283018
369.71830985915494,640.3301886792453
369.71830985915494,636.7924528301887
369.71830985915494,633.2547169811321
369.71830985915494,629.7169811320755
369.71830985915494,626.1792452830189
369.71830985915494,622.6415094339623
369.71830985915494,619.1037735849056
369.71830985915494,615.566037735849
369.71830985915494,612.0283018867924
375.0,750.0
375.0,746.4622641509434
375.0,742.9245283018868
375.0,739.3867924528302
375.0,735.8490566037735
375.0,732.311320754717
375.0,728.7735849056604
375.0,725.2358490566038
375.0,721.6981132075472
375.0,718.1603773584906
375.0,714.622641509434
375.0,711.0849056603773
375.0,707.5471698113207
375.0,704.0094339622641
375.0,700.4716981132076
375.0,696.933962264151
375.0,693.3962264150944
375.0,689.8584905660377
375.0,686.3207547169811
375.0,682.7830188679245
375.0,679.2452830188679
375.0,675.7075471698113
375.0,672.1698113207547
375.0,668.6320754716982
375.0,665.0943396226415
375.0,661.5566037735849
375.0,658.0188679245283
375.0,654.4811320754717
375.0,650.9433962264151
375.0,647.4056603773585
375.0,643.8679245283018
375.0,640.3301886792453
375.0,636.7924528301887
375.0,633.2547169811321
375.0,629.7169811320755
375.0,626.1792452830189
375.0,622.6415094339623
375.0,619.1037735849056
375.0,615.566037735849
375.0,612.0283018867924
375.0,608.4905660377359
375.0,604.9528301886793
375.0,601.4150943396227
375.0,597.877358490566
375.0,594.3396226415094
375.0,590.8018867924528
375.0,587.2641509433962
375.0,583.7264150943396
375.0,580.188679245283
375.0,576.6509433962265
375.0,573.1132075471698
375.0,569.5754716981132
375.0,566.0377358490566
375.0,562.5
375.0,558.9622641509434
375.0,555.4245283018868
380.28169014084506,718.1603773584906
380.28169014084506,714.622641509434
380.28169014084506,711.0849056603773
380.28169014084506,707.5471698113207
380.28169014084506,704.0094339622641
380.28169014084506,700.4716981132076
380.28169014084506,696.933962264151
380.28169014084506,693.3962264150944
380.28169014084506,689.8584905660377
380.28169014084506,686.3207547169811
380.28169014084506,682.7830188679245
380.28169014084506,679.2452830188679
380.28169014084506,675.7075471698113
380.28169014084506,672.1698113207547
380.28169014084506,668.6320754716982
380.28169014084506,665.0943396226415
380.28169014084506,661.5566037735849
380.28169014084506,658.0188679245283
380.28169014084506,654.4811320754717
380.28169014084506,650.9433962264151
380.28169014084506,647.4056603773585
380.28169014084506,643.8679245283018
380.28169014084506,640.3301886792453
380.28169014084506,636.7924528301887
380.28169014084506,633.2547169811321
380.28169014084506,629.7169811320755
380.28169014084506,626.1792452830189
380.28169014084506,622.6415094339623
380.28169014084506,619.1037735849056
380.28169014084506,615.566037735849
380.28169014084506,612.0283018867924
380.28169014084506,608.4905660377359
380.28169014084506,604.9528301886793
380.28169014084506,601.4150943396227
380.28169014084506,597.877358490566
380.28169014084506,594.3396226415094
380.28169014084506,590.8018867924528
380.28169014084506,587.2641509433962
380.28169014084506,583.7264150943396
380.28169014084506,580.188679245283
380.28169014084506,576.6509433962265
380.28169014084506,573.1132075471698
380.28169014084506,569.5754716981132
380.28169014084506,566.0377358490566
380.28169014084506,562.5
380.28169014084506,558.9622641509434
380.28169014084506,555.4245283018868
380.28169014084506,551.8867924528302
380.28169014084506,548.3490566037735
380.28169014084506,544.811320754717
380.28169014084506,541.2735849056604
380.28169014084506,537.7358490566038
380.28169014084506,534.1981132075472
380.28169014084506,530.6603773584906
380.28169014084506,527.122641509434
380.28169014084506,523.5849056603773
380.28169014084506,520.0471698113207
380.28169014084506,516.5094339622641
380.28169014084506,512.9716981132076
380.28169014084506,509.4339622641509
380.28169014084506,505.89622641509436
380.28169014084506,502.35849056603774
385.5633802816901,665.0943396226415
385.5633802816901,661.5566037735849
385.5633802816901,658.0188679245283
385.5633802816901,654.4811320754717
385.5633802816901,650.9433962264151
385.5633802816901,647.4056603773585
385.5633802816901,643.8679245283018
385.5633802816901,640.3301886792453
385.5633802816901,636.7924528301887
385.5633802816901,633.2547169811321
385.5633802816901,629.7169811320755
385.5633802816901,626.1792452830189
385.5633802816901,622.6415094339623
385.5633802816901,619.1037735849056
385.5633802816901,615.566037735849
385.5633802816901,612.0283018867924
385.5633802816901,608.4905660377359
385.5633802816901,604.9528301886793
385.5633802816901,601.4150943396227
385.5633802816901,597.877358490566
385.5633802816901,594.3396226415094
385.5633802816901,590.8018867924528
385.5633802816901,587.2641509433962
385.5633802816901,583.7264150943396
385.5633802816901,580.188679245283
385.5633802816901,576.6509433962265
385.5633802816901,573.1132075471698
385.5633802816901,569.5754716981132
385.5633802816901,566.0377358490566
385.5633802816901,562.5
385.5633802816901,558.9622641509434
385.5633802816901,555.4245283018868
385.5633802816901,551.8867924528302
385.5633802816901,548.3490566037735
385.5633802816901,544.811320754717
385.5633802816901,541.2735849056604
385.5633802816901,537.7358490566038
385.5633802816901,534.1981132075472
385.5633802816901,530.6603773584906
385.5633802816901,527.122641509434
385.5633802816901,523.5849056603773
385.5633802816901,520.0471698113207
385.5633802816901,516.5094339622641
385.5633802816901,512.9716981132076
385.5633802816901,509.4339622641509
385.5633802816901,505.89622641509436
385.5633802816901,502.35849056603774
385.5633802816901,498.8207547169811
385.5633802816901,495.2830188679245
385.5633802816901,491.74528301886795
385.5633802816901,488.20754716981133
385.5633802816901,484.6698113207547
385.5633802816901,481.1320754716981
385.5633802816901,477.5943396226415
385.5633802816901,474.0566037735849
385.5633802816901,470.5188679245283
385.5633802816901,466.9811320754717
385.5633802816901,463.4433962264151
385.5633802816901,459.9056603773585
385.5633802816901,456.3679245283019
390.84507042253523,612.0283018867924
390.84507042253523,608.4905660377359
390.84507042253523,604.9528301886793
390.84507042253523,601.4150943396227
390.84507042253523,597.877358490566
390.84507042253523,594.3396226415094
390.84507042253523,590.8018867924528
390.84507042253523,587.2641509433962
390.84507042253523,583.7264150943396
390.84507042253523,580.188679245283
390.84507042253523,576.6509433962265
390.84507042253523,573.1132075471698
390.84507042253523,569.5754716981132
390.84507042253523,566.0377358490566
390.84507042253523,562.5
390.84507042253523,558.9622641509434
390.84507042253523,555.4245283018868
390.84507042253523,551.8867924528302
390.84507042253523,548.3490566037735
390.84507042253523,544.811320754717
390.84507042253523,541.2735849056604
390.84507042253523,537.7358490566038
390.84507042253523,534.1981132075472
390.84507042253523,530.6603773584906
390.84507042253523,527.122641509434
390.84507042253523,523.5849056603773
390.84507042253523,520.0471698113207
390.84507042253523,516.5094339622641
390.84507042253523,512.9716981132076
390.84507042253523,509.4339622641509
390.84507042253523,505.89622641509436
390.84507042253523,502.35849056603774
390.84507042253523,498.8207547169811
390.84507042253523,495.2830188679245
390.84507042253523,491.74528301886795
390.84507042253523,488.20754716981133
390.84507042253523,484.6698113207547
390.84507042253523,481.1320754716981
390.84507042253523,477.5943396226415
390.84507042253523,474.0566037735849
390.84507042253523,470.5188679245283
390.84507042253523,466.9811320754717
390.84507042253523,463.4433962264151
390.84507042253523,459.9056603773585
390.84507042253523,456.3679245283019
390.84507042253523,452.8301886792453
390.84507042253523,449.29245283018867
390.84507042253523,445.75471698113205
390.84507042253523,442.2169811320755
390.84507042253523,438.6792452830189
390.84507042253523,435.14150943396226
390.84507042253523,431.60377358490564
390.84507042253523,428.0660377358491
390.84507042253523,424.52830188679246
396.1267605633803,555.4245283018868
396.1267605633803,551.8867924528302
396.1267605633803,548.3490566037735
396.1267605633803,544.811320754717
396.1267605633803,541.2735849056604
396.1267605633803,537.7358490566038
396.1267605633803,534.1981132075472
396.1267605633803,530.6603773584906
396.1267605633803,527.122641509434
396.1267605633803,523.5849056603773
396.1267605633803,520.0471698113207
396.1267605633803,516.5094339622641
396.1267605633803,512.9716981132076
396.1267605633803,509.4339622641509
396.1267605633803,505.89622641509436
396.1267605633803,502.35849056603774
396.1267605633803,498.8207547169811
396.1267605633803,495.2830188679245
396.1267605633803,491.74528301886795
396.1267605633803,488.20754716981133
396.1267605633803,484.6698113207547
396.1267605633803,481.1320754716981
396.1267605633803,477.5943396226415
396.1267605633803,474.0566037735849
396.1267605633803,470.5188679245283
396.1267605633803,466.9811320754717
396.1267605633803,463.4433962264151
396.1267605633803,459.9056603773585
396.1267605633803,456.3679245283019
396.1267605633803,452.8301886792453
396.1267605633803,449.29245283018867
396.1267605633803,445.75471698113205
396.1267605633803,442.2169811320755
396.1267605633803,438.6792452830189
396.1267605633803,435.14150943396226
396.1267605633803,431.60377358490564
396.1267605633803,428.0660377358491
396.1267605633803,424.52830188679246
396.1267605633803,420.99056603773585
396.1267605633803,417.45283018867923
396.1267605633803,413.91509433962267
396.1267605633803,410.37735849056605
396.1267605633803,406.83962264150944
396.1267605633803,403.3018867924528
396.1267605633803,399.7641509433962
396.1267605633803,396.22641509433964
401.40845070422534,502.35849056603774
401.40845070422534,498.8207547169811
401.40845070422534,495.2830188679245
401.40845070422534,491.74528301886795
401.40845070422534,488.20754716981133
401.40845070422534,484.6698113207547
401.40845070422534,481.1320754716981
401.40845070422534,477.5943396226415
401.40845070422534,474.0566037735849
401.40845070422534,470.5188679245283
401.40845070422534,466.9811320754717
401.40845070422534,463.4433962264151
401.40845070422534,459.9056603773585
401.40845070422534,456.3679245283019
401.40845070422534,452.8301886792453
401.40845070422534,449.29245283018867
401.40845070422534,445.75471698113205
401.40845070422534,442.2169811320755
401.40845070422534,438.6792452830189
401.40845070422534,435.14150943396226
401.40845070422534,431.60377358490564
401.40845070422534,428.0660377358491
401.40845070422534,424.52830188679246
401.40845070422534,420.99056603773585
401.40845070422534,417.45283018867923
401.40845070422534,413.91509433962267
401.40845070422534,410.37735849056605
401.40845070422534,406.83962264150944
401.40845070422534,403.3018867924528
401.40845070422534,399.7641509433962
401.40845070422534,396.22641509433964
401.40845070422534,392.688679245283
401.40845070422534,389.1509433962264
401.40845070422534,385.6132075471698
401.40845070422534,382.07547169811323
401.40845070422534,378.5377358490566
401.40845070422534,375.0
406.6901408450704,456.3679245283019
406.6901408450704,452.8301886792453
406.6901408450704,449.29245283018867
406.6901408450704,445.75471698113205
406.6901408450704,442.2169811320755
406.6901408450704,438.6792452830189
406.6901408450704,435.14150943396226
406.6901408450704,431.60377358490564
406.6901408450704,428.0660377358491
406.6901408450704,424.52830188679246
406.6901408450704,420.99056603773585
406.6901408450704,417.45283018867923
406.6901408450704,413.91509433962267
406.6901408450704,410.37735849056605
406.6901408450704,406.83962264150944
406.6901408450704,403.3018867924528
406.6901408450704,399.7641509433962
406.6901408450704,396.22641509433964
406.6901408450704,392.688679245283
406.6901408450704,389.1509433962264
406.6901408450704,385.6132075471698
406.6901408450704,382.07547169811323
406.6901408450704,378.5377358490566
406.6901408450704,375.0
406.6901408450704,371.4622641509434
406.6901408450704,367.92452830188677
406.6901408450704,364.3867924528302
406.6901408450704,360.8490566037736
411.9718309859155,424.52830188679246
411.9718309859155,420.99056603773585
411.9718309859155,417.45283018867923
411.9718309859155,413.91509433962267
411.9718309859155,410.37735849056605
411.9718309859155,406.83962264150944
411.9718309859155,403.3018867924528
411.9718309859155,399.7641509433962
411.9718309859155,396.22641509433964
411.9718309859155,392.688679245283
411.9718309859155,389.1509433962264
411.9718309859155,385.6132075471698
411.9718309859155,382.07547169811323
411.9718309859155,378.5377358490566
411.9718309859155,375.0
411.9718309859155,371.4622641509434
411.9718309859155,367.92452830188677
411.9718309859155,364.3867924528302
411.9718309859155,360.8490566037736
411.9718309859155,357.311320754717
417.2535211267606,396.22641509433964
417.2535211267606,392.688679245283
417.2535211267606,389.1509433962264
417.2535211267606,385.6132075471698
417.2535211267606,382.07547169811323
417.2535211267606,378.5377358490566
417.2535211267606,375.0
417.2535211267606,371.4622641509434
417.2535211267606,367.92452830188677
417.2535211267606,364.3867924528302
417.2535211267606,360.8490566037736
417.2535211267606,357.311320754717
417.2535211267606,353.77358490566036
422.53521126760563,378.5377358490566
422.53521126760563,375.0
422.53521126760563,371.4622641509434
422.53521126760563,367.92452830188677
422.53521126760563,364.3867924528302
422.53521126760563,360.8490566037736
422.53521126760563,357.311320754717
422.53521126760563,353.77358490566036
422.53521126760563,350.2358490566038
427.8169014084507,378.5377358490566
427.8169014084507,375.0
427.8169014084507,371.4622641509434
427.8169014084507,367.92452830188677
427.8169014084507,364.3867924528302
427.8169014084507,360.8490566037736
427.8169014084507,357.311320754717
427.8169014084507,353.77358490566036
427.8169014084507,350.2358490566038
433.09859154929575,378.5377358490566
433.09859154929575,375.0
433.09859154929575,371.4622641509434
433.09859154929575,367.92452830188677
433.09859154929575,364.3867924528302
433.09859154929575,360.8490566037736
433.09859154929575,357.311320754717
433.09859154929575,353.77358490566036
438.38028169014086,392.688679245283
438.38028169014086,389.1509433962264
438.38028169014086,385.6132075471698
438.38028169014086,382.07547169811323
438.38028169014086,378.5377358490566
438.38028169014086,375.0
438.38028169014086,371.4622641509434
438.38028169014086,367.92452830188677
438.38028169014086,364.3867924528302
438.38028169014086,360.8490566037736
438.38028169014086,357.311320754717
443.6619718309859,403.3018867924528
443.6619718309859,399.7641509433962
443.6619718309859,396.22641509433964
443.6619718309859,392.688679245283
443.6619718309859,389.1509433962264
443.6619718309859,385.6132075471698
443.6619718309859,382.07547169811323
443.6619718309859,378.5377358490566
443.6619718309859,375.0
443.6619718309859,371.4622641509434
443.6619718309859,367.92452830188677
443.6619718309859,364.3867924528302
443.6619718309859,360.8490566037736
448.943661971831,410.37735849056605
448.943661971831,406.83962264150944
448.943661971831,403.3018867924528
448.943661971831,399.7641509433962
448.943661971831,396.22641509433964
448.943661971831,392.688679245283
448.943661971831,389.1509433962264
448.943661971831,385.6132075471698
448.943661971831,382.07547169811323
448.943661971831,378.5377358490566
448.943661971831,375.0
448.943661971831,371.4622641509434
448.943661971831,367.92452830188677
454.22535211267603,420.99056603773585
454.22535211267603,417.45283018867923
454.22535211267603,413.91509433962267
454.22535211267603,410.37735849056605
454.22535211267603,406.83962264150944
454.22535211267603,403.3018867924528
454.22535211267603,399.7641509433962
454.22535211267603,396.22641509433964
454.22535211267603,392.688679245283
454.22535211267603,389.1509433962264
454.22535211267603,385.6132075471698
454.22535211267603,382.07547169811323
459.50704225352115,431.60377358490564
459.50704225352115,428.0660377358491
459.50704225352115,424.52830188679246
459.50704225352115,420.99056603773585
459.50704225352115,417.45283018867923
459.50704225352115,413.91509433962267
459.50704225352115,410.37735849056605
459.50704225352115,406.83962264150944
459.50704225352115,403.3018867924528
459.50704225352115,399.7641509433962
459.50704225352115,396.22641509433964
459.50704225352115,392.688679245283
464.7887323943662,435.14150943396226
464.7887323943662,431.60377358490564
464.7887323943662,428.0660377358491
464.7887323943662,424.52830188679246
464.7887323943662,420.99056603773585
464.7887323943662,417.45283018867923
464.7887323943662,413.91509433962267
464.7887323943662,410.37735849056605
464.7887323943662,406.83962264150944
464.7887323943662,403.3018867924528
464.7887323943662,399.7641509433962
464.7887323943662,396.22641509433964
464.7887323943662,392.688679245283
470.07042253521126,438.6792452830189
470.07042253521126,435.14150943396226
470.07042253521126,431.60377358490564
470.07042253521126,428.0660377358491
470.07042253521126,424.52830188679246
470.07042253521126,420.99056603773585
470.07042253521126,417.45283018867923
470.07042253521126,413.91509433962267
470.07042253521126,410.37735849056605
470.07042253521126,406.83962264150944
470.07042253521126,403.3018867924528
470.07042253521126,399.7641509433962
470.07042253521126,396.22641509433964
470.07042253521126,392.688679245283
475.3521126760563,435.14150943396226
475.3521126760563,431.60377358490564
475.3521126760563,428.0660377358491
475.3521126760563,424.52830188679246
475.3521126760563,420.99056603773585
475.3521126760563,417.45283018867923
475.3521126760563,413.91509433962267
475.3521126760563,410.37735849056605
475.3521126760563,406.83962264150944
475.3521126760563,403.3018867924528
475.3521126760563,399.7641509433962
475.3521126760563,396.22641509433964
475.3521126760563,392.688679245283
475.3521126760563,389.1509433962264
475.3521126760563,385.6132075471698
475.3521126760563,382.07547169811323
475.3521126760563,378.5377358490566
475.3521126760563,375.0
475.3521126760563,371.4622641509434
475.3521126760563,367.92452830188677
475.3521126760563,364.3867924528302
480.63380281690144,435.14150943396226
480.63380281690144,431.60377358490564
480.63380281690144,428.0660377358491
480.63380281690144,424.52830188679246
480.63380281690144,420.99056603773585
480.63380281690144,417.45283018867923
480.63380281690144,413.91509433962267
480.63380281690144,410.37735849056605
480.63380281690144,406.83962264150944
480.63380281690144,403.3018867924528
480.63380281690144,399.7641509433962
480.63380281690144,396.22641509433964
480.63380281690144,392.688679245283
480.63380281690144,389.1509433962264
480.63380281690144,385.6132075471698
480.63380281690144,382.07547169811323
480.63380281690144,378.5377358490566
480.63380281690144,375.0
480.63380281690144,371.4622641509434
480.63380281690144,367.92452830188677
480.63380281690144,364.3867924528302
480.63380281690144,360.8490566037736
480.63380281690144,357.311320754717
480.63380281690144,353.77358490566036
480.63380281690144,350.2358490566038
480.63380281690144,346.6981132075472
480.63380281690144,343.16037735849056
480.63380281690144,339.62264150943395
480.63380281690144,336.08490566037733
480.63380281690144,332.54716981132077
480.63380281690144,329.00943396226415
480.63380281690144,325.47169811320754
485.9154929577465,424.52830188679246
485.9154929577465,420.99056603773585
485.9154929577465,417.45283018867923
485.9154929577465,413.91509433962267
485.9154929577465,410.37735849056605
485.9154929577465,406.83962264150944
485.9154929577465,403.3018867924528
485.9154929577465,399.7641509433962
485.9154929577465,396.22641509433964
485.9154929577465,392.688679245283
485.9154929577465,389.1509433962264
485.9154929577465,385.6132075471698
485.9154929577465,382.07547169811323
485.9154929577465,378.5377358490566
485.9154929577465,375.0
485.9154929577465,371.4622641509434
485.9154929577465,367.92452830188677
485.9154929577465,364.3867924528302
485.9154929577465,360.8490566037736
485.9154929577465,357.311320754717
485.9154929577465,353.77358490566036
485.9154929577465,350.2358490566038
485.9154929577465,346.6981132075472
485.9154929577465,343.16037735849056
485.9154929577465,339.62264150943395
485.9154929577465,336.08490566037733
485.9154929577465,332.54716981132077
485.9154929577465,329.00943396226415
485.9154929577465,325.47169811320754
485.9154929577465,321.9339622641509
485.9154929577465,318.39622641509436
485.9154929577465,314.85849056603774
485.9154929577465,311.3207547169811
485.9154929577465,307.7830188679245
485.9154929577465,304.24528301886795
485.9154929577465,300.70754716981133
485.9154929577465,297.1698113207547
491.19718309859155,399.7641509433962
491.19718309859155,396.22641509433964
491.19718309859155,392.688679245283
491.19718309859155,389.1509433962264
491.19718309859155,385.6132075471698
491.19718309859155,382.07547169811323
491.19718309859155,378.5377358490566
491.19718309859155,375.0
491.19718309859155,371.4622641509434
491.19718309859155,367.92452830188677
491.19718309859155,364.3867924528302
491.19718309859155,360.8490566037736
491.19718309859155,357.311320754717
491.19718309859155,353.77358490566036
491.19718309859155,350.2358490566038
491.19718309859155,346.6981132075472
491.19718309859155,343.16037735849056
491.19718309859155,339.62264150943395
491.19718309859155,336.08490566037733
491.19718309859155,332.54716981132077
491.19718309859155,329.00943396226415
491.19718309859155,325.47169811320754
491.19718309859155,321.9339622641509
491.19718309859155,318.39622641509436
491.19718309859155,314.85849056603774
491.19718309859155,311.3207547169811
491.19718309859155,307.7830188679245
491.19718309859155,304.24528301886795
491.19718309859155,300.70754716981133
491.19718309859155,297.1698113207547
491.19718309859155,293.6320754716981
491.19718309859155,290.0943396226415
491.19718309859155,286.5566037735849
491.19718309859155,283.0188679245283
491.19718309859155,279.4811320754717
491.19718309859155,275.9433962264151
496.4788732394366,360.8490566037736
496.4788732394366,357.311320754717
496.4788732394366,353.77358490566036
496.4788732394366,350.2358490566038
496.4788732394366,346.6981132075472
496.4788732394366,343.16037735849056
496.4788732394366,339.62264150943395
496.4788732394366,336.08490566037733
496.4788732394366,332.54716981132077
496.4788732394366,329.00943396226415
496.4788732394366,325.47169811320754
496.4788732394366,321.9339622641509
496.4788732394366,318.39622641509436
496.4788732394366,314.85849056603774
496.4788732394366,311.3207547169811
496.4788732394366,307.7830188679245
496.4788732394366,304.24528301886795
496.4788732394366,300.70754716981133
496.4788732394366,297.1698113207547
496.4788732394366,293.6320754716981
496.4788732394366,290.0943396226415
496.4788732394366,286.5566037735849
496.4788732394366,283.0188679245283
496.4788732394366,279.4811320754717
496.4788732394366,275.9433962264151
496.4788732394366,272.4056603773585
496.4788732394366,268.8679245283019
496.4788732394366,265.3301886792453
496.4788732394366,261.79245283018867
496.4788732394366,258.25471698113205
496.4788732394366,254.71698113207546
501.76056338028167,325.47169811320754
501.76056338028167,321.9339622641509
501.76056338028167,318.39622641509436
501.76056338028167,314.85849056603774
501.76056338028167,311.3207547169811
501.76056338028167,307.7830188679245
501.76056338028167,304.24528301886795
501.76056338028167,300.70754716981133
501.76056338028167,297.1698113207547
501.76056338028167,293.6320754716981
501.76056338028167,290.0943396226415
501.76056338028167,286.5566037735849
501.76056338028167,283.0188679245283
501.76056338028167,279.4811320754717
501.76056338028167,275.9433962264151
501.76056338028167,272.4056603773585
501.76056338028167,268.8679245283019
501.76056338028167,265.3301886792453
501.76056338028167,261.79245283018867
501.76056338028167,258.25471698113205
501.76056338028167,254.71698113207546
501.76056338028167,251.17924528301887
501.76056338028167,247.64150943396226
501.76056338028167,244.10377358490567
501.76056338028167,240.56603773584905
507.0422535211268,293.6320754716981
507.0422535211268,290.0943396226415
507.0422535211268,286.5566037735849
507.0422535211268,283.0188679245283
507.0422535211268,279.4811320754717
507.0422535211268,275.9433962264151
507.0422535211268,272.4056603773585
507.0422535211268,268.8679245283019
507.0422535211268,265.3301886792453
507.0422535211268,261.79245283018867
507.0422535211268,258.25471698113205
507.0422535211268,254.71698113207546
507.0422535211268,251.17924528301887
507.0422535211268,247.64150943396226
507.0422535211268,244.10377358490567
507.0422535211268,240.56603773584905
507.0422535211268,237.02830188679246
507.0422535211268,233.49056603773585
512.3239436619718,272.4056603773585
512.3239436619718,268.8679245283019
512.3239436619718,265.3301886792453
512.3239436619718,261.79245283018867
512.3239436619718,258.25471698113205
512.3239436619718,254.71698113207546
512.3239436619718,251.17924528301887
512.3239436619718,247.64150943396226
512.3239436619718,244.10377358490567
512.3239436619718,240.56603773584905
512.3239436619718,237.02830188679246
512.3239436619718,233.49056603773585
512.3239436619718,229.95283018867926
517.6056338028169,254.71698113207546
517.6056338028169,251.17924528301887
517.6056338028169,247.64150943396226
517.6056338028169,244.10377358490567
517.6056338028169,240.56603773584905
517.6056338028169,237.02830188679246
517.6056338028169,233.49056603773585
517.6056338028169,229.95283018867926
522.887323943662,240.56603773584905
522.887323943662,237.02830188679246
522.887323943662,233.49056603773585
522.887323943662,229.95283018867926
522.887323943662,226.41509433962264
528.169014084507,237.02830188679246
528.169014084507,233.49056603773585
528.169014084507,229.95283018867926
528.169014084507,226.41509433962264
533.4507042253521,237.02830188679246
533.4507042253521,233.49056603773585
533.4507042253521,229.95283018867926
533.4507042253521,226.41509433962264
533.4507042253521,222.87735849056602
538.7323943661971,233.49056603773585
538.7323943661971,229.95283018867926
538.7323943661971,226.41509433962264
538.7323943661971,222.87735849056602
544.0140845070423,233.49056603773585
544.0140845070423,229.95283018867926
544.0140845070423,226.41509433962264
544.0140845070423,222.87735849056602
544.0140845070423,219.33962264150944
544.0140845070423,215.80188679245282
549.2957746478874,229.95283018867926
549.2957746478874,226.41509433962264
549.2957746478874,222.87735849056602
549.2957746478874,219.33962264150944
549.2957746478874,215.80188679245282
549.2957746478874,212.26415094339623
549.2957746478874,208.72641509433961
554.5774647887324,226.41509433962264
554.5774647887324,222.87735849056602
554.5774647887324,219.33962264150944
554.5774647887324,215.80188679245282
554.5774647887324,212.26415094339623
554.5774647887324,208.72641509433961
554.5774647887324,205.18867924528303
559.8591549295775,222.87735849056602
559.8591549295775,219.33962264150944
559.8591549295775,215.80188679245282
559.8591549295775,212.26415094339623
559.8591549295775,208.72641509433961
559.8591549295775,205.18867924528303
559.8591549295775,201.6509433962264
565.1408450704225,215.80188679245282
565.1408450704225,212.26415094339623
565.1408450704225,208.72641509433961
565.1408450704225,205.18867924528303
565.1408450704225,201.6509433962264
565.1408450704225,198.11320754716982
565.1408450704225,194.5754716981132
570.4225352112676,212.26415094339623
570.4225352112676,208.72641509433961
570.4225352112676,205.18867924528303
570.4225352112676,201.6509433962264
570.4225352112676,198.11320754716982
570.4225352112676,194.5754716981132
570.4225352112676,191.03773584905662
575.7042253521126,208.72641509433961
575.7042253521126,205.18867924528303
575.7042253521126,201.6509433962264
575.7042253521126,198.11320754716982
575.7042253521126,194.5754716981132
575.7042253521126,191.03773584905662
575.7042253521126,187.5
580.9859154929577,201.6509433962264
580.9859154929577,198.11320754716982
580.9859154929577,194.5754716981132
580.9859154929577,191.03773584905662
580.9859154929577,187.5
580.9859154929577,183.96226415094338
586.2676056338029,198.11320754716982
586.2676056338029,194.5754716981132
586.2676056338029,191.03773584905662
586.2676056338029,187.5
586.2676056338029,183.96226415094338
586.2676056338029,180.4245283018868
591.5492957746479,194.5754716981132
591.5492957746479,191.03773584905662
591.5492957746479,187.5
591.5492957746479,183.96226415094338
591.5492957746479,180.4245283018868
596.830985915493,191.03773584905662
596.830985915493,187.5
596.830985915493,183.96226415094338
596.830985915493,180.4245283018868
596.830985915493,176.88679245283018
596.830985915493,173.3490566037736
602.112676056338,187.5
602.112676056338,183.96226415094338
602.112676056338,180.4245283018868
602.112676056338,176.88679245283018
602.112676056338,173.3490566037736
607.3943661971831,187.5
607.3943661971831,183.96226415094338
607.3943661971831,180.4245283018868
607.3943661971831,176.88679245283018
607.3943661971831,173.3490566037736
607.3943661971831,169.81132075471697
612.6760563380282,183.96226415094338
612.6760563380282,180.4245283018868
612.6760563380282,176.88679245283018
612.6760563380282,173.3490566037736
612.6760563380282,169.81132075471697
617.9577464788732,183.96226415094338
617.9577464788732,180.4245283018868
617.9577464788732,176.88679245283018
617.9577464788732,173.3490566037736
617.9577464788732,169.81132075471697
623.2394366197183,180.4245283018868
623.2394366197183,176.88679245283018
623.2394366197183,173.3490566037736
623.2394366197183,169.81132075471697
628.5211267605633,180.4245283018868
628.5211267605633,176.88679245283018
628.5211267605633,173.3490566037736
628.5211267605633,169.81132075471697
633.8028169014085,180.4245283018868
633.8028169014085,176.88679245283018
633.8028169014085,173.3490566037736
633.8028169014085,169.81132075471697
633.8028169014085,166.27358490566039
639.0845070422536,176.88679245283018
639.0845070422536,173.3490566037736
639.0845070422536,169.81132075471697
639.0845070422536,166.27358490566039
644.3661971830986,176.88679245283018
644.3661971830986,173.3490566037736
644.3661971830986,169.81132075471697
644.3661971830986,166.27358490566039
649.6478873239437,176.88679245283018
649.6478873239437,173.3490566037736
649.6478873239437,169.81132075471697
649.6478873239437,166.27358490566039
654.9295774647887,176.88679245283018
654.9295774647887,173.3490566037736
654.9295774647887,169.81132075471697
654.9295774647887,166.27358490566039
654.9295774647887,162.73584905660377
660.2112676056338,176.88679245283018
660.2112676056338,173.3490566037736
660.2112676056338,169.81132075471697
660.2112676056338,166.27358490566039
660.2112676056338,162.73584905660377
665.4929577464789,173.3490566037736
665.4929577464789,169.81132075471697
665.4929577464789,166.27358490566039
665.4929577464789,162.73584905660377
665.4929577464789,159.19811320754718
670.7746478873239,173.3490566037736
670.7746478873239,169.81132075471697
670.7746478873239,166.27358490566039
670.7746478873239,162.73584905660377
670.7746478873239,159.19811320754718
676.056338028169,169.81132075471697
676.056338028169,166.27358490566039
676.056338028169,162.73584905660377
676.056338028169,159.19811320754718
681.3380281690141,169.81132075471697
681.3380281690141,166.27358490566039
681.3380281690141,162.73584905660377
681.3380281690141,159.19811320754718
681.3380281690141,155.66037735849056
686.6197183098592,169.81132075471697
686.6197183098592,166.27358490566039
686.6197183098592,162.73584905660377
686.6197183098592,159.19811320754718
686.6197183098592,155.66037735849056
691.9014084507043,166.27358490566039
691.9014084507043,162.73584905660377
691.9014084507043,159.19811320754718
691.9014084507043,155.66037735849056
697.1830985915493,166.27358490566039
697.1830985915493,162.73584905660377
697.1830985915493,159.19811320754718
697.1830985915493,155.66037735849056
702.4647887323944,166.27358490566039
702.4647887323944,162.73584905660377
702.4647887323944,159.19811320754718
702.4647887323944,155.66037735849056
707.7464788732394,166.27358490566039
707.7464788732394,162.73584905660377
707.7464788732394,159.19811320754718
707.7464788732394,155.66037735849056
713.0281690140845,166.27358490566039
713.0281690140845,162.73584905660377
713.0281690140845,159.19811320754718
713.0281690140845,155.66037735849056
713.0281690140845,152.12264150943398
718.3098591549295,166.27358490566039
718.3098591549295,162.73584905660377
718.3098591549295,159.19811320754718
718.3098591549295,155.66037735849056
718.3098591549295,152.12264150943398
723.5915492957746,166.27358490566039
723.5915492957746,162.73584905660377
723.5915492957746,159.19811320754718
723.5915492957746,155.66037735849056
723.5915492957746,152.12264150943398
728.8732394366198,166.27358490566039
728.8732394366198,162.73584905660377
728.8732394366198,159.19811320754718
728.8732394366198,155.66037735849056
728.8732394366198,152.12264150943398
734.1549295774648,162.73584905660377
734.1549295774648,159.19811320754718
734.1549295774648,155.66037735849056
734.1549295774648,152.12264150943398
739.4366197183099,162.73584905660377
739.4366197183099,159.19811320754718
739.4366197183099,155.66037735849056
739.4366197183099,152.12264150943398
744.7183098591549,162.73584905660377
744.7183098591549,159.19811320754718
744.7183098591549,155.66037735849056
744.7183098591549,152.12264150943398
750.0,162.73584905660377
750.0,159.19811320754718
750.0,155.66037735849056
750.0,152.12264150943398
755.2816901408451,162.73584905660377
755.2816901408451,159.19811320754718
755.2816901408451,155.66037735849056
755.2816901408451,152.12264150943398
760.5633802816901,162.73584905660377
760.5633802816901,159.19811320754718
760.5633802816901,155.66037735849056
760.5633802816901,152.12264150943398
765.8450704225352,162.73584905660377
765.8450704225352,159.19811320754718
765.8450704225352,155.66037735849056
765.8450704225352,152.12264150943398
771.1267605633802,162.73584905660377
771.1267605633802,159.19811320754718
771.1267605633802,155.66037735849056
771.1267605633802,152.12264150943398
776.4084507042254,162.73584905660377
776.4084507042254,159.19811320754718
776.4084507042254,155.66037735849056
776.4084507042254,152.12264150943398
776.4084507042254,148.58490566037736
781.6901408450705,162.73584905660377
781.6901408450705,159.19811320754718
781.6901408450705,155.66037735849056
781.6901408450705,152.12264150943398
781.6901408450705,148.58490566037736
786.9718309859155,162.73584905660377
786.9718309859155,159.19811320754718
786.9718309859155,155.66037735849056
786.9718309859155,152.12264150943398
786.9718309859155,148.58490566037736
792.2535211267606,162.73584905660377
792.2535211267606,159.19811320754718
792.2535211267606,155.66037735849056
792.2535211267606,152.12264150943398
792.2535211267606,148.58490566037736
797.5352112676056,162.73584905660377
797.5352112676056,159.19811320754718
797.5352112676056,155.66037735849056
797.5352112676056,152.12264150943398
797.5352112676056,148.58490566037736
802.8169014084507,162.73584905660377
802.8169014084507,159.19811320754718
802.8169014084507,155.66037735849056
802.8169014084507,152.12264150943398
808.0985915492957,162.73584905660377
808.0985915492957,159.19811320754718
808.0985915492957,155.66037735849056
808.0985915492957,152.12264150943398
813.3802816901408,162.73584905660377
813.3802816901408,159.19811320754718
813.3802816901408,155.66037735849056
813.3802816901408,152.12264150943398
818.6619718309859,162.73584905660377
818.6619718309859,159.19811320754718
818.6619718309859,155.66037735849056
818.6619718309859,152.12264150943398
823.943661971831,162.73584905660377
823.943661971831,159.19811320754718
823.943661971831,155.66037735849056
823.943661971831,152.12264150943398
829.2253521126761,166.27358490566039
829.2253521126761,162.73584905660377
829.2253521126761,159.19811320754718
829.2253521126761,155.66037735849056
834.5070422535211,166.27358490566039
834.5070422535211,162.73584905660377
834.5070422535211,159.19811320754718
834.5070422535211,155.66037735849056
839.7887323943662,166.27358490566039
839.7887323943662,162.73584905660377
839.7887323943662,159.19811320754718
839.7887323943662,155.66037735849056
845.0704225352113,166.27358490566039
845.0704225352113,162.73584905660377
845.0704225352113,159.19811320754718
845.0704225352113,155.66037735849056
850.3521126760563,166.27358490566039
850.3521126760563,162.73584905660377
850.3521126760563,159.19811320754718
850.3521126760563,155.66037735849056
855.6338028169014,166.27358490566039
855.6338028169014,162.73584905660377
855.6338028169014,159.19811320754718
855.6338028169014,155.66037735849056
860.9154929577464,166.27358490566039
860.9154929577464,162.73584905660377
860.9154929577464,159.19811320754718
860.9154929577464,155.66037735849056
866.1971830985915,166.27358490566039
866.1971830985915,162.73584905660377
866.1971830985915,159.19811320754718
866.1971830985915,155.66037735849056
871.4788732394367,169.81132075471697
871.4788732394367,166.27358490566039
871.4788732394367,162.73584905660377
871.4788732394367,159.19811320754718
871.4788732394367,155.66037735849056
876.7605633802817,169.81132075471697
876.7605633802817,166.27358490566039
876.7605633802817,162.73584905660377
876.7605633802817,159.19811320754718
876.7605633802817,155.66037735849056
882.0422535211268,169.81132075471697
882.0422535211268,166.27358490566039
882.0422535211268,162.73584905660377
882.0422535211268,159.19811320754718
887.3239436619718,173.3490566037736
887.3239436619718,169.81132075471697
887.3239436619718,166.27358490566039
887.3239436619718,162.73584905660377
887.3239436619718,159.19811320754718
892.6056338028169,173.3490566037736
892.6056338028169,169.81132075471697
892.6056338028169,166.27358490566039
892.6056338028169,162.73584905660377
897.887323943662,176.88679245283018
897.887323943662,173.3490566037736
897.887323943662,169.81132075471697
897.887323943662,166.27358490566039
897.887323943662,162.73584905660377
903.169014084507,180.4245283018868
903.169014084507,176.88679245283018
903.169014084507,173.3490566037736
903.169014084507,169.81132075471697
903.169014084507,166.27358490566039
908.4507042253521,183.96226415094338
908.4507042253521,180.4245283018868
908.4507042253521,176.88679245283018
908.4507042253521,173.3490566037736
908.4507042253521,169.81132075471697
913.7323943661971,187.5
913.7323943661971,183.96226415094338
913.7323943661971,180.4245283018868
913.7323943661971,176.88679245283018
913.7323943661971,173.3490566037736
913.7323943661971,169.81132075471697
919.0140845070423,187.5
919.0140845070423,183.96226415094338
919.0140845070423,180.4245283018868
919.0140845070423,176.88679245283018
919.0140845070423,173.3490566037736
924.2957746478874,191.03773584905662
924.2957746478874,187.5
924.2957746478874,183.96226415094338
924.2957746478874,180.4245283018868
924.2957746478874,176.88679245283018
929.5774647887324,191.03773584905662
929.5774647887324,187.5
929.5774647887324,183.96226415094338
929.5774647887324,180.4245283018868
929.5774647887324,176.88679245283018
934.8591549295775,191.03773584905662
934.8591549295775,187.5
934.8591549295775,183.96226415094338
934.8591549295775,180.4245283018868
934.8591549295775,176.88679245283018
940.1408450704225,191.03773584905662
940.1408450704225,187.5
940.1408450704225,183.96226415094338
940.1408450704225,180.4245283018868
940.1408450704225,176.88679245283018
945.4225352112676,194.5754716981132
945.4225352112676,191.03773584905662
945.4225352112676,187.5
945.4225352112676,183.96226415094338
945.4225352112676,180.4245283018868
950.7042253521126,201.6509433962264
950.7042253521126,198.11320754716982
950.7042253521126,194.5754716981132
950.7042253521126,191.03773584905662
950.7042253521126,187.5
950.7042253521126,183.96226415094338
950.7042253521126,180.4245283018868
955.9859154929577,208.72641509433961
955.9859154929577,205.18867924528303
955.9859154929577,201.6509433962264
955.9859154929577,198.11320754716982
955.9859154929577,194.5754716981132
955.9859154929577,191.03773584905662
955.9859154929577,187.5
955.9859154929577,183.96226415094338
961.2676056338029,215.80188679245282
961.2676056338029,212.26415094339623
961.2676056338029,208.72641509433961
961.2676056338029,205.18867924528303
961.2676056338029,201.6509433962264
961.2676056338029,198.11320754716982
961.2676056338029,194.5754716981132
961.2676056338029,191.03773584905662
961.2676056338029,187.5
966.5492957746479,222.87735849056602
966.5492957746479,219.33962264150944
966.5492957746479,215.80188679245282
966.5492957746479,212.26415094339623
966.5492957746479,208.72641509433961
966.5492957746479,205.18867924528303
966.5492957746479,201.6509433962264
966.5492957746479,198.11320754716982
966.5492957746479,194.5754716981132
971.830985915493,229.95283018867926
971.830985915493,226.41509433962264
971.830985915493,222.87735849056602
971.830985915493,219.33962264150944
971.830985915493,215.80188679245282
971.830985915493,212.26415094339623
971.830985915493,208.72641509433961
971.830985915493,205.18867924528303
971.830985915493,201.6509433962264
977.112676056338,240.56603773584905
977.112676056338,237.02830188679246
977.112676056338,233.49056603773585
977.112676056338,229.95283018867926
977.112676056338,226.41509433962264
977.112676056338,222.87735849056602
977.112676056338,219.33962264150944
977.112676056338,215.80188679245282
977.112676056338,212.26415094339623
977.112676056338,208.72641509433961
982.3943661971831,247.64150943396226
982.3943661971831,244.10377358490567
982.3943661971831,240.56603773584905
982.3943661971831,237.02830188679246
982.3943661971831,233.49056603773585
982.3943661971831,229.95283018867926
982.3943661971831,226.41509433962264
982.3943661971831,222.87735849056602
982.3943661971831,219.33962264150944
982.3943661971831,215.80188679245282
987.6760563380282,251.17924528301887
987.6760563380282,247.64150943396226
987.6760563380282,244.10377358490567
987.6760563380282,240.56603773584905
987.6760563380282,237.02830188679246
987.6760563380282,233.49056603773585
987.6760563380282,229.95283018867926
987.6760563380282,226.41509433962264
987.6760563380282,222.87735849056602
992.9577464788732,254.71698113207546
992.9577464788732,251.17924528301887
992.9577464788732,247.64150943396226
992.9577464788732,244.10377358490567
992.9577464788732,240.56603773584905
992.9577464788732,237.02830188679246
992.9577464788732,233.49056603773585
992.9577464788732,229.95283018867926
992.9577464788732,226.41509433962264
992.9577464788732,222.87735849056602
998.2394366197183,254.71698113207546
998.2394366197183,251.17924528301887
998.2394366197183,247.64150943396226
998.2394366197183,244.10377358490567
998.2394366197183,240.56603773584905
998.2394366197183,237.02830188679246
998.2394366197183,233.49056603773585
998.2394366197183,229.95283018867926
998.2394366197183,226.41509433962264
998.2394366197183,222.87735849056602
1003.5211267605633,251.17924528301887
1003.5211267605633,247.64150943396226
1003.5211267605633,244.10377358490567
1003.5211267605633,240.56603773584905
1003.5211267605633,237.02830188679246
1003.5211267605633,233.49056603773585
1003.5211267605633,229.95283018867926
1003.5211267605633,226.41509433962264
1003.5211267605633,222.87735849056602
1003.5211267605633,219.33962264150944
1003.5211267605633,215.80188679245282
1003.5211267605633,212.26415094339623
1008.8028169014085,244.10377358490567
1008.8028169014085,240.56603773584905
1008.8028169014085,237.02830188679246
1008.8028169014085,233.49056603773585
1008.8028169014085,229.95283018867926
1008.8028169014085,226.41509433962264
1008.8028169014085,222.87735849056602
1008.8028169014085,219.33962264150944
1008.8028169014085,215.80188679245282
1008.8028169014085,212.26415094339623
1008.8028169014085,208.72641509433961
1008.8028169014085,205.18867924528303
1014.0845070422536,237.02830188679246
1014.0845070422536,233.49056603773585
1014.0845070422536,229.95283018867926
1014.0845070422536,226.41509433962264
1014.0845070422536,222.87735849056602
1014.0845070422536,219.33962264150944
1014.0845070422536,215.80188679245282
1014.0845070422536,212.26415094339623
1014.0845070422536,208.72641509433961
1014.0845070422536,205.18867924528303
1014.0845070422536,201.6509433962264
1014.0845070422536,198.11320754716982
1019.3661971830986,226.41509433962264
1019.3661971830986,222.87735849056602
1019.3661971830986,219.33962264150944
1019.3661971830986,215.80188679245282
1019.3661971830986,212.26415094339623
1019.3661971830986,208.72641509433961
1019.3661971830986,205.18867924528303
1019.3661971830986,201.6509433962264
1019.3661971830986,198.11320754716982
1019.3661971830986,194.5754716981132
1019.3661971830986,191.03773584905662
1024.6478873239437,215.80188679245282
1024.6478873239437,212.26415094339623
1024.6478873239437,208.72641509433961
1024.6478873239437,205.18867924528303
1024.6478873239437,201.6509433962264
1024.6478873239437,198.11320754716982
1024.6478873239437,194.5754716981132
1024.6478873239437,191.03773584905662
1024.6478873239437,187.5
1029.9295774647887,205.18867924528303
1029.9295774647887,201.6509433962264
1029.9295774647887,198.11320754716982
1029.9295774647887,194.5754716981132
1029.9295774647887,191.03773584905662
1029.9295774647887,187.5
1035.2112676056338,198.11320754716982
1035.2112676056338,194.5754716981132
1035.2112676056338,191.03773584905662
1035.2112676056338,187.5
1035.2112676056338,183.96226415094338
1040.4929577464789,198.11320754716982
1040.4929577464789,194.5754716981132
1040.4929577464789,191.03773584905662
1040.4929577464789,187.5
1040.4929577464789,183.96226415094338
1045.774647887324,194.5754716981132
1045.774647887324,191.03773584905662
1045.774647887324,187.5
1045.774647887324,183.96226415094338
1051.056338028169,194.5754716981132
1051.056338028169,191.03773584905662
1051.056338028169,187.5
1051.056338028169,183.96226415094338
1051.056338028169,180.4245283018868
1056.338028169014,191.03773584905662
1056.338028169014,187.5
1056.338028169014,183.96226415094338
1056.338028169014,180.4245283018868
1061.619718309859,191.03773584905662
1061.619718309859,187.5
1061.619718309859,183.96226415094338
1061.619718309859,180.4245283018868
1066.9014084507041,191.03773584905662
1066.9014084507041,187.5
1066.9014084507041,183.96226415094338
1066.9014084507041,180.4245283018868
1072.1830985915492,191.03773584905662
1072.1830985915492,187.5
1072.1830985915492,183.96226415094338
1072.1830985915492,180.4245283018868
1072.1830985915492,176.88679245283018
1077.4647887323943,187.5
1077.4647887323943,183.96226415094338
1077.4647887323943,180.4245283018868
1077.4647887323943,176.88679245283018
1077.4647887323943,173.3490566037736
1082.7464788732395,187.5
1082.7464788732395,183.96226415094338
1082.7464788732395,180.4245283018868
1082.7464788732395,176.88679245283018
1082.7464788732395,173.3490566037736
1088.0281690140846,183.96226415094338
1088.0281690140846,180.4245283018868
1088.0281690140846,176.88679245283018
1088.0281690140846,173.3490566037736
1093.3098591549297,183.96226415094338
1093.3098591549297,180.4245283018868
1093.3098591549297,176.88679245283018
1093.3098591549297,173.3490566037736
1093.3098591549297,169.81132075471697
1098.5915492957747,180.4245283018868
1098.5915492957747,176.88679245283018
1098.5915492957747,173.3490566037736
1098.5915492957747,169.81132075471697
1103.8732394366198,180.4245283018868
1103.8732394366198,176.88679245283018
1103.8732394366198,173.3490566037736
1103.8732394366198,169.81132075471697
1109.1549295774648,180.4245283018868
1109.1549295774648,176.88679245283018
1109.1549295774648,173.3490566037736
1109.1549295774648,169.81132075471697
1114.4366197183099,180.4245283018868
1114.4366197183099,176.88679245283018
1114.4366197183099,173.3490566037736
1114.4366197183099,169.81132075471697
1119.718309859155,180.4245283018868
1119.718309859155,176.88679245283018
1119.718309859155,173.3490566037736
1119.718309859155,169.81132075471697
1125.0,180.4245283018868
1125.0,176.88679245283018
1125.0,173.3490566037736
1125.0,169.81132075471697
1130.281690140845,180.4245283018868
1130.281690140845,176.88679245283018
1130.281690140845,173.3490566037736
1130.281690140845,169.81132075471697
1135.5633802816901,180.4245283018868
1135.5633802816901,176.88679245283018
1135.5633802816901,173.3490566037736
1135.5633802816901,169.81132075471697
1140.8450704225352,180.4245283018868
1140.8450704225352,176.88679245283018
1140.8450704225352,173.3490566037736
1140.8450704225352,169.81132075471697
1140.8450704225352,166.27358490566039
1146.1267605633802,180.4245283018868
1146.1267605633802,176.88679245283018
1146.1267605633802,173.3490566037736
1146.1267605633802,169.81132075471697
1146.1267605633802,166.27358490566039
1151.4084507042253,180.4245283018868
1151.4084507042253,176.88679245283018
1151.4084507042253,173.3490566037736
1151.4084507042253,169.81132075471697
1151.4084507042253,166.27358490566039
1156.6901408450703,180.4245283018868
1156.6901408450703,176.88679245283018
1156.6901408450703,173.3490566037736
1156.6901408450703,169.81132075471697
1156.6901408450703,166.27358490566039
1161.9718309859154,180.4245283018868
1161.9718309859154,176.88679245283018
1161.9718309859154,173.3490566037736
1161.9718309859154,169.81132075471697
1161.9718309859154,166.27358490566039
1167.2535211267605,180.4245283018868
1167.2535211267605,176.88679245283018
1167.2535211267605,173.3490566037736
1167.2535211267605,169.81132075471697
1172.5352112676057,180.4245283018868
1172.5352112676057,176.88679245283018
1172.5352112676057,173.3490566037736
1172.5352112676057,169.81132075471697
1177.8169014084508,180.4245283018868
1177.8169014084508,176.88679245283018
1177.8169014084508,173.3490566037736
1177.8169014084508,169.81132075471697
1183.0985915492959,180.4245283018868
1183.0985915492959,176.88679245283018
1183.0985915492959,173.3490566037736
1183.0985915492959,169.81132075471697
1188.380281690141,180.4245283018868
1188.380281690141,176.88679245283018
1188.380281690141,173.3490566037736
1188.380281690141,169.81132075471697
1193.661971830986,180.4245283018868
1193.661971830986,176.88679245283018
1193.661971830986,173.3490566037736
1193.661971830986,169.81132075471697
1198.943661971831,180.4245283018868
1198.943661971831,176.88679245283018
1198.943661971831,173.3490566037736
1198.943661971831,169.81132075471697
1204.225352112676,180.4245283018868
1204.225352112676,176.88679245283018
1204.225352112676,173.3490566037736
1204.225352112676,169.81132075471697
1204.225352112676,166.27358490566039
1209.5070422535211,180.4245283018868
1209.5070422535211,176.88679245283018
1209.5070422535211,173.3490566037736
1209.5070422535211,169.81132075471697
1214.7887323943662,180.4245283018868
1214.7887323943662,176.88679245283018
1214.7887323943662,173.3490566037736
1214.7887323943662,169.81132075471697
1220.0704225352113,180.4245283018868
1220.0704225352113,176.88679245283018
1220.0704225352113,173.3490566037736
1220.0704225352113,169.81132075471697
1225.3521126760563,183.96226415094338
1225.3521126760563,180.4245283018868
1225.3521126760563,176.88679245283018
1225.3521126760563,173.3490566037736
1225.3521126760563,169.81132075471697
1230.6338028169014,183.96226415094338
1230.6338028169014,180.4245283018868
1230.6338028169014,176.88679245283018
1230.6338028169014,173.3490566037736
1230.6338028169014,169.81132075471697
1235.9154929577464,180.4245283018868
1235.9154929577464,176.88679245283018
1235.9154929577464,173.3490566037736
1235.9154929577464,169.81132075471697
1241.1971830985915,180.4245283018868
1241.1971830985915,176.88679245283018
1241.1971830985915,173.3490566037736
1241.1971830985915,169.81132075471697
1246.4788732394366,180.4245283018868
1246.4788732394366,176.88679245283018
1246.4788732394366,173.3490566037736
1246.4788732394366,169.81132075471697
1251.7605633802816,183.96226415094338
1251.7605633802816,180.4245283018868
1251.7605633802816,176.88679245283018
1251.7605633802816,173.3490566037736
1251.7605633802816,169.81132075471697
1257.0422535211267,183.96226415094338
1257.0422535211267,180.4245283018868
1257.0422535211267,176.88679245283018
1257.0422535211267,173.3490566037736
1257.0422535211267,169.81132075471697
1262.3239436619717,183.96226415094338
1262.3239436619717,180.4245283018868
1262.3239436619717,176.88679245283018
1262.3239436619717,173.3490566037736
1262.3239436619717,169.81132075471697
1267.605633802817,183.96226415094338
1267.605633802817,180.4245283018868
1267.605633802817,176.88679245283018
1267.605633802817,173.3490566037736
1272.887323943662,183.96226415094338
1272.887323943662,180.4245283018868
1272.887323943662,176.88679245283018
1272.887323943662,173.3490566037736
1278.1690140845071,187.5
1278.1690140845071,183.96226415094338
1278.1690140845071,180.4245283018868
1278.1690140845071,176.88679245283018
1278.1690140845071,173.3490566037736
1283.4507042253522,187.5
1283.4507042253522,183.96226415094338
1283.4507042253522,180.4245283018868
1283.4507042253522,176.88679245283018
1283.4507042253522,173.3490566037736
1288.7323943661972,187.5
1288.7323943661972,183.96226415094338
1288.7323943661972,180.4245283018868
1288.7323943661972,176.88679245283018
1288.7323943661972,173.3490566037736
1294.0140845070423,187.5
1294.0140845070423,183.96226415094338
1294.0140845070423,180.4245283018868
1294.0140845070423,176.88679245283018
1294.0140845070423,173.3490566037736
1299.2957746478874,187.5
1299.2957746478874,183.96226415094338
1299.2957746478874,180.4245283018868
1299.2957746478874,176.88679245283018
1299.2957746478874,173.3490566037736
1304.5774647887324,187.5
1304.5774647887324,183.96226415094338
1304.5774647887324,180.4245283018868
1304.5774647887324,176.88679245283018
1309.8591549295775,187.5
1309.8591549295775,183.96226415094338
1309.8591549295775,180.4245283018868
1309.8591549295775,176.88679245283018
1315.1408450704225,187.5
1315.1408450704225,183.96226415094338
1315.1408450704225,180.4245283018868
1315.1408450704225,176.88679245283018
1320.4225352112676,187.5
1320.4225352112676,183.96226415094338
1320.4225352112676,180.4245283018868
1320.4225352112676,176.88679245283018
1325.7042253521126,187.5
1325.7042253521126,183.96226415094338
1325.7042253521126,180.4245283018868
1325.7042253521126,176.88679245283018
1330.9859154929577,191.03773584905662
1330.9859154929577,187.5
1330.9859154929577,183.96226415094338
1330.9859154929577,180.4245283018868
1330.9859154929577,176.88679245283018
1336.2676056338028,191.03773584905662
1336.2676056338028,187.5
1336.2676056338028,183.96226415094338
1336.2676056338028,180.4245283018868
1336.2676056338028,176.88679245283018
1341.5492957746478,191.03773584905662
1341.5492957746478,187.5
1341.5492957746478,183.96226415094338
1341.5492957746478,180.4245283018868
1346.8309859154929,191.03773584905662
1346.8309859154929,187.5
1346.8309859154929,183.96226415094338
1346.8309859154929,180.4245283018868
1352.112676056338,191.03773584905662
1352.112676056338,187.5
1352.112676056338,183.96226415094338
1352.112676056338,180.4245283018868
1357.394366197183,191.03773584905662
1357.394366197183,187.5
1357.394366197183,183.96226415094338
1357.394366197183,180.4245283018868
1362.6760563380283,191.03773584905662
1362.6760563380283,187.5
1362.6760563380283,183.96226415094338
1362.6760563380283,180.4245283018868
1367.9577464788733,194.5754716981132
1367.9577464788733,191.03773584905662
1367.9577464788733,187.5
1367.9577464788733,183.96226415094338
1367.9577464788733,180.4245283018868
1373.2394366197184,194.5754716981132
1373.2394366197184,191.03773584905662
1373.2394366197184,187.5
1373.2394366197184,183.96226415094338
1373.2394366197184,180.4245283018868
1378.5211267605634,194.5754716981132
1378.5211267605634,191.03773584905662
1378.5211267605634,187.5
1378.5211267605634,183.96226415094338
1378.5211267605634,180.4245283018868
1383.8028169014085,194.5754716981132
1383.8028169014085,191.03773584905662
1383.8028169014085,187.5
1383.8028169014085,183.96226415094338
1389.0845070422536,194.5754716981132
1389.0845070422536,191.03773584905662
1389.0845070422536,187.5
1389.0845070422536,183.96226415094338
1394.3661971830986,194.5754716981132
1394.3661971830986,191.03773584905662
1394.3661971830986,187.5
1394.3661971830986,183.96226415094338
1399.6478873239437,198.11320754716982
1399.6478873239437,194.5754716981132
1399.6478873239437,191.03773584905662
1399.6478873239437,187.5
1399.6478873239437,183.96226415094338
1404.9295774647887,198.11320754716982
1404.9295774647887,194.5754716981132
1404.9295774647887,191.03773584905662
1404.9295774647887,187.5
1404.9295774647887,183.96226415094338
1410.2112676056338,198.11320754716982
1410.2112676056338,194.5754716981132
1410.2112676056338,191.03773584905662
1410.2112676056338,187.5
1410.2112676056338,183.96226415094338
1415.4929577464789,198.11320754716982
1415.4929577464789,194.5754716981132
1415.4929577464789,191.03773584905662
1415.4929577464789,187.5
1415.4929577464789,183.96226415094338
1420.774647887324,198.11320754716982
1420.774647887324,194.5754716981132
1420.774647887324,191.03773584905662
1420.774647887324,187.5
1420.774647887324,183.96226415094338
1426.056338028169,198.11320754716982
1426.056338028169,194.5754716981132
1426.056338028169,191.03773584905662
1426.056338028169,187.5
1431.338028169014,201.6509433962264
1431.338028169014,198.11320754716982
1431.338028169014,194.5754716981132
1431.338028169014,191.03773584905662
1431.338028169014,187.5
1436.619718309859,201.6509433962264
1436.619718309859,198.11320754716982
1436.619718309859,194.5754716981132
1436.619718309859,191.03773584905662
1436.619718309859,187.5
1441.9014084507041,201.6509433962264
1441.9014084507041,198.11320754716982
1441.9014084507041,194.5754716981132
1441.9014084507041,191.03773584905662
1441.9014084507041,187.5
1447.1830985915492,201.6509433962264
1447.1830985915492,198.11320754716982
1447.1830985915492,194.5754716981132
1447.1830985915492,191.03773584905662
1447.1830985915492,187.5
1452.4647887323943,201.6509433962264
1452.4647887323943,198.11320754716982
1452.4647887323943,194.5754716981132
1452.4647887323943,191.03773584905662
1452.4647887323943,187.5
1457.7464788732395,201.6509433962264
1457.7464788732395,198.11320754716982
1457.7464788732395,194.5754716981132
1457.7464788732395,191.03773584905662
1463.0281690140846,201.6509433962264
1463.0281690140846,198.11320754716982
1463.0281690140846,194.5754716981132
1463.0281690140846,191.03773584905662
1468.3098591549297,201.6509433962264
1468.3098591549297,198.11320754716982
1468.3098591549297,194.5754716981132
1468.3098591549297,191.03773584905662
1473.5915492957747,201.6509433962264
1473.5915492957747,198.11320754716982
1473.5915492957747,194.5754716981132
1473.5915492957747,191.03773584905662
1478.8732394366198,201.6509433962264
1478.8732394366198,198.11320754716982
1478.8732394366198,194.5754716981132
1478.8732394366198,191.03773584905662
1484.1549295774648,205.18867924528303
1484.1549295774648,201.6509433962264
1484.1549295774648,198.11320754716982
1484.1549295774648,194.5754716981132
1484.1549295774648,191.03773584905662
1489.4366197183099,205.18867924528303
1489.4366197183099,201.6509433962264
1489.4366197183099,198.11320754716982
1489.4366197183099,194.5754716981132
1489.4366197183099,191.03773584905662
1494.718309859155,205.18867924528303
1494.718309859155,201.6509433962264
1494.718309859155,198.11320754716982
1494.718309859155,194.5754716981132
1494.718309859155,191.03773584905662
1500.0,205.18867924528303
1500.0,201.6509433962264
1500.0,198.11320754716982
1500.0,194.5754716981132
1505.281690140845,205.18867924528303
1505.281690140845,201.6509433962264
1505.281690140845,198.11320754716982
1505.281690140845,194.5754716981132
1510.5633802816901,205.18867924528303
1510.5633802816901,201.6509433962264
1510.5633802816901,198.11320754716982
1510.5633802816901,194.5754716981132
1515.8450704225352,208.72641509433961
1515.8450704225352,205.18867924528303
1515.8450704225352,201.6509433962264
1515.8450704225352,198.11320754716982
1515.8450704225352,194.5754716981132
1521.1267605633802,208.72641509433961
1521.1267605633802,205.18867924528303
1521.1267605633802,201.6509433962264
1521.1267605633802,198.11320754716982
1521.1267605633802,194.5754716981132
1526.4084507042253,208.72641509433961
1526.4084507042253,205.18867924528303
1526.4084507042253,201.6509433962264
1526.4084507042253,198.11320754716982
1526.4084507042253,194.5754716981132
1531.6901408450703,208.72641509433961
1531.6901408450703,205.18867924528303
1531.6901408450703,201.6509433962264
1531.6901408450703,198.11320754716982
1531.6901408450703,194.5754716981132
1536.9718309859154,208.72641509433961
1536.9718309859154,205.18867924528303
1536.9718309859154,201.6509433962264
1536.9718309859154,198.11320754716982
1536.9718309859154,194.5754716981132
1542.2535211267605,208.72641509433961
1542.2535211267605,205.18867924528303
1542.2535211267605,201.6509433962264
1542.2535211267605,198.11320754716982
1542.2535211267605,194.5754716981132
1547.5352112676057,212.26415094339623
1547.5352112676057,208.72641509433961
1547.5352112676057,205.18867924528303
1547.5352112676057,201.6509433962264
1547.5352112676057,198.11320754716982
1552.8169014084508,212.26415094339623
1552.8169014084508,208.72641509433961
1552.8169014084508,205.18867924528303
1552.8169014084508,201.6509433962264
1552.8169014084508,198.11320754716982
1558.0985915492959,212.26415094339623
1558.0985915492959,208.72641509433961
1558.0985915492959,205.18867924528303
1558.0985915492959,201.6509433962264
1558.0985915492959,198.11320754716982
1563.380281690141,212.26415094339623
1563.380281690141,208.72641509433961
1563.380281690141,205.18867924528303
1563.380281690141,201.6509433962264
1563.380281690141,198.11320754716982
1568.661971830986,212.26415094339623
1568.661971830986,208.72641509433961
1568.661971830986,205.18867924528303
1568.661971830986,201.6509433962264
1568.661971830986,198.11320754716982
1573.943661971831,212.26415094339623
1573.943661971831,208.72641509433961
1573.943661971831,205.18867924528303
1573.943661971831,201.6509433962264
1573.943661971831,198.11320754716982
1579.225352112676,212.26415094339623
1579.225352112676,208.72641509433961
1579.225352112676,205.18867924528303
1579.225352112676,201.6509433962264
1579.225352112676,198.11320754716982
1584.5070422535211,212.26415094339623
1584.5070422535211,208.72641509433961
1584.5070422535211,205.18867924528303
1584.5070422535211,201.6509433962264
1584.5070422535211,198.11320754716982
1589.7887323943662,212.26415094339623
1589.7887323943662,208.72641509433961
1589.7887323943662,205.18867924528303
1589.7887323943662,201.6509433962264
1589.7887323943662,198.11320754716982
1595.0704225352113,212.26415094339623
1595.0704225352113,208.72641509433961
1595.0704225352113,205.18867924528303
1595.0704225352113,201.6509433962264
1600.3521126760563,212.26415094339623
1600.3521126760563,208.72641509433961
1600.3521126760563,205.18867924528303
1600.3521126760563,201.6509433962264
1605.6338028169014,215.80188679245282
1605.6338028169014,212.26415094339623
1605.6338028169014,208.72641509433961
1605.6338028169014,205.18867924528303
1605.6338028169014,201.6509433962264
1610.9154929577464,215.80188679245282
1610.9154929577464,212.26415094339623
1610.9154929577464,208.72641509433961
1610.9154929577464,205.18867924528303
1610.9154929577464,201.6509433962264
1616.1971830985915,219.33962264150944
1616.1971830985915,215.80188679245282
1616.1971830985915,212.26415094339623
1616.1971830985915,208.72641509433961
1616.1971830985915,205.18867924528303
1621.4788732394366,219.33962264150944
1621.4788732394366,215.80188679245282
1621.4788732394366,212.26415094339623
1621.4788732394366,208.72641509433961
1621.4788732394366,205.18867924528303
1626.7605633802816,219.33962264150944
1626.7605633802816,215.80188679245282
1626.7605633802816,212.26415094339623
1626.7605633802816,208.72641509433961
1626.7605633802816,205.18867924528303
1632.0422535211267,219.33962264150944
1632.0422535211267,215.80188679245282
1632.0422535211267,212.26415094339623
1632.0422535211267,208.72641509433961
1632.0422535211267,205.18867924528303
1637.3239436619717,219.33962264150944
1637.3239436619717,215.80188679245282
1637.3239436619717,212.26415094339623
1637.3239436619717,208.72641509433961
1637.3239436619717,205.18867924528303
1642.605633802817,219.33962264150944
1642.605633802817,215.80188679245282
1642.605633802817,212.26415094339623
1642.605633802817,208.72641509433961
1647.887323943662,219.33962264150944
1647.887323943662,215.80188679245282
1647.887323943662,212.26415094339623
1647.887323943662,208.72641509433961
1653.1690140845071,219.33962264150944
1653.1690140845071,215.80188679245282
1653.1690140845071,212.26415094339623
1653.1690140845071,208.72641509433961
1658.4507042253522,222.87735849056602
1658.4507042253522,219.33962264150944
1658.4507042253522,215.80188679245282
1658.4507042253522,212.26415094339623
1658.4507042253522,208.72641509433961
1663.7323943661972,222.87735849056602
1663.7323943661972,219.33962264150944
1663.7323943661972,215.80188679245282
1663.7323943661972,212.26415094339623
1663.7323943661972,208.72641509433961
1669.0140845070423,222.87735849056602
1669.0140845070423,219.33962264150944
1669.0140845070423,215.80188679245282
1669.0140845070423,212.26415094339623
1669.0140845070423,208.72641509433961
1674.2957746478874,222.87735849056602
1674.2957746478874,219.33962264150944
1674.2957746478874,215.80188679245282
1674.2957746478874,212.26415094339623
1679.5774647887324,226.41509433962264
1679.5774647887324,222.87735849056602
1679.5774647887324,219.33962264150944
1679.5774647887324,215.80188679245282
1679.5774647887324,212.26415094339623
1684.8591549295775,226.41509433962264
1684.8591549295775,222.87735849056602
1684.8591549295775,219.33962264150944
1684.8591549295775,215.80188679245282
1684.8591549295775,212.26415094339623
1690.1408450704225,226.41509433962264
1690.1408450704225,222.87735849056602
1690.1408450704225,219.33962264150944
1690.1408450704225,215.80188679245282
1690.1408450704225,212.26415094339623
1695.4225352112676,226.41509433962264
1695.4225352112676,222.87735849056602
1695.4225352112676,219.33962264150944
1695.4225352112676,215.80188679245282
1700.7042253521126,226.41509433962264
1700.7042253521126,222.87735849056602
1700.7042253521126,219.33962264150944
1700.7042253521126,215.80188679245282
1705.9859154929577,226.41509433962264
1705.9859154929577,222.87735849056602
1705.9859154929577,219.33962264150944
1705.9859154929577,215.80188679245282
1711.2676056338028,226.41509433962264
1711.2676056338028,222.87735849056602
1711.2676056338028,219.33962264150944
1711.2676056338028,215.80188679245282
1716.5492957746478,226.41509433962264
1716.5492957746478,222.87735849056602
1716.5492957746478,219.33962264150944
1716.5492957746478,215.80188679245282
1721.8309859154929,229.95283018867926
1721.8309859154929,226.41509433962264
1721.8309859154929,222.87735849056602
1721.8309859154929,219.33962264150944
1721.8309859154929,215.80188679245282
1727.112676056338,229.95283018867926
1727.112676056338,226.41509433962264
1727.112676056338,222.87735849056602
1727.112676056338,219.33962264150944
1727.112676056338,215.80188679245282
1732.394366197183,229.95283018867926
1732.394366197183,226.41509433962264
1732.394366197183,222.87735849056602
1732.394366197183,219.33962264150944
1737.6760563380283,229.95283018867926
1737.6760563380283,226.41509433962264
1737.6760563380283,222.87735849056602
1737.6760563380283,219.33962264150944
1742.9577464788733,229.95283018867926
1742.9577464788733,226.41509433962264
1742.9577464788733,222.87735849056602
1742.9577464788733,219.33962264150944
1748.2394366197184,229.95283018867926
1748.2394366197184,226.41509433962264
1748.2394366197184,222.87735849056602
1748.2394366197184,219.33962264150944
1748.2394366197184,215.80188679245282
1753.5211267605634,233.49056603773585
1753.5211267605634,229.95283018867926
1753.5211267605634,226.41509433962264
1753.5211267605634,222.87735849056602
1753.5211267605634,219.33962264150944
1758.8028169014085,233.49056603773585
1758.8028169014085,229.95283018867926
1758.8028169014085,226.41509433962264
1758.8028169014085,222.87735849056602
1758.8028169014085,219.33962264150944
1764.0845070422536,233.49056603773585
1764.0845070422536,229.95283018867926
1764.0845070422536,226.41509433962264
1764.0845070422536,222.87735849056602
1769.3661971830986,233.49056603773585
1769.3661971830986,229.95283018867926
1769.3661971830986,226.41509433962264
1769.3661971830986,222.87735849056602
1774.6478873239437,233.49056603773585
1774.6478873239437,229.95283018867926
1774.6478873239437,226.41509433962264
1774.6478873239437,222.87735849056602
1779.9295774647887,237.02830188679246
1779.9295774647887,233.49056603773585
1779.9295774647887,229.95283018867926
1779.9295774647887,226.41509433962264
1779.9295774647887,222.87735849056602
1785.2112676056338,237.02830188679246
1785.2112676056338,233.49056603773585
1785.2112676056338,229.95283018867926
1785.2112676056338,226.41509433962264
1785.2112676056338,222.87735849056602
1790.4929577464789,237.02830188679246
1790.4929577464789,233.49056603773585
1790.4929577464789,229.95283018867926
1790.4929577464789,226.41509433962264
1790.4929577464789,222.87735849056602
1795.774647887324,237.02830188679246
1795.774647887324,233.49056603773585
1795.774647887324,229.95283018867926
1795.774647887324,226.41509433962264
1795.774647887324,222.87735849056602
1801.056338028169,237.02830188679246
1801.056338028169,233.49056603773585
1801.056338028169,229.95283018867926
1801.056338028169,226.41509433962264
1801.056338028169,222.87735849056602
1806.338028169014,237.02830188679246
1806.338028169014,233.49056603773585
1806.338028169014,229.95283018867926
1806.338028169014,226.41509433962264
1806.338028169014,222.87735849056602
1811.619718309859,237.02830188679246
1811.619718309859,233.49056603773585
1811.619718309859,229.95283018867926
1811.619718309859,226.41509433962264
1811.619718309859,222.87735849056602
1816.9014084507041,240.56603773584905
1816.9014084507041,237.02830188679246
1816.9014084507041,233.49056603773585
1816.9014084507041,229.95283018867926
1816.9014084507041,226.41509433962264
1822.1830985915492,240.56603773584905
1822.1830985915492,237.02830188679246
1822.1830985915492,233.49056603773585
1822.1830985915492,229.95283018867926
1822.1830985915492,226.41509433962264
1827.4647887323943,240.56603773584905
1827.4647887323943,237.02830188679246
1827.4647887323943,233.49056603773585
1827.4647887323943,229.95283018867926
1827.4647887323943,226.41509433962264
1832.7464788732395,240.56603773584905
1832.7464788732395,237.02830188679246
1832.7464788732395,233.49056603773585
1832.7464788732395,229.95283018867926
1832.7464788732395,226.41509433962264
1838.0281690140846,240.56603773584905
1838.0281690140846,237.02830188679246
1838.0281690140846,233.49056603773585
1838.0281690140846,229.95283018867926
1843.3098591549297,240.56603773584905
1843.3098591549297,237.02830188679246
1843.3098591549297,233.49056603773585
1843.3098591549297,229.95283018867926
1848.5915492957747,240.56603773584905
1848.5915492957747,237.02830188679246
1848.5915492957747,233.49056603773585
1848.5915492957747,229.95283018867926
1853.8732394366198,244.10377358490567
1853.8732394366198,240.56603773584905
1853.8732394366198,237.02830188679246
1853.8732394366198,233.49056603773585
1853.8732394366198,229.95283018867926
1859.1549295774648,244.10377358490567
1859.1549295774648,240.56603773584905
1859.1549295774648,237.02830188679246
1859.1549295774648,233.49056603773585
1859.1549295774648,229.95283018867926
1864.4366197183099,244.10377358490567
1864.4366197183099,240.56603773584905
1864.4366197183099,237.02830188679246
1864.4366197183099,233.49056603773585
1864.4366197183099,229.95283018867926
1869.718309859155,244.10377358490567
1869.718309859155,240.56603773584905
1869.718309859155,237.02830188679246
1869.718309859155,233.49056603773585
1869.718309859155,229.95283018867926
1875.0,244.10377358490567
1875.0,240.56603773584905
1875.0,237.02830188679246
1875.0,233.49056603773585
1875.0,229.95283018867926
1880.281690140845,244.10377358490567
1880.281690140845,240.56603773584905
1880.281690140845,237.02830188679246
1880.281690140845,233.49056603773585
1885.5633802816901,244.10377358490567
1885.5633802816901,240.56603773584905
1885.5633802816901,237.02830188679246
1885.5633802816901,233.49056603773585
1890.8450704225352,247.64150943396226
1890.8450704225352,244.10377358490567
1890.8450704225352,240.56603773584905
1890.8450704225352,237.02830188679246
1890.8450704225352,233.49056603773585
1896.1267605633802,247.64150943396226
1896.1267605633802,244.10377358490567
1896.1267605633802,240.56603773584905
1896.1267605633802,237.02830188679246
1901.4084507042253,251.17924528301887
1901.4084507042253,247.64150943396226
1901.4084507042253,244.10377358490567
1901.4084507042253,240.56603773584905
1901.4084507042253,237.02830188679246
1906.6901408450703,251.17924528301887
1906.6901408450703,247.64150943396226
1906.6901408450703,244.10377358490567
1906.6901408450703,240.56603773584905
1906.6901408450703,237.02830188679246
1911.9718309859154,251.17924528301887
1911.9718309859154,247.64150943396226
1911.9718309859154,244.10377358490567
1911.9718309859154,240.56603773584905
1911.9718309859154,237.02830188679246
1917.2535211267605,251.17924528301887
1917.2535211267605,247.64150943396226
1917.2535211267605,244.10377358490567
1917.2535211267605,240.56603773584905
1917.2535211267605,237.02830188679246
1922.5352112676057,251.17924528301887
1922.5352112676057,247.64150943396226
1922.5352112676057,244.10377358490567
1922.5352112676057,240.56603773584905
1922.5352112676057,237.02830188679246
1927.8169014084508,254.71698113207546
1927.8169014084508,251.17924528301887
1927.8169014084508,247.64150943396226
1927.8169014084508,244.10377358490567
1927.8169014084508,240.56603773584905
1933.0985915492959,254.71698113207546
1933.0985915492959,251.17924528301887
1933.0985915492959,247.64150943396226
1933.0985915492959,244.10377358490567
1933.0985915492959,240.56603773584905
1938.380281690141,254.71698113207546
1938.380281690141,251.17924528301887
1938.380281690141,247.64150943396226
1938.380281690141,244.10377358490567
1938.380281690141,240.56603773584905
1943.661971830986,254.71698113207546
1943.661971830986,251.17924528301887
1943.661971830986,247.64150943396226
1943.661971830986,244.10377358490567
1943.661971830986,240.56603773584905
1948.943661971831,254.71698113207546
1948.943661971831,251.17924528301887
1948.943661971831,247.64150943396226
1948.943661971831,244.10377358490567
1948.943661971831,240.56603773584905
1954.225352112676,254.71698113207546
1954.225352112676,251.17924528301887
1954.225352112676,247.64150943396226
1954.225352112676,244.10377358490567
1959.5070422535211,254.71698113207546
1959.5070422535211,251.17924528301887
1959.5070422535211,247.64150943396226
1959.5070422535211,244.10377358490567
1964.7887323943662,254.71698113207546
1964.7887323943662,251.17924528301887
1964.7887323943662,247.64150943396226
1964.7887323943662,244.10377358490567
1970.0704225352113,258.25471698113205
1970.0704225352113,254.71698113207546
1970.0704225352113,251.17924528301887
1970.0704225352113,247.64150943396226
1970.0704225352113,244.10377358490567
1975.3521126760563,265.3301886792453
1975.3521126760563,261.79245283018867
1975.3521126760563,258.25471698113205
1975.3521126760563,254.71698113207546
1975.3521126760563,251.17924528301887
1975.3521126760563,247.64150943396226
1975.3521126760563,244.10377358490567
1980.6338028169014,265.3301886792453
1980.6338028169014,261.79245283018867
1980.6338028169014,258.25471698113205
1980.6338028169014,254.71698113207546
1980.6338028169014,251.17924528301887
1980.6338028169014,247.64150943396226
1980.6338028169014,244.10377358490567
1985.9154929577464,268.8679245283019
1985.9154929577464,265.3301886792453
1985.9154929577464,261.79245283018867
1985.9154929577464,258.25471698113205
1985.9154929577464,254.71698113207546
1985.9154929577464,251.17924528301887
1985.9154929577464,247.64150943396226
1985.9154929577464,244.10377358490567
1991.1971830985915,265.3301886792453
1991.1971830985915,261.79245283018867
1991.1971830985915,258.25471698113205
1991.1971830985915,254.71698113207546
1991.1971830985915,251.17924528301887
1991.1971830985915,247.64150943396226
1991.1971830985915,244.10377358490567
1996.4788732394366,265.3301886792453
1996.4788732394366,261.79245283018867
1996.4788732394366,258.25471698113205
1996.4788732394366,254.71698113207546
1996.4788732394366,251.17924528301887
1996.4788732394366,247.64150943396226
1996.4788732394366,244.10377358490567
2001.7605633802816,265.3301886792453
2001.7605633802816,261.79245283018867
2001.7605633802816,258.25471698113205
2001.7605633802816,254.71698113207546
2001.7605633802816,251.17924528301887
2001.7605633802816,247.64150943396226
2001.7605633802816,244.10377358490567
2007.0422535211267,265.3301886792453
2007.0422535211267,261.79245283018867
2007.0422535211267,258.25471698113205
2007.0422535211267,254.71698113207546
2007.0422535211267,251.17924528301887
2007.0422535211267,247.64150943396226
2007.0422535211267,244.10377358490567
2012.3239436619717,265.3301886792453
2012.3239436619717,261.79245283018867
2012.3239436619717,258.25471698113205
2012.3239436619717,254.71698113207546
2012.3239436619717,251.17924528301887
2012.3239436619717,247.64150943396226
2017.605633802817,265.3301886792453
2017.605633802817,261.79245283018867
2017.605633802817,258.25471698113205
2017.605633802817,254.71698113207546
2017.605633802817,251.17924528301887
2017.605633802817,247.64150943396226
2022.887323943662,261.79245283018867
2022.887323943662,258.25471698113205
2022.887323943662,254.71698113207546
2022.887323943662,251.17924528301887
2022.887323943662,247.64150943396226
2028.1690140845071,261.79245283018867
2028.1690140845071,258.25471698113205
2028.1690140845071,254.71698113207546
2028.1690140845071,251.17924528301887
2028.1690140845071,247.64150943396226
2033.4507042253522,261.79245283018867
2033.4507042253522,258.25471698113205
2033.4507042253522,254.71698113207546
2033.4507042253522,251.17924528301887
2033.4507042253522,247.64150943396226
2038.7323943661972,261.79245283018867
2038.7323943661972,258.25471698113205
2038.7323943661972,254.71698113207546
2038.7323943661972,251.17924528301887
2038.7323943661972,247.64150943396226
2044.0140845070423,261.79245283018867
2044.0140845070423,258.25471698113205
2044.0140845070423,254.71698113207546
2044.0140845070423,251.17924528301887
2044.0140845070423,247.64150943396226
2049.2957746478874,261.79245283018867
2049.2957746478874,258.25471698113205
2049.2957746478874,254.71698113207546
2049.2957746478874,251.17924528301887
2049.2957746478874,247.64150943396226
2054.5774647887324,261.79245283018867
2054.5774647887324,258.25471698113205
2054.5774647887324,254.71698113207546
2054.5774647887324,251.17924528301887
2054.5774647887324,247.64150943396226
2059.8591549295775,261.79245283018867
2059.8591549295775,258.25471698113205
2059.8591549295775,254.71698113207546
2059.8591549295775,251.17924528301887
2059.8591549295775,247.64150943396226
2065.1408450704225,261.79245283018867
2065.1408450704225,258.25471698113205
2065.1408450704225,254.71698113207546
2065.1408450704225,251.17924528301887
2065.1408450704225,247.64150943396226
2070.4225352112676,261.79245283018867
2070.4225352112676,258.25471698113205
2070.4225352112676,254.71698113207546
2070.4225352112676,251.17924528301887
2070.4225352112676,247.64150943396226
2075.7042253521126,261.79245283018867
2075.7042253521126,258.25471698113205
2075.7042253521126,254.71698113207546
2075.7042253521126,251.17924528301887
2080.9859154929577,261.79245283018867
2080.9859154929577,258.25471698113205
2080.9859154929577,254.71698113207546
2080.9859154929577,251.17924528301887
2086.2676056338028,261.79245283018867
2086.2676056338028,258.25471698113205
2086.2676056338028,254.71698113207546
2086.2676056338028,251.17924528301887
2091.549295774648,261.79245283018867
2091.549295774648,258.25471698113205
2091.549295774648,254.71698113207546
2091.549295774648,251.17924528301887
2096.830985915493,265.3301886792453
2096.830985915493,261.79245283018867
2096.830985915493,258.25471698113205
2096.830985915493,254.71698113207546
2096.830985915493,251.17924528301887
2102.112676056338,265.3301886792453
2102.112676056338,261.79245283018867
2102.112676056338,258.25471698113205
2102.112676056338,254.71698113207546
2102.112676056338,251.17924528301887
2107.394366197183,265.3301886792453
2107.394366197183,261.79245283018867
2107.394366197183,258.25471698113205
2107.394366197183,254.71698113207546
2107.394366197183,251.17924528301887
2107.394366197183,247.64150943396226
2112.676056338028,265.3301886792453
2112.676056338028,261.79245283018867
2112.676056338028,258.25471698113205
2112.676056338028,254.71698113207546
2112.676056338028,251.17924528301887
2117.957746478873,265.3301886792453
2117.957746478873,261.79245283018867
2117.957746478873,258.25471698113205
2117.957746478873,254.71698113207546
2117.957746478873,251.17924528301887
2123.239436619718,265.3301886792453
2123.239436619718,261.79245283018867
2123.239436619718,258.25471698113205
2123.239436619718,254.71698113207546
2123.239436619718,251.17924528301887
2128.521126760563,265.3301886792453
2128.521126760563,261.79245283018867
2128.521126760563,258.25471698113205
2128.521126760563,254.71698113207546
2128.521126760563,251.17924528301887
2133.8028169014083,265.3301886792453
2133.8028169014083,261.79245283018867
2133.8028169014083,258.25471698113205
2133.8028169014083,254.71698113207546
2133.8028169014083,251.17924528301887
2139.0845070422533,265.3301886792453
2139.0845070422533,261.79245283018867
2139.0845070422533,258.25471698113205
2139.0845070422533,254.71698113207546
2139.0845070422533,251.17924528301887
2144.3661971830984,265.3301886792453
2144.3661971830984,261.79245283018867
2144.3661971830984,258.25471698113205
2144.3661971830984,254.71698113207546
2144.3661971830984,251.17924528301887
2149.6478873239435,268.8679245283019
2149.6478873239435,265.3301886792453
2149.6478873239435,261.79245283018867
2149.6478873239435,258.25471698113205
2149.6478873239435,254.71698113207546
2154.9295774647885,268.8679245283019
2154.9295774647885,265.3301886792453
2154.9295774647885,261.79245283018867
2154.9295774647885,258.25471698113205
2154.9295774647885,254.71698113207546
2160.211267605634,268.8679245283019
2160.211267605634,265.3301886792453
2160.211267605634,261.79245283018867
2160.211267605634,258.25471698113205
2160.211267605634,254.71698113207546
2165.492957746479,268.8679245283019
2165.492957746479,265.3301886792453
2165.492957746479,261.79245283018867
2165.492957746479,258.25471698113205
2165.492957746479,254.71698113207546
2170.774647887324,268.8679245283019
2170.774647887324,265.3301886792453
2170.774647887324,261.79245283018867
2170.774647887324,258.25471698113205
2170.774647887324,254.71698113207546
2176.056338028169,268.8679245283019
2176.056338028169,265.3301886792453
2176.056338028169,261.79245283018867
2176.056338028169,258.25471698113205
2176.056338028169,254.71698113207546
2181.3380281690143,268.8679245283019
2181.3380281690143,265.3301886792453
2181.3380281690143,261.79245283018867
2181.3380281690143,258.25471698113205
2181.3380281690143,254.71698113207546
2186.6197183098593,272.4056603773585
2186.6197183098593,268.8679245283019
2186.6197183098593,265.3301886792453
2186.6197183098593,261.79245283018867
2186.6197183098593,258.25471698113205
2191.9014084507044,272.4056603773585
2191.9014084507044,268.8679245283019
2191.9014084507044,265.3301886792453
2191.9014084507044,261.79245283018867
2191.9014084507044,258.25471698113205
2197.1830985915494,272.4056603773585
2197.1830985915494,268.8679245283019
2197.1830985915494,265.3301886792453
2197.1830985915494,261.79245283018867
2197.1830985915494,258.25471698113205
2202.4647887323945,272.4056603773585
2202.4647887323945,268.8679245283019
2202.4647887323945,265.3301886792453
2202.4647887323945,261.79245283018867
2202.4647887323945,258.25471698113205
2207.7464788732395,272.4056603773585
2207.7464788732395,268.8679245283019
2207.7464788732395,265.3301886792453
2207.7464788732395,261.79245283018867
2207.7464788732395,258.25471698113205
2213.0281690140846,272.4056603773585
2213.0281690140846,268.8679245283019
2213.0281690140846,265.3301886792453
2213.0281690140846,261.79245283018867
2213.0281690140846,258.25471698113205
2218.3098591549297,272.4056603773585
2218.3098591549297,268.8679245283019
2218.3098591549297,265.3301886792453
2218.3098591549297,261.79245283018867
2218.3098591549297,258.25471698113205
2223.5915492957747,272.4056603773585
2223.5915492957747,268.8679245283019
2223.5915492957747,265.3301886792453
2223.5915492957747,261.79245283018867
2223.5915492957747,258.25471698113205
2228.8732394366198,272.4056603773585
2228.8732394366198,268.8679245283019
2228.8732394366198,265.3301886792453
2228.8732394366198,261.79245283018867
2228.8732394366198,258.25471698113205
2234.154929577465,275.9433962264151
2234.154929577465,272.4056603773585
2234.154929577465,268.8679245283019
2234.154929577465,265.3301886792453
2234.154929577465,261.79245283018867
2239.43661971831,275.9433962264151
2239.43661971831,272.4056603773585
2239.43661971831,268.8679245283019
2239.43661971831,265.3301886792453
2239.43661971831,261.79245283018867
2244.718309859155,275.9433962264151
2244.718309859155,272.4056603773585
2244.718309859155,268.8679245283019
2244.718309859155,265.3301886792453
2244.718309859155,261.79245283018867
2250.0,275.9433962264151
2250.0,272.4056603773585
2250.0,268.8679245283019
2250.0,265.3301886792453
2250.0,261.79245283018867
2255.281690140845,275.9433962264151
2255.281690140845,272.4056603773585
2255.281690140845,268.8679245283019
2255.281690140845,265.3301886792453
2255.281690140845,261.79245283018867
2260.56338028169,275.9433962264151
2260.56338028169,272.4056603773585
2260.56338028169,268.8679245283019
2260.56338028169,265.3301886792453
2260.56338028169,261.79245283018867
2265.845070422535,275.9433962264151
2265.845070422535,272.4056603773585
2265.845070422535,268.8679245283019
2265.845070422535,265.3301886792453
2265.845070422535,261.79245283018867
2271.1267605633802,275.9433962264151
2271.1267605633802,272.4056603773585
2271.1267605633802,268.8679245283019
2271.1267605633802,265.3301886792453
2276.4084507042253,275.9433962264151
2276.4084507042253,272.4056603773585
2276.4084507042253,268.8679245283019
2276.4084507042253,265.3301886792453
2281.6901408450703,275.9433962264151
2281.6901408450703,272.4056603773585
2281.6901408450703,268.8679245283019
2281.6901408450703,265.3301886792453
2286.9718309859154,279.4811320754717
2286.9718309859154,275.9433962264151
2286.9718309859154,272.4056603773585
2286.9718309859154,268.8679245283019
2286.9718309859154,265.3301886792453
2292.2535211267605,279.4811320754717
2292.2535211267605,275.9433962264151
2292.2535211267605,272.4056603773585
2292.2535211267605,268.8679245283019
2292.2535211267605,265.3301886792453
2297.5352112676055,279.4811320754717
2297.5352112676055,275.9433962264151
2297.5352112676055,272.4056603773585
2297.5352112676055,268.8679245283019
2297.5352112676055,265.3301886792453
2302.8169014084506,279.4811320754717
2302.8169014084506,275.9433962264151
2302.8169014084506,272.4056603773585
2302.8169014084506,268.8679245283019
2302.8169014084506,265.3301886792453
2308.0985915492956,279.4811320754717
2308.0985915492956,275.9433962264151
2308.0985915492956,272.4056603773585
2308.0985915492956,268.8679245283019
2308.0985915492956,265.3301886792453
2313.3802816901407,279.4811320754717
2313.3802816901407,275.9433962264151
2313.3802816901407,272.4056603773585
2313.3802816901407,268.8679245283019
2313.3802816901407,265.3301886792453
2318.6619718309857,279.4811320754717
2318.6619718309857,275.9433962264151
2318.6619718309857,272.4056603773585
2318.6619718309857,268.8679245283019
2318.6619718309857,265.3301886792453
2323.943661971831,283.0188679245283
2323.943661971831,279.4811320754717
2323.943661971831,275.9433962264151
2323.943661971831,272.4056603773585
2323.943661971831,268.8679245283019
2323.943661971831,265.3301886792453
2329.225352112676,283.0188679245283
2329.225352112676,279.4811320754717
2329.225352112676,275.9433962264151
2329.225352112676,272.4056603773585
2329.225352112676,268.8679245283019
2334.507042253521,283.0188679245283
2334.507042253521,279.4811320754717
2334.507042253521,275.9433962264151
2334.507042253521,272.4056603773585
2334.507042253521,268.8679245283019
2339.788732394366,283.0188679245283
2339.788732394366,279.4811320754717
2339.788732394366,275.9433962264151
2339.788732394366,272.4056603773585
2339.788732394366,268.8679245283019
2345.0704225352115,283.0188679245283
2345.0704225352115,279.4811320754717
2345.0704225352115,275.9433962264151
2345.0704225352115,272.4056603773585
2345.0704225352115,268.8679245283019
2350.3521126760565,283.0188679245283
2350.3521126760565,279.4811320754717
2350.3521126760565,275.9433962264151
2350.3521126760565,272.4056603773585
2350.3521126760565,268.8679245283019
2355.6338028169016,283.0188679245283
2355.6338028169016,279.4811320754717
2355.6338028169016,275.9433962264151
2355.6338028169016,272.4056603773585
2355.6338028169016,268.8679245283019
2360.9154929577467,283.0188679245283
2360.9154929577467,279.4811320754717
2360.9154929577467,275.9433962264151
2360.9154929577467,272.4056603773585
2360.9154929577467,268.8679245283019
2366.1971830985917,283.0188679245283
2366.1971830985917,279.4811320754717
2366.1971830985917,275.9433962264151
2366.1971830985917,272.4056603773585
2366.1971830985917,268.8679245283019
2371.478873239437,286.5566037735849
2371.478873239437,283.0188679245283
2371.478873239437,279.4811320754717
2371.478873239437,275.9433962264151
2371.478873239437,272.4056603773585
2371.478873239437,268.8679245283019
2376.760563380282,286.5566037735849
2376.760563380282,283.0188679245283
2376.760563380282,279.4811320754717
2376.760563380282,275.9433962264151
2376.760563380282,272.4056603773585
2376.760563380282,268.8679245283019
2382.042253521127,283.0188679245283
2382.042253521127,279.4811320754717
2382.042253521127,275.9433962264151
2382.042253521127,272.4056603773585
2382.042253521127,268.8679245283019
2387.323943661972,283.0188679245283
2387.323943661972,279.4811320754717
2387.323943661972,275.9433962264151
2387.323943661972,272.4056603773585
2387.323943661972,268.8679245283019
2392.605633802817,283.0188679245283
2392.605633802817,279.4811320754717
2392.605633802817,275.9433962264151
2392.605633802817,272.4056603773585
2392.605633802817,268.8679245283019
2397.887323943662,283.0188679245283
2397.887323943662,279.4811320754717
2397.887323943662,275.9433962264151
2397.887323943662,272.4056603773585
2397.887323943662,268.8679245283019
2403.169014084507,283.0188679245283
2403.169014084507,279.4811320754717
2403.169014084507,275.9433962264151
2403.169014084507,272.4056603773585
2403.169014084507,268.8679245283019
2408.450704225352,283.0188679245283
2408.450704225352,279.4811320754717
2408.450704225352,275.9433962264151
2408.450704225352,272.4056603773585
2413.7323943661972,286.5566037735849
2413.7323943661972,283.0188679245283
2413.7323943661972,279.4811320754717
2413.7323943661972,275.9433962264151
2413.7323943661972,272.4056603773585
2419.0140845070423,286.5566037735849
2419.0140845070423,283.0188679245283
2419.0140845070423,279.4811320754717
2419.0140845070423,275.9433962264151
2419.0140845070423,272.4056603773585
2424.2957746478874,290.0943396226415
2424.2957746478874,286.5566037735849
2424.2957746478874,283.0188679245283
2424.2957746478874,279.4811320754717
2424.2957746478874,275.9433962264151
2429.5774647887324,293.6320754716981
2429.5774647887324,290.0943396226415
2429.5774647887324,286.5566037735849
2429.5774647887324,283.0188679245283
2429.5774647887324,279.4811320754717
2429.5774647887324,275.9433962264151
2434.8591549295775,293.6320754716981
2434.8591549295775,290.0943396226415
2434.8591549295775,286.5566037735849
2434.8591549295775,283.0188679245283
2434.8591549295775,279.4811320754717
2434.8591549295775,275.9433962264151
2440.1408450704225,293.6320754716981
2440.1408450704225,290.0943396226415
2440.1408450704225,286.5566037735849
2440.1408450704225,283.0188679245283
2440.1408450704225,279.4811320754717
2440.1408450704225,275.9433962264151
2445.4225352112676,293.6320754716981
2445.4225352112676,290.0943396226415
2445.4225352112676,286.5566037735849
2445.4225352112676,283.0188679245283
2445.4225352112676,279.4811320754717
2445.4225352112676,275.9433962264151
2450.7042253521126,290.0943396226415
2450.7042253521126,286.5566037735849
2450.7042253521126,283.0188679245283
2450.7042253521126,279.4811320754717
2450.7042253521126,275.9433962264151
2455.9859154929577,290.0943396226415
2455.9859154929577,286.5566037735849
2455.9859154929577,283.0188679245283
2455.9859154929577,279.4811320754717
2455.9859154929577,275.9433962264151
2461.2676056338028,286.5566037735849
2461.2676056338028,283.0188679245283
2461.2676056338028,279.4811320754717
2461.2676056338028,275.9433962264151
2466.549295774648,286.5566037735849
2466.549295774648,283.0188679245283
2466.549295774648,279.4811320754717
2466.549295774648,275.9433962264151
2471.830985915493,286.5566037735849
2471.830985915493,283.0188679245283
2471.830985915493,279.4811320754717
2471.830985915493,275.9433962264151
2477.112676056338,286.5566037735849
2477.112676056338,283.0188679245283
2477.112676056338,279.4811320754717
2477.112676056338,275.9433962264151
2482.394366197183,286.5566037735849
2482.394366197183,283.0188679245283
2482.394366197183,279.4811320754717
2482.394366197183,275.9433962264151
2487.676056338028,290.0943396226415
2487.676056338028,286.5566037735849
2487.676056338028,283.0188679245283
2487.676056338028,279.4811320754717
2487.676056338028,275.9433962264151
2492.957746478873,290.0943396226415
2492.957746478873,286.5566037735849
2492.957746478873,283.0188679245283
2492.957746478873,279.4811320754717
2492.957746478873,275.9433962264151
2498.239436619718,290.0943396226415
2498.239436619718,286.5566037735849
2498.239436619718,283.0188679245283
2498.239436619718,279.4811320754717
2498.239436619718,275.9433962264151
2503.521126760563,290.0943396226415
2503.521126760563,286.5566037735849
2503.521126760563,283.0188679245283
2503.521126760563,279.4811320754717
2503.521126760563,275.9433962264151
2508.8028169014083,293.6320754716981
2508.8028169014083,290.0943396226415
2508.8028169014083,286.5566037735849
2508.8028169014083,283.0188679245283
2508.8028169014083,279.4811320754717
2508.8028169014083,275.9433962264151
2514.0845070422533,293.6320754716981
2514.0845070422533,290.0943396226415
2514.0845070422533,286.5566037735849
2514.0845070422533,283.0188679245283
2514.0845070422533,279.4811320754717
2514.0845070422533,275.9433962264151
2519.3661971830984,290.0943396226415
2519.3661971830984,286.5566037735849
2519.3661971830984,283.0188679245283
2519.3661971830984,279.4811320754717
2519.3661971830984,275.9433962264151
2524.6478873239435,290.0943396226415
2524.6478873239435,286.5566037735849
2524.6478873239435,283.0188679245283
2524.6478873239435,279.4811320754717
2524.6478873239435,275.9433962264151
2529.9295774647885,290.0943396226415
2529.9295774647885,286.5566037735849
2529.9295774647885,283.0188679245283
2529.9295774647885,279.4811320754717
2535.211267605634,293.6320754716981
2535.211267605634,290.0943396226415
2535.211267605634,286.5566037735849
2535.211267605634,283.0188679245283
2535.211267605634,279.4811320754717
2540.492957746479,293.6320754716981
2540.492957746479,290.0943396226415
2540.492957746479,286.5566037735849
2540.492957746479,283.0188679245283
2540.492957746479,279.4811320754717
2545.774647887324,293.6320754716981
2545.774647887324,290.0943396226415
2545.774647887324,286.5566037735849
2545.774647887324,283.0188679245283
2545.774647887324,279.4811320754717
2551.056338028169,293.6320754716981
2551.056338028169,290.0943396226415
2551.056338028169,286.5566037735849
2551.056338028169,283.0188679245283
2551.056338028169,279.4811320754717
2556.3380281690143,293.6320754716981
2556.3380281690143,290.0943396226415
2556.3380281690143,286.5566037735849
2556.3380281690143,283.0188679245283
2556.3380281690143,279.4811320754717
2561.6197183098593,293.6320754716981
2561.6197183098593,290.0943396226415
2561.6197183098593,286.5566037735849
2561.6197183098593,283.0188679245283
2561.6197183098593,279.4811320754717
2566.9014084507044,297.1698113207547
2566.9014084507044,293.6320754716981
2566.9014084507044,290.0943396226415
2566.9014084507044,286.5566037735849
2566.9014084507044,283.0188679245283
2572.1830985915494,297.1698113207547
2572.1830985915494,293.6320754716981
2572.1830985915494,290.0943396226415
2572.1830985915494,286.5566037735849
2572.1830985915494,283.0188679245283
2577.4647887323945,297.1698113207547
2577.4647887323945,293.6320754716981
2577.4647887323945,290.0943396226415
2577.4647887323945,286.5566037735849
2577.4647887323945,283.0188679245283
2582.7464788732395,297.1698113207547
2582.7464788732395,293.6320754716981
2582.7464788732395,290.0943396226415
2582.7464788732395,286.5566037735849
2582.7464788732395,283.0188679245283
2582.7464788732395,279.4811320754717
2588.0281690140846,297.1698113207547
2588.0281690140846,293.6320754716981
2588.0281690140846,290.0943396226415
2588.0281690140846,286.5566037735849
2588.0281690140846,283.0188679245283
2588.0281690140846,279.4811320754717
2593.3098591549297,297.1698113207547
2593.3098591549297,293.6320754716981
2593.3098591549297,290.0943396226415
2593.3098591549297,286.5566037735849
2593.3098591549297,283.0188679245283
2598.5915492957747,297.1698113207547
2598.5915492957747,293.6320754716981
2598.5915492957747,290.0943396226415
2598.5915492957747,286.5566037735849
2598.5915492957747,283.0188679245283
2603.8732394366198,297.1698113207547
2603.8732394366198,293.6320754716981
2603.8732394366198,290.0943396226415
2603.8732394366198,286.5566037735849
2603.8732394366198,283.0188679245283
2609.154929577465,300.70754716981133
2609.154929577465,297.1698113207547
2609.154929577465,293.6320754716981
2609.154929577465,290.0943396226415
2609.154929577465,286.5566037735849
2609.154929577465,283.0188679245283
2614.43661971831,300.70754716981133
2614.43661971831,297.1698113207547
2614.43661971831,293.6320754716981
2614.43661971831,290.0943396226415
2614.43661971831,286.5566037735849
2614.43661971831,283.0188679245283
2619.718309859155,300.70754716981133
2619.718309859155,297.1698113207547
2619.718309859155,293.6320754716981
2619.718309859155,290.0943396226415
2619.718309859155,286.5566037735849
2619.718309859155,283.0188679245283
2625.0,297.1698113207547
2625.0,293.6320754716981
2625.0,290.0943396226415
2625.0,286.5566037735849
2625.0,283.0188679245283
2630.281690140845,297.1698113207547
2630.281690140845,293.6320754716981
2630.281690140845,290.0943396226415
2630.281690140845,286.5566037735849
2630.281690140845,283.0188679245283
2635.56338028169,297.1698113207547
2635.56338028169,293.6320754716981
2635.56338028169,290.0943396226415
2635.56338028169,286.5566037735849
2635.56338028169,283.0188679245283
2640.845070422535,297.1698113207547
2640.845070422535,293.6320754716981
2640.845070422535,290.0943396226415
2640.845070422535,286.5566037735849
2640.845070422535,283.0188679245283
2646.1267605633802,297.1698113207547
2646.1267605633802,293.6320754716981
2646.1267605633802,290.0943396226415
2646.1267605633802,286.5566037735849
2646.1267605633802,283.0188679245283
2651.4084507042253,297.1698113207547
2651.4084507042253,293.6320754716981
2651.4084507042253,290.0943396226415
2651.4084507042253,286.5566037735849
2651.4084507042253,283.0188679245283
2656.6901408450703,297.1698113207547
2656.6901408450703,293.6320754716981
2656.6901408450703,290.0943396226415
2656.6901408450703,286.5566037735849
2656.6901408450703,283.0188679245283
2661.9718309859154,297.1698113207547
2661.9718309859154,293.6320754716981
2661.9718309859154,290.0943396226415
2661.9718309859154,286.5566037735849
2667.2535211267605,297.1698113207547
2667.2535211267605,293.6320754716981
2667.2535211267605,290.0943396226415
2667.2535211267605,286.5566037735849
2672.5352112676055,300.70754716981133
2672.5352112676055,297.1698113207547
2672.5352112676055,293.6320754716981
2672.5352112676055,290.0943396226415
2672.5352112676055,286.5566037735849
2677.8169014084506,300.70754716981133
2677.8169014084506,297.1698113207547
2677.8169014084506,293.6320754716981
2677.8169014084506,290.0943396226415
2677.8169014084506,286.5566037735849
2683.0985915492956,300.70754716981133
2683.0985915492956,297.1698113207547
2683.0985915492956,293.6320754716981
2683.0985915492956,290.0943396226415
2683.0985915492956,286.5566037735849
2688.3802816901407,300.70754716981133
2688.3802816901407,297.1698113207547
2688.3802816901407,293.6320754716981
2688.3802816901407,290.0943396226415
2688.3802816901407,286.5566037735849
2693.6619718309857,300.70754716981133
2693.6619718309857,297.1698113207547
2693.6619718309857,293.6320754716981
2693.6619718309857,290.0943396226415
2693.6619718309857,286.5566037735849
2698.943661971831,300.70754716981133
2698.943661971831,297.1698113207547
2698.943661971831,293.6320754716981
2698.943661971831,290.0943396226415
2698.943661971831,286.5566037735849
2704.225352112676,304.24528301886795
2704.225352112676,300.70754716981133
2704.225352112676,297.1698113207547
2704.225352112676,293.6320754716981
2704.225352112676,290.0943396226415
2704.225352112676,286.5566037735849
2709.507042253521,300.70754716981133
2709.507042253521,297.1698113207547
2709.507042253521,293.6320754716981
2709.507042253521,290.0943396226415
2709.507042253521,286.5566037735849
2714.788732394366,300.70754716981133
2714.788732394366,297.1698113207547
2714.788732394366,293.6320754716981
2714.788732394366,290.0943396226415
2714.788732394366,286.5566037735849
2720.0704225352115,300.70754716981133
2720.0704225352115,297.1698113207547
2720.0704225352115,293.6320754716981
2720.0704225352115,290.0943396226415
2720.0704225352115,286.5566037735849
2725.3521126760565,300.70754716981133
2725.3521126760565,297.1698113207547
2725.3521126760565,293.6320754716981
2725.3521126760565,290.0943396226415
2725.3521126760565,286.5566037735849
2730.6338028169016,300.70754716981133
2730.6338028169016,297.1698113207547
2730.6338028169016,293.6320754716981
2730.6338028169016,290.0943396226415
2730.6338028169016,286.5566037735849
2730.6338028169016,283.0188679245283
2735.9154929577467,304.24528301886795
2735.9154929577467,300.70754716981133
2735.9154929577467,297.1698113207547
2735.9154929577467,293.6320754716981
2735.9154929577467,290.0943396226415
2735.9154929577467,286.5566037735849
2735.9154929577467,283.0188679245283
2741.1971830985917,304.24528301886795
2741.1971830985917,300.70754716981133
2741.1971830985917,297.1698113207547
2741.1971830985917,293.6320754716981
2741.1971830985917,290.0943396226415
2741.1971830985917,286.5566037735849
2746.478873239437,304.24528301886795
2746.478873239437,300.70754716981133
2746.478873239437,297.1698113207547
2746.478873239437,293.6320754716981
2746.478873239437,290.0943396226415
2746.478873239437,286.5566037735849
2751.760563380282,304.24528301886795
2751.760563380282,300.70754716981133
2751.760563380282,297.1698113207547
2751.760563380282,293.6320754716981
2751.760563380282,290.0943396226415
2751.760563380282,286.5566037735849
2757.042253521127,304.24528301886795
2757.042253521127,300.70754716981133
2757.042253521127,297.1698113207547
2757.042253521127,293.6320754716981
2757.042253521127,290.0943396226415
2757.042253521127,286.5566037735849
2762.323943661972,304.24528301886795
2762.323943661972,300.70754716981133
2762.323943661972,297.1698113207547
2762.323943661972,293.6320754716981
2762.323943661972,290.0943396226415
2767.605633802817,304.24528301886795
2767.605633802817,300.70754716981133
2767.605633802817,297.1698113207547
2767.605633802817,293.6320754716981
2767.605633802817,290.0943396226415
2772.887323943662,300.70754716981133
2772.887323943662,297.1698113207547
2772.887323943662,293.6320754716981
2772.887323943662,290.0943396226415
2778.169014084507,300.70754716981133
2778.169014084507,297.1698113207547
2778.169014084507,293.6320754716981
2778.169014084507,290.0943396226415
2783.450704225352,300.70754716981133
2783.450704225352,297.1698113207547
2783.450704225352,293.6320754716981
2783.450704225352,290.0943396226415
2788.7323943661972,304.24528301886795
2788.7323943661972,300.70754716981133
2788.7323943661972,297.1698113207547
2788.7323943661972,293.6320754716981
2788.7323943661972,290.0943396226415
2794.0140845070423,304.24528301886795
2794.0140845070423,300.70754716981133
2794.0140845070423,297.1698113207547
2794.0140845070423,293.6320754716981
2794.0140845070423,290.0943396226415
2799.2957746478874,304.24528301886795
2799.2957746478874,300.70754716981133
2799.2957746478874,297.1698113207547
2799.2957746478874,293.6320754716981
2799.2957746478874,290.0943396226415
2804.5774647887324,307.7830188679245
2804.5774647887324,304.24528301886795
2804.5774647887324,300.70754716981133
2804.5774647887324,297.1698113207547
2804.5774647887324,293.6320754716981
2809.8591549295775,307.7830188679245
2809.8591549295775,304.24528301886795
2809.8591549295775,300.70754716981133
2809.8591549295775,297.1698113207547
2809.8591549295775,293.6320754716981
2815.1408450704225,304.24528301886795
2815.1408450704225,300.70754716981133
2815.1408450704225,297.1698113207547
2815.1408450704225,293.6320754716981
2820.4225352112676,304.24528301886795
2820.4225352112676,300.70754716981133
2820.4225352112676,297.1698113207547
2820.4225352112676,293.6320754716981
2825.7042253521126,304.24528301886795
2825.7042253521126,300.70754716981133
2825.7042253521126,297.1698113207547
2825.7042253521126,293.6320754716981
2830.9859154929577,304.24528301886795
2830.9859154929577,300.70754716981133
2830.9859154929577,297.1698113207547
2830.9859154929577,293.6320754716981
2836.2676056338028,307.7830188679245
2836.2676056338028,304.24528301886795
2836.2676056338028,300.70754716981133
2836.2676056338028,297.1698113207547
2836.2676056338028,293.6320754716981
2841.549295774648,311.3207547169811
2841.549295774648,307.7830188679245
2841.549295774648,304.24528301886795
2841.549295774648,300.70754716981133
2841.549295774648,297.1698113207547
2841.549295774648,293.6320754716981
2846.830985915493,311.3207547169811
2846.830985915493,307.7830188679245
2846.830985915493,304.24528301886795
2846.830985915493,300.70754716981133
2846.830985915493,297.1698113207547
2846.830985915493,293.6320754716981
2852.112676056338,311.3207547169811
2852.112676056338,307.7830188679245
2852.112676056338,304.24528301886795
2852.112676056338,300.70754716981133
2852.112676056338,297.1698113207547
2852.112676056338,293.6320754716981
2857.394366197183,311.3207547169811
2857.394366197183,307.7830188679245
2857.394366197183,304.24528301886795
2857.394366197183,300.70754716981133
2857.394366197183,297.1698113207547
2857.394366197183,293.6320754716981
2862.676056338028,311.3207547169811
2862.676056338028,307.7830188679245
2862.676056338028,304.24528301886795
2862.676056338028,300.70754716981133
2862.676056338028,297.1698113207547
2862.676056338028,293.6320754716981
2867.957746478873,311.3207547169811
2867.957746478873,307.7830188679245
2867.957746478873,304.24528301886795
2867.957746478873,300.70754716981133
2867.957746478873,297.1698113207547
2873.239436619718,311.3207547169811
2873.239436619718,307.7830188679245
2873.239436619718,304.24528301886795
2873.239436619718,300.70754716981133
2873.239436619718,297.1698113207547
2878.521126760563,311.3207547169811
2878.521126760563,307.7830188679245
2878.521126760563,304.24528301886795
2878.521126760563,300.70754716981133
2878.521126760563,297.1698113207547
2883.8028169014083,311.3207547169811
2883.8028169014083,307.7830188679245
2883.8028169014083,304.24528301886795
2883.8028169014083,300.70754716981133
2883.8028169014083,297.1698113207547
2889.0845070422533,311.3207547169811
2889.0845070422533,307.7830188679245
2889.0845070422533,304.24528301886795
2889.0845070422533,300.70754716981133
2889.0845070422533,297.1698113207547
2894.3661971830984,311.3207547169811
2894.3661971830984,307.7830188679245
2894.3661971830984,304.24528301886795
2894.3661971830984,300.70754716981133
2894.3661971830984,297.1698113207547
2899.6478873239435,311.3207547169811
2899.6478873239435,307.7830188679245
2899.6478873239435,304.24528301886795
2899.6478873239435,300.70754716981133
2899.6478873239435,297.1698113207547
2904.9295774647885,311.3207547169811
2904.9295774647885,307.7830188679245
2904.9295774647885,304.24528301886795
2904.9295774647885,300.70754716981133
2904.9295774647885,297.1698113207547
2910.211267605634,311.3207547169811
2910.211267605634,307.7830188679245
2910.211267605634,304.24528301886795
2910.211267605634,300.70754716981133
2915.492957746479,311.3207547169811
2915.492957746479,307.7830188679245
2915.492957746479,304.24528301886795
2915.492957746479,300.70754716981133
2920.774647887324,311.3207547169811
2920.774647887324,307.7830188679245
2920.774647887324,304.24528301886795
2920.774647887324,300.70754716981133
2926.056338028169,311.3207547169811
2926.056338028169,307.7830188679245
2926.056338028169,304.24528301886795
2926.056338028169,300.70754716981133
2931.3380281690143,311.3207547169811
2931.3380281690143,307.7830188679245
2931.3380281690143,304.24528301886795
2931.3380281690143,300.70754716981133
2936.6197183098593,311.3207547169811
2936.6197183098593,307.7830188679245
2936.6197183098593,304.24528301886795
2936.6197183098593,300.70754716981133
2941.9014084507044,311.3207547169811
2941.9014084507044,307.7830188679245
2941.9014084507044,304.24528301886795
2941.9014084507044,300.70754716981133
2941.9014084507044,297.1698113207547
2947.1830985915494,311.3207547169811
2947.1830985915494,307.7830188679245
2947.1830985915494,304.24528301886795
2947.1830985915494,300.70754716981133
2947.1830985915494,297.1698113207547
2952.4647887323945,311.3207547169811
2952.4647887323945,307.7830188679245
2952.4647887323945,304.24528301886795
2952.4647887323945,300.70754716981133
2957.7464788732395,311.3207547169811
2957.7464788732395,307.7830188679245
2957.7464788732395,304.24528301886795
2957.7464788732395,300.70754716981133
2963.0281690140846,311.3207547169811
2963.0281690140846,307.7830188679245
2963.0281690140846,304.24528301886795
2963.0281690140846,300.70754716981133
2968.3098591549297,314.85849056603774
2968.3098591549297,311.3207547169811
2968.3098591549297,307.7830188679245
2968.3098591549297,304.24528301886795
2968.3098591549297,300.70754716981133
2973.5915492957747,314.85849056603774
2973.5915492957747,311.3207547169811
2973.5915492957747,307.7830188679245
2973.5915492957747,304.24528301886795
2973.5915492957747,300.70754716981133
2978.8732394366198,314.85849056603774
2978.8732394366198,311.3207547169811
2978.8732394366198,307.7830188679245
2978.8732394366198,304.24528301886795
2978.8732394366198,300.70754716981133
2984.154929577465,314.85849056603774
2984.154929577465,311.3207547169811
2984.154929577465,307.7830188679245
2984.154929577465,304.24528301886795
2984.154929577465,300.70754716981133
2989.43661971831,314.85849056603774
2989.43661971831,311.3207547169811
2989.43661971831,307.7830188679245
2989.43661971831,304.24528301886795
2989.43661971831,300.70754716981133
2994.718309859155,314.85849056603774
2994.718309859155,311.3207547169811
2994.718309859155,307.7830188679245
2994.718309859155,304.24528301886795
2994.718309859155,300.70754716981133
3000.0,314.85849056603774
3000.0,311.3207547169811
3000.0,307.7830188679245
3000.0,304.24528301886795
3000.0,300.70754716981133
3005.281690140845,314.85849056603774
3005.281690140845,311.3207547169811
3005.281690140845,307.7830188679245
3005.281690140845,304.24528301886795
3010.56338028169,314.85849056603774
3010.56338028169,311.3207547169811
3010.56338028169,307.7830188679245
3010.56338028169,304.24528301886795
3015.845070422535,314.85849056603774
3015.845070422535,311.3207547169811
3015.845070422535,307.7830188679245
3015.845070422535,304.24528301886795
3021.1267605633802,318.39622641509436
3021.1267605633802,314.85849056603774
3021.1267605633802,311.3207547169811
3021.1267605633802,307.7830188679245
3021.1267605633802,304.24528301886795
3026.4084507042253,318.39622641509436
3026.4084507042253,314.85849056603774
3026.4084507042253,311.3207547169811
3026.4084507042253,307.7830188679245
3026.4084507042253,304.24528301886795
3031.6901408450703,318.39622641509436
3031.6901408450703,314.85849056603774
3031.6901408450703,311.3207547169811
3031.6901408450703,307.7830188679245
3036.9718309859154,321.9339622641509
3036.9718309859154,318.39622641509436
3036.9718309859154,314.85849056603774
3036.9718309859154,311.3207547169811
3036.9718309859154,307.7830188679245
3042.2535211267605,321.9339622641509
3042.2535211267605,318.39622641509436
3042.2535211267605,314.85849056603774
3042.2535211267605,311.3207547169811
3042.2535211267605,307.7830188679245
3047.5352112676055,321.9339622641509
3047.5352112676055,318.39622641509436
3047.5352112676055,314.85849056603774
3047.5352112676055,311.3207547169811
3047.5352112676055,307.7830188679245
3052.8169014084506,321.9339622641509
3052.8169014084506,318.39622641509436
3052.8169014084506,314.85849056603774
3052.8169014084506,311.3207547169811
3052.8169014084506,307.7830188679245
3058.0985915492956,321.9339622641509
3058.0985915492956,318.39622641509436
3058.0985915492956,314.85849056603774
3058.0985915492956,311.3207547169811
3058.0985915492956,307.7830188679245
3063.3802816901407,321.9339622641509
3063.3802816901407,318.39622641509436
3063.3802816901407,314.85849056603774
3063.3802816901407,311.3207547169811
3063.3802816901407,307.7830188679245
3068.6619718309857,321.9339622641509
3068.6619718309857,318.39622641509436
3068.6619718309857,314.85849056603774
3068.6619718309857,311.3207547169811
3073.943661971831,325.47169811320754
3073.943661971831,321.9339622641509
3073.943661971831,318.39622641509436
3073.943661971831,314.85849056603774
3073.943661971831,311.3207547169811
3079.225352112676,325.47169811320754
3079.225352112676,321.9339622641509
3079.225352112676,318.39622641509436
3079.225352112676,314.85849056603774
3079.225352112676,311.3207547169811
3084.507042253521,329.00943396226415
3084.507042253521,325.47169811320754
3084.507042253521,321.9339622641509
3084.507042253521,318.39622641509436
3084.507042253521,314.85849056603774
3089.788732394366,332.54716981132077
3089.788732394366,329.00943396226415
3089.788732394366,325.47169811320754
3089.788732394366,321.9339622641509
3089.788732394366,318.39622641509436
3089.788732394366,314.85849056603774
3095.0704225352115,332.54716981132077
3095.0704225352115,329.00943396226415
3095.0704225352115,325.47169811320754
3095.0704225352115,321.9339622641509
3095.0704225352115,318.39622641509436
3095.0704225352115,314.85849056603774
3100.3521126760565,332.54716981132077
3100.3521126760565,329.00943396226415
3100.3521126760565,325.47169811320754
3100.3521126760565,321.9339622641509
3100.3521126760565,318.39622641509436
3100.3521126760565,314.85849056603774
3105.6338028169016,332.54716981132077
3105.6338028169016,329.00943396226415
3105.6338028169016,325.47169811320754
3105.6338028169016,321.9339622641509
3105.6338028169016,318.39622641509436
3105.6338028169016,314.85849056603774
3110.9154929577467,332.54716981132077
3110.9154929577467,329.00943396226415
3110.9154929577467,325.47169811320754
3110.9154929577467,321.9339622641509
3110.9154929577467,318.39622641509436
3116.1971830985917,332.54716981132077
3116.1971830985917,329.00943396226415
3116.1971830985917,325.47169811320754
3116.1971830985917,321.9339622641509
3116.1971830985917,318.39622641509436
3121.478873239437,332.54716981132077
3121.478873239437,329.00943396226415
3121.478873239437,325.47169811320754
3121.478873239437,321.9339622641509
3121.478873239437,318.39622641509436
3126.760563380282,332.54716981132077
3126.760563380282,329.00943396226415
3126.760563380282,325.47169811320754
3126.760563380282,321.9339622641509
3126.760563380282,318.39622641509436
3132.042253521127,336.08490566037733
3132.042253521127,332.54716981132077
3132.042253521127,329.00943396226415
3132.042253521127,325.47169811320754
3132.042253521127,321.9339622641509
3137.323943661972,336.08490566037733
3137.323943661972,332.54716981132077
3137.323943661972,329.00943396226415
3137.323943661972,325.47169811320754
3142.605633802817,339.62264150943395
3142.605633802817,336.08490566037733
3142.605633802817,332.54716981132077
3142.605633802817,329.00943396226415
3142.605633802817,325.47169811320754
3147.887323943662,339.62264150943395
3147.887323943662,336.08490566037733
3147.887323943662,332.54716981132077
3147.887323943662,329.00943396226415
3153.169014084507,339.62264150943395
3153.169014084507,336.08490566037733
3153.169014084507,332.54716981132077
3153.169014084507,329.00943396226415
3158.450704225352,343.16037735849056
3158.450704225352,339.62264150943395
3158.450704225352,336.08490566037733
3158.450704225352,332.54716981132077
3158.450704225352,329.00943396226415
3163.7323943661972,343.16037735849056
3163.7323943661972,339.62264150943395
3163.7323943661972,336.08490566037733
3163.7323943661972,332.54716981132077
3163.7323943661972,329.00943396226415
3169.0140845070423,346.6981132075472
3169.0140845070423,343.16037735849056
3169.0140845070423,339.62264150943395
3169.0140845070423,336.08490566037733
3169.0140845070423,332.54716981132077
3174.2957746478874,346.6981132075472
3174.2957746478874,343.16037735849056
3174.2957746478874,339.62264150943395
3174.2957746478874,336.08490566037733
3174.2957746478874,332.54716981132077
3179.5774647887324,350.2358490566038
3179.5774647887324,346.6981132075472
3179.5774647887324,343.16037735849056
3179.5774647887324,339.62264150943395
3179.5774647887324,336.08490566037733
3179.5774647887324,332.54716981132077
3184.8591549295775,353.77358490566036
3184.8591549295775,350.2358490566038
3184.8591549295775,346.6981132075472
3184.8591549295775,343.16037735849056
3184.8591549295775,339.62264150943395
3184.8591549295775,336.08490566037733
3190.1408450704225,353.77358490566036
3190.1408450704225,350.2358490566038
3190.1408450704225,346.6981132075472
3190.1408450704225,343.16037735849056
3190.1408450704225,339.62264150943395
3195.4225352112676,360.8490566037736
3195.4225352112676,357.311320754717
3195.4225352112676,353.77358490566036
3195.4225352112676,350.2358490566038
3195.4225352112676,346.6981132075472
3195.4225352112676,343.16037735849056
3200.7042253521126,364.3867924528302
3200.7042253521126,360.8490566037736
3200.7042253521126,357.311320754717
3200.7042253521126,353.77358490566036
3200.7042253521126,350.2358490566038
3200.7042253521126,346.6981132075472
3205.9859154929577,367.92452830188677
3205.9859154929577,364.3867924528302
3205.9859154929577,360.8490566037736
3205.9859154929577,357.311320754717
3205.9859154929577,353.77358490566036
3205.9859154929577,350.2358490566038
3211.2676056338028,371.4622641509434
3211.2676056338028,367.92452830188677
3211.2676056338028,364.3867924528302
3211.2676056338028,360.8490566037736
3211.2676056338028,357.311320754717
3211.2676056338028,353.77358490566036
3216.549295774648,375.0
3216.549295774648,371.4622641509434
3216.549295774648,367.92452830188677
3216.549295774648,364.3867924528302
3216.549295774648,360.8490566037736
3216.549295774648,357.311320754717
3221.830985915493,378.5377358490566
3221.830985915493,375.0
3221.830985915493,371.4622641509434
3221.830985915493,367.92452830188677
3221.830985915493,364.3867924528302
3221.830985915493,360.8490566037736
3221.830985915493,357.311320754717
3227.112676056338,382.07547169811323
3227.112676056338,378.5377358490566
3227.112676056338,375.0
3227.112676056338,371.4622641509434
3227.112676056338,367.92452830188677
3227.112676056338,364.3867924528302
3227.112676056338,360.8490566037736
3232.394366197183,385.6132075471698
3232.394366197183,382.07547169811323
3232.394366197183,378.5377358490566
3232.394366197183,375.0
3232.394366197183,371.4622641509434
3232.394366197183,367.92452830188677
3237.676056338028,389.1509433962264
3237.676056338028,385.6132075471698
3237.676056338028,382.07547169811323
3237.676056338028,378.5377358490566
3237.676056338028,375.0
3237.676056338028,371.4622641509434
3242.957746478873,396.22641509433964
3242.957746478873,392.688679245283
3242.957746478873,389.1509433962264
3242.957746478873,385.6132075471698
3242.957746478873,382.07547169811323
3242.957746478873,378.5377358490566
3242.957746478873,375.0
3248.239436619718,403.3018867924528
3248.239436619718,399.7641509433962
3248.239436619718,396.22641509433964
3248.239436619718,392.688679245283
3248.239436619718,389.1509433962264
3248.239436619718,385.6132075471698
3248.239436619718,382.07547169811323
3248.239436619718,378.5377358490566
3253.521126760563,410.37735849056605
3253.521126760563,406.83962264150944
3253.521126760563,403.3018867924528
3253.521126760563,399.7641509433962
3253.521126760563,396.22641509433964
3253.521126760563,392.688679245283
3253.521126760563,389.1509433962264
3253.521126760563,385.6132075471698
3253.521126760563,382.07547169811323
3258.8028169014083,417.45283018867923
3258.8028169014083,413.91509433962267
3258.8028169014083,410.37735849056605
3258.8028169014083,406.83962264150944
3258.8028169014083,403.3018867924528
3258.8028169014083,399.7641509433962
3258.8028169014083,396.22641509433964
3258.8028169014083,392.688679245283
3258.8028169014083,389.1509433962264
3264.0845070422533,424.52830188679246
3264.0845070422533,420.99056603773585
3264.0845070422533,417.45283018867923
3264.0845070422533,413.91509433962267
3264.0845070422533,410.37735849056605
3264.0845070422533,406.83962264150944
3264.0845070422533,403.3018867924528
3264.0845070422533,399.7641509433962
3264.0845070422533,396.22641509433964
3264.0845070422533,392.688679245283
3269.3661971830984,435.14150943396226
3269.3661971830984,431.60377358490564
3269.3661971830984,428.0660377358491
3269.3661971830984,424.52830188679246
3269.3661971830984,420.99056603773585
3269.3661971830984,417.45283018867923
3269.3661971830984,413.91509433962267
3269.3661971830984,410.37735849056605
3269.3661971830984,406.83962264150944
3269.3661971830984,403.3018867924528
3274.6478873239435,449.29245283018867
3274.6478873239435,445.75471698113205
3274.6478873239435,442.2169811320755
3274.6478873239435,438.6792452830189
3274.6478873239435,435.14150943396226
3274.6478873239435,431.60377358490564
3274.6478873239435,428.0660377358491
3274.6478873239435,424.52830188679246
3274.6478873239435,420.99056603773585
3274.6478873239435,417.45283018867923
3274.6478873239435,413.91509433962267
3274.6478873239435,410.37735849056605
3274.6478873239435,406.83962264150944
3279.9295774647885,459.9056603773585
3279.9295774647885,456.3679245283019
3279.9295774647885,452.8301886792453
3279.9295774647885,449.29245283018867
3279.9295774647885,445.75471698113205
3279.9295774647885,442.2169811320755
3279.9295774647885,438.6792452830189
3279.9295774647885,435.14150943396226
3279.9295774647885,431.60377358490564
3279.9295774647885,428.0660377358491
3279.9295774647885,424.52830188679246
3279.9295774647885,420.99056603773585
3279.9295774647885,417.45283018867923
3285.211267605634,474.0566037735849
3285.211267605634,470.5188679245283
3285.211267605634,466.9811320754717
3285.211267605634,463.4433962264151
3285.211267605634,459.9056603773585
3285.211267605634,456.3679245283019
3285.211267605634,452.8301886792453
3285.211267605634,449.29245283018867
3285.211267605634,445.75471698113205
3285.211267605634,442.2169811320755
3285.211267605634,438.6792452830189
3285.211267605634,435.14150943396226
3285.211267605634,431.60377358490564
3285.211267605634,428.0660377358491
3285.211267605634,424.52830188679246
3290.492957746479,491.74528301886795
3290.492957746479,488.20754716981133
3290.492957746479,484.6698113207547
3290.492957746479,481.1320754716981
3290.492957746479,477.5943396226415
3290.492957746479,474.0566037735849
3290.492957746479,470.5188679245283
3290.492957746479,466.9811320754717
3290.492957746479,463.4433962264151
3290.492957746479,459.9056603773585
3290.492957746479,456.3679245283019
3290.492957746479,452.8301886792453
3290.492957746479,449.29245283018867
3290.492957746479,445.75471698113205
3290.492957746479,442.2169811320755
3290.492957746479,438.6792452830189
3290.492957746479,435.14150943396226
3295.774647887324,505.89622641509436
3295.774647887324,502.35849056603774
3295.774647887324,498.8207547169811
3295.774647887324,495.2830188679245
3295.774647887324,491.74528301886795
3295.774647887324,488.20754716981133
3295.774647887324,484.6698113207547
3295.774647887324,481.1320754716981
3295.774647887324,477.5943396226415
3295.774647887324,474.0566037735849
3295.774647887324,470.5188679245283
3295.774647887324,466.9811320754717
3295.774647887324,463.4433962264151
3295.774647887324,459.9056603773585
3295.774647887324,456.3679245283019
3295.774647887324,452.8301886792453
3301.056338028169,520.0471698113207
3301.056338028169,516.5094339622641
3301.056338028169,512.9716981132076
3301.056338028169,509.4339622641509
3301.056338028169,505.89622641509436
3301.056338028169,502.35849056603774
3301.056338028169,498.8207547169811
3301.056338028169,495.2830188679245
3301.056338028169,491.74528301886795
3301.056338028169,488.20754716981133
3301.056338028169,484.6698113207547
3301.056338028169,481.1320754716981
3301.056338028169,477.5943396226415
3301.056338028169,474.0566037735849
3301.056338028169,470.5188679245283
3301.056338028169,466.9811320754717
3301.056338028169,463.4433962264151
3301.056338028169,459.9056603773585
3306.3380281690143,527.122641509434
3306.3380281690143,523.5849056603773
3306.3380281690143,520.0471698113207
3306.3380281690143,516.5094339622641
3306.3380281690143,512.9716981132076
3306.3380281690143,509.4339622641509
3306.3380281690143,505.89622641509436
3306.3380281690143,502.35849056603774
3306.3380281690143,498.8207547169811
3306.3380281690143,495.2830188679245
3306.3380281690143,491.74528301886795
3306.3380281690143,488.20754716981133
3306.3380281690143,484.6698113207547
3306.3380281690143,481.1320754716981
3306.3380281690143,477.5943396226415
3306.3380281690143,474.0566037735849
3311.6197183098593,537.7358490566038
3311.6197183098593,534.1981132075472
3311.6197183098593,530.6603773584906
3311.6197183098593,527.122641509434
3311.6197183098593,523.5849056603773
3311.6197183098593,520.0471698113207
3311.6197183098593,516.5094339622641
3311.6197183098593,512.9716981132076
3311.6197183098593,509.4339622641509
3311.6197183098593,505.89622641509436
3311.6197183098593,502.35849056603774
3311.6197183098593,498.8207547169811
3311.6197183098593,495.2830188679245
3311.6197183098593,491.74528301886795
3316.9014084507044,544.811320754717
3316.9014084507044,541.2735849056604
3316.9014084507044,537.7358490566038
3316.9014084507044,534.1981132075472
3316.9014084507044,530.6603773584906
3316.9014084507044,527.122641509434
3316.9014084507044,523.5849056603773
3316.9014084507044,520.0471698113207
3316.9014084507044,516.5094339622641
3316.9014084507044,512.9716981132076
3316.9014084507044,509.4339622641509
3316.9014084507044,505.89622641509436
3322.1830985915494,555.4245283018868
3322.1830985915494,551.8867924528302
3322.1830985915494,548.3490566037735
3322.1830985915494,544.811320754717
3322.1830985915494,541.2735849056604
3322.1830985915494,537.7358490566038
3322.1830985915494,534.1981132075472
3322.1830985915494,530.6603773584906
3322.1830985915494,527.122641509434
3322.1830985915494,523.5849056603773
3322.1830985915494,520.0471698113207
3327.4647887323945,566.0377358490566
3327.4647887323945,562.5
3327.4647887323945,558.9622641509434
3327.4647887323945,555.4245283018868
3327.4647887323945,551.8867924528302
3327.4647887323945,548.3490566037735
3327.4647887323945,544.811320754717
3327.4647887323945,541.2735849056604
3327.4647887323945,537.7358490566038
3327.4647887323945,534.1981132075472
3327.4647887323945,530.6603773584906
3327.4647887323945,527.122641509434
3332.7464788732395,580.188679245283
3332.7464788732395,576.6509433962265
3332.7464788732395,573.1132075471698
3332.7464788732395,569.5754716981132
3332.7464788732395,566.0377358490566
3332.7464788732395,562.5
3332.7464788732395,558.9622641509434
3332.7464788732395,555.4245283018868
3332.7464788732395,551.8867924528302
3332.7464788732395,548.3490566037735
3332.7464788732395,544.811320754717
3332.7464788732395,541.2735849056604
3332.7464788732395,537.7358490566038
3338.0281690140846,597.877358490566
3338.0281690140846,594.3396226415094
3338.0281690140846,590.8018867924528
3338.0281690140846,587.2641509433962
3338.0281690140846,583.7264150943396
3338.0281690140846,580.188679245283
3338.0281690140846,576.6509433962265
3338.0281690140846,573.1132075471698
3338.0281690140846,569.5754716981132
3338.0281690140846,566.0377358490566
3338.0281690140846,562.5
3338.0281690140846,558.9622641509434
3338.0281690140846,555.4245283018868
3338.0281690140846,551.8867924528302
3338.0281690140846,548.3490566037735
3343.3098591549297,612.0283018867924
3343.3098591549297,608.4905660377359
3343.3098591549297,604.9528301886793
3343.3098591549297,601.4150943396227
3343.3098591549297,597.877358490566
3343.3098591549297,594.3396226415094
3343.3098591549297,590.8018867924528
3343.3098591549297,587.2641509433962
3343.3098591549297,583.7264150943396
3343.3098591549297,580.188679245283
3343.3098591549297,576.6509433962265
3343.3098591549297,573.1132075471698
3343.3098591549297,569.5754716981132
3343.3098591549297,566.0377358490566
3343.3098591549297,562.5
3343.3098591549297,558.9622641509434
3343.3098591549297,555.4245283018868
3348.5915492957747,640.3301886792453
3348.5915492957747,636.7924528301887
3348.5915492957747,633.2547169811321
3348.5915492957747,629.7169811320755
3348.5915492957747,626.1792452830189
3348.5915492957747,622.6415094339623
3348.5915492957747,619.1037735849056
3348.5915492957747,615.566037735849
3348.5915492957747,612.0283018867924
3348.5915492957747,608.4905660377359
3348.5915492957747,604.9528301886793
3348.5915492957747,601.4150943396227
3348.5915492957747,597.877358490566
3348.5915492957747,594.3396226415094
3348.5915492957747,590.8018867924528
3348.5915492957747,587.2641509433962
3348.5915492957747,583.7264150943396
3348.5915492957747,580.188679245283
3348.5915492957747,576.6509433962265
3348.5915492957747,573.1132075471698
3348.5915492957747,569.5754716981132
3353.8732394366198,672.1698113207547
3353.8732394366198,668.6320754716982
3353.8732394366198,665.0943396226415
3353.8732394366198,661.5566037735849
3353.8732394366198,658.0188679245283
3353.8732394366198,654.4811320754717
3353.8732394366198,650.9433962264151
3353.8732394366198,647.4056603773585
3353.8732394366198,643.8679245283018
3353.8732394366198,640.3301886792453
3353.8732394366198,636.7924528301887
3353.8732394366198,633.2547169811321
3353.8732394366198,629.7169811320755
3353.8732394366198,626.1792452830189
3353.8732394366198,622.6415094339623
3353.8732394366198,619.1037735849056
3353.8732394366198,615.566037735849
3353.8732394366198,612.0283018867924
3353.8732394366198,608.4905660377359
3353.8732394366198,604.9528301886793
3353.8732394366198,601.4150943396227
3353.8732394366198,597.877358490566
3353.8732394366198,594.3396226415094
3353.8732394366198,590.8018867924528
3353.8732394366198,587.2641509433962
3353.8732394366198,583.7264150943396
3353.8732394366198,580.188679245283
3353.8732394366198,576.6509433962265
3359.154929577465,700.4716981132076
3359.154929577465,696.933962264151
3359.154929577465,693.3962264150944
3359.154929577465,689.8584905660377
3359.154929577465,686.3207547169811
3359.154929577465,682.7830188679245
3359.154929577465,679.2452830188679
3359.154929577465,675.7075471698113
3359.154929577465,672.1698113207547
3359.154929577465,668.6320754716982
3359.154929577465,665.0943396226415
3359.154929577465,661.5566037735849
3359.154929577465,658.0188679245283
3359.154929577465,654.4811320754717
3359.154929577465,650.9433962264151
3359.154929577465,647.4056603773585
3359.154929577465,643.8679245283018
3359.154929577465,640.3301886792453
3359.154929577465,636.7924528301887
3359.154929577465,633.2547169811321
3359.154929577465,629.7169811320755
3359.154929577465,626.1792452830189
3359.154929577465,622.6415094339623
3359.154929577465,619.1037735849056
3359.154929577465,615.566037735849
3359.154929577465,612.0283018867924
3359.154929577465,608.4905660377359
3359.154929577465,604.9528301886793
3359.154929577465,601.4150943396227
3359.154929577465,597.877358490566
3364.43661971831,735.8490566037735
3364.43661971831,732.311320754717
3364.43661971831,728.7735849056604
3364.43661971831,725.2358490566038
3364.43661971831,721.6981132075472
3364.43661971831,718.1603773584906
3364.43661971831,714.622641509434
3364.43661971831,711.0849056603773
3364.43661971831,707.5471698113207
3364.43661971831,704.0094339622641
3364.43661971831,700.4716981132076
3364.43661971831,696.933962264151
3364.43661971831,693.3962264150944
3364.43661971831,689.8584905660377
3364.43661971831,686.3207547169811
3364.43661971831,682.7830188679245
3364.43661971831,679.2452830188679
3364.43661971831,675.7075471698113
3364.43661971831,672.1698113207547
3364.43661971831,668.6320754716982
3364.43661971831,665.0943396226415
3364.43661971831,661.5566037735849
3364.43661971831,658.0188679245283
3364.43661971831,654.4811320754717
3364.43661971831,650.9433962264151
3364.43661971831,647.4056603773585
3364.43661971831,643.8679245283018
3364.43661971831,640.3301886792453
3364.43661971831,636.7924528301887
3364.43661971831,633.2547169811321
3364.43661971831,629.7169811320755
3364.43661971831,626.1792452830189
3364.43661971831,622.6415094339623
3364.43661971831,619.1037735849056
3364.43661971831,615.566037735849
3369.718309859155,778.3018867924528
3369.718309859155,774.7641509433962
3369.718309859155,771.2264150943396
3369.718309859155,767.688679245283
3369.718309859155,764.1509433962265
3369.718309859155,760.6132075471698
3369.718309859155,757.0754716981132
3369.718309859155,753.5377358490566
3369.718309859155,750.0
3369.718309859155,746.4622641509434
3369.718309859155,742.9245283018868
3369.718309859155,739.3867924528302
3369.718309859155,735.8490566037735
3369.718309859155,732.311320754717
3369.718309859155,728.7735849056604
3369.718309859155,725.2358490566038
3369.718309859155,721.6981132075472
3369.718309859155,718.1603773584906
3369.718309859155,714.622641509434
3369.718309859155,711.0849056603773
3369.718309859155,707.5471698113207
3369.718309859155,704.0094339622641
3369.718309859155,700.4716981132076
3369.718309859155,696.933962264151
3369.718309859155,693.3962264150944
3369.718309859155,689.8584905660377
3369.718309859155,686.3207547169811
3369.718309859155,682.7830188679245
3369.718309859155,679.2452830188679
3369.718309859155,675.7075471698113
3369.718309859155,672.1698113207547
3369.718309859155,668.6320754716982
3369.718309859155,665.0943396226415
3369.718309859155,661.5566037735849
3369.718309859155,658.0188679245283
3369.718309859155,654.4811320754717
3369.718309859155,650.9433962264151
3369.718309859155,647.4056603773585
3369.718309859155,643.8679245283018
3369.718309859155,640.3301886792453
3375.0,841.9811320754717
3375.0,838.4433962264151
3375.0,834.9056603773585
3375.0,831.3679245283018
3375.0,827.8301886792453
3375.0,824.2924528301887
3375.0,820.7547169811321
3375.0,817.2169811320755
3375.0,813.6792452830189
3375.0,810.1415094339623
3375.0,806.6037735849056
3375.0,803.066037735849
3375.0,799.5283018867924
3375.0,795.9905660377359
3375.0,792.4528301886793
3375.0,788.9150943396227
3375.0,785.377358490566
3375.0,781.8396226415094
3375.0,778.3018867924528
3375.0,774.7641509433962
3375.0,771.2264150943396
3375.0,767.688679245283
3375.0,764.1509433962265
3375.0,760.6132075471698
3375.0,757.0754716981132
3375.0,753.5377358490566
3375.0,750.0
3375.0,746.4622641509434
3375.0,742.9245283018868
3375.0,739.3867924528302
3375.0,735.8490566037735
3375.0,732.311320754717
3375.0,728.7735849056604
3375.0,725.2358490566038
3375.0,721.6981132075472
3375.0,718.1603773584906
3375.0,714.622641509434
3375.0,711.0849056603773
3375.0,707.5471698113207
3375.0,704.0094339622641
3375.0,700.4716981132076
3375.0,696.933962264151
3375.0,693.3962264150944
3375.0,689.8584905660377
3375.0,686.3207547169811
3375.0,682.7830188679245
3375.0,679.2452830188679
3375.0,675.7075471698113
3375.0,672.1698113207547
3380.281690140845,912.7358490566038
3380.281690140845,909.1981132075472
3380.281690140845,905.6603773584906
3380.281690140845,902.122641509434
3380.281690140845,898.5849056603773
3380.281690140845,895.0471698113207
3380.281690140845,891.5094339622641
3380.281690140845,887.9716981132076
3380.281690140845,884.433962264151
3380.281690140845,880.8962264150944
3380.281690140845,877.3584905660377
3380.281690140845,873.8207547169811
3380.281690140845,870.2830188679245
3380.281690140845,866.7452830188679
3380.281690140845,863.2075471698113
3380.281690140845,859.6698113207547
3380.281690140845,856.1320754716982
3380.281690140845,852.5943396226415
3380.281690140845,849.0566037735849
3380.281690140845,845.5188679245283
3380.281690140845,841.9811320754717
3380.281690140845,838.4433962264151
3380.281690140845,834.9056603773585
3380.281690140845,831.3679245283018
3380.281690140845,827.8301886792453
3380.281690140845,824.2924528301887
3380.281690140845,820.7547169811321
3380.281690140845,817.2169811320755
3380.281690140845,813.6792452830189
3380.281690140845,810.1415094339623
3380.281690140845,806.6037735849056
3380.281690140845,803.066037735849
3380.281690140845,799.5283018867924
3380.281690140845,795.9905660377359
3380.281690140845,792.4528301886793
3380.281690140845,788.9150943396227
3380.281690140845,785.377358490566
3380.281690140845,781.8396226415094
3380.281690140845,778.3018867924528
3380.281690140845,774.7641509433962
3380.281690140845,771.2264150943396
3380.281690140845,767.688679245283
3380.281690140845,764.1509433962265
3380.281690140845,760.6132075471698
3380.281690140845,757.0754716981132
3380.281690140845,753.5377358490566
3380.281690140845,750.0
3380.281690140845,746.4622641509434
3380.281690140845,742.9245283018868
3380.281690140845,739.3867924528302
3380.281690140845,735.8490566037735
3380.281690140845,732.311320754717
3380.281690140845,728.7735849056604
3380.281690140845,725.2358490566038
3380.281690140845,721.6981132075472
3380.281690140845,718.1603773584906
3380.281690140845,714.622641509434
3380.281690140845,711.0849056603773
3380.281690140845,707.5471698113207
3380.281690140845,704.0094339622641
3385.56338028169,994.1037735849056
3385.56338028169,990.566037735849
3385.56338028169,987.0283018867924
3385.56338028169,983.4905660377359
3385.56338028169,979.9528301886793
3385.56338028169,976.4150943396227
3385.56338028169,972.877358490566
3385.56338028169,969.3396226415094
3385.56338028169,965.8018867924528
3385.56338028169,962.2641509433962
3385.56338028169,958.7264150943396
3385.56338028169,955.188679245283
3385.56338028169,951.6509433962265
3385.56338028169,948.1132075471698
3385.56338028169,944.5754716981132
3385.56338028169,941.0377358490566
3385.56338028169,937.5
3385.56338028169,933.9622641509434
3385.56338028169,930.4245283018868
3385.56338028169,926.8867924528302
3385.56338028169,923.3490566037735
3385.56338028169,919.811320754717
3385.56338028169,916.2735849056604
3385.56338028169,912.7358490566038
3385.56338028169,909.1981132075472
3385.56338028169,905.6603773584906
3385.56338028169,902.122641509434
3385.56338028169,898.5849056603773
3385.56338028169,895.0471698113207
3385.56338028169,891.5094339622641
3385.56338028169,887.9716981132076
3385.56338028169,884.433962264151
3385.56338028169,880.8962264150944
3385.56338028169,877.3584905660377
3385.56338028169,873.8207547169811
3385.56338028169,870.2830188679245
3385.56338028169,866.7452830188679
3385.56338028169,863.2075471698113
3385.56338028169,859.6698113207547
3385.56338028169,856.1320754716982
3385.56338028169,852.5943396226415
3385.56338028169,849.0566037735849
3385.56338028169,845.5188679245283
3385.56338028169,841.9811320754717
3385.56338028169,838.4433962264151
3385.56338028169,834.9056603773585
3385.56338028169,831.3679245283018
3385.56338028169,827.8301886792453
3385.56338028169,824.2924528301887
3385.56338028169,820.7547169811321
3385.56338028169,817.2169811320755
3385.56338028169,813.6792452830189
3385.56338028169,810.1415094339623
3385.56338028169,806.6037735849056
3385.56338028169,803.066037735849
3385.56338028169,799.5283018867924
3385.56338028169,795.9905660377359
3385.56338028169,792.4528301886793
3385.56338028169,788.9150943396227
3385.56338028169,785.377358490566
3385.56338028169,781.8396226415094
3385.56338028169,778.3018867924528
3385.56338028169,774.7641509433962
3385.56338028169,771.2264150943396
3385.56338028169,767.688679245283
3385.56338028169,764.1509433962265
3385.56338028169,760.6132075471698
3385.56338028169,757.0754716981132
3385.56338028169,753.5377358490566
3385.56338028169,750.0
3385.56338028169,746.4622641509434
3385.56338028169,742.9245283018868
3385.56338028169,739.3867924528302
3385.56338028169,735.8490566037735
3390.845070422535,1064.8584905660377
3390.845070422535,1061.3207547169811
3390.845070422535,1057.7830188679245
3390.845070422535,1054.245283018868
3390.845070422535,1050.7075471698113
3390.845070422535,1047.1698113207547
3390.845070422535,1043.632075471698
3390.845070422535,1040.0943396226414
3390.845070422535,1036.5566037735848
3390.845070422535,1033.0188679245282
3390.845070422535,1029.4811320754718
3390.845070422535,1025.9433962264152
3390.845070422535,1022.4056603773585
3390.845070422535,1018.8679245283018
3390.845070422535,1015.3301886792453
3390.845070422535,1011.7924528301887
3390.845070422535,1008.2547169811321
3390.845070422535,1004.7169811320755
3390.845070422535,1001.1792452830189
3390.845070422535,997.6415094339623
3390.845070422535,994.1037735849056
3390.845070422535,990.566037735849
3390.845070422535,987.0283018867924
3390.845070422535,983.4905660377359
3390.845070422535,979.9528301886793
3390.845070422535,976.4150943396227
3390.845070422535,972.877358490566
3390.845070422535,969.3396226415094
3390.845070422535,965.8018867924528
3390.845070422535,962.2641509433962
3390.845070422535,958.7264150943396
3390.845070422535,955.188679245283
3390.845070422535,951.6509433962265
3390.845070422535,948.1132075471698
3390.845070422535,944.5754716981132
3390.845070422535,941.0377358490566
3390.845070422535,937.5
3390.845070422535,933.9622641509434
3390.845070422535,930.4245283018868
3390.845070422535,926.8867924528302
3390.845070422535,923.3490566037735
3390.845070422535,919.811320754717
3390.845070422535,916.2735849056604
3390.845070422535,912.7358490566038
3390.845070422535,909.1981132075472
3390.845070422535,905.6603773584906
3390.845070422535,902.122641509434
3390.845070422535,898.5849056603773
3390.845070422535,895.0471698113207
3390.845070422535,891.5094339622641
3390.845070422535,887.9716981132076
3390.845070422535,884.433962264151
3390.845070422535,880.8962264150944
3390.845070422535,877.3584905660377
3390.845070422535,873.8207547169811
3390.845070422535,870.2830188679245
3390.845070422535,866.7452830188679
3390.845070422535,863.2075471698113
3390.845070422535,859.6698113207547
3390.845070422535,856.1320754716982
3390.845070422535,852.5943396226415
3390.845070422535,849.0566037735849
3390.845070422535,845.5188679245283
3390.845070422535,841.9811320754717
3390.845070422535,838.4433962264151
3390.845070422535,834.9056603773585
3390.845070422535,831.3679245283018
3390.845070422535,827.8301886792453
3390.845070422535,824.2924528301887
3390.845070422535,820.7547169811321
3390.845070422535,817.2169811320755
3390.845070422535,813.6792452830189
3390.845070422535,810.1415094339623
3390.845070422535,806.6037735849056
3390.845070422535,803.066037735849
3390.845070422535,799.5283018867924
3390.845070422535,795.9905660377359
3390.845070422535,792.4528301886793
3390.845070422535,788.9150943396227
3390.845070422535,785.377358490566
3390.845070422535,781.8396226415094
3390.845070422535,778.3018867924528
3396.1267605633802,1153.301886792453
3396.1267605633802,1149.7641509433963
3396.1267605633802,1146.2264150943397
3396.1267605633802,1142.688679245283
3396.1267605633802,1139.1509433962265
3396.1267605633802,1135.6132075471698
3396.1267605633802,1132.0754716981132
3396.1267605633802,1128.5377358490566
3396.1267605633802,1125.0
3396.1267605633802,1121.4622641509434
3396.1267605633802,1117.9245283018868
3396.1267605633802,1114.3867924528302
3396.1267605633802,1110.8490566037735
3396.1267605633802,1107.311320754717
3396.1267605633802,1103.7735849056603
3396.1267605633802,1100.2358490566037
3396.1267605633802,1096.698113207547
3396.1267605633802,1093.1603773584907
3396.1267605633802,1089.622641509434
3396.1267605633802,1086.0849056603774
3396.1267605633802,1082.5471698113208
3396.1267605633802,1079.0094339622642
3396.1267605633802,1075.4716981132076
3396.1267605633802,1071.933962264151
3396.1267605633802,1068.3962264150944
3396.1267605633802,1064.8584905660377
3396.1267605633802,1061.3207547169811
3396.1267605633802,1057.7830188679245
3396.1267605633802,1054.245283018868
3396.1267605633802,1050.7075471698113
3396.1267605633802,1047.1698113207547
3396.1267605633802,1043.632075471698
3396.1267605633802,1040.0943396226414
3396.1267605633802,1036.5566037735848
3396.1267605633802,1033.0188679245282
3396.1267605633802,1029.4811320754718
3396.1267605633802,1025.9433962264152
3396.1267605633802,1022.4056603773585
3396.1267605633802,1018.8679245283018
3396.1267605633802,1015.3301886792453
3396.1267605633802,1011.7924528301887
3396.1267605633802,1008.2547169811321
3396.1267605633802,1004.7169811320755
3396.1267605633802,1001.1792452830189
3396.1267605633802,997.6415094339623
3396.1267605633802,994.1037735849056
3396.1267605633802,990.566037735849
3396.1267605633802,987.0283018867924
3396.1267605633802,983.4905660377359
3396.1267605633802,979.9528301886793
3396.1267605633802,976.4150943396227
3396.1267605633802,972.877358490566
3396.1267605633802,969.3396226415094
3396.1267605633802,965.8018867924528
3396.1267605633802,962.2641509433962
3396.1267605633802,958.7264150943396
3396.1267605633802,955.188679245283
3396.1267605633802,951.6509433962265
3396.1267605633802,948.1132075471698
3396.1267605633802,944.5754716981132
3396.1267605633802,941.0377358490566
3396.1267605633802,937.5
3396.1267605633802,933.9622641509434
3396.1267605633802,930.4245283018868
3396.1267605633802,926.8867924528302
3396.1267605633802,923.3490566037735
3396.1267605633802,919.811320754717
3396.1267605633802,916.2735849056604
3396.1267605633802,912.7358490566038
3396.1267605633802,909.1981132075472
3396.1267605633802,905.6603773584906
3396.1267605633802,902.122641509434
3396.1267605633802,898.5849056603773
3396.1267605633802,895.0471698113207
3396.1267605633802,891.5094339622641
3396.1267605633802,887.9716981132076
3396.1267605633802,884.433962264151
3396.1267605633802,880.8962264150944
3396.1267605633802,877.3584905660377
3396.1267605633802,873.8207547169811
3396.1267605633802,870.2830188679245
3396.1267605633802,866.7452830188679
3396.1267605633802,863.2075471698113
3396.1267605633802,859.6698113207547
3396.1267605633802,856.1320754716982
3396.1267605633802,852.5943396226415
3396.1267605633802,849.0566037735849
3396.1267605633802,845.5188679245283
3396.1267605633802,841.9811320754717
3401.4084507042253,1213.4433962264152
3401.4084507042253,1209.9056603773586
3401.4084507042253,1206.367924528302
3401.4084507042253,1202.8301886792453
3401.4084507042253,1199.2924528301887
3401.4084507042253,1195.754716981132
3401.4084507042253,1192.2169811320755
3401.4084507042253,1188.6792452830189
3401.4084507042253,1185.1415094339623
3401.4084507042253,1181.6037735849056
3401.4084507042253,1178.066037735849
3401.4084507042253,1174.5283018867924
3401.4084507042253,1170.9905660377358
3401.4084507042253,1167.4528301886792
3401.4084507042253,1163.9150943396226
3401.4084507042253,1160.377358490566
3401.4084507042253,1156.8396226415093
3401.4084507042253,1153.301886792453
3401.4084507042253,1149.7641509433963
3401.4084507042253,1146.2264150943397
3401.4084507042253,1142.688679245283
3401.4084507042253,1139.1509433962265
3401.4084507042253,1135.6132075471698
3401.4084507042253,1132.0754716981132
3401.4084507042253,1128.5377358490566
3401.4084507042253,1125.0
3401.4084507042253,1121.4622641509434
3401.4084507042253,1117.9245283018868
3401.4084507042253,1114.3867924528302
3401.4084507042253,1110.8490566037735
3401.4084507042253,1107.311320754717
3401.4084507042253,1103.7735849056603
3401.4084507042253,1100.2358490566037
3401.4084507042253,1096.698113207547
3401.4084507042253,1093.1603773584907
3401.4084507042253,1089.622641509434
3401.4084507042253,1086.0849056603774
3401.4084507042253,1082.5471698113208
3401.4084507042253,1079.0094339622642
3401.4084507042253,1075.4716981132076
3401.4084507042253,1071.933962264151
3401.4084507042253,1068.3962264150944
3401.4084507042253,1064.8584905660377
3401.4084507042253,1061.3207547169811
3401.4084507042253,1057.7830188679245
3401.4084507042253,1054.245283018868
3401.4084507042253,1050.7075471698113
3401.4084507042253,1047.1698113207547
3401.4084507042253,1043.632075471698
3401.4084507042253,1040.0943396226414
3401.4084507042253,1036.5566037735848
3401.4084507042253,1033.0188679245282
3401.4084507042253,1029.4811320754718
3401.4084507042253,1025.9433962264152
3401.4084507042253,1022.4056603773585
3401.4084507042253,1018.8679245283018
3401.4084507042253,1015.3301886792453
3401.4084507042253,1011.7924528301887
3401.4084507042253,1008.2547169811321
3401.4084507042253,1004.7169811320755
3401.4084507042253,1001.1792452830189
3401.4084507042253,997.6415094339623
3401.4084507042253,994.1037735849056
3401.4084507042253,990.566037735849
3401.4084507042253,987.0283018867924
3401.4084507042253,983.4905660377359
3401.4084507042253,979.9528301886793
3401.4084507042253,976.4150943396227
3401.4084507042253,972.877358490566
3401.4084507042253,969.3396226415094
3401.4084507042253,965.8018867924528
3401.4084507042253,962.2641509433962
3401.4084507042253,958.7264150943396
3401.4084507042253,955.188679245283
3401.4084507042253,951.6509433962265
3401.4084507042253,948.1132075471698
3401.4084507042253,944.5754716981132
3401.4084507042253,941.0377358490566
3401.4084507042253,937.5
3401.4084507042253,933.9622641509434
3401.4084507042253,930.4245283018868
3401.4084507042253,926.8867924528302
3401.4084507042253,923.3490566037735
3401.4084507042253,919.811320754717
3401.4084507042253,916.2735849056604
3401.4084507042253,912.7358490566038
3406.6901408450703,1216.9811320754718
3406.6901408450703,1213.4433962264152
3406.6901408450703,1209.9056603773586
3406.6901408450703,1206.367924528302
3406.6901408450703,1202.8301886792453
3406.6901408450703,1199.2924528301887
3406.6901408450703,1195.754716981132
3406.6901408450703,1192.2169811320755
3406.6901408450703,1188.6792452830189
3406.6901408450703,1185.1415094339623
3406.6901408450703,1181.6037735849056
3406.6901408450703,1178.066037735849
3406.6901408450703,1174.5283018867924
3406.6901408450703,1170.9905660377358
3406.6901408450703,1167.4528301886792
3406.6901408450703,1163.9150943396226
3406.6901408450703,1160.377358490566
3406.6901408450703,1156.8396226415093
3406.6901408450703,1153.301886792453
3406.6901408450703,1149.7641509433963
3406.6901408450703,1146.2264150943397
3406.6901408450703,1142.688679245283
3406.6901408450703,1139.1509433962265
3406.6901408450703,1135.6132075471698
3406.6901408450703,1132.0754716981132
3406.6901408450703,1128.5377358490566
3406.6901408450703,1125.0
3406.6901408450703,1121.4622641509434
3406.6901408450703,1117.9245283018868
3406.6901408450703,1114.3867924528302
3406.6901408450703,1110.8490566037735
3406.6901408450703,1107.311320754717
3406.6901408450703,1103.7735849056603
3406.6901408450703,1100.2358490566037
3406.6901408450703,1096.698113207547
3406.6901408450703,1093.1603773584907
3406.6901408450703,1089.622641509434
3406.6901408450703,1086.0849056603774
3406.6901408450703,1082.5471698113208
3406.6901408450703,1079.0094339622642
3406.6901408450703,1075.4716981132076
3406.6901408450703,1071.933962264151
3406.6901408450703,1068.3962264150944
3406.6901408450703,1064.8584905660377
3406.6901408450703,1061.3207547169811
3406.6901408450703,1057.7830188679245
3406.6901408450703,1054.245283018868
3406.6901408450703,1050.7075471698113
3406.6901408450703,1047.1698113207547
3406.6901408450703,1043.632075471698
3406.6901408450703,1040.0943396226414
3406.6901408450703,1036.5566037735848
3406.6901408450703,1033.0188679245282
3406.6901408450703,1029.4811320754718
3406.6901408450703,1025.9433962264152
3406.6901408450703,1022.4056603773585
3406.6901408450703,1018.8679245283018
3406.6901408450703,1015.3301886792453
3406.6901408450703,1011.7924528301887
3406.6901408450703,1008.2547169811321
3406.6901408450703,1004.7169811320755
3406.6901408450703,1001.1792452830189
3406.6901408450703,997.6415094339623
3406.6901408450703,994.1037735849056
3406.6901408450703,990.566037735849
3406.6901408450703,987.0283018867924
3406.6901408450703,983.4905660377359
3406.6901408450703,979.9528301886793
3406.6901408450703,976.4150943396227
3406.6901408450703,972.877358490566
3406.6901408450703,969.3396226415094
3406.6901408450703,965.8018867924528
3406.6901408450703,962.2641509433962
3406.6901408450703,958.7264150943396
3406.6901408450703,955.188679245283
3406.6901408450703,951.6509433962265
3406.6901408450703,948.1132075471698
3406.6901408450703,944.5754716981132
3406.6901408450703,941.0377358490566
3406.6901408450703,937.5
3406.6901408450703,933.9622641509434
3406.6901408450703,930.4245283018868
3406.6901408450703,926.8867924528302
3411.9718309859154,1216.9811320754718
3411.9718309859154,1213.4433962264152
3411.9718309859154,1209.9056603773586
3411.9718309859154,1206.367924528302
3411.9718309859154,1202.8301886792453
3411.9718309859154,1199.2924528301887
3411.9718309859154,1195.754716981132
3411.9718309859154,1192.2169811320755
3411.9718309859154,1188.6792452830189
3411.9718309859154,1185.1415094339623
3411.9718309859154,1181.6037735849056
3411.9718309859154,1178.066037735849
3411.9718309859154,1174.5283018867924
3411.9718309859154,1170.9905660377358
3411.9718309859154,1167.4528301886792
3411.9718309859154,1163.9150943396226
3411.9718309859154,1160.377358490566
3411.9718309859154,1156.8396226415093
3411.9718309859154,1153.301886792453
3411.9718309859154,1149.7641509433963
3411.9718309859154,1146.2264150943397
3411.9718309859154,1142.688679245283
3411.9718309859154,1139.1509433962265
3411.9718309859154,1135.6132075471698
3411.9718309859154,1132.0754716981132
3411.9718309859154,1128.5377358490566
3411.9718309859154,1125.0
3411.9718309859154,1121.4622641509434
3411.9718309859154,1117.9245283018868
3411.9718309859154,1114.3867924528302
3411.9718309859154,1110.8490566037735
3411.9718309859154,1107.311320754717
3411.9718309859154,1103.7735849056603
3411.9718309859154,1100.2358490566037
3411.9718309859154,1096.698113207547
3411.9718309859154,1093.1603773584907
3411.9718309859154,1089.622641509434
3411.9718309859154,1086.0849056603774
3411.9718309859154,1082.5471698113208
3411.9718309859154,1079.0094339622642
3411.9718309859154,1075.4716981132076
3411.9718309859154,1071.933962264151
3411.9718309859154,1068.3962264150944
3411.9718309859154,1064.8584905660377
3411.9718309859154,1061.3207547169811
3411.9718309859154,1057.7830188679245
3411.9718309859154,1054.245283018868
3411.9718309859154,1050.7075471698113
3411.9718309859154,1047.1698113207547
3411.9718309859154,1043.632075471698
3411.9718309859154,1040.0943396226414
3411.9718309859154,1036.5566037735848
3411.9718309859154,1033.0188679245282
3411.9718309859154,1029.4811320754718
3411.9718309859154,1025.9433962264152
3411.9718309859154,1022.4056603773585
3411.9718309859154,1018.8679245283018
3411.9718309859154,1015.3301886792453
3411.9718309859154,1011.7924528301887
3411.9718309859154,1008.2547169811321
3411.9718309859154,1004.7169811320755
3411.9718309859154,1001.1792452830189
3411.9718309859154,997.6415094339623
3411.9718309859154,994.1037735849056
3411.9718309859154,990.566037735849
3411.9718309859154,987.0283018867924
3411.9718309859154,983.4905660377359
3411.9718309859154,979.9528301886793
3411.9718309859154,976.4150943396227
3411.9718309859154,972.877358490566
3411.9718309859154,969.3396226415094
3411.9718309859154,965.8018867924528
3411.9718309859154,962.2641509433962
3411.9718309859154,958.7264150943396
3411.9718309859154,955.188679245283
3411.9718309859154,951.6509433962265
3411.9718309859154,948.1132075471698
3411.9718309859154,944.5754716981132
3411.9718309859154,941.0377358490566
3411.9718309859154,937.5
3411.9718309859154,933.9622641509434
3411.9718309859154,930.4245283018868
3411.9718309859154,926.8867924528302
3417.2535211267605,1216.9811320754718
3417.2535211267605,1213.4433962264152
3417.2535211267605,1209.9056603773586
3417.2535211267605,1206.367924528302
3417.2535211267605,1202.8301886792453
3417.2535211267605,1199.2924528301887
3417.2535211267605,1195.754716981132
3417.2535211267605,1192.2169811320755
3417.2535211267605,1188.6792452830189
3417.2535211267605,1185.1415094339623
3417.2535211267605,1181.6037735849056
3417.2535211267605,1178.066037735849
3417.2535211267605,1174.5283018867924
3417.2535211267605,1170.9905660377358
3417.2535211267605,1167.4528301886792
3417.2535211267605,1163.9150943396226
3417.2535211267605,1160.377358490566
3417.2535211267605,1156.8396226415093
3417.2535211267605,1153.301886792453
3417.2535211267605,1149.7641509433963
3417.2535211267605,1146.2264150943397
3417.2535211267605,1142.688679245283
3417.2535211267605,1139.1509433962265
3417.2535211267605,1135.6132075471698
3417.2535211267605,1132.0754716981132
3417.2535211267605,1128.5377358490566
3417.2535211267605,1125.0
3417.2535211267605,1121.4622641509434
3417.2535211267605,1117.9245283018868
3417.2535211267605,1114.3867924528302
3417.2535211267605,1110.8490566037735
3417.2535211267605,1107.311320754717
3417.2535211267605,1103.7735849056603
3417.2535211267605,1100.2358490566037
3417.2535211267605,1096.698113207547
3417.2535211267605,1093.1603773584907
3417.2535211267605,1089.622641509434
3417.2535211267605,1086.0849056603774
3417.2535211267605,1082.5471698113208
3417.2535211267605,1079.0094339622642
3417.2535211267605,1075.4716981132076
3417.2535211267605,1071.933962264151
3417.2535211267605,1068.3962264150944
3417.2535211267605,1064.8584905660377
3417.2535211267605,1061.3207547169811
3417.2535211267605,1057.7830188679245
3417.2535211267605,1054.245283018868
3417.2535211267605,1050.7075471698113
3417.2535211267605,1047.1698113207547
3417.2535211267605,1043.632075471698
3417.2535211267605,1040.0943396226414
3417.2535211267605,1036.5566037735848
3417.2535211267605,1033.0188679245282
3417.2535211267605,1029.4811320754718
3417.2535211267605,1025.9433962264152
3417.2535211267605,1022.4056603773585
3417.2535211267605,1018.8679245283018
3417.2535211267605,1015.3301886792453
3417.2535211267605,1011.7924528301887
3417.2535211267605,1008.2547169811321
3417.2535211267605,1004.7169811320755
3417.2535211267605,1001.1792452830189
3417.2535211267605,997.6415094339623
3417.2535211267605,994.1037735849056
3417.2535211267605,990.566037735849
3417.2535211267605,987.0283018867924
3417.2535211267605,983.4905660377359
3417.2535211267605,979.9528301886793
3417.2535211267605,976.4150943396227
3417.2535211267605,972.877358490566
3417.2535211267605,969.3396226415094
3417.2535211267605,965.8018867924528
3417.2535211267605,962.2641509433962
3417.2535211267605,958.7264150943396
3417.2535211267605,955.188679245283
3417.2535211267605,951.6509433962265
3417.2535211267605,948.1132075471698
3417.2535211267605,944.5754716981132
3417.2535211267605,941.0377358490566
3417.2535211267605,937.5
3417.2535211267605,933.9622641509434
3417.2535211267605,930.4245283018868
3417.2535211267605,926.8867924528302
3422.5352112676055,1213.4433962264152
3422.5352112676055,1209.9056603773586
3422.5352112676055,1206.367924528302
3422.5352112676055,1202.8301886792453
3422.5352112676055,1199.2924528301887
3422.5352112676055,1195.754716981132
3422.5352112676055,1192.2169811320755
3422.5352112676055,1188.6792452830189
3422.5352112676055,1185.1415094339623
3422.5352112676055,1181.6037735849056
3422.5352112676055,1178.066037735849
3422.5352112676055,1174.5283018867924
3422.5352112676055,1170.9905660377358
3422.5352112676055,1167.4528301886792
3422.5352112676055,1163.9150943396226
3422.5352112676055,1160.377358490566
3422.5352112676055,1156.8396226415093
3422.5352112676055,1153.301886792453
3422.5352112676055,1149.7641509433963
3422.5352112676055,1146.2264150943397
3422.5352112676055,1142.688679245283
3422.5352112676055,1139.1509433962265
3422.5352112676055,1135.6132075471698
3422.5352112676055,1132.0754716981132
3422.5352112676055,1128.5377358490566
3422.5352112676055,1125.0
3422.5352112676055,1121.4622641509434
3422.5352112676055,1117.9245283018868
3422.5352112676055,1114.3867924528302
3422.5352112676055,1110.8490566037735
3422.5352112676055,1107.311320754717
3422.5352112676055,1103.7735849056603
3422.5352112676055,1100.2358490566037
3422.5352112676055,1096.698113207547
3422.5352112676055,1093.1603773584907
3422.5352112676055,1089.622641509434
3422.5352112676055,1086.0849056603774
3422.5352112676055,1082.5471698113208
3422.5352112676055,1079.0094339622642
3422.5352112676055,1075.4716981132076
3422.5352112676055,1071.933962264151
3422.5352112676055,1068.3962264150944
3422.5352112676055,1064.8584905660377
3422.5352112676055,1061.3207547169811
3422.5352112676055,1057.7830188679245
3422.5352112676055,1054.245283018868
3422.5352112676055,1050.7075471698113
3422.5352112676055,1047.1698113207547
3422.5352112676055,1043.632075471698
3422.5352112676055,1040.0943396226414
3422.5352112676055,1036.5566037735848
3422.5352112676055,1033.0188679245282
3422.5352112676055,1029.4811320754718
3422.5352112676055,1025.9433962264152
3422.5352112676055,1022.4056603773585
3422.5352112676055,1018.8679245283018
3422.5352112676055,1015.3301886792453
3422.5352112676055,1011.7924528301887
3422.5352112676055,1008.2547169811321
3422.5352112676055,1004.7169811320755
3422.5352112676055,1001.1792452830189
3422.5352112676055,997.6415094339623
3422.5352112676055,994.1037735849056
3422.5352112676055,990.566037735849
3422.5352112676055,987.0283018867924
3422.5352112676055,983.4905660377359
3422.5352112676055,979.9528301886793
3422.5352112676055,976.4150943396227
3422.5352112676055,972.877358490566
3422.5352112676055,969.3396226415094
3422.5352112676055,965.8018867924528
3422.5352112676055,962.2641509433962
3422.5352112676055,958.7264150943396
3422.5352112676055,955.188679245283
3422.5352112676055,951.6509433962265
3422.5352112676055,948.1132075471698
3422.5352112676055,944.5754716981132
3422.5352112676055,941.0377358490566
3422.5352112676055,937.5
3422.5352112676055,933.9622641509434
3422.5352112676055,930.4245283018868
3422.5352112676055,926.8867924528302
3422.5352112676055,923.3490566037735
3422.5352112676055,919.811320754717
3422.5352112676055,916.2735849056604
3422.5352112676055,912.7358490566038
3422.5352112676055,909.1981132075472
3422.5352112676055,905.6603773584906
3422.5352112676055,902.122641509434
3422.5352112676055,898.5849056603773
3422.5352112676055,895.0471698113207
3422.5352112676055,891.5094339622641
3422.5352112676055,887.9716981132076
3422.5352112676055,884.433962264151
3422.5352112676055,880.8962264150944
3422.5352112676055,877.3584905660377
3422.5352112676055,873.8207547169811
3422.5352112676055,870.2830188679245
3422.5352112676055,866.7452830188679
3422.5352112676055,863.2075471698113
3422.5352112676055,859.6698113207547
3422.5352112676055,856.1320754716982
3422.5352112676055,852.5943396226415
3422.5352112676055,849.0566037735849
3422.5352112676055,845.5188679245283
3422.5352112676055,841.9811320754717
3422.5352112676055,838.4433962264151
3422.5352112676055,834.9056603773585
3422.5352112676055,831.3679245283018
3422.5352112676055,827.8301886792453
3422.5352112676055,824.2924528301887
3427.8169014084506,1160.377358490566
3427.8169014084506,1156.8396226415093
3427.8169014084506,1153.301886792453
3427.8169014084506,1149.7641509433963
3427.8169014084506,1146.2264150943397
3427.8169014084506,1142.688679245283
3427.8169014084506,1139.1509433962265
3427.8169014084506,1135.6132075471698
3427.8169014084506,1132.0754716981132
3427.8169014084506,1128.5377358490566
3427.8169014084506,1125.0
3427.8169014084506,1121.4622641509434
3427.8169014084506,1117.9245283018868
3427.8169014084506,1114.3867924528302
3427.8169014084506,1110.8490566037735
3427.8169014084506,1107.311320754717
3427.8169014084506,1103.7735849056603
3427.8169014084506,1100.2358490566037
3427.8169014084506,1096.698113207547
3427.8169014084506,1093.1603773584907
3427.8169014084506,1089.622641509434
3427.8169014084506,1086.0849056603774
3427.8169014084506,1082.5471698113208
3427.8169014084506,1079.0094339622642
3427.8169014084506,1075.4716981132076
3427.8169014084506,1071.933962264151
3427.8169014084506,1068.3962264150944
3427.8169014084506,1064.8584905660377
3427.8169014084506,1061.3207547169811
3427.8169014084506,1057.7830188679245
3427.8169014084506,1054.245283018868
3427.8169014084506,1050.7075471698113
3427.8169014084506,1047.1698113207547
3427.8169014084506,1043.632075471698
3427.8169014084506,1040.0943396226414
3427.8169014084506,1036.5566037735848
3427.8169014084506,1033.0188679245282
3427.8169014084506,1029.4811320754718
3427.8169014084506,1025.9433962264152
3427.8169014084506,1022.4056603773585
3427.8169014084506,1018.8679245283018
3427.8169014084506,1015.3301886792453
3427.8169014084506,1011.7924528301887
3427.8169014084506,1008.2547169811321
3427.8169014084506,1004.7169811320755
3427.8169014084506,1001.1792452830189
3427.8169014084506,997.6415094339623
3427.8169014084506,994.1037735849056
3427.8169014084506,990.566037735849
3427.8169014084506,987.0283018867924
3427.8169014084506,983.4905660377359
3427.8169014084506,979.9528301886793
3427.8169014084506,976.4150943396227
3427.8169014084506,972.877358490566
3427.8169014084506,969.3396226415094
3427.8169014084506,965.8018867924528
3427.8169014084506,962.2641509433962
3427.8169014084506,958.7264150943396
3427.8169014084506,955.188679245283
3427.8169014084506,951.6509433962265
3427.8169014084506,948.1132075471698
3427.8169014084506,944.5754716981132
3427.8169014084506,941.0377358490566
3427.8169014084506,937.5
3427.8169014084506,933.9622641509434
3427.8169014084506,930.4245283018868
3427.8169014084506,926.8867924528302
3427.8169014084506,923.3490566037735
3427.8169014084506,919.811320754717
3427.8169014084506,916.2735849056604
3427.8169014084506,912.7358490566038
3427.8169014084506,909.1981132075472
3427.8169014084506,905.6603773584906
3427.8169014084506,902.122641509434
3427.8169014084506,898.5849056603773
3427.8169014084506,895.0471698113207
3427.8169014084506,891.5094339622641
3427.8169014084506,887.9716981132076
3427.8169014084506,884.433962264151
3427.8169014084506,880.8962264150944
3427.8169014084506,877.3584905660377
3427.8169014084506,873.8207547169811
3427.8169014084506,870.2830188679245
3427.8169014084506,866.7452830188679
3427.8169014084506,863.2075471698113
3427.8169014084506,859.6698113207547
3427.8169014084506,856.1320754716982
3427.8169014084506,852.5943396226415
3427.8169014084506,849.0566037735849
3427.8169014084506,845.5188679245283
3427.8169014084506,841.9811320754717
3427.8169014084506,838.4433962264151
3427.8169014084506,834.9056603773585
3427.8169014084506,831.3679245283018
3427.8169014084506,827.8301886792453
3427.8169014084506,824.2924528301887
3427.8169014084506,820.7547169811321
3427.8169014084506,817.2169811320755
3427.8169014084506,813.6792452830189
3427.8169014084506,810.1415094339623
3427.8169014084506,806.6037735849056
3427.8169014084506,803.066037735849
3427.8169014084506,799.5283018867924
3427.8169014084506,795.9905660377359
3427.8169014084506,792.4528301886793
3427.8169014084506,788.9150943396227
3427.8169014084506,785.377358490566
3427.8169014084506,781.8396226415094
3427.8169014084506,778.3018867924528
3427.8169014084506,774.7641509433962
3427.8169014084506,771.2264150943396
3427.8169014084506,767.688679245283
3427.8169014084506,764.1509433962265
3427.8169014084506,760.6132075471698
3427.8169014084506,757.0754716981132
3427.8169014084506,753.5377358490566
3427.8169014084506,750.0
3427.8169014084506,746.4622641509434
3427.8169014084506,742.9245283018868
3433.0985915492956,1047.1698113207547
3433.0985915492956,1043.632075471698
3433.0985915492956,1040.0943396226414
3433.0985915492956,1036.5566037735848
3433.0985915492956,1033.0188679245282
3433.0985915492956,1029.4811320754718
3433.0985915492956,1025.9433962264152
3433.0985915492956,1022.4056603773585
3433.0985915492956,1018.8679245283018
3433.0985915492956,1015.3301886792453
3433.0985915492956,1011.7924528301887
3433.0985915492956,1008.2547169811321
3433.0985915492956,1004.7169811320755
3433.0985915492956,1001.1792452830189
3433.0985915492956,997.6415094339623
3433.0985915492956,994.1037735849056
3433.0985915492956,990.566037735849
3433.0985915492956,987.0283018867924
3433.0985915492956,983.4905660377359
3433.0985915492956,979.9528301886793
3433.0985915492956,976.4150943396227
3433.0985915492956,972.877358490566
3433.0985915492956,969.3396226415094
3433.0985915492956,965.8018867924528
3433.0985915492956,962.2641509433962
3433.0985915492956,958.7264150943396
3433.0985915492956,955.188679245283
3433.0985915492956,951.6509433962265
3433.0985915492956,948.1132075471698
3433.0985915492956,944.5754716981132
3433.0985915492956,941.0377358490566
3433.0985915492956,937.5
3433.0985915492956,933.9622641509434
3433.0985915492956,930.4245283018868
3433.0985915492956,926.8867924528302
3433.0985915492956,923.3490566037735
3433.0985915492956,919.811320754717
3433.0985915492956,916.2735849056604
3433.0985915492956,912.7358490566038
3433.0985915492956,909.1981132075472
3433.0985915492956,905.6603773584906
3433.0985915492956,902.122641509434
3433.0985915492956,898.5849056603773
3433.0985915492956,895.0471698113207
3433.0985915492956,891.5094339622641
3433.0985915492956,887.9716981132076
3433.0985915492956,884.433962264151
3433.0985915492956,880.8962264150944
3433.0985915492956,877.3584905660377
3433.0985915492956,873.8207547169811
3433.0985915492956,870.2830188679245
3433.0985915492956,866.7452830188679
3433.0985915492956,863.2075471698113
3433.0985915492956,859.6698113207547
3433.0985915492956,856.1320754716982
3433.0985915492956,852.5943396226415
3433.0985915492956,849.0566037735849
3433.0985915492956,845.5188679245283
3433.0985915492956,841.9811320754717
3433.0985915492956,838.4433962264151
3433.0985915492956,834.9056603773585
3433.0985915492956,831.3679245283018
3433.0985915492956,827.8301886792453
3433.0985915492956,824.2924528301887
3433.0985915492956,820.7547169811321
3433.0985915492956,817.2169811320755
3433.0985915492956,813.6792452830189
3433.0985915492956,810.1415094339623
3433.0985915492956,806.6037735849056
3433.0985915492956,803.066037735849
3433.0985915492956,799.5283018867924
3433.0985915492956,795.9905660377359
3433.0985915492956,792.4528301886793
3433.0985915492956,788.9150943396227
3433.0985915492956,785.377358490566
3433.0985915492956,781.8396226415094
3433.0985915492956,778.3018867924528
3433.0985915492956,774.7641509433962
3433.0985915492956,771.2264150943396
3433.0985915492956,767.688679245283
3433.0985915492956,764.1509433962265
3433.0985915492956,760.6132075471698
3433.0985915492956,757.0754716981132
3433.0985915492956,753.5377358490566
3433.0985915492956,750.0
3433.0985915492956,746.4622641509434
3433.0985915492956,742.9245283018868
3433.0985915492956,739.3867924528302
3433.0985915492956,735.8490566037735
3433.0985915492956,732.311320754717
3433.0985915492956,728.7735849056604
3433.0985915492956,725.2358490566038
3433.0985915492956,721.6981132075472
3433.0985915492956,718.1603773584906
3433.0985915492956,714.622641509434
3433.0985915492956,711.0849056603773
3433.0985915492956,707.5471698113207
3433.0985915492956,704.0094339622641
3433.0985915492956,700.4716981132076
3433.0985915492956,696.933962264151
3433.0985915492956,693.3962264150944
3433.0985915492956,689.8584905660377
3433.0985915492956,686.3207547169811
3433.0985915492956,682.7830188679245
3433.0985915492956,679.2452830188679
3433.0985915492956,675.7075471698113
3433.0985915492956,672.1698113207547
3438.3802816901407,930.4245283018868
3438.3802816901407,926.8867924528302
3438.3802816901407,923.3490566037735
3438.3802816901407,919.811320754717
3438.3802816901407,916.2735849056604
3438.3802816901407,912.7358490566038
3438.3802816901407,909.1981132075472
3438.3802816901407,905.6603773584906
3438.3802816901407,902.122641509434
3438.3802816901407,898.5849056603773
3438.3802816901407,895.0471698113207
3438.3802816901407,891.5094339622641
3438.3802816901407,887.9716981132076
3438.3802816901407,884.433962264151
3438.3802816901407,880.8962264150944
3438.3802816901407,877.3584905660377
3438.3802816901407,873.8207547169811
3438.3802816901407,870.2830188679245
3438.3802816901407,866.7452830188679
3438.3802816901407,863.2075471698113
3438.3802816901407,859.6698113207547
3438.3802816901407,856.1320754716982
3438.3802816901407,852.5943396226415
3438.3802816901407,849.0566037735849
3438.3802816901407,845.5188679245283
3438.3802816901407,841.9811320754717
3438.3802816901407,838.4433962264151
3438.3802816901407,834.9056603773585
3438.3802816901407,831.3679245283018
3438.3802816901407,827.8301886792453
3438.3802816901407,824.2924528301887
3438.3802816901407,820.7547169811321
3438.3802816901407,817.2169811320755
3438.3802816901407,813.6792452830189
3438.3802816901407,810.1415094339623
3438.3802816901407,806.6037735849056
3438.3802816901407,803.066037735849
3438.3802816901407,799.5283018867924
3438.3802816901407,795.9905660377359
3438.3802816901407,792.4528301886793
3438.3802816901407,788.9150943396227
3438.3802816901407,785.377358490566
3438.3802816901407,781.8396226415094
3438.3802816901407,778.3018867924528
3438.3802816901407,774.7641509433962
3438.3802816901407,771.2264150943396
3438.3802816901407,767.688679245283
3438.3802816901407,764.1509433962265
3438.3802816901407,760.6132075471698
3438.3802816901407,757.0754716981132
3438.3802816901407,753.5377358490566
3438.3802816901407,750.0
3438.3802816901407,746.4622641509434
3438.3802816901407,742.9245283018868
3438.3802816901407,739.3867924528302
3438.3802816901407,735.8490566037735
3438.3802816901407,732.311320754717
3438.3802816901407,728.7735849056604
3438.3802816901407,725.2358490566038
3438.3802816901407,721.6981132075472
3438.3802816901407,718.1603773584906
3438.3802816901407,714.622641509434
3438.3802816901407,711.0849056603773
3438.3802816901407,707.5471698113207
3438.3802816901407,704.0094339622641
3438.3802816901407,700.4716981132076
3438.3802816901407,696.933962264151
3438.3802816901407,693.3962264150944
3438.3802816901407,689.8584905660377
3438.3802816901407,686.3207547169811
3438.3802816901407,682.7830188679245
3438.3802816901407,679.2452830188679
3438.3802816901407,675.7075471698113
3438.3802816901407,672.1698113207547
3438.3802816901407,668.6320754716982
3438.3802816901407,665.0943396226415
3438.3802816901407,661.5566037735849
3438.3802816901407,658.0188679245283
3438.3802816901407,654.4811320754717
3438.3802816901407,650.9433962264151
3438.3802816901407,647.4056603773585
3438.3802816901407,643.8679245283018
3438.3802816901407,640.3301886792453
3438.3802816901407,636.7924528301887
3438.3802816901407,633.2547169811321
3438.3802816901407,629.7169811320755
3438.3802816901407,626.1792452830189
3438.3802816901407,622.6415094339623
3443.6619718309857,824.2924528301887
3443.6619718309857,820.7547169811321
3443.6619718309857,817.2169811320755
3443.6619718309857,813.6792452830189
3443.6619718309857,810.1415094339623
3443.6619718309857,806.6037735849056
3443.6619718309857,803.066037735849
3443.6619718309857,799.5283018867924
3443.6619718309857,795.9905660377359
3443.6619718309857,792.4528301886793
3443.6619718309857,788.9150943396227
3443.6619718309857,785.377358490566
3443.6619718309857,781.8396226415094
3443.6619718309857,778.3018867924528
3443.6619718309857,774.7641509433962
3443.6619718309857,771.2264150943396
3443.6619718309857,767.688679245283
3443.6619718309857,764.1509433962265
3443.6619718309857,760.6132075471698
3443.6619718309857,757.0754716981132
3443.6619718309857,753.5377358490566
3443.6619718309857,750.0
3443.6619718309857,746.4622641509434
3443.6619718309857,742.9245283018868
3443.6619718309857,739.3867924528302
3443.6619718309857,735.8490566037735
3443.6619718309857,732.311320754717
3443.6619718309857,728.7735849056604
3443.6619718309857,725.2358490566038
3443.6619718309857,721.6981132075472
3443.6619718309857,718.1603773584906
3443.6619718309857,714.622641509434
3443.6619718309857,711.0849056603773
3443.6619718309857,707.5471698113207
3443.6619718309857,704.0094339622641
3443.6619718309857,700.4716981132076
3443.6619718309857,696.933962264151
3443.6619718309857,693.3962264150944
3443.6619718309857,689.8584905660377
3443.6619718309857,686.3207547169811
3443.6619718309857,682.7830188679245
3443.6619718309857,679.2452830188679
3443.6619718309857,675.7075471698113
3443.6619718309857,672.1698113207547
3443.6619718309857,668.6320754716982
3443.6619718309857,665.0943396226415
3443.6619718309857,661.5566037735849
3443.6619718309857,658.0188679245283
3443.6619718309857,654.4811320754717
3443.6619718309857,650.9433962264151
3443.6619718309857,647.4056603773585
3443.6619718309857,643.8679245283018
3443.6619718309857,640.3301886792453
3443.6619718309857,636.7924528301887
3443.6619718309857,633.2547169811321
3443.6619718309857,629.7169811320755
3443.6619718309857,626.1792452830189
3443.6619718309857,622.6415094339623
3443.6619718309857,619.1037735849056
3443.6619718309857,615.566037735849
3443.6619718309857,612.0283018867924
3443.6619718309857,608.4905660377359
3443.6619718309857,604.9528301886793
3443.6619718309857,601.4150943396227
3443.6619718309857,597.877358490566
3443.6619718309857,594.3396226415094
3443.6619718309857,590.8018867924528
3443.6619718309857,587.2641509433962
3443.6619718309857,583.7264150943396
3443.6619718309857,580.188679245283
3443.6619718309857,576.6509433962265
3443.6619718309857,573.1132075471698
3448.943661971831,742.9245283018868
3448.943661971831,739.3867924528302
3448.943661971831,735.8490566037735
3448.943661971831,732.311320754717
3448.943661971831,728.7735849056604
3448.943661971831,725.2358490566038
3448.943661971831,721.6981132075472
3448.943661971831,718.1603773584906
3448.943661971831,714.622641509434
3448.943661971831,711.0849056603773
3448.943661971831,707.5471698113207
3448.943661971831,704.0094339622641
3448.943661971831,700.4716981132076
3448.943661971831,696.933962264151
3448.943661971831,693.3962264150944
3448.943661971831,689.8584905660377
3448.943661971831,686.3207547169811
3448.943661971831,682.7830188679245
3448.943661971831,679.2452830188679
3448.943661971831,675.7075471698113
3448.943661971831,672.1698113207547
3448.943661971831,668.6320754716982
3448.943661971831,665.0943396226415
3448.943661971831,661.5566037735849
3448.943661971831,658.0188679245283
3448.943661971831,654.4811320754717
3448.943661971831,650.9433962264151
3448.943661971831,647.4056603773585
3448.943661971831,643.8679245283018
3448.943661971831,640.3301886792453
3448.943661971831,636.7924528301887
3448.943661971831,633.2547169811321
3448.943661971831,629.7169811320755
3448.943661971831,626.1792452830189
3448.943661971831,622.6415094339623
3448.943661971831,619.1037735849056
3448.943661971831,615.566037735849
3448.943661971831,612.0283018867924
3448.943661971831,608.4905660377359
3448.943661971831,604.9528301886793
3448.943661971831,601.4150943396227
3448.943661971831,597.877358490566
3448.943661971831,594.3396226415094
3448.943661971831,590.8018867924528
3448.943661971831,587.2641509433962
3448.943661971831,583.7264150943396
3448.943661971831,580.188679245283
3448.943661971831,576.6509433962265
3448.943661971831,573.1132075471698
3448.943661971831,569.5754716981132
3448.943661971831,566.0377358490566
3448.943661971831,562.5
3448.943661971831,558.9622641509434
3448.943661971831,555.4245283018868
3448.943661971831,551.8867924528302
3448.943661971831,548.3490566037735
3448.943661971831,544.811320754717
3448.943661971831,541.2735849056604
3448.943661971831,537.7358490566038
3448.943661971831,534.1981132075472
3448.943661971831,530.6603773584906
3454.225352112676,672.1698113207547
3454.225352112676,668.6320754716982
3454.225352112676,665.0943396226415
3454.225352112676,661.5566037735849
3454.225352112676,658.0188679245283
3454.225352112676,654.4811320754717
3454.225352112676,650.9433962264151
3454.225352112676,647.4056603773585
3454.225352112676,643.8679245283018
3454.225352112676,640.3301886792453
3454.225352112676,636.7924528301887
3454.225352112676,633.2547169811321
3454.225352112676,629.7169811320755
3454.225352112676,626.1792452830189
3454.225352112676,622.6415094339623
3454.225352112676,619.1037735849056
3454.225352112676,615.566037735849
3454.225352112676,612.0283018867924
3454.225352112676,608.4905660377359
3454.225352112676,604.9528301886793
3454.225352112676,601.4150943396227
3454.225352112676,597.877358490566
3454.225352112676,594.3396226415094
3454.225352112676,590.8018867924528
3454.225352112676,587.2641509433962
3454.225352112676,583.7264150943396
3454.225352112676,580.188679245283
3454.225352112676,576.6509433962265
3454.225352112676,573.1132075471698
3454.225352112676,569.5754716981132
3454.225352112676,566.0377358490566
3454.225352112676,562.5
3454.225352112676,558.9622641509434
3454.225352112676,555.4245283018868
3454.225352112676,551.8867924528302
3454.225352112676,548.3490566037735
3454.225352112676,544.811320754717
3454.225352112676,541.2735849056604
3454.225352112676,537.7358490566038
3454.225352112676,534.1981132075472
3454.225352112676,530.6603773584906
3454.225352112676,527.122641509434
3454.225352112676,523.5849056603773
3454.225352112676,520.0471698113207
3454.225352112676,516.5094339622641
3454.225352112676,512.9716981132076
3454.225352112676,509.4339622641509
3454.225352112676,505.89622641509436
3454.225352112676,502.35849056603774
3454.225352112676,498.8207547169811
3454.225352112676,495.2830188679245
3459.507042253521,619.1037735849056
3459.507042253521,615.566037735849
3459.507042253521,612.0283018867924
3459.507042253521,608.4905660377359
3459.507042253521,604.9528301886793
3459.507042253521,601.4150943396227
3459.507042253521,597.877358490566
3459.507042253521,594.3396226415094
3459.507042253521,590.8018867924528
3459.507042253521,587.2641509433962
3459.507042253521,583.7264150943396
3459.507042253521,580.188679245283
3459.507042253521,576.6509433962265
3459.507042253521,573.1132075471698
3459.507042253521,569.5754716981132
3459.507042253521,566.0377358490566
3459.507042253521,562.5
3459.507042253521,558.9622641509434
3459.507042253521,555.4245283018868
3459.507042253521,551.8867924528302
3459.507042253521,548.3490566037735
3459.507042253521,544.811320754717
3459.507042253521,541.2735849056604
3459.507042253521,537.7358490566038
3459.507042253521,534.1981132075472
3459.507042253521,530.6603773584906
3459.507042253521,527.122641509434
3459.507042253521,523.5849056603773
3459.507042253521,520.0471698113207
3459.507042253521,516.5094339622641
3459.507042253521,512.9716981132076
3459.507042253521,509.4339622641509
3459.507042253521,505.89622641509436
3459.507042253521,502.35849056603774
3459.507042253521,498.8207547169811
3459.507042253521,495.2830188679245
3459.507042253521,491.74528301886795
3459.507042253521,488.20754716981133
3459.507042253521,484.6698113207547
3459.507042253521,481.1320754716981
3459.507042253521,477.5943396226415
3459.507042253521,474.0566037735849
3464.788732394366,573.1132075471698
3464.788732394366,569.5754716981132
3464.788732394366,566.0377358490566
3464.788732394366,562.5
3464.788732394366,558.9622641509434
3464.788732394366,555.4245283018868
3464.788732394366,551.8867924528302
3464.788732394366,548.3490566037735
3464.788732394366,544.811320754717
3464.788732394366,541.2735849056604
3464.788732394366,537.7358490566038
3464.788732394366,534.1981132075472
3464.788732394366,530.6603773584906
3464.788732394366,527.122641509434
3464.788732394366,523.5849056603773
3464.788732394366,520.0471698113207
3464.788732394366,516.5094339622641
3464.788732394366,512.9716981132076
3464.788732394366,509.4339622641509
3464.788732394366,505.89622641509436
3464.788732394366,502.35849056603774
3464.788732394366,498.8207547169811
3464.788732394366,495.2830188679245
3464.788732394366,491.74528301886795
3464.788732394366,488.20754716981133
3464.788732394366,484.6698113207547
3464.788732394366,481.1320754716981
3464.788732394366,477.5943396226415
3464.788732394366,474.0566037735849
3464.788732394366,470.5188679245283
3464.788732394366,466.9811320754717
3464.788732394366,463.4433962264151
3464.788732394366,459.9056603773585
3464.788732394366,456.3679245283019
3464.788732394366,452.8301886792453
3464.788732394366,449.29245283018867
3470.0704225352115,527.122641509434
3470.0704225352115,523.5849056603773
3470.0704225352115,520.0471698113207
3470.0704225352115,516.5094339622641
3470.0704225352115,512.9716981132076
3470.0704225352115,509.4339622641509
3470.0704225352115,505.89622641509436
3470.0704225352115,502.35849056603774
3470.0704225352115,498.8207547169811
3470.0704225352115,495.2830188679245
3470.0704225352115,491.74528301886795
3470.0704225352115,488.20754716981133
3470.0704225352115,484.6698113207547
3470.0704225352115,481.1320754716981
3470.0704225352115,477.5943396226415
3470.0704225352115,474.0566037735849
3470.0704225352115,470.5188679245283
3470.0704225352115,466.9811320754717
3470.0704225352115,463.4433962264151
3470.0704225352115,459.9056603773585
3470.0704225352115,456.3679245283019
3470.0704225352115,452.8301886792453
3470.0704225352115,449.29245283018867
3470.0704225352115,445.75471698113205
3470.0704225352115,442.2169811320755
3470.0704225352115,438.6792452830189
3470.0704225352115,435.14150943396226
3470.0704225352115,431.60377358490564
3475.3521126760565,495.2830188679245
3475.3521126760565,491.74528301886795
3475.3521126760565,488.20754716981133
3475.3521126760565,484.6698113207547
3475.3521126760565,481.1320754716981
3475.3521126760565,477.5943396226415
3475.3521126760565,474.0566037735849
3475.3521126760565,470.5188679245283
3475.3521126760565,466.9811320754717
3475.3521126760565,463.4433962264151
3475.3521126760565,459.9056603773585
3475.3521126760565,456.3679245283019
3475.3521126760565,452.8301886792453
3475.3521126760565,449.29245283018867
3475.3521126760565,445.75471698113205
3475.3521126760565,442.2169811320755
3475.3521126760565,438.6792452830189
3475.3521126760565,435.14150943396226
3475.3521126760565,431.60377358490564
3475.3521126760565,428.0660377358491
3475.3521126760565,424.52830188679246
3475.3521126760565,420.99056603773585
3475.3521126760565,417.45283018867923
3480.6338028169016,470.5188679245283
3480.6338028169016,466.9811320754717
3480.6338028169016,463.4433962264151
3480.6338028169016,459.9056603773585
3480.6338028169016,456.3679245283019
3480.6338028169016,452.8301886792453
3480.6338028169016,449.29245283018867
3480.6338028169016,445.75471698113205
3480.6338028169016,442.2169811320755
3480.6338028169016,438.6792452830189
3480.6338028169016,435.14150943396226
3480.6338028169016,431.60377358490564
3480.6338028169016,428.0660377358491
3480.6338028169016,424.52830188679246
3480.6338028169016,420.99056603773585
3480.6338028169016,417.45283018867923
3480.6338028169016,413.91509433962267
3480.6338028169016,410.37735849056605
3485.9154929577467,445.75471698113205
3485.9154929577467,442.2169811320755
3485.9154929577467,438.6792452830189
3485.9154929577467,435.14150943396226
3485.9154929577467,431.60377358490564
3485.9154929577467,428.0660377358491
3485.9154929577467,424.52830188679246
3485.9154929577467,420.99056603773585
3485.9154929577467,417.45283018867923
3485.9154929577467,413.91509433962267
3485.9154929577467,410.37735849056605
3485.9154929577467,406.83962264150944
3485.9154929577467,403.3018867924528
3485.9154929577467,399.7641509433962
3491.1971830985917,431.60377358490564
3491.1971830985917,428.0660377358491
3491.1971830985917,424.52830188679246
3491.1971830985917,420.99056603773585
3491.1971830985917,417.45283018867923
3491.1971830985917,413.91509433962267
3491.1971830985917,410.37735849056605
3491.1971830985917,406.83962264150944
3491.1971830985917,403.3018867924528
3491.1971830985917,399.7641509433962
3491.1971830985917,396.22641509433964
3491.1971830985917,392.688679245283
3496.478873239437,417.45283018867923
3496.478873239437,413.91509433962267
3496.478873239437,410.37735849056605
3496.478873239437,406.83962264150944
3496.478873239437,403.3018867924528
3496.478873239437,399.7641509433962
3496.478873239437,396.22641509433964
3496.478873239437,392.688679245283
3501.760563380282,410.37735849056605
3501.760563380282,406.83962264150944
3501.760563380282,403.3018867924528
3501.760563380282,399.7641509433962
3501.760563380282,396.22641509433964
3501.760563380282,392.688679245283
3501.760563380282,389.1509433962264
3507.042253521127,403.3018867924528
3507.042253521127,399.7641509433962
3507.042253521127,396.22641509433964
3507.042253521127,392.688679245283
3507.042253521127,389.1509433962264
3507.042253521127,385.6132075471698
3507.042253521127,382.07547169811323
3512.323943661972,399.7641509433962
3512.323943661972,396.22641509433964
3512.323943661972,392.688679245283
3512.323943661972,389.1509433962264
3512.323943661972,385.6132075471698
3512.323943661972,382.07547169811323
3512.323943661972,378.5377358490566
3517.605633802817,396.22641509433964
3517.605633802817,392.688679245283
3517.605633802817,389.1509433962264
3517.605633802817,385.6132075471698
3517.605633802817,382.07547169811323
3517.605633802817,378.5377358490566
3517.605633802817,375.0
3522.887323943662,396.22641509433964
3522.887323943662,392.688679245283
3522.887323943662,389.1509433962264
3522.887323943662,385.6132075471698
3522.887323943662,382.07547169811323
3522.887323943662,378.5377358490566
3522.887323943662,375.0
3522.887323943662,371.4622641509434
3528.169014084507,396.22641509433964
3528.169014084507,392.688679245283
3528.169014084507,389.1509433962264
3528.169014084507,385.6132075471698
3528.169014084507,382.07547169811323
3528.169014084507,378.5377358490566
3528.169014084507,375.0
3533.450704225352,413.91509433962267
3533.450704225352,410.37735849056605
3533.450704225352,406.83962264150944
3533.450704225352,403.3018867924528
3533.450704225352,399.7641509433962
3533.450704225352,396.22641509433964
3533.450704225352,392.688679245283
3533.450704225352,389.1509433962264
3533.450704225352,385.6132075471698
3533.450704225352,382.07547169811323
3533.450704225352,378.5377358490566
3533.450704225352,375.0
3538.7323943661972,541.2735849056604
3538.7323943661972,537.7358490566038
3538.7323943661972,534.1981132075472
3538.7323943661972,530.6603773584906
3538.7323943661972,527.122641509434
3538.7323943661972,523.5849056603773
3538.7323943661972,520.0471698113207
3538.7323943661972,516.5094339622641
3538.7323943661972,512.9716981132076
3538.7323943661972,509.4339622641509
3538.7323943661972,505.89622641509436
3538.7323943661972,502.35849056603774
3538.7323943661972,498.8207547169811
3538.7323943661972,495.2830188679245
3538.7323943661972,491.74528301886795
3538.7323943661972,488.20754716981133
3538.7323943661972,484.6698113207547
3538.7323943661972,481.1320754716981
3538.7323943661972,477.5943396226415
3538.7323943661972,474.0566037735849
3538.7323943661972,470.5188679245283
3538.7323943661972,466.9811320754717
3538.7323943661972,463.4433962264151
3538.7323943661972,459.9056603773585
3538.7323943661972,456.3679245283019
3538.7323943661972,452.8301886792453
3538.7323943661972,449.29245283018867
3538.7323943661972,445.75471698113205
3538.7323943661972,442.2169811320755
3538.7323943661972,438.6792452830189
3538.7323943661972,435.14150943396226
3538.7323943661972,431.60377358490564
3538.7323943661972,428.0660377358491
3538.7323943661972,424.52830188679246
3538.7323943661972,420.99056603773585
3538.7323943661972,417.45283018867923
3538.7323943661972,413.91509433962267
3538.7323943661972,410.37735849056605
3538.7323943661972,406.83962264150944
3538.7323943661972,403.3018867924528
3538.7323943661972,399.7641509433962
3538.7323943661972,396.22641509433964
3538.7323943661972,392.688679245283
3538.7323943661972,389.1509433962264
3538.7323943661972,385.6132075471698
3538.7323943661972,382.07547169811323
3538.7323943661972,378.5377358490566
3544.0140845070423,672.1698113207547
3544.0140845070423,668.6320754716982
3544.0140845070423,665.0943396226415
3544.0140845070423,661.5566037735849
3544.0140845070423,658.0188679245283
3544.0140845070423,654.4811320754717
3544.0140845070423,650.9433962264151
3544.0140845070423,647.4056603773585
3544.0140845070423,643.8679245283018
3544.0140845070423,640.3301886792453
3544.0140845070423,636.7924528301887
3544.0140845070423,633.2547169811321
3544.0140845070423,629.7169811320755
3544.0140845070423,626.1792452830189
3544.0140845070423,622.6415094339623
3544.0140845070423,619.1037735849056
3544.0140845070423,615.566037735849
3544.0140845070423,612.0283018867924
3544.0140845070423,608.4905660377359
3544.0140845070423,604.9528301886793
3544.0140845070423,601.4150943396227
3544.0140845070423,597.877358490566
3544.0140845070423,594.3396226415094
3544.0140845070423,590.8018867924528
3544.0140845070423,587.2641509433962
3544.0140845070423,583.7264150943396
3544.0140845070423,580.188679245283
3544.0140845070423,576.6509433962265
3544.0140845070423,573.1132075471698
3544.0140845070423,569.5754716981132
3544.0140845070423,566.0377358490566
3544.0140845070423,562.5
3544.0140845070423,558.9622641509434
3544.0140845070423,555.4245283018868
3544.0140845070423,551.8867924528302
3544.0140845070423,548.3490566037735
3544.0140845070423,544.811320754717
3544.0140845070423,541.2735849056604
3544.0140845070423,537.7358490566038
3544.0140845070423,534.1981132075472
3544.0140845070423,530.6603773584906
3544.0140845070423,527.122641509434
3544.0140845070423,523.5849056603773
3544.0140845070423,520.0471698113207
3544.0140845070423,516.5094339622641
3544.0140845070423,512.9716981132076
3544.0140845070423,509.4339622641509
3544.0140845070423,505.89622641509436
3544.0140845070423,502.35849056603774
3544.0140845070423,498.8207547169811
3544.0140845070423,495.2830188679245
3544.0140845070423,491.74528301886795
3544.0140845070423,488.20754716981133
3544.0140845070423,484.6698113207547
3544.0140845070423,481.1320754716981
3544.0140845070423,477.5943396226415
3544.0140845070423,474.0566037735849
3544.0140845070423,470.5188679245283
3544.0140845070423,466.9811320754717
3544.0140845070423,463.4433962264151
3544.0140845070423,459.9056603773585
3544.0140845070423,456.3679245283019
3544.0140845070423,452.8301886792453
3544.0140845070423,449.29245283018867
3544.0140845070423,445.75471698113205
3544.0140845070423,442.2169811320755
3544.0140845070423,438.6792452830189
3544.0140845070423,435.14150943396226
3544.0140845070423,431.60377358490564
3544.0140845070423,428.0660377358491
3544.0140845070423,424.52830188679246
3544.0140845070423,420.99056603773585
3544.0140845070423,417.45283018867923
3544.0140845070423,413.91509433962267
3544.0140845070423,410.37735849056605
3544.0140845070423,406.83962264150944
3544.0140845070423,403.3018867924528
3544.0140845070423,399.7641509433962
3544.0140845070423,396.22641509433964
3544.0140845070423,392.688679245283
3544.0140845070423,389.1509433962264
3544.0140845070423,385.6132075471698
3544.0140845070423,382.07547169811323
3549.2957746478874,679.2452830188679
3549.2957746478874,675.7075471698113
3549.2957746478874,672.1698113207547
3549.2957746478874,668.6320754716982
3549.2957746478874,665.0943396226415
3549.2957746478874,661.5566037735849
3549.2957746478874,658.0188679245283
3549.2957746478874,654.4811320754717
3549.2957746478874,650.9433962264151
3549.2957746478874,647.4056603773585
3549.2957746478874,643.8679245283018
3549.2957746478874,640.3301886792453
3549.2957746478874,636.7924528301887
3549.2957746478874,633.2547169811321
3549.2957746478874,629.7169811320755
3549.2957746478874,626.1792452830189
3549.2957746478874,622.6415094339623
3549.2957746478874,619.1037735849056
3549.2957746478874,615.566037735849
3549.2957746478874,612.0283018867924
3549.2957746478874,608.4905660377359
3549.2957746478874,604.9528301886793
3549.2957746478874,601.4150943396227
3549.2957746478874,597.877358490566
3549.2957746478874,594.3396226415094
3549.2957746478874,590.8018867924528
3549.2957746478874,587.2641509433962
3549.2957746478874,583.7264150943396
3549.2957746478874,580.188679245283
3549.2957746478874,576.6509433962265
3549.2957746478874,573.1132075471698
3549.2957746478874,569.5754716981132
3549.2957746478874,566.0377358490566
3549.2957746478874,562.5
3549.2957746478874,558.9622641509434
3549.2957746478874,555.4245283018868
3549.2957746478874,551.8867924528302
3549.2957746478874,548.3490566037735
3549.2957746478874,544.811320754717
3549.2957746478874,541.2735849056604
3549.2957746478874,537.7358490566038
3549.2957746478874,534.1981132075472
3549.2957746478874,530.6603773584906
3549.2957746478874,527.122641509434
3549.2957746478874,523.5849056603773
3549.2957746478874,520.0471698113207
3549.2957746478874,516.5094339622641
3549.2957746478874,512.9716981132076
3549.2957746478874,509.4339622641509
3549.2957746478874,505.89622641509436
3549.2957746478874,502.35849056603774
3549.2957746478874,498.8207547169811
3549.2957746478874,495.2830188679245
3549.2957746478874,491.74528301886795
3549.2957746478874,488.20754716981133
3549.2957746478874,484.6698113207547
3549.2957746478874,481.1320754716981
3549.2957746478874,477.5943396226415
3549.2957746478874,474.0566037735849
3549.2957746478874,470.5188679245283
3549.2957746478874,466.9811320754717
3549.2957746478874,463.4433962264151
3549.2957746478874,459.9056603773585
3549.2957746478874,456.3679245283019
3549.2957746478874,452.8301886792453
3549.2957746478874,449.29245283018867
3549.2957746478874,445.75471698113205
3549.2957746478874,442.2169811320755
3549.2957746478874,438.6792452830189
3549.2957746478874,435.14150943396226
3549.2957746478874,431.60377358490564
3549.2957746478874,428.0660377358491
3549.2957746478874,424.52830188679246
3549.2957746478874,420.99056603773585
3549.2957746478874,417.45283018867923
3549.2957746478874,413.91509433962267
3549.2957746478874,410.37735849056605
3549.2957746478874,406.83962264150944
3549.2957746478874,403.3018867924528
3549.2957746478874,399.7641509433962
3549.2957746478874,396.22641509433964
3549.2957746478874,392.688679245283
3549.2957746478874,389.1509433962264
3554.5774647887324,1011.7924528301887
3554.5774647887324,1008.2547169811321
3554.5774647887324,1004.7169811320755
3554.5774647887324,1001.1792452830189
3554.5774647887324,997.6415094339623
3554.5774647887324,994.1037735849056
3554.5774647887324,990.566037735849
3554.5774647887324,987.0283018867924
3554.5774647887324,983.4905660377359
3554.5774647887324,979.9528301886793
3554.5774647887324,976.4150943396227
3554.5774647887324,972.877358490566
3554.5774647887324,969.3396226415094
3554.5774647887324,965.8018867924528
3554.5774647887324,962.2641509433962
3554.5774647887324,958.7264150943396
3554.5774647887324,955.188679245283
3554.5774647887324,951.6509433962265
3554.5774647887324,948.1132075471698
3554.5774647887324,944.5754716981132
3554.5774647887324,941.0377358490566
3554.5774647887324,937.5
3554.5774647887324,933.9622641509434
3554.5774647887324,930.4245283018868
3554.5774647887324,926.8867924528302
3554.5774647887324,923.3490566037735
3554.5774647887324,919.811320754717
3554.5774647887324,916.2735849056604
3554.5774647887324,912.7358490566038
3554.5774647887324,909.1981132075472
3554.5774647887324,905.6603773584906
3554.5774647887324,902.122641509434
3554.5774647887324,898.5849056603773
3554.5774647887324,895.0471698113207
3554.5774647887324,891.5094339622641
3554.5774647887324,887.9716981132076
3554.5774647887324,884.433962264151
3554.5774647887324,880.8962264150944
3554.5774647887324,877.3584905660377
3554.5774647887324,873.8207547169811
3554.5774647887324,870.2830188679245
3554.5774647887324,866.7452830188679
3554.5774647887324,863.2075471698113
3554.5774647887324,859.6698113207547
3554.5774647887324,856.1320754716982
3554.5774647887324,852.5943396226415
3554.5774647887324,849.0566037735849
3554.5774647887324,845.5188679245283
3554.5774647887324,841.9811320754717
3554.5774647887324,838.4433962264151
3554.5774647887324,834.9056603773585
3554.5774647887324,831.3679245283018
3554.5774647887324,827.8301886792453
3554.5774647887324,824.2924528301887
3554.5774647887324,820.7547169811321
3554.5774647887324,817.2169811320755
3554.5774647887324,813.6792452830189
3554.5774647887324,810.1415094339623
3554.5774647887324,806.6037735849056
3554.5774647887324,803.066037735849
3554.5774647887324,799.5283018867924
3554.5774647887324,795.9905660377359
3554.5774647887324,792.4528301886793
3554.5774647887324,788.9150943396227
3554.5774647887324,785.377358490566
3554.5774647887324,781.8396226415094
3554.5774647887324,778.3018867924528
3554.5774647887324,774.7641509433962
3554.5774647887324,771.2264150943396
3554.5774647887324,767.688679245283
3554.5774647887324,764.1509433962265
3554.5774647887324,760.6132075471698
3554.5774647887324,757.0754716981132
3554.5774647887324,753.5377358490566
3554.5774647887324,750.0
3554.5774647887324,746.4622641509434
3554.5774647887324,742.9245283018868
3554.5774647887324,739.3867924528302
3554.5774647887324,735.8490566037735
3554.5774647887324,732.311320754717
3554.5774647887324,728.7735849056604
3554.5774647887324,725.2358490566038
3554.5774647887324,721.6981132075472
3554.5774647887324,718.1603773584906
3554.5774647887324,714.622641509434
3554.5774647887324,711.0849056603773
3554.5774647887324,707.5471698113207
3554.5774647887324,704.0094339622641
3554.5774647887324,700.4716981132076
3554.5774647887324,696.933962264151
3554.5774647887324,693.3962264150944
3554.5774647887324,689.8584905660377
3554.5774647887324,686.3207547169811
3554.5774647887324,682.7830188679245
3554.5774647887324,679.2452830188679
3554.5774647887324,675.7075471698113
3554.5774647887324,672.1698113207547
3554.5774647887324,668.6320754716982
3554.5774647887324,665.0943396226415
3554.5774647887324,661.5566037735849
3554.5774647887324,658.0188679245283
3554.5774647887324,654.4811320754717
3554.5774647887324,650.9433962264151
3554.5774647887324,647.4056603773585
3554.5774647887324,643.8679245283018
3554.5774647887324,640.3301886792453
3554.5774647887324,636.7924528301887
3554.5774647887324,633.2547169811321
3554.5774647887324,629.7169811320755
3554.5774647887324,626.1792452830189
3554.5774647887324,622.6415094339623
3554.5774647887324,619.1037735849056
3554.5774647887324,615.566037735849
3554.5774647887324,612.0283018867924
3554.5774647887324,608.4905660377359
3554.5774647887324,604.9528301886793
3554.5774647887324,601.4150943396227
3554.5774647887324,597.877358490566
3554.5774647887324,594.3396226415094
3554.5774647887324,590.8018867924528
3554.5774647887324,587.2641509433962
3554.5774647887324,583.7264150943396
3554.5774647887324,580.188679245283
3554.5774647887324,576.6509433962265
3554.5774647887324,573.1132075471698
3554.5774647887324,569.5754716981132
3554.5774647887324,566.0377358490566
3554.5774647887324,562.5
3554.5774647887324,558.9622641509434
3554.5774647887324,555.4245283018868
3554.5774647887324,551.8867924528302
3554.5774647887324,548.3490566037735
3554.5774647887324,544.811320754717
3554.5774647887324,541.2735849056604
3554.5774647887324,537.7358490566038
3554.5774647887324,534.1981132075472
3554.5774647887324,530.6603773584906
3554.5774647887324,527.122641509434
3554.5774647887324,523.5849056603773
3554.5774647887324,520.0471698113207
3554.5774647887324,516.5094339622641
3554.5774647887324,512.9716981132076
3554.5774647887324,509.4339622641509
3554.5774647887324,505.89622641509436
3554.5774647887324,502.35849056603774
3554.5774647887324,498.8207547169811
3554.5774647887324,495.2830188679245
3554.5774647887324,491.74528301886795
3554.5774647887324,488.20754716981133
3554.5774647887324,484.6698113207547
3554.5774647887324,481.1320754716981
3554.5774647887324,477.5943396226415
3554.5774647887324,474.0566037735849
3554.5774647887324,470.5188679245283
3554.5774647887324,466.9811320754717
3554.5774647887324,463.4433962264151
3554.5774647887324,459.9056603773585
3554.5774647887324,456.3679245283019
3554.5774647887324,452.8301886792453
3554.5774647887324,449.29245283018867
3554.5774647887324,445.75471698113205
3554.5774647887324,442.2169811320755
3554.5774647887324,438.6792452830189
3554.5774647887324,435.14150943396226
3554.5774647887324,431.60377358490564
3554.5774647887324,428.0660377358491
3554.5774647887324,424.52830188679246
3554.5774647887324,420.99056603773585
3554.5774647887324,417.45283018867923
3554.5774647887324,413.91509433962267
3559.8591549295775,1266.5094339622642
3559.8591549295775,1262.9716981132076
3559.8591549295775,1259.433962264151
3559.8591549295775,1255.8962264150944
3559.8591549295775,1252.3584905660377
3559.8591549295775,1248.8207547169811
3559.8591549295775,1245.2830188679245
3559.8591549295775,1241.745283018868
3559.8591549295775,1238.2075471698113
3559.8591549295775,1234.6698113207547
3559.8591549295775,1231.132075471698
3559.8591549295775,1227.5943396226414
3559.8591549295775,1224.0566037735848
3559.8591549295775,1220.5188679245282
3559.8591549295775,1216.9811320754718
3559.8591549295775,1213.4433962264152
3559.8591549295775,1209.9056603773586
3559.8591549295775,1206.367924528302
3559.8591549295775,1202.8301886792453
3559.8591549295775,1199.2924528301887
3559.8591549295775,1195.754716981132
3559.8591549295775,1192.2169811320755
3559.8591549295775,1188.6792452830189
3559.8591549295775,1185.1415094339623
3559.8591549295775,1181.6037735849056
3559.8591549295775,1178.066037735849
3559.8591549295775,1174.5283018867924
3559.8591549295775,1170.9905660377358
3559.8591549295775,1167.4528301886792
3559.8591549295775,1163.9150943396226
3559.8591549295775,1160.377358490566
3559.8591549295775,1156.8396226415093
3559.8591549295775,1153.301886792453
3559.8591549295775,1149.7641509433963
3559.8591549295775,1146.2264150943397
3559.8591549295775,1142.688679245283
3559.8591549295775,1139.1509433962265
3559.8591549295775,1135.6132075471698
3559.8591549295775,1132.0754716981132
3559.8591549295775,1128.5377358490566
3559.8591549295775,1125.0
3559.8591549295775,1121.4622641509434
3559.8591549295775,1117.9245283018868
3559.8591549295775,1114.3867924528302
3559.8591549295775,1110.8490566037735
3559.8591549295775,1107.311320754717
3559.8591549295775,1103.7735849056603
3559.8591549295775,1100.2358490566037
3559.8591549295775,1096.698113207547
3559.8591549295775,1093.1603773584907
3559.8591549295775,1089.622641509434
3559.8591549295775,1086.0849056603774
3559.8591549295775,1082.5471698113208
3559.8591549295775,1079.0094339622642
3559.8591549295775,1075.4716981132076
3559.8591549295775,1071.933962264151
3559.8591549295775,1068.3962264150944
3559.8591549295775,1064.8584905660377
3559.8591549295775,1061.3207547169811
3559.8591549295775,1057.7830188679245
3559.8591549295775,1054.245283018868
3559.8591549295775,1050.7075471698113
3559.8591549295775,1047.1698113207547
3559.8591549295775,1043.632075471698
3559.8591549295775,1040.0943396226414
3559.8591549295775,1036.5566037735848
3559.8591549295775,1033.0188679245282
3559.8591549295775,1029.4811320754718
3559.8591549295775,1025.9433962264152
3559.8591549295775,1022.4056603773585
3559.8591549295775,1018.8679245283018
3559.8591549295775,1015.3301886792453
3559.8591549295775,1011.7924528301887
3559.8591549295775,1008.2547169811321
3559.8591549295775,1004.7169811320755
3559.8591549295775,1001.1792452830189
3559.8591549295775,997.6415094339623
3559.8591549295775,994.1037735849056
3559.8591549295775,990.566037735849
3559.8591549295775,987.0283018867924
3559.8591549295775,983.4905660377359
3559.8591549295775,979.9528301886793
3559.8591549295775,976.4150943396227
3559.8591549295775,972.877358490566
3559.8591549295775,969.3396226415094
3559.8591549295775,965.8018867924528
3559.8591549295775,962.2641509433962
3559.8591549295775,958.7264150943396
3559.8591549295775,955.188679245283
3559.8591549295775,951.6509433962265
3559.8591549295775,948.1132075471698
3559.8591549295775,944.5754716981132
3559.8591549295775,941.0377358490566
3559.8591549295775,937.5
3559.8591549295775,933.9622641509434
3559.8591549295775,930.4245283018868
3559.8591549295775,926.8867924528302
3559.8591549295775,923.3490566037735
3559.8591549295775,919.811320754717
3559.8591549295775,916.2735849056604
3559.8591549295775,912.7358490566038
3559.8591549295775,909.1981132075472
3559.8591549295775,905.6603773584906
3559.8591549295775,902.122641509434
3559.8591549295775,898.5849056603773
3559.8591549295775,895.0471698113207
3559.8591549295775,891.5094339622641
3559.8591549295775,887.9716981132076
3559.8591549295775,884.433962264151
3559.8591549295775,880.8962264150944
3559.8591549295775,877.3584905660377
3559.8591549295775,873.8207547169811
3559.8591549295775,870.2830188679245
3559.8591549295775,866.7452830188679
3559.8591549295775,863.2075471698113
3559.8591549295775,859.6698113207547
3559.8591549295775,856.1320754716982
3559.8591549295775,852.5943396226415
3559.8591549295775,849.0566037735849
3559.8591549295775,845.5188679245283
3559.8591549295775,841.9811320754717
3559.8591549295775,838.4433962264151
3559.8591549295775,834.9056603773585
3559.8591549295775,831.3679245283018
3559.8591549295775,827.8301886792453
3559.8591549295775,824.2924528301887
3559.8591549295775,820.7547169811321
3559.8591549295775,817.2169811320755
3559.8591549295775,813.6792452830189
3559.8591549295775,810.1415094339623
3559.8591549295775,806.6037735849056
3559.8591549295775,803.066037735849
3559.8591549295775,799.5283018867924
3559.8591549295775,795.9905660377359
3559.8591549295775,792.4528301886793
3559.8591549295775,788.9150943396227
3559.8591549295775,785.377358490566
3559.8591549295775,781.8396226415094
3559.8591549295775,778.3018867924528
3559.8591549295775,774.7641509433962
3559.8591549295775,771.2264150943396
3559.8591549295775,767.688679245283
3559.8591549295775,764.1509433962265
3559.8591549295775,760.6132075471698
3559.8591549295775,757.0754716981132
3559.8591549295775,753.5377358490566
3559.8591549295775,750.0
3559.8591549295775,746.4622641509434
3559.8591549295775,742.9245283018868
3559.8591549295775,739.3867924528302
3559.8591549295775,735.8490566037735
3559.8591549295775,732.311320754717
3559.8591549295775,728.7735849056604
3559.8591549295775,725.2358490566038
3559.8591549295775,721.6981132075472
3559.8591549295775,718.1603773584906
3559.8591549295775,714.622641509434
3559.8591549295775,711.0849056603773
3559.8591549295775,707.5471698113207
3559.8591549295775,704.0094339622641
3559.8591549295775,700.4716981132076
3559.8591549295775,696.933962264151
3559.8591549295775,693.3962264150944
3559.8591549295775,689.8584905660377
3559.8591549295775,686.3207547169811
3559.8591549295775,682.7830188679245
3559.8591549295775,679.2452830188679
3559.8591549295775,675.7075471698113
3559.8591549295775,672.1698113207547
3559.8591549295775,668.6320754716982
3559.8591549295775,665.0943396226415
3559.8591549295775,661.5566037735849
3559.8591549295775,658.0188679245283
3559.8591549295775,654.4811320754717
3559.8591549295775,650.9433962264151
3559.8591549295775,647.4056603773585
3559.8591549295775,643.8679245283018
3559.8591549295775,640.3301886792453
3559.8591549295775,636.7924528301887
3559.8591549295775,633.2547169811321
3559.8591549295775,629.7169811320755
3559.8591549295775,626.1792452830189
3559.8591549295775,622.6415094339623
3559.8591549295775,619.1037735849056
3559.8591549295775,615.566037735849
3559.8591549295775,612.0283018867924
3559.8591549295775,608.4905660377359
3559.8591549295775,604.9528301886793
3559.8591549295775,601.4150943396227
3559.8591549295775,597.877358490566
3559.8591549295775,594.3396226415094
3559.8591549295775,590.8018867924528
3559.8591549295775,587.2641509433962
3559.8591549295775,583.7264150943396
3559.8591549295775,580.188679245283
3559.8591549295775,576.6509433962265
3559.8591549295775,573.1132075471698
3559.8591549295775,569.5754716981132
3559.8591549295775,566.0377358490566
3559.8591549295775,562.5
3559.8591549295775,558.9622641509434
3559.8591549295775,555.4245283018868
3559.8591549295775,551.8867924528302
3559.8591549295775,548.3490566037735
3559.8591549295775,544.811320754717
3559.8591549295775,541.2735849056604
3559.8591549295775,537.7358490566038
3559.8591549295775,534.1981132075472
3565.1408450704225,1270.0471698113208
3565.1408450704225,1266.5094339622642
3565.1408450704225,1262.9716981132076
3565.1408450704225,1259.433962264151
3565.1408450704225,1255.8962264150944
3565.1408450704225,1252.3584905660377
3565.1408450704225,1248.8207547169811
3565.1408450704225,1245.2830188679245
3565.1408450704225,1241.745283018868
3565.1408450704225,1238.2075471698113
3565.1408450704225,1234.6698113207547
3565.1408450704225,1231.132075471698
3565.1408450704225,1227.5943396226414
3565.1408450704225,1224.0566037735848
3565.1408450704225,1220.5188679245282
3565.1408450704225,1216.9811320754718
3565.1408450704225,1213.4433962264152
3565.1408450704225,1209.9056603773586
3565.1408450704225,1206.367924528302
3565.1408450704225,1202.8301886792453
3565.1408450704225,1199.2924528301887
3565.1408450704225,1195.754716981132
3565.1408450704225,1192.2169811320755
3565.1408450704225,1188.6792452830189
3565.1408450704225,1185.1415094339623
3565.1408450704225,1181.6037735849056
3565.1408450704225,1178.066037735849
3565.1408450704225,1174.5283018867924
3565.1408450704225,1170.9905660377358
3565.1408450704225,1167.4528301886792
3565.1408450704225,1163.9150943396226
3565.1408450704225,1160.377358490566
3565.1408450704225,1156.8396226415093
3565.1408450704225,1153.301886792453
3565.1408450704225,1149.7641509433963
3565.1408450704225,1146.2264150943397
3565.1408450704225,1142.688679245283
3565.1408450704225,1139.1509433962265
3565.1408450704225,1135.6132075471698
3565.1408450704225,1132.0754716981132
3565.1408450704225,1128.5377358490566
3565.1408450704225,1125.0
3565.1408450704225,1121.4622641509434
3565.1408450704225,1117.9245283018868
3565.1408450704225,1114.3867924528302
3565.1408450704225,1110.8490566037735
3565.1408450704225,1107.311320754717
3565.1408450704225,1103.7735849056603
3565.1408450704225,1100.2358490566037
3565.1408450704225,1096.698113207547
3565.1408450704225,1093.1603773584907
3565.1408450704225,1089.622641509434
3565.1408450704225,1086.0849056603774
3565.1408450704225,1082.5471698113208
3565.1408450704225,1079.0094339622642
3565.1408450704225,1075.4716981132076
3565.1408450704225,1071.933962264151
3565.1408450704225,1068.3962264150944
3565.1408450704225,1064.8584905660377
3565.1408450704225,1061.3207547169811
3565.1408450704225,1057.7830188679245
3565.1408450704225,1054.245283018868
3565.1408450704225,1050.7075471698113
3565.1408450704225,1047.1698113207547
3565.1408450704225,1043.632075471698
3565.1408450704225,1040.0943396226414
3565.1408450704225,1036.5566037735848
3565.1408450704225,1033.0188679245282
3565.1408450704225,1029.4811320754718
3565.1408450704225,1025.9433962264152
3565.1408450704225,1022.4056603773585
3565.1408450704225,1018.8679245283018
3565.1408450704225,1015.3301886792453
3565.1408450704225,1011.7924528301887
3565.1408450704225,1008.2547169811321
3565.1408450704225,1004.7169811320755
3565.1408450704225,1001.1792452830189
3565.1408450704225,997.6415094339623
3565.1408450704225,994.1037735849056
3565.1408450704225,990.566037735849
3565.1408450704225,987.0283018867924
3565.1408450704225,983.4905660377359
3565.1408450704225,979.9528301886793
3565.1408450704225,976.4150943396227
3565.1408450704225,972.877358490566
3565.1408450704225,969.3396226415094
3565.1408450704225,965.8018867924528
3565.1408450704225,962.2641509433962
3565.1408450704225,958.7264150943396
3565.1408450704225,955.188679245283
3565.1408450704225,951.6509433962265
3565.1408450704225,948.1132075471698
3565.1408450704225,944.5754716981132
3565.1408450704225,941.0377358490566
3565.1408450704225,937.5
3565.1408450704225,933.9622641509434
3565.1408450704225,930.4245283018868
3565.1408450704225,926.8867924528302
3565.1408450704225,923.3490566037735
3565.1408450704225,919.811320754717
3565.1408450704225,916.2735849056604
3565.1408450704225,912.7358490566038
3565.1408450704225,909.1981132075472
3565.1408450704225,905.6603773584906
3565.1408450704225,902.122641509434
3565.1408450704225,898.5849056603773
3565.1408450704225,895.0471698113207
3565.1408450704225,891.5094339622641
3565.1408450704225,887.9716981132076
3565.1408450704225,884.433962264151
3565.1408450704225,880.8962264150944
3565.1408450704225,877.3584905660377
3565.1408450704225,873.8207547169811
3565.1408450704225,870.2830188679245
3565.1408450704225,866.7452830188679
3565.1408450704225,863.2075471698113
3565.1408450704225,859.6698113207547
3565.1408450704225,856.1320754716982
3565.1408450704225,852.5943396226415
3565.1408450704225,849.0566037735849
3565.1408450704225,845.5188679245283
3565.1408450704225,841.9811320754717
3565.1408450704225,838.4433962264151
3565.1408450704225,834.9056603773585
3565.1408450704225,831.3679245283018
3565.1408450704225,827.8301886792453
3565.1408450704225,824.2924528301887
3565.1408450704225,820.7547169811321
3565.1408450704225,817.2169811320755
3565.1408450704225,813.6792452830189
3565.1408450704225,810.1415094339623
3565.1408450704225,806.6037735849056
3565.1408450704225,803.066037735849
3565.1408450704225,799.5283018867924
3565.1408450704225,795.9905660377359
3565.1408450704225,792.4528301886793
3565.1408450704225,788.9150943396227
3565.1408450704225,785.377358490566
3565.1408450704225,781.8396226415094
3565.1408450704225,778.3018867924528
3565.1408450704225,774.7641509433962
3565.1408450704225,771.2264150943396
3565.1408450704225,767.688679245283
3565.1408450704225,764.1509433962265
3565.1408450704225,760.6132075471698
3565.1408450704225,757.0754716981132
3565.1408450704225,753.5377358490566
3565.1408450704225,750.0
3565.1408450704225,746.4622641509434
3565.1408450704225,742.9245283018868
3565.1408450704225,739.3867924528302
3565.1408450704225,735.8490566037735
3565.1408450704225,732.311320754717
3565.1408450704225,728.7735849056604
3565.1408450704225,725.2358490566038
3565.1408450704225,721.6981132075472
3565.1408450704225,718.1603773584906
3565.1408450704225,714.622641509434
3565.1408450704225,711.0849056603773
3565.1408450704225,707.5471698113207
3565.1408450704225,704.0094339622641
3565.1408450704225,700.4716981132076
3565.1408450704225,696.933962264151
3565.1408450704225,693.3962264150944
3565.1408450704225,689.8584905660377
3565.1408450704225,686.3207547169811
3565.1408450704225,682.7830188679245
3565.1408450704225,679.2452830188679
3565.1408450704225,675.7075471698113
3565.1408450704225,672.1698113207547
3565.1408450704225,668.6320754716982
3565.1408450704225,665.0943396226415
3565.1408450704225,661.5566037735849
3565.1408450704225,658.0188679245283
3565.1408450704225,654.4811320754717
3565.1408450704225,650.9433962264151
3565.1408450704225,647.4056603773585
3565.1408450704225,643.8679245283018
3565.1408450704225,640.3301886792453
3565.1408450704225,636.7924528301887
3565.1408450704225,633.2547169811321
3565.1408450704225,629.7169811320755
3565.1408450704225,626.1792452830189
3565.1408450704225,622.6415094339623
3565.1408450704225,619.1037735849056
3565.1408450704225,615.566037735849
3565.1408450704225,612.0283018867924
3565.1408450704225,608.4905660377359
3565.1408450704225,604.9528301886793
3565.1408450704225,601.4150943396227
3565.1408450704225,597.877358490566
3565.1408450704225,594.3396226415094
3565.1408450704225,590.8018867924528
3565.1408450704225,587.2641509433962
3565.1408450704225,583.7264150943396
3565.1408450704225,580.188679245283
3565.1408450704225,576.6509433962265
3565.1408450704225,573.1132075471698
3565.1408450704225,569.5754716981132
3565.1408450704225,566.0377358490566
3565.1408450704225,562.5
3565.1408450704225,558.9622641509434
3565.1408450704225,555.4245283018868
3565.1408450704225,551.8867924528302
3565.1408450704225,548.3490566037735
3565.1408450704225,544.811320754717
3565.1408450704225,541.2735849056604
3565.1408450704225,537.7358490566038
3565.1408450704225,534.1981132075472
3570.4225352112676,1270.0471698113208
3570.4225352112676,1266.5094339622642
3570.4225352112676,1262.9716981132076
3570.4225352112676,1259.433962264151
3570.4225352112676,1255.8962264150944
3570.4225352112676,1252.3584905660377
3570.4225352112676,1248.8207547169811
3570.4225352112676,1245.2830188679245
3570.4225352112676,1241.745283018868
3570.4225352112676,1238.2075471698113
3570.4225352112676,1234.6698113207547
3570.4225352112676,1231.132075471698
3570.4225352112676,1227.5943396226414
3570.4225352112676,1224.0566037735848
3570.4225352112676,1220.5188679245282
3570.4225352112676,1216.9811320754718
3570.4225352112676,1213.4433962264152
3570.4225352112676,1209.9056603773586
3570.4225352112676,1206.367924528302
3570.4225352112676,1202.8301886792453
3570.4225352112676,1199.2924528301887
3570.4225352112676,1195.754716981132
3570.4225352112676,1192.2169811320755
3570.4225352112676,1188.6792452830189
3570.4225352112676,1185.1415094339623
3570.4225352112676,1181.6037735849056
3570.4225352112676,1178.066037735849
3570.4225352112676,1174.5283018867924
3570.4225352112676,1170.9905660377358
3570.4225352112676,1167.4528301886792
3570.4225352112676,1163.9150943396226
3570.4225352112676,1160.377358490566
3570.4225352112676,1156.8396226415093
3570.4225352112676,1153.301886792453
3570.4225352112676,1149.7641509433963
3570.4225352112676,1146.2264150943397
3570.4225352112676,1142.688679245283
3570.4225352112676,1139.1509433962265
3570.4225352112676,1135.6132075471698
3570.4225352112676,1132.0754716981132
3570.4225352112676,1128.5377358490566
3570.4225352112676,1125.0
3570.4225352112676,1121.4622641509434
3570.4225352112676,1117.9245283018868
3570.4225352112676,1114.3867924528302
3570.4225352112676,1110.8490566037735
3570.4225352112676,1107.311320754717
3570.4225352112676,1103.7735849056603
3570.4225352112676,1100.2358490566037
3570.4225352112676,1096.698113207547
3570.4225352112676,1093.1603773584907
3570.4225352112676,1089.622641509434
3570.4225352112676,1086.0849056603774
3570.4225352112676,1082.5471698113208
3570.4225352112676,1079.0094339622642
3570.4225352112676,1075.4716981132076
3570.4225352112676,1071.933962264151
3570.4225352112676,1068.3962264150944
3570.4225352112676,1064.8584905660377
3570.4225352112676,1061.3207547169811
3570.4225352112676,1057.7830188679245
3570.4225352112676,1054.245283018868
3570.4225352112676,1050.7075471698113
3570.4225352112676,1047.1698113207547
3570.4225352112676,1043.632075471698
3570.4225352112676,1040.0943396226414
3570.4225352112676,1036.5566037735848
3570.4225352112676,1033.0188679245282
3570.4225352112676,1029.4811320754718
3570.4225352112676,1025.9433962264152
3570.4225352112676,1022.4056603773585
3570.4225352112676,1018.8679245283018
3570.4225352112676,1015.3301886792453
3570.4225352112676,1011.7924528301887
3570.4225352112676,1008.2547169811321
3570.4225352112676,1004.7169811320755
3570.4225352112676,1001.1792452830189
3570.4225352112676,997.6415094339623
3570.4225352112676,994.1037735849056
3570.4225352112676,990.566037735849
3570.4225352112676,987.0283018867924
3570.4225352112676,983.4905660377359
3570.4225352112676,979.9528301886793
3570.4225352112676,976.4150943396227
3570.4225352112676,972.877358490566
3570.4225352112676,969.3396226415094
3570.4225352112676,965.8018867924528
3570.4225352112676,962.2641509433962
3570.4225352112676,958.7264150943396
3570.4225352112676,955.188679245283
3570.4225352112676,951.6509433962265
3570.4225352112676,948.1132075471698
3570.4225352112676,944.5754716981132
3570.4225352112676,941.0377358490566
3570.4225352112676,937.5
3570.4225352112676,933.9622641509434
3570.4225352112676,930.4245283018868
3570.4225352112676,926.8867924528302
3570.4225352112676,923.3490566037735
3570.4225352112676,919.811320754717
3570.4225352112676,916.2735849056604
3570.4225352112676,912.7358490566038
3570.4225352112676,909.1981132075472
3570.4225352112676,905.6603773584906
3570.4225352112676,902.122641509434
3570.4225352112676,898.5849056603773
3570.4225352112676,895.0471698113207
3570.4225352112676,891.5094339622641
3570.4225352112676,887.9716981132076
3570.4225352112676,884.433962264151
3570.4225352112676,880.8962264150944
3570.4225352112676,877.3584905660377
3570.4225352112676,873.8207547169811
3570.4225352112676,870.2830188679245
3570.4225352112676,866.7452830188679
3570.4225352112676,863.2075471698113
3570.4225352112676,859.6698113207547
3570.4225352112676,856.1320754716982
3570.4225352112676,852.5943396226415
3570.4225352112676,849.0566037735849
3570.4225352112676,845.5188679245283
3570.4225352112676,841.9811320754717
3570.4225352112676,838.4433962264151
3570.4225352112676,834.9056603773585
3570.4225352112676,831.3679245283018
3570.4225352112676,827.8301886792453
3570.4225352112676,824.2924528301887
3570.4225352112676,820.7547169811321
3570.4225352112676,817.2169811320755
3570.4225352112676,813.6792452830189
3570.4225352112676,810.1415094339623
3570.4225352112676,806.6037735849056
3570.4225352112676,803.066037735849
3570.4225352112676,799.5283018867924
3570.4225352112676,795.9905660377359
3570.4225352112676,792.4528301886793
3570.4225352112676,788.9150943396227
3570.4225352112676,785.377358490566
3570.4225352112676,781.8396226415094
3570.4225352112676,778.3018867924528
3570.4225352112676,774.7641509433962
3570.4225352112676,771.2264150943396
3570.4225352112676,767.688679245283
3570.4225352112676,764.1509433962265
3570.4225352112676,760.6132075471698
3570.4225352112676,757.0754716981132
3570.4225352112676,753.5377358490566
3570.4225352112676,750.0
3570.4225352112676,746.4622641509434
3570.4225352112676,742.9245283018868
3570.4225352112676,739.3867924528302
3570.4225352112676,735.8490566037735
3570.4225352112676,732.311320754717
3570.4225352112676,728.7735849056604
3570.4225352112676,725.2358490566038
3570.4225352112676,721.6981132075472
3570.4225352112676,718.1603773584906
3570.4225352112676,714.622641509434
3570.4225352112676,711.0849056603773
3570.4225352112676,707.5471698113207
3570.4225352112676,704.0094339622641
3570.4225352112676,700.4716981132076
3570.4225352112676,696.933962264151
3570.4225352112676,693.3962264150944
3570.4225352112676,689.8584905660377
3570.4225352112676,686.3207547169811
3570.4225352112676,682.7830188679245
3570.4225352112676,679.2452830188679
3570.4225352112676,675.7075471698113
3570.4225352112676,672.1698113207547
3570.4225352112676,668.6320754716982
3570.4225352112676,665.0943396226415
3570.4225352112676,661.5566037735849
3570.4225352112676,658.0188679245283
3570.4225352112676,654.4811320754717
3570.4225352112676,650.9433962264151
3570.4225352112676,647.4056603773585
3570.4225352112676,643.8679245283018
3570.4225352112676,640.3301886792453
3570.4225352112676,636.7924528301887
3570.4225352112676,633.2547169811321
3570.4225352112676,629.7169811320755
3570.4225352112676,626.1792452830189
3570.4225352112676,622.6415094339623
3570.4225352112676,619.1037735849056
3570.4225352112676,615.566037735849
3570.4225352112676,612.0283018867924
3570.4225352112676,608.4905660377359
3570.4225352112676,604.9528301886793
3570.4225352112676,601.4150943396227
3570.4225352112676,597.877358490566
3570.4225352112676,594.3396226415094
3570.4225352112676,590.8018867924528
3570.4225352112676,587.2641509433962
3570.4225352112676,583.7264150943396
3570.4225352112676,580.188679245283
3570.4225352112676,576.6509433962265
3570.4225352112676,573.1132075471698
3570.4225352112676,569.5754716981132
3570.4225352112676,566.0377358490566
3570.4225352112676,562.5
3570.4225352112676,558.9622641509434
3570.4225352112676,555.4245283018868
3570.4225352112676,551.8867924528302
3570.4225352112676,548.3490566037735
3570.4225352112676,544.811320754717
3570.4225352112676,541.2735849056604
3570.4225352112676,537.7358490566038
3570.4225352112676,534.1981132075472
3575.7042253521126,1266.5094339622642
3575.7042253521126,1262.9716981132076
3575.7042253521126,1259.433962264151
3575.7042253521126,1255.8962264150944
3575.7042253521126,1252.3584905660377
3575.7042253521126,1248.8207547169811
3575.7042253521126,1245.2830188679245
3575.7042253521126,1241.745283018868
3575.7042253521126,1238.2075471698113
3575.7042253521126,1234.6698113207547
3575.7042253521126,1231.132075471698
3575.7042253521126,1227.5943396226414
3575.7042253521126,1224.0566037735848
3575.7042253521126,1220.5188679245282
3575.7042253521126,1216.9811320754718
3575.7042253521126,1213.4433962264152
3575.7042253521126,1209.9056603773586
3575.7042253521126,1206.367924528302
3575.7042253521126,1202.8301886792453
3575.7042253521126,1199.2924528301887
3575.7042253521126,1195.754716981132
3575.7042253521126,1192.2169811320755
3575.7042253521126,1188.6792452830189
3575.7042253521126,1185.1415094339623
3575.7042253521126,1181.6037735849056
3575.7042253521126,1178.066037735849
3575.7042253521126,1174.5283018867924
3575.7042253521126,1170.9905660377358
3575.7042253521126,1167.4528301886792
3575.7042253521126,1163.9150943396226
3575.7042253521126,1160.377358490566
3575.7042253521126,1156.8396226415093
3575.7042253521126,1153.301886792453
3575.7042253521126,1149.7641509433963
3575.7042253521126,1146.2264150943397
3575.7042253521126,1142.688679245283
3575.7042253521126,1139.1509433962265
3575.7042253521126,1135.6132075471698
3575.7042253521126,1132.0754716981132
3575.7042253521126,1128.5377358490566
3575.7042253521126,1125.0
3575.7042253521126,1121.4622641509434
3575.7042253521126,1117.9245283018868
3575.7042253521126,1114.3867924528302
3575.7042253521126,1110.8490566037735
3575.7042253521126,1107.311320754717
3575.7042253521126,1103.7735849056603
3575.7042253521126,1100.2358490566037
3575.7042253521126,1096.698113207547
3575.7042253521126,1093.1603773584907
3575.7042253521126,1089.622641509434
3575.7042253521126,1086.0849056603774
3575.7042253521126,1082.5471698113208
3575.7042253521126,1079.0094339622642
3575.7042253521126,1075.4716981132076
3575.7042253521126,1071.933962264151
3575.7042253521126,1068.3962264150944
3575.7042253521126,1064.8584905660377
3575.7042253521126,1061.3207547169811
3575.7042253521126,1057.7830188679245
3575.7042253521126,1054.245283018868
3575.7042253521126,1050.7075471698113
3575.7042253521126,1047.1698113207547
3575.7042253521126,1043.632075471698
3575.7042253521126,1040.0943396226414
3575.7042253521126,1036.5566037735848
3575.7042253521126,1033.0188679245282
3575.7042253521126,1029.4811320754718
3575.7042253521126,1025.9433962264152
3575.7042253521126,1022.4056603773585
3575.7042253521126,1018.8679245283018
3575.7042253521126,1015.3301886792453
3575.7042253521126,1011.7924528301887
3575.7042253521126,1008.2547169811321
3575.7042253521126,1004.7169811320755
3575.7042253521126,1001.1792452830189
3575.7042253521126,997.6415094339623
3575.7042253521126,994.1037735849056
3575.7042253521126,990.566037735849
3575.7042253521126,987.0283018867924
3575.7042253521126,983.4905660377359
3575.7042253521126,979.9528301886793
3575.7042253521126,976.4150943396227
3575.7042253521126,972.877358490566
3575.7042253521126,969.3396226415094
3575.7042253521126,965.8018867924528
3575.7042253521126,962.2641509433962
3575.7042253521126,958.7264150943396
3575.7042253521126,955.188679245283
3575.7042253521126,951.6509433962265
3575.7042253521126,948.1132075471698
3575.7042253521126,944.5754716981132
3575.7042253521126,941.0377358490566
3575.7042253521126,937.5
3575.7042253521126,933.9622641509434
3575.7042253521126,930.4245283018868
3575.7042253521126,926.8867924528302
3575.7042253521126,923.3490566037735
3575.7042253521126,919.811320754717
3575.7042253521126,916.2735849056604
3575.7042253521126,912.7358490566038
3575.7042253521126,909.1981132075472
3575.7042253521126,905.6603773584906
3575.7042253521126,902.122641509434
3575.7042253521126,898.5849056603773
3575.7042253521126,895.0471698113207
3575.7042253521126,891.5094339622641
3575.7042253521126,887.9716981132076
3575.7042253521126,884.433962264151
3575.7042253521126,880.8962264150944
3575.7042253521126,877.3584905660377
3575.7042253521126,873.8207547169811
3575.7042253521126,870.2830188679245
3575.7042253521126,866.7452830188679
3575.7042253521126,863.2075471698113
3575.7042253521126,859.6698113207547
3575.7042253521126,856.1320754716982
3575.7042253521126,852.5943396226415
3575.7042253521126,849.0566037735849
3575.7042253521126,845.5188679245283
3575.7042253521126,841.9811320754717
3575.7042253521126,838.4433962264151
3575.7042253521126,834.9056603773585
3575.7042253521126,831.3679245283018
3575.7042253521126,827.8301886792453
3575.7042253521126,824.2924528301887
3575.7042253521126,820.7547169811321
3575.7042253521126,817.2169811320755
3575.7042253521126,813.6792452830189
3575.7042253521126,810.1415094339623
3575.7042253521126,806.6037735849056
3575.7042253521126,803.066037735849
3575.7042253521126,799.5283018867924
3575.7042253521126,795.9905660377359
3575.7042253521126,792.4528301886793
3575.7042253521126,788.9150943396227
3575.7042253521126,785.377358490566
3575.7042253521126,781.8396226415094
3575.7042253521126,778.3018867924528
3575.7042253521126,774.7641509433962
3575.7042253521126,771.2264150943396
3575.7042253521126,767.688679245283
3575.7042253521126,764.1509433962265
3575.7042253521126,760.6132075471698
3575.7042253521126,757.0754716981132
3575.7042253521126,753.5377358490566
3575.7042253521126,750.0
3575.7042253521126,746.4622641509434
3575.7042253521126,742.9245283018868
3575.7042253521126,739.3867924528302
3575.7042253521126,735.8490566037735
3575.7042253521126,732.311320754717
3575.7042253521126,728.7735849056604
3575.7042253521126,725.2358490566038
3575.7042253521126,721.6981132075472
3575.7042253521126,718.1603773584906
3575.7042253521126,714.622641509434
3575.7042253521126,711.0849056603773
3575.7042253521126,707.5471698113207
3575.7042253521126,704.0094339622641
3575.7042253521126,700.4716981132076
3575.7042253521126,696.933962264151
3575.7042253521126,693.3962264150944
3575.7042253521126,689.8584905660377
3575.7042253521126,686.3207547169811
3575.7042253521126,682.7830188679245
3575.7042253521126,679.2452830188679
3575.7042253521126,675.7075471698113
3575.7042253521126,672.1698113207547
3575.7042253521126,668.6320754716982
3575.7042253521126,665.0943396226415
3575.7042253521126,661.5566037735849
3575.7042253521126,658.0188679245283
3575.7042253521126,654.4811320754717
3575.7042253521126,650.9433962264151
3575.7042253521126,647.4056603773585
3575.7042253521126,643.8679245283018
3575.7042253521126,640.3301886792453
3575.7042253521126,636.7924528301887
3575.7042253521126,633.2547169811321
3575.7042253521126,629.7169811320755
3575.7042253521126,626.1792452830189
3575.7042253521126,622.6415094339623
3575.7042253521126,619.1037735849056
3575.7042253521126,615.566037735849
3575.7042253521126,612.0283018867924
3575.7042253521126,608.4905660377359
3575.7042253521126,604.9528301886793
3575.7042253521126,601.4150943396227
3575.7042253521126,597.877358490566
3575.7042253521126,594.3396226415094
3575.7042253521126,590.8018867924528
3575.7042253521126,587.2641509433962
3575.7042253521126,583.7264150943396
3575.7042253521126,580.188679245283
3575.7042253521126,576.6509433962265
3575.7042253521126,573.1132075471698
3575.7042253521126,569.5754716981132
3575.7042253521126,566.0377358490566
3575.7042253521126,562.5
3575.7042253521126,558.9622641509434
3575.7042253521126,555.4245283018868
3575.7042253521126,551.8867924528302
3575.7042253521126,548.3490566037735
3575.7042253521126,544.811320754717
3575.7042253521126,541.2735849056604
3575.7042253521126,537.7358490566038
3575.7042253521126,534.1981132075472
3575.7042253521126,530.6603773584906
3575.7042253521126,527.122641509434
3575.7042253521126,523.5849056603773
3575.7042253521126,520.0471698113207
3580.9859154929577,1262.9716981132076
3580.9859154929577,1259.433962264151
3580.9859154929577,1255.8962264150944
3580.9859154929577,1252.3584905660377
3580.9859154929577,1248.8207547169811
3580.9859154929577,1245.2830188679245
3580.9859154929577,1241.745283018868
3580.9859154929577,1238.2075471698113
3580.9859154929577,1234.6698113207547
3580.9859154929577,1231.132075471698
3580.9859154929577,1227.5943396226414
3580.9859154929577,1224.0566037735848
3580.9859154929577,1220.5188679245282
3580.9859154929577,1216.9811320754718
3580.9859154929577,1213.4433962264152
3580.9859154929577,1209.9056603773586
3580.9859154929577,1206.367924528302
3580.9859154929577,1202.8301886792453
3580.9859154929577,1199.2924528301887
3580.9859154929577,1195.754716981132
3580.9859154929577,1192.2169811320755
3580.9859154929577,1188.6792452830189
3580.9859154929577,1185.1415094339623
3580.9859154929577,1181.6037735849056
3580.9859154929577,1178.066037735849
3580.9859154929577,1174.5283018867924
3580.9859154929577,1170.9905660377358
3580.9859154929577,1167.4528301886792
3580.9859154929577,1163.9150943396226
3580.9859154929577,1160.377358490566
3580.9859154929577,1156.8396226415093
3580.9859154929577,1153.301886792453
3580.9859154929577,1149.7641509433963
3580.9859154929577,1146.2264150943397
3580.9859154929577,1142.688679245283
3580.9859154929577,1139.1509433962265
3580.9859154929577,1135.6132075471698
3580.9859154929577,1132.0754716981132
3580.9859154929577,1128.5377358490566
3580.9859154929577,1125.0
3580.9859154929577,1121.4622641509434
3580.9859154929577,1117.9245283018868
3580.9859154929577,1114.3867924528302
3580.9859154929577,1110.8490566037735
3580.9859154929577,1107.311320754717
3580.9859154929577,1103.7735849056603
3580.9859154929577,1100.2358490566037
3580.9859154929577,1096.698113207547
3580.9859154929577,1093.1603773584907
3580.9859154929577,1089.622641509434
3580.9859154929577,1086.0849056603774
3580.9859154929577,1082.5471698113208
3580.9859154929577,1079.0094339622642
3580.9859154929577,1075.4716981132076
3580.9859154929577,1071.933962264151
3580.9859154929577,1068.3962264150944
3580.9859154929577,1064.8584905660377
3580.9859154929577,1061.3207547169811
3580.9859154929577,1057.7830188679245
3580.9859154929577,1054.245283018868
3580.9859154929577,1050.7075471698113
3580.9859154929577,1047.1698113207547
3580.9859154929577,1043.632075471698
3580.9859154929577,1040.0943396226414
3580.9859154929577,1036.5566037735848
3580.9859154929577,1033.0188679245282
3580.9859154929577,1029.4811320754718
3580.9859154929577,1025.9433962264152
3580.9859154929577,1022.4056603773585
3580.9859154929577,1018.8679245283018
3580.9859154929577,1015.3301886792453
3580.9859154929577,1011.7924528301887
3580.9859154929577,1008.2547169811321
3580.9859154929577,1004.7169811320755
3580.9859154929577,1001.1792452830189
3580.9859154929577,997.6415094339623
3580.9859154929577,994.1037735849056
3580.9859154929577,990.566037735849
3580.9859154929577,987.0283018867924
3580.9859154929577,983.4905660377359
3580.9859154929577,979.9528301886793
3580.9859154929577,976.4150943396227
3580.9859154929577,972.877358490566
3580.9859154929577,969.3396226415094
3580.9859154929577,965.8018867924528
3580.9859154929577,962.2641509433962
3580.9859154929577,958.7264150943396
3580.9859154929577,955.188679245283
3580.9859154929577,951.6509433962265
3580.9859154929577,948.1132075471698
3580.9859154929577,944.5754716981132
3580.9859154929577,941.0377358490566
3580.9859154929577,937.5
3580.9859154929577,933.9622641509434
3580.9859154929577,930.4245283018868
3580.9859154929577,926.8867924528302
3580.9859154929577,923.3490566037735
3580.9859154929577,919.811320754717
3580.9859154929577,916.2735849056604
3580.9859154929577,912.7358490566038
3580.9859154929577,909.1981132075472
3580.9859154929577,905.6603773584906
3580.9859154929577,902.122641509434
3580.9859154929577,898.5849056603773
3580.9859154929577,895.0471698113207
3580.9859154929577,891.5094339622641
3580.9859154929577,887.9716981132076
3580.9859154929577,884.433962264151
3580.9859154929577,880.8962264150944
3580.9859154929577,877.3584905660377
3580.9859154929577,873.8207547169811
3580.9859154929577,870.2830188679245
3580.9859154929577,866.7452830188679
3580.9859154929577,863.2075471698113
3580.9859154929577,859.6698113207547
3580.9859154929577,856.1320754716982
3580.9859154929577,852.5943396226415
3580.9859154929577,849.0566037735849
3580.9859154929577,845.5188679245283
3580.9859154929577,841.9811320754717
3580.9859154929577,838.4433962264151
3580.9859154929577,834.9056603773585
3580.9859154929577,831.3679245283018
3580.9859154929577,827.8301886792453
3580.9859154929577,824.2924528301887
3580.9859154929577,820.7547169811321
3580.9859154929577,817.2169811320755
3580.9859154929577,813.6792452830189
3580.9859154929577,810.1415094339623
3580.9859154929577,806.6037735849056
3580.9859154929577,803.066037735849
3580.9859154929577,799.5283018867924
3580.9859154929577,795.9905660377359
3580.9859154929577,792.4528301886793
3580.9859154929577,788.9150943396227
3580.9859154929577,785.377358490566
3580.9859154929577,781.8396226415094
3580.9859154929577,778.3018867924528
3580.9859154929577,774.7641509433962
3580.9859154929577,771.2264150943396
3580.9859154929577,767.688679245283
3580.9859154929577,764.1509433962265
3580.9859154929577,760.6132075471698
3580.9859154929577,757.0754716981132
3580.9859154929577,753.5377358490566
3580.9859154929577,750.0
3580.9859154929577,746.4622641509434
3580.9859154929577,742.9245283018868
3580.9859154929577,739.3867924528302
3580.9859154929577,735.8490566037735
3580.9859154929577,732.311320754717
3580.9859154929577,728.7735849056604
3580.9859154929577,725.2358490566038
3580.9859154929577,721.6981132075472
3580.9859154929577,718.1603773584906
3580.9859154929577,714.622641509434
3580.9859154929577,711.0849056603773
3580.9859154929577,707.5471698113207
3580.9859154929577,704.0094339622641
3580.9859154929577,700.4716981132076
3580.9859154929577,696.933962264151
3580.9859154929577,693.3962264150944
3580.9859154929577,689.8584905660377
3580.9859154929577,686.3207547169811
3580.9859154929577,682.7830188679245
3580.9859154929577,679.2452830188679
3580.9859154929577,675.7075471698113
3580.9859154929577,672.1698113207547
3580.9859154929577,668.6320754716982
3580.9859154929577,665.0943396226415
3580.9859154929577,661.5566037735849
3580.9859154929577,658.0188679245283
3580.9859154929577,654.4811320754717
3580.9859154929577,650.9433962264151
3580.9859154929577,647.4056603773585
3580.9859154929577,643.8679245283018
3580.9859154929577,640.3301886792453
3580.9859154929577,636.7924528301887
3580.9859154929577,633.2547169811321
3580.9859154929577,629.7169811320755
3580.9859154929577,626.1792452830189
3580.9859154929577,622.6415094339623
3580.9859154929577,619.1037735849056
3580.9859154929577,615.566037735849
3580.9859154929577,612.0283018867924
3580.9859154929577,608.4905660377359
3580.9859154929577,604.9528301886793
3580.9859154929577,601.4150943396227
3580.9859154929577,597.877358490566
3580.9859154929577,594.3396226415094
3580.9859154929577,590.8018867924528
3580.9859154929577,587.2641509433962
3580.9859154929577,583.7264150943396
3580.9859154929577,580.188679245283
3580.9859154929577,576.6509433962265
3580.9859154929577,573.1132075471698
3580.9859154929577,569.5754716981132
3580.9859154929577,566.0377358490566
3580.9859154929577,562.5
3580.9859154929577,558.9622641509434
3580.9859154929577,555.4245283018868
3580.9859154929577,551.8867924528302
3580.9859154929577,548.3490566037735
3580.9859154929577,544.811320754717
3580.9859154929577,541.2735849056604
3580.9859154929577,537.7358490566038
3580.9859154929577,534.1981132075472
3580.9859154929577,530.6603773584906
3580.9859154929577,527.122641509434
3580.9859154929577,523.5849056603773
3580.9859154929577,520.0471698113207
3580.9859154929577,516.5094339622641
3580.9859154929577,512.9716981132076
3580.9859154929577,509.4339622641509
3580.9859154929577,505.89622641509436
3580.9859154929577,502.35849056603774
3580.9859154929577,498.8207547169811
3580.9859154929577,495.2830188679245
3580.9859154929577,491.74528301886795
3580.9859154929577,488.20754716981133
3580.9859154929577,484.6698113207547
3580.9859154929577,481.1320754716981
3580.9859154929577,477.5943396226415
3580.9859154929577,474.0566037735849
3580.9859154929577,470.5188679245283
3580.9859154929577,466.9811320754717
3580.9859154929577,463.4433962264151
3580.9859154929577,459.9056603773585
3580.9859154929577,456.3679245283019
3580.9859154929577,452.8301886792453
3580.9859154929577,449.29245283018867
3580.9859154929577,445.75471698113205
3580.9859154929577,442.2169811320755
3580.9859154929577,438.6792452830189
3580.9859154929577,435.14150943396226
3580.9859154929577,431.60377358490564
3580.9859154929577,428.0660377358491
3580.9859154929577,424.52830188679246
3580.9859154929577,420.99056603773585
3580.9859154929577,417.45283018867923
3580.9859154929577,413.91509433962267
3580.9859154929577,410.37735849056605
3580.9859154929577,406.83962264150944
3580.9859154929577,403.3018867924528
3580.9859154929577,399.7641509433962
3580.9859154929577,396.22641509433964
3580.9859154929577,392.688679245283
3580.9859154929577,389.1509433962264
3580.9859154929577,385.6132075471698
3580.9859154929577,382.07547169811323
3580.9859154929577,378.5377358490566
3580.9859154929577,375.0
3586.2676056338028,887.9716981132076
3586.2676056338028,884.433962264151
3586.2676056338028,880.8962264150944
3586.2676056338028,877.3584905660377
3586.2676056338028,873.8207547169811
3586.2676056338028,870.2830188679245
3586.2676056338028,866.7452830188679
3586.2676056338028,863.2075471698113
3586.2676056338028,859.6698113207547
3586.2676056338028,856.1320754716982
3586.2676056338028,852.5943396226415
3586.2676056338028,849.0566037735849
3586.2676056338028,845.5188679245283
3586.2676056338028,841.9811320754717
3586.2676056338028,838.4433962264151
3586.2676056338028,834.9056603773585
3586.2676056338028,831.3679245283018
3586.2676056338028,827.8301886792453
3586.2676056338028,824.2924528301887
3586.2676056338028,820.7547169811321
3586.2676056338028,817.2169811320755
3586.2676056338028,813.6792452830189
3586.2676056338028,810.1415094339623
3586.2676056338028,806.6037735849056
3586.2676056338028,803.066037735849
3586.2676056338028,799.5283018867924
3586.2676056338028,795.9905660377359
3586.2676056338028,792.4528301886793
3586.2676056338028,788.9150943396227
3586.2676056338028,785.377358490566
3586.2676056338028,781.8396226415094
3586.2676056338028,778.3018867924528
3586.2676056338028,774.7641509433962
3586.2676056338028,771.2264150943396
3586.2676056338028,767.688679245283
3586.2676056338028,764.1509433962265
3586.2676056338028,760.6132075471698
3586.2676056338028,757.0754716981132
3586.2676056338028,753.5377358490566
3586.2676056338028,750.0
3586.2676056338028,746.4622641509434
3586.2676056338028,742.9245283018868
3586.2676056338028,739.3867924528302
3586.2676056338028,735.8490566037735
3586.2676056338028,732.311320754717
3586.2676056338028,728.7735849056604
3586.2676056338028,725.2358490566038
3586.2676056338028,721.6981132075472
3586.2676056338028,718.1603773584906
3586.2676056338028,714.622641509434
3586.2676056338028,711.0849056603773
3586.2676056338028,707.5471698113207
3586.2676056338028,704.0094339622641
3586.2676056338028,700.4716981132076
3586.2676056338028,696.933962264151
3586.2676056338028,693.3962264150944
3586.2676056338028,689.8584905660377
3586.2676056338028,686.3207547169811
3586.2676056338028,682.7830188679245
3586.2676056338028,679.2452830188679
3586.2676056338028,675.7075471698113
3586.2676056338028,672.1698113207547
3586.2676056338028,668.6320754716982
3586.2676056338028,665.0943396226415
3586.2676056338028,661.5566037735849
3586.2676056338028,658.0188679245283
3586.2676056338028,654.4811320754717
3586.2676056338028,650.9433962264151
3586.2676056338028,647.4056603773585
3586.2676056338028,643.8679245283018
3586.2676056338028,640.3301886792453
3586.2676056338028,636.7924528301887
3586.2676056338028,633.2547169811321
3586.2676056338028,629.7169811320755
3586.2676056338028,626.1792452830189
3586.2676056338028,622.6415094339623
3586.2676056338028,619.1037735849056
3586.2676056338028,615.566037735849
3586.2676056338028,612.0283018867924
3586.2676056338028,608.4905660377359
3586.2676056338028,604.9528301886793
3586.2676056338028,601.4150943396227
3586.2676056338028,597.877358490566
3586.2676056338028,594.3396226415094
3586.2676056338028,590.8018867924528
3586.2676056338028,587.2641509433962
3586.2676056338028,583.7264150943396
3586.2676056338028,580.188679245283
3586.2676056338028,576.6509433962265
3586.2676056338028,573.1132075471698
3586.2676056338028,569.5754716981132
3586.2676056338028,566.0377358490566
3586.2676056338028,562.5
3586.2676056338028,558.9622641509434
3586.2676056338028,555.4245283018868
3586.2676056338028,551.8867924528302
3586.2676056338028,548.3490566037735
3586.2676056338028,544.811320754717
3586.2676056338028,541.2735849056604
3586.2676056338028,537.7358490566038
3586.2676056338028,534.1981132075472
3586.2676056338028,530.6603773584906
3586.2676056338028,527.122641509434
3586.2676056338028,523.5849056603773
3586.2676056338028,520.0471698113207
3586.2676056338028,516.5094339622641
3586.2676056338028,512.9716981132076
3586.2676056338028,509.4339622641509
3586.2676056338028,505.89622641509436
3586.2676056338028,502.35849056603774
3586.2676056338028,498.8207547169811
3586.2676056338028,495.2830188679245
3586.2676056338028,491.74528301886795
3586.2676056338028,488.20754716981133
3586.2676056338028,484.6698113207547
3586.2676056338028,481.1320754716981
3586.2676056338028,477.5943396226415
3586.2676056338028,474.0566037735849
3586.2676056338028,470.5188679245283
3586.2676056338028,466.9811320754717
3586.2676056338028,463.4433962264151
3586.2676056338028,459.9056603773585
3586.2676056338028,456.3679245283019
3586.2676056338028,452.8301886792453
3586.2676056338028,449.29245283018867
3586.2676056338028,445.75471698113205
3586.2676056338028,442.2169811320755
3586.2676056338028,438.6792452830189
3586.2676056338028,435.14150943396226
3586.2676056338028,431.60377358490564
3586.2676056338028,428.0660377358491
3586.2676056338028,424.52830188679246
3586.2676056338028,420.99056603773585
3586.2676056338028,417.45283018867923
3586.2676056338028,413.91509433962267
3586.2676056338028,410.37735849056605
3586.2676056338028,406.83962264150944
3586.2676056338028,403.3018867924528
3586.2676056338028,399.7641509433962
3586.2676056338028,396.22641509433964
3586.2676056338028,392.688679245283
3586.2676056338028,389.1509433962264
3586.2676056338028,385.6132075471698
3586.2676056338028,382.07547169811323
3586.2676056338028,378.5377358490566
3586.2676056338028,375.0
3586.2676056338028,371.4622641509434
3586.2676056338028,367.92452830188677
3586.2676056338028,364.3867924528302
3586.2676056338028,360.8490566037736
3586.2676056338028,357.311320754717
3586.2676056338028,353.77358490566036
3586.2676056338028,350.2358490566038
3586.2676056338028,346.6981132075472
3591.549295774648,636.7924528301887
3591.549295774648,633.2547169811321
3591.549295774648,629.7169811320755
3591.549295774648,626.1792452830189
3591.549295774648,622.6415094339623
3591.549295774648,619.1037735849056
3591.549295774648,615.566037735849
3591.549295774648,612.0283018867924
3591.549295774648,608.4905660377359
3591.549295774648,604.9528301886793
3591.549295774648,601.4150943396227
3591.549295774648,597.877358490566
3591.549295774648,594.3396226415094
3591.549295774648,590.8018867924528
3591.549295774648,587.2641509433962
3591.549295774648,583.7264150943396
3591.549295774648,580.188679245283
3591.549295774648,576.6509433962265
3591.549295774648,573.1132075471698
3591.549295774648,569.5754716981132
3591.549295774648,566.0377358490566
3591.549295774648,562.5
3591.549295774648,558.9622641509434
3591.549295774648,555.4245283018868
3591.549295774648,551.8867924528302
3591.549295774648,548.3490566037735
3591.549295774648,544.811320754717
3591.549295774648,541.2735849056604
3591.549295774648,537.7358490566038
3591.549295774648,534.1981132075472
3591.549295774648,530.6603773584906
3591.549295774648,527.122641509434
3591.549295774648,523.5849056603773
3591.549295774648,520.0471698113207
3591.549295774648,516.5094339622641
3591.549295774648,512.9716981132076
3591.549295774648,509.4339622641509
3591.549295774648,505.89622641509436
3591.549295774648,502.35849056603774
3591.549295774648,498.8207547169811
3591.549295774648,495.2830188679245
3591.549295774648,491.74528301886795
3591.549295774648,488.20754716981133
3591.549295774648,484.6698113207547
3591.549295774648,481.1320754716981
3591.549295774648,477.5943396226415
3591.549295774648,474.0566037735849
3591.549295774648,470.5188679245283
3591.549295774648,466.9811320754717
3591.549295774648,463.4433962264151
3591.549295774648,459.9056603773585
3591.549295774648,456.3679245283019
3591.549295774648,452.8301886792453
3591.549295774648,449.29245283018867
3591.549295774648,445.75471698113205
3591.549295774648,442.2169811320755
3591.549295774648,438.6792452830189
3591.549295774648,435.14150943396226
3591.549295774648,431.60377358490564
3591.549295774648,428.0660377358491
3591.549295774648,424.52830188679246
3591.549295774648,420.99056603773585
3591.549295774648,417.45283018867923
3591.549295774648,413.91509433962267
3591.549295774648,410.37735849056605
3591.549295774648,406.83962264150944
3591.549295774648,403.3018867924528
3591.549295774648,399.7641509433962
3591.549295774648,396.22641509433964
3591.549295774648,392.688679245283
3591.549295774648,389.1509433962264
3591.549295774648,385.6132075471698
3591.549295774648,382.07547169811323
3591.549295774648,378.5377358490566
3591.549295774648,375.0
3591.549295774648,371.4622641509434
3591.549295774648,367.92452830188677
3591.549295774648,364.3867924528302
3591.549295774648,360.8490566037736
3591.549295774648,357.311320754717
3591.549295774648,353.77358490566036
3591.549295774648,350.2358490566038
3591.549295774648,346.6981132075472
3591.549295774648,343.16037735849056
3591.549295774648,339.62264150943395
3591.549295774648,336.08490566037733
3596.830985915493,527.122641509434
3596.830985915493,523.5849056603773
3596.830985915493,520.0471698113207
3596.830985915493,516.5094339622641
3596.830985915493,512.9716981132076
3596.830985915493,509.4339622641509
3596.830985915493,505.89622641509436
3596.830985915493,502.35849056603774
3596.830985915493,498.8207547169811
3596.830985915493,495.2830188679245
3596.830985915493,491.74528301886795
3596.830985915493,488.20754716981133
3596.830985915493,484.6698113207547
3596.830985915493,481.1320754716981
3596.830985915493,477.5943396226415
3596.830985915493,474.0566037735849
3596.830985915493,470.5188679245283
3596.830985915493,466.9811320754717
3596.830985915493,463.4433962264151
3596.830985915493,459.9056603773585
3596.830985915493,456.3679245283019
3596.830985915493,452.8301886792453
3596.830985915493,449.29245283018867
3596.830985915493,445.75471698113205
3596.830985915493,442.2169811320755
3596.830985915493,438.6792452830189
3596.830985915493,435.14150943396226
3596.830985915493,431.60377358490564
3596.830985915493,428.0660377358491
3596.830985915493,424.52830188679246
3596.830985915493,420.99056603773585
3596.830985915493,417.45283018867923
3596.830985915493,413.91509433962267
3596.830985915493,410.37735849056605
3596.830985915493,406.83962264150944
3596.830985915493,403.3018867924528
3596.830985915493,399.7641509433962
3596.830985915493,396.22641509433964
3596.830985915493,392.688679245283
3596.830985915493,389.1509433962264
3596.830985915493,385.6132075471698
3596.830985915493,382.07547169811323
3596.830985915493,378.5377358490566
3596.830985915493,375.0
3596.830985915493,371.4622641509434
3596.830985915493,367.92452830188677
3596.830985915493,364.3867924528302
3596.830985915493,360.8490566037736
3596.830985915493,357.311320754717
3596.830985915493,353.77358490566036
3596.830985915493,350.2358490566038
3596.830985915493,346.6981132075472
3596.830985915493,343.16037735849056
3596.830985915493,339.62264150943395
3596.830985915493,336.08490566037733
3596.830985915493,332.54716981132077
3602.112676056338,378.5377358490566
3602.112676056338,375.0
3602.112676056338,371.4622641509434
3602.112676056338,367.92452830188677
3602.112676056338,364.3867924528302
3602.112676056338,360.8490566037736
3602.112676056338,357.311320754717
3602.112676056338,353.77358490566036
3602.112676056338,350.2358490566038
3602.112676056338,346.6981132075472
3602.112676056338,343.16037735849056
3602.112676056338,339.62264150943395
3602.112676056338,336.08490566037733
3602.112676056338,332.54716981132077
3602.112676056338,329.00943396226415
3607.394366197183,346.6981132075472
3607.394366197183,343.16037735849056
3607.394366197183,339.62264150943395
3607.394366197183,336.08490566037733
3607.394366197183,332.54716981132077
3607.394366197183,329.00943396226415
3607.394366197183,325.47169811320754
3612.676056338028,343.16037735849056
3612.676056338028,339.62264150943395
3612.676056338028,336.08490566037733
3612.676056338028,332.54716981132077
3612.676056338028,329.00943396226415
3612.676056338028,325.47169811320754
3612.676056338028,321.9339622641509
3617.957746478873,339.62264150943395
3617.957746478873,336.08490566037733
3617.957746478873,332.54716981132077
3617.957746478873,329.00943396226415
3617.957746478873,325.47169811320754
3617.957746478873,321.9339622641509
3623.239436619718,336.08490566037733
3623.239436619718,332.54716981132077
3623.239436619718,329.00943396226415
3623.239436619718,325.47169811320754
3623.239436619718,321.9339622641509
3628.521126760563,336.08490566037733
3628.521126760563,332.54716981132077
3628.521126760563,329.00943396226415
3628.521126760563,325.47169811320754
3628.521126760563,321.9339622641509
3628.521126760563,318.39622641509436
3633.8028169014083,332.54716981132077
3633.8028169014083,329.00943396226415
3633.8028169014083,325.47169811320754
3633.8028169014083,321.9339622641509
3633.8028169014083,318.39622641509436
3639.0845070422533,329.00943396226415
3639.0845070422533,325.47169811320754
3639.0845070422533,321.9339622641509
3639.0845070422533,318.39622641509436
3639.0845070422533,314.85849056603774
3644.3661971830984,329.00943396226415
3644.3661971830984,325.47169811320754
3644.3661971830984,321.9339622641509
3644.3661971830984,318.39622641509436
3644.3661971830984,314.85849056603774
3649.6478873239435,329.00943396226415
3649.6478873239435,325.47169811320754
3649.6478873239435,321.9339622641509
3649.6478873239435,318.39622641509436
3649.6478873239435,314.85849056603774
3654.9295774647885,329.00943396226415
3654.9295774647885,325.47169811320754
3654.9295774647885,321.9339622641509
3654.9295774647885,318.39622641509436
3654.9295774647885,314.85849056603774
3660.211267605634,332.54716981132077
3660.211267605634,329.00943396226415
3660.211267605634,325.47169811320754
3660.211267605634,321.9339622641509
3660.211267605634,318.39622641509436
3660.211267605634,314.85849056603774
3660.211267605634,311.3207547169811
3665.492957746479,336.08490566037733
3665.492957746479,332.54716981132077
3665.492957746479,329.00943396226415
3665.492957746479,325.47169811320754
3665.492957746479,321.9339622641509
3665.492957746479,318.39622641509436
3665.492957746479,314.85849056603774
3665.492957746479,311.3207547169811
3670.774647887324,336.08490566037733
3670.774647887324,332.54716981132077
3670.774647887324,329.00943396226415
3670.774647887324,325.47169811320754
3670.774647887324,321.9339622641509
3670.774647887324,318.39622641509436
3670.774647887324,314.85849056603774
3670.774647887324,311.3207547169811
3676.056338028169,336.08490566037733
3676.056338028169,332.54716981132077
3676.056338028169,329.00943396226415
3676.056338028169,325.47169811320754
3676.056338028169,321.9339622641509
3676.056338028169,318.39622641509436
3676.056338028169,314.85849056603774
3676.056338028169,311.3207547169811
3681.3380281690143,332.54716981132077
3681.3380281690143,329.00943396226415
3681.3380281690143,325.47169811320754
3681.3380281690143,321.9339622641509
3681.3380281690143,318.39622641509436
3681.3380281690143,314.85849056603774
3681.3380281690143,311.3207547169811
3686.6197183098593,329.00943396226415
3686.6197183098593,325.47169811320754
3686.6197183098593,321.9339622641509
3686.6197183098593,318.39622641509436
3686.6197183098593,314.85849056603774
3686.6197183098593,311.3207547169811
3691.9014084507044,325.47169811320754
3691.9014084507044,321.9339622641509
3691.9014084507044,318.39622641509436
3691.9014084507044,314.85849056603774
3691.9014084507044,311.3207547169811
3697.1830985915494,325.47169811320754
3697.1830985915494,321.9339622641509
3697.1830985915494,318.39622641509436
3697.1830985915494,314.85849056603774
3697.1830985915494,311.3207547169811
3702.4647887323945,325.47169811320754
3702.4647887323945,321.9339622641509
3702.4647887323945,318.39622641509436
3702.4647887323945,314.85849056603774
3702.4647887323945,311.3207547169811
3707.7464788732395,325.47169811320754
3707.7464788732395,321.9339622641509
3707.7464788732395,318.39622641509436
3707.7464788732395,314.85849056603774
3707.7464788732395,311.3207547169811
3713.0281690140846,325.47169811320754
3713.0281690140846,321.9339622641509
3713.0281690140846,318.39622641509436
3713.0281690140846,314.85849056603774
3713.0281690140846,311.3207547169811
3718.3098591549297,325.47169811320754
3718.3098591549297,321.9339622641509
3718.3098591549297,318.39622641509436
3718.3098591549297,314.85849056603774
3718.3098591549297,311.3207547169811
3723.5915492957747,325.47169811320754
3723.5915492957747,321.9339622641509
3723.5915492957747,318.39622641509436
3723.5915492957747,314.85849056603774
3723.5915492957747,311.3207547169811
3728.8732394366198,325.47169811320754
3728.8732394366198,321.9339622641509
3728.8732394366198,318.39622641509436
3728.8732394366198,314.85849056603774
3728.8732394366198,311.3207547169811
3734.154929577465,325.47169811320754
3734.154929577465,321.9339622641509
3734.154929577465,318.39622641509436
3734.154929577465,314.85849056603774
3734.154929577465,311.3207547169811
3734.154929577465,307.7830188679245
3739.43661971831,325.47169811320754
3739.43661971831,321.9339622641509
3739.43661971831,318.39622641509436
3739.43661971831,314.85849056603774
3739.43661971831,311.3207547169811
3739.43661971831,307.7830188679245
3744.718309859155,325.47169811320754
3744.718309859155,321.9339622641509
3744.718309859155,318.39622641509436
3744.718309859155,314.85849056603774
3744.718309859155,311.3207547169811
3744.718309859155,307.7830188679245
3750.0,325.47169811320754
3750.0,321.9339622641509
3750.0,318.39622641509436
3750.0,314.85849056603774
3750.0,311.3207547169811
3755.281690140845,325.47169811320754
3755.281690140845,321.9339622641509
3755.281690140845,318.39622641509436
3755.281690140845,314.85849056603774
3755.281690140845,311.3207547169811
3760.56338028169,325.47169811320754
3760.56338028169,321.9339622641509
3760.56338028169,318.39622641509436
3760.56338028169,314.85849056603774
3760.56338028169,311.3207547169811
3765.845070422535,325.47169811320754
3765.845070422535,321.9339622641509
3765.845070422535,318.39622641509436
3765.845070422535,314.85849056603774
3765.845070422535,311.3207547169811
3765.845070422535,307.7830188679245
3771.1267605633802,325.47169811320754
3771.1267605633802,321.9339622641509
3771.1267605633802,318.39622641509436
3771.1267605633802,314.85849056603774
3771.1267605633802,311.3207547169811
3771.1267605633802,307.7830188679245
3776.4084507042253,325.47169811320754
3776.4084507042253,321.9339622641509
3776.4084507042253,318.39622641509436
3776.4084507042253,314.85849056603774
3776.4084507042253,311.3207547169811
3781.6901408450703,325.47169811320754
3781.6901408450703,321.9339622641509
3781.6901408450703,318.39622641509436
3781.6901408450703,314.85849056603774
3781.6901408450703,311.3207547169811
3786.9718309859154,325.47169811320754
3786.9718309859154,321.9339622641509
3786.9718309859154,318.39622641509436
3786.9718309859154,314.85849056603774
3786.9718309859154,311.3207547169811
3792.2535211267605,321.9339622641509
3792.2535211267605,318.39622641509436
3792.2535211267605,314.85849056603774
3792.2535211267605,311.3207547169811
3797.5352112676055,321.9339622641509
3797.5352112676055,318.39622641509436
3797.5352112676055,314.85849056603774
3797.5352112676055,311.3207547169811
3802.8169014084506,321.9339622641509
3802.8169014084506,318.39622641509436
3802.8169014084506,314.85849056603774
3802.8169014084506,311.3207547169811
3802.8169014084506,307.7830188679245
3808.0985915492956,321.9339622641509
3808.0985915492956,318.39622641509436
3808.0985915492956,314.85849056603774
3808.0985915492956,311.3207547169811
3808.0985915492956,307.7830188679245
3813.3802816901407,321.9339622641509
3813.3802816901407,318.39622641509436
3813.3802816901407,314.85849056603774
3813.3802816901407,311.3207547169811
3813.3802816901407,307.7830188679245
3818.6619718309857,325.47169811320754
3818.6619718309857,321.9339622641509
3818.6619718309857,318.39622641509436
3818.6619718309857,314.85849056603774
3818.6619718309857,311.3207547169811
3818.6619718309857,307.7830188679245
3823.943661971831,325.47169811320754
3823.943661971831,321.9339622641509
3823.943661971831,318.39622641509436
3823.943661971831,314.85849056603774
3823.943661971831,311.3207547169811
3823.943661971831,307.7830188679245
3829.225352112676,325.47169811320754
3829.225352112676,321.9339622641509
3829.225352112676,318.39622641509436
3829.225352112676,314.85849056603774
3829.225352112676,311.3207547169811
3829.225352112676,307.7830188679245
3834.507042253521,321.9339622641509
3834.507042253521,318.39622641509436
3834.507042253521,314.85849056603774
3834.507042253521,311.3207547169811
3834.507042253521,307.7830188679245
3839.788732394366,321.9339622641509
3839.788732394366,318.39622641509436
3839.788732394366,314.85849056603774
3839.788732394366,311.3207547169811
3839.788732394366,307.7830188679245
3845.0704225352115,321.9339622641509
3845.0704225352115,318.39622641509436
3845.0704225352115,314.85849056603774
3845.0704225352115,311.3207547169811
3845.0704225352115,307.7830188679245
3850.3521126760565,321.9339622641509
3850.3521126760565,318.39622641509436
3850.3521126760565,314.85849056603774
3850.3521126760565,311.3207547169811
3850.3521126760565,307.7830188679245
3855.6338028169016,321.9339622641509
3855.6338028169016,318.39622641509436
3855.6338028169016,314.85849056603774
3855.6338028169016,311.3207547169811
3855.6338028169016,307.7830188679245
3860.9154929577467,321.9339622641509
3860.9154929577467,318.39622641509436
3860.9154929577467,314.85849056603774
3860.9154929577467,311.3207547169811
3860.9154929577467,307.7830188679245
3866.1971830985917,318.39622641509436
3866.1971830985917,314.85849056603774
3866.1971830985917,311.3207547169811
3866.1971830985917,307.7830188679245
3871.478873239437,318.39622641509436
3871.478873239437,314.85849056603774
3871.478873239437,311.3207547169811
3871.478873239437,307.7830188679245
3876.760563380282,318.39622641509436
3876.760563380282,314.85849056603774
3876.760563380282,311.3207547169811
3876.760563380282,307.7830188679245
3882.042253521127,318.39622641509436
3882.042253521127,314.85849056603774
3882.042253521127,311.3207547169811
3882.042253521127,307.7830188679245
3882.042253521127,304.24528301886795
3887.323943661972,318.39622641509436
3887.323943661972,314.85849056603774
3887.323943661972,311.3207547169811
3887.323943661972,307.7830188679245
3887.323943661972,304.24528301886795
3892.605633802817,318.39622641509436
3892.605633802817,314.85849056603774
3892.605633802817,311.3207547169811
3892.605633802817,307.7830188679245
3892.605633802817,304.24528301886795
3897.887323943662,318.39622641509436
3897.887323943662,314.85849056603774
3897.887323943662,311.3207547169811
3897.887323943662,307.7830188679245
3897.887323943662,304.24528301886795
3903.169014084507,318.39622641509436
3903.169014084507,314.85849056603774
3903.169014084507,311.3207547169811
3903.169014084507,307.7830188679245
3903.169014084507,304.24528301886795
3908.450704225352,318.39622641509436
3908.450704225352,314.85849056603774
3908.450704225352,311.3207547169811
3908.450704225352,307.7830188679245
3908.450704225352,304.24528301886795
3913.7323943661972,318.39622641509436
3913.7323943661972,314.85849056603774
3913.7323943661972,311.3207547169811
3913.7323943661972,307.7830188679245
3913.7323943661972,304.24528301886795
3919.0140845070423,318.39622641509436
3919.0140845070423,314.85849056603774
3919.0140845070423,311.3207547169811
3919.0140845070423,307.7830188679245
3919.0140845070423,304.24528301886795
3924.2957746478874,318.39622641509436
3924.2957746478874,314.85849056603774
3924.2957746478874,311.3207547169811
3924.2957746478874,307.7830188679245
3924.2957746478874,304.24528301886795
3929.5774647887324,318.39622641509436
3929.5774647887324,314.85849056603774
3929.5774647887324,311.3207547169811
3929.5774647887324,307.7830188679245
3929.5774647887324,304.24528301886795
3934.8591549295775,318.39622641509436
3934.8591549295775,314.85849056603774
3934.8591549295775,311.3207547169811
3934.8591549295775,307.7830188679245
3934.8591549295775,304.24528301886795
3940.1408450704225,318.39622641509436
3940.1408450704225,314.85849056603774
3940.1408450704225,311.3207547169811
3940.1408450704225,307.7830188679245
3940.1408450704225,304.24528301886795
3945.4225352112676,318.39622641509436
3945.4225352112676,314.85849056603774
3945.4225352112676,311.3207547169811
3945.4225352112676,307.7830188679245
3945.4225352112676,304.24528301886795
3950.7042253521126,318.39622641509436
3950.7042253521126,314.85849056603774
3950.7042253521126,311.3207547169811
3950.7042253521126,307.7830188679245
3950.7042253521126,304.24528301886795
3955.9859154929577,318.39622641509436
3955.9859154929577,314.85849056603774
3955.9859154929577,311.3207547169811
3955.9859154929577,307.7830188679245
3955.9859154929577,304.24528301886795
3955.9859154929577,300.70754716981133
3961.2676056338028,314.85849056603774
3961.2676056338028,311.3207547169811
3961.2676056338028,307.7830188679245
3961.2676056338028,304.24528301886795
3961.2676056338028,300.70754716981133
3966.549295774648,314.85849056603774
3966.549295774648,311.3207547169811
3966.549295774648,307.7830188679245
3966.549295774648,304.24528301886795
3966.549295774648,300.70754716981133
3971.830985915493,314.85849056603774
3971.830985915493,311.3207547169811
3971.830985915493,307.7830188679245
3971.830985915493,304.24528301886795
3971.830985915493,300.70754716981133
3977.112676056338,314.85849056603774
3977.112676056338,311.3207547169811
3977.112676056338,307.7830188679245
3977.112676056338,304.24528301886795
3977.112676056338,300.70754716981133
3982.394366197183,314.85849056603774
3982.394366197183,311.3207547169811
3982.394366197183,307.7830188679245
3982.394366197183,304.24528301886795
3982.394366197183,300.70754716981133
3987.676056338028,314.85849056603774
3987.676056338028,311.3207547169811
3987.676056338028,307.7830188679245
3987.676056338028,304.24528301886795
3987.676056338028,300.70754716981133
3992.957746478873,314.85849056603774
3992.957746478873,311.3207547169811
3992.957746478873,307.7830188679245
3992.957746478873,304.24528301886795
3992.957746478873,300.70754716981133
3998.239436619718,314.85849056603774
3998.239436619718,311.3207547169811
3998.239436619718,307.7830188679245
3998.239436619718,304.24528301886795
3998.239436619718,300.70754716981133
4003.521126760563,314.85849056603774
4003.521126760563,311.3207547169811
4003.521126760563,307.7830188679245
4003.521126760563,304.24528301886795
4003.521126760563,300.70754716981133
4008.8028169014083,314.85849056603774
4008.8028169014083,311.3207547169811
4008.8028169014083,307.7830188679245
4008.8028169014083,304.24528301886795
4008.8028169014083,300.70754716981133
4014.0845070422533,311.3207547169811
4014.0845070422533,307.7830188679245
4014.0845070422533,304.24528301886795
4014.0845070422533,300.70754716981133
4014.0845070422533,297.1698113207547
4019.3661971830984,311.3207547169811
4019.3661971830984,307.7830188679245
4019.3661971830984,304.24528301886795
4019.3661971830984,300.70754716981133
4019.3661971830984,297.1698113207547
4024.6478873239435,311.3207547169811
4024.6478873239435,307.7830188679245
4024.6478873239435,304.24528301886795
4024.6478873239435,300.70754716981133
4024.6478873239435,297.1698113207547
4029.9295774647885,311.3207547169811
4029.9295774647885,307.7830188679245
4029.9295774647885,304.24528301886795
4029.9295774647885,300.70754716981133
4029.9295774647885,297.1698113207547
4035.211267605634,311.3207547169811
4035.211267605634,307.7830188679245
4035.211267605634,304.24528301886795
4035.211267605634,300.70754716981133
4035.211267605634,297.1698113207547
4040.492957746479,307.7830188679245
4040.492957746479,304.24528301886795
4040.492957746479,300.70754716981133
4040.492957746479,297.1698113207547
4045.774647887324,307.7830188679245
4045.774647887324,304.24528301886795
4045.774647887324,300.70754716981133
4045.774647887324,297.1698113207547
4051.056338028169,307.7830188679245
4051.056338028169,304.24528301886795
4051.056338028169,300.70754716981133
4051.056338028169,297.1698113207547
4056.3380281690143,307.7830188679245
4056.3380281690143,304.24528301886795
4056.3380281690143,300.70754716981133
4056.3380281690143,297.1698113207547
4061.6197183098593,307.7830188679245
4061.6197183098593,304.24528301886795
4061.6197183098593,300.70754716981133
4061.6197183098593,297.1698113207547
4066.9014084507044,307.7830188679245
4066.9014084507044,304.24528301886795
4066.9014084507044,300.70754716981133
4066.9014084507044,297.1698113207547
4066.9014084507044,293.6320754716981
4072.1830985915494,307.7830188679245
4072.1830985915494,304.24528301886795
4072.1830985915494,300.70754716981133
4072.1830985915494,297.1698113207547
4072.1830985915494,293.6320754716981
4077.4647887323945,307.7830188679245
4077.4647887323945,304.24528301886795
4077.4647887323945,300.70754716981133
4077.4647887323945,297.1698113207547
4077.4647887323945,293.6320754716981
4082.7464788732395,307.7830188679245
4082.7464788732395,304.24528301886795
4082.7464788732395,300.70754716981133
4082.7464788732395,297.1698113207547
4082.7464788732395,293.6320754716981
4088.0281690140846,304.24528301886795
4088.0281690140846,300.70754716981133
4088.0281690140846,297.1698113207547
4088.0281690140846,293.6320754716981
4093.3098591549297,304.24528301886795
4093.3098591549297,300.70754716981133
4093.3098591549297,297.1698113207547
4093.3098591549297,293.6320754716981
4093.3098591549297,290.0943396226415
4098.591549295775,304.24528301886795
4098.591549295775,300.70754716981133
4098.591549295775,297.1698113207547
4098.591549295775,293.6320754716981
4098.591549295775,290.0943396226415
4103.87323943662,304.24528301886795
4103.87323943662,300.70754716981133
4103.87323943662,297.1698113207547
4103.87323943662,293.6320754716981
4103.87323943662,290.0943396226415
4109.154929577465,304.24528301886795
4109.154929577465,300.70754716981133
4109.154929577465,297.1698113207547
4109.154929577465,293.6320754716981
4109.154929577465,290.0943396226415
4114.43661971831,304.24528301886795
4114.43661971831,300.70754716981133
4114.43661971831,297.1698113207547
4114.43661971831,293.6320754716981
4114.43661971831,290.0943396226415
4119.718309859155,304.24528301886795
4119.718309859155,300.70754716981133
4119.718309859155,297.1698113207547
4119.718309859155,293.6320754716981
4119.718309859155,290.0943396226415
4125.0,304.24528301886795
4125.0,300.70754716981133
4125.0,297.1698113207547
4125.0,293.6320754716981
4125.0,290.0943396226415
4130.281690140845,304.24528301886795
4130.281690140845,300.70754716981133
4130.281690140845,297.1698113207547
4130.281690140845,293.6320754716981
4130.281690140845,290.0943396226415
4135.56338028169,304.24528301886795
4135.56338028169,300.70754716981133
4135.56338028169,297.1698113207547
4135.56338028169,293.6320754716981
4135.56338028169,290.0943396226415
4140.845070422535,304.24528301886795
4140.845070422535,300.70754716981133
4140.845070422535,297.1698113207547
4140.845070422535,293.6320754716981
4140.845070422535,290.0943396226415
4146.12676056338,304.24528301886795
4146.12676056338,300.70754716981133
4146.12676056338,297.1698113207547
4146.12676056338,293.6320754716981
4146.12676056338,290.0943396226415
4146.12676056338,286.5566037735849
4151.408450704225,304.24528301886795
4151.408450704225,300.70754716981133
4151.408450704225,297.1698113207547
4151.408450704225,293.6320754716981
4151.408450704225,290.0943396226415
4151.408450704225,286.5566037735849
4156.69014084507,304.24528301886795
4156.69014084507,300.70754716981133
4156.69014084507,297.1698113207547
4156.69014084507,293.6320754716981
4156.69014084507,290.0943396226415
4156.69014084507,286.5566037735849
4161.971830985915,304.24528301886795
4161.971830985915,300.70754716981133
4161.971830985915,297.1698113207547
4161.971830985915,293.6320754716981
4161.971830985915,290.0943396226415
4167.2535211267605,307.7830188679245
4167.2535211267605,304.24528301886795
4167.2535211267605,300.70754716981133
4167.2535211267605,297.1698113207547
4167.2535211267605,293.6320754716981
4167.2535211267605,290.0943396226415
4172.5352112676055,304.24528301886795
4172.5352112676055,300.70754716981133
4172.5352112676055,297.1698113207547
4172.5352112676055,293.6320754716981
4172.5352112676055,290.0943396226415
4177.816901408451,304.24528301886795
4177.816901408451,300.70754716981133
4177.816901408451,297.1698113207547
4177.816901408451,293.6320754716981
4177.816901408451,290.0943396226415
4183.098591549296,300.70754716981133
4183.098591549296,297.1698113207547
4183.098591549296,293.6320754716981
4183.098591549296,290.0943396226415
4183.098591549296,286.5566037735849
4188.380281690141,300.70754716981133
4188.380281690141,297.1698113207547
4188.380281690141,293.6320754716981
4188.380281690141,290.0943396226415
4188.380281690141,286.5566037735849
4193.661971830986,300.70754716981133
4193.661971830986,297.1698113207547
4193.661971830986,293.6320754716981
4193.661971830986,290.0943396226415
4193.661971830986,286.5566037735849
4198.943661971831,300.70754716981133
4198.943661971831,297.1698113207547
4198.943661971831,293.6320754716981
4198.943661971831,290.0943396226415
4198.943661971831,286.5566037735849
4204.225352112676,300.70754716981133
4204.225352112676,297.1698113207547
4204.225352112676,293.6320754716981
4204.225352112676,290.0943396226415
4204.225352112676,286.5566037735849
4209.507042253521,300.70754716981133
4209.507042253521,297.1698113207547
4209.507042253521,293.6320754716981
4209.507042253521,290.0943396226415
4209.507042253521,286.5566037735849
4209.507042253521,283.0188679245283
4214.788732394366,300.70754716981133
4214.788732394366,297.1698113207547
4214.788732394366,293.6320754716981
4214.788732394366,290.0943396226415
4214.788732394366,286.5566037735849
4220.070422535211,300.70754716981133
4220.070422535211,297.1698113207547
4220.070422535211,293.6320754716981
4220.070422535211,290.0943396226415
4220.070422535211,286.5566037735849
4225.352112676056,300.70754716981133
4225.352112676056,297.1698113207547
4225.352112676056,293.6320754716981
4225.352112676056,290.0943396226415
4225.352112676056,286.5566037735849
4230.633802816901,300.70754716981133
4230.633802816901,297.1698113207547
4230.633802816901,293.6320754716981
4230.633802816901,290.0943396226415
4230.633802816901,286.5566037735849
4235.915492957746,300.70754716981133
4235.915492957746,297.1698113207547
4235.915492957746,293.6320754716981
4235.915492957746,290.0943396226415
4235.915492957746,286.5566037735849
4241.197183098591,300.70754716981133
4241.197183098591,297.1698113207547
4241.197183098591,293.6320754716981
4241.197183098591,290.0943396226415
4241.197183098591,286.5566037735849
4246.478873239436,300.70754716981133
4246.478873239436,297.1698113207547
4246.478873239436,293.6320754716981
4246.478873239436,290.0943396226415
4246.478873239436,286.5566037735849
4251.760563380281,300.70754716981133
4251.760563380281,297.1698113207547
4251.760563380281,293.6320754716981
4251.760563380281,290.0943396226415
4251.760563380281,286.5566037735849
4257.042253521126,300.70754716981133
4257.042253521126,297.1698113207547
4257.042253521126,293.6320754716981
4257.042253521126,290.0943396226415
4257.042253521126,286.5566037735849
4262.3239436619715,297.1698113207547
4262.3239436619715,293.6320754716981
4262.3239436619715,290.0943396226415
4262.3239436619715,286.5566037735849
4262.3239436619715,283.0188679245283
4267.605633802817,297.1698113207547
4267.605633802817,293.6320754716981
4267.605633802817,290.0943396226415
4267.605633802817,286.5566037735849
4267.605633802817,283.0188679245283
4272.887323943662,297.1698113207547
4272.887323943662,293.6320754716981
4272.887323943662,290.0943396226415
4272.887323943662,286.5566037735849
4272.887323943662,283.0188679245283
4272.887323943662,279.4811320754717
4278.169014084507,297.1698113207547
4278.169014084507,293.6320754716981
4278.169014084507,290.0943396226415
4278.169014084507,286.5566037735849
4278.169014084507,283.0188679245283
4278.169014084507,279.4811320754717
4283.450704225352,293.6320754716981
4283.450704225352,290.0943396226415
4283.450704225352,286.5566037735849
4283.450704225352,283.0188679245283
4283.450704225352,279.4811320754717
4288.732394366197,293.6320754716981
4288.732394366197,290.0943396226415
4288.732394366197,286.5566037735849
4288.732394366197,283.0188679245283
4288.732394366197,279.4811320754717
4294.014084507042,293.6320754716981
4294.014084507042,290.0943396226415
4294.014084507042,286.5566037735849
4294.014084507042,283.0188679245283
4294.014084507042,279.4811320754717
4299.295774647887,290.0943396226415
4299.295774647887,286.5566037735849
4299.295774647887,283.0188679245283
4299.295774647887,279.4811320754717
4304.577464788732,290.0943396226415
4304.577464788732,286.5566037735849
4304.577464788732,283.0188679245283
4304.577464788732,279.4811320754717
4304.577464788732,275.9433962264151
4309.859154929577,290.0943396226415
4309.859154929577,286.5566037735849
4309.859154929577,283.0188679245283
4309.859154929577,279.4811320754717
4309.859154929577,275.9433962264151
4315.140845070423,286.5566037735849
4315.140845070423,283.0188679245283
4315.140845070423,279.4811320754717
4315.140845070423,275.9433962264151
4315.140845070423,272.4056603773585
4320.422535211268,286.5566037735849
4320.422535211268,283.0188679245283
4320.422535211268,279.4811320754717
4320.422535211268,275.9433962264151
4320.422535211268,272.4056603773585
4325.704225352113,286.5566037735849
4325.704225352113,283.0188679245283
4325.704225352113,279.4811320754717
4325.704225352113,275.9433962264151
4325.704225352113,272.4056603773585
4330.985915492958,286.5566037735849
4330.985915492958,283.0188679245283
4330.985915492958,279.4811320754717
4330.985915492958,275.9433962264151
4330.985915492958,272.4056603773585
4336.267605633803,286.5566037735849
4336.267605633803,283.0188679245283
4336.267605633803,279.4811320754717
4336.267605633803,275.9433962264151
4336.267605633803,272.4056603773585
4341.549295774648,286.5566037735849
4341.549295774648,283.0188679245283
4341.549295774648,279.4811320754717
4341.549295774648,275.9433962264151
4341.549295774648,272.4056603773585
4346.830985915493,286.5566037735849
4346.830985915493,283.0188679245283
4346.830985915493,279.4811320754717
4346.830985915493,275.9433962264151
4346.830985915493,272.4056603773585
4352.112676056338,286.5566037735849
4352.112676056338,283.0188679245283
4352.112676056338,279.4811320754717
4352.112676056338,275.9433962264151
4352.112676056338,272.4056603773585
4357.394366197183,286.5566037735849
4357.394366197183,283.0188679245283
4357.394366197183,279.4811320754717
4357.394366197183,275.9433962264151
4357.394366197183,272.4056603773585
4362.6760563380285,286.5566037735849
4362.6760563380285,283.0188679245283
4362.6760563380285,279.4811320754717
4362.6760563380285,275.9433962264151
4362.6760563380285,272.4056603773585
4367.957746478874,286.5566037735849
4367.957746478874,283.0188679245283
4367.957746478874,279.4811320754717
4367.957746478874,275.9433962264151
4367.957746478874,272.4056603773585
4373.239436619719,286.5566037735849
4373.239436619719,283.0188679245283
4373.239436619719,279.4811320754717
4373.239436619719,275.9433962264151
4373.239436619719,272.4056603773585
4378.521126760564,286.5566037735849
4378.521126760564,283.0188679245283
4378.521126760564,279.4811320754717
4378.521126760564,275.9433962264151
4378.521126760564,272.4056603773585
4383.802816901409,286.5566037735849
4383.802816901409,283.0188679245283
4383.802816901409,279.4811320754717
4383.802816901409,275.9433962264151
4383.802816901409,272.4056603773585
4389.084507042254,283.0188679245283
4389.084507042254,279.4811320754717
4389.084507042254,275.9433962264151
4389.084507042254,272.4056603773585
4389.084507042254,268.8679245283019
4394.366197183099,283.0188679245283
4394.366197183099,279.4811320754717
4394.366197183099,275.9433962264151
4394.366197183099,272.4056603773585
4394.366197183099,268.8679245283019
4394.366197183099,265.3301886792453
4399.647887323944,279.4811320754717
4399.647887323944,275.9433962264151
4399.647887323944,272.4056603773585
4399.647887323944,268.8679245283019
4399.647887323944,265.3301886792453
4404.929577464789,279.4811320754717
4404.929577464789,275.9433962264151
4404.929577464789,272.4056603773585
4404.929577464789,268.8679245283019
4404.929577464789,265.3301886792453
4410.211267605634,279.4811320754717
4410.211267605634,275.9433962264151
4410.211267605634,272.4056603773585
4410.211267605634,268.8679245283019
4410.211267605634,265.3301886792453
4415.492957746479,279.4811320754717
4415.492957746479,275.9433962264151
4415.492957746479,272.4056603773585
4415.492957746479,268.8679245283019
4415.492957746479,265.3301886792453
4420.774647887324,279.4811320754717
4420.774647887324,275.9433962264151
4420.774647887324,272.4056603773585
4420.774647887324,268.8679245283019
4420.774647887324,265.3301886792453
4426.056338028169,279.4811320754717
4426.056338028169,275.9433962264151
4426.056338028169,272.4056603773585
4426.056338028169,268.8679245283019
4426.056338028169,265.3301886792453
4431.338028169014,275.9433962264151
4431.338028169014,272.4056603773585
4431.338028169014,268.8679245283019
4431.338028169014,265.3301886792453
4431.338028169014,261.79245283018867
4436.619718309859,275.9433962264151
4436.619718309859,272.4056603773585
4436.619718309859,268.8679245283019
4436.619718309859,265.3301886792453
4436.619718309859,261.79245283018867
4441.901408450704,275.9433962264151
4441.901408450704,272.4056603773585
4441.901408450704,268.8679245283019
4441.901408450704,265.3301886792453
4441.901408450704,261.79245283018867
4447.183098591549,272.4056603773585
4447.183098591549,268.8679245283019
4447.183098591549,265.3301886792453
4447.183098591549,261.79245283018867
4452.4647887323945,272.4056603773585
4452.4647887323945,268.8679245283019
4452.4647887323945,265.3301886792453
4452.4647887323945,261.79245283018867
4457.7464788732395,272.4056603773585
4457.7464788732395,268.8679245283019
4457.7464788732395,265.3301886792453
4457.7464788732395,261.79245283018867
4463.028169014085,275.9433962264151
4463.028169014085,272.4056603773585
4463.028169014085,268.8679245283019
4463.028169014085,265.3301886792453
4463.028169014085,261.79245283018867
4468.30985915493,272.4056603773585
4468.30985915493,268.8679245283019
4468.30985915493,265.3301886792453
4468.30985915493,261.79245283018867
4473.591549295775,272.4056603773585
4473.591549295775,268.8679245283019
4473.591549295775,265.3301886792453
4473.591549295775,261.79245283018867
4478.87323943662,272.4056603773585
4478.87323943662,268.8679245283019
4478.87323943662,265.3301886792453
4478.87323943662,261.79245283018867
4478.87323943662,258.25471698113205
4484.154929577465,272.4056603773585
4484.154929577465,268.8679245283019
4484.154929577465,265.3301886792453
4484.154929577465,261.79245283018867
4484.154929577465,258.25471698113205
4489.43661971831,272.4056603773585
4489.43661971831,268.8679245283019
4489.43661971831,265.3301886792453
4489.43661971831,261.79245283018867
4489.43661971831,258.25471698113205
4494.718309859155,272.4056603773585
4494.718309859155,268.8679245283019
4494.718309859155,265.3301886792453
4494.718309859155,261.79245283018867
4494.718309859155,258.25471698113205
4500.0,268.8679245283019
4500.0,265.3301886792453
4500.0,261.79245283018867
4500.0,258.25471698113205
4500.0,254.71698113207546
4505.281690140845,268.8679245283019
4505.281690140845,265.3301886792453
4505.281690140845,261.79245283018867
4505.281690140845,258.25471698113205
4505.281690140845,254.71698113207546
4510.56338028169,268.8679245283019
4510.56338028169,265.3301886792453
4510.56338028169,261.79245283018867
4510.56338028169,258.25471698113205
4510.56338028169,254.71698113207546
4515.845070422535,268.8679245283019
4515.845070422535,265.3301886792453
4515.845070422535,261.79245283018867
4515.845070422535,258.25471698113205
4515.845070422535,254.71698113207546
4521.12676056338,268.8679245283019
4521.12676056338,265.3301886792453
4521.12676056338,261.79245283018867
4521.12676056338,258.25471698113205
4521.12676056338,254.71698113207546
4526.408450704225,268.8679245283019
4526.408450704225,265.3301886792453
4526.408450704225,261.79245283018867
4526.408450704225,258.25471698113205
4526.408450704225,254.71698113207546
4531.69014084507,268.8679245283019
4531.69014084507,265.3301886792453
4531.69014084507,261.79245283018867
4531.69014084507,258.25471698113205
4531.69014084507,254.71698113207546
4536.971830985915,268.8679245283019
4536.971830985915,265.3301886792453
4536.971830985915,261.79245283018867
4536.971830985915,258.25471698113205
4536.971830985915,254.71698113207546
4536.971830985915,251.17924528301887
4542.2535211267605,265.3301886792453
4542.2535211267605,261.79245283018867
4542.2535211267605,258.25471698113205
4542.2535211267605,254.71698113207546
4542.2535211267605,251.17924528301887
4547.5352112676055,265.3301886792453
4547.5352112676055,261.79245283018867
4547.5352112676055,258.25471698113205
4547.5352112676055,254.71698113207546
4547.5352112676055,251.17924528301887
4552.816901408451,265.3301886792453
4552.816901408451,261.79245283018867
4552.816901408451,258.25471698113205
4552.816901408451,254.71698113207546
4552.816901408451,251.17924528301887
4558.098591549296,265.3301886792453
4558.098591549296,261.79245283018867
4558.098591549296,258.25471698113205
4558.098591549296,254.71698113207546
4558.098591549296,251.17924528301887
4563.380281690141,265.3301886792453
4563.380281690141,261.79245283018867
4563.380281690141,258.25471698113205
4563.380281690141,254.71698113207546
4563.380281690141,251.17924528301887
4568.661971830986,265.3301886792453
4568.661971830986,261.79245283018867
4568.661971830986,258.25471698113205
4568.661971830986,254.71698113207546
4568.661971830986,251.17924528301887
4573.943661971831,265.3301886792453
4573.943661971831,261.79245283018867
4573.943661971831,258.25471698113205
4573.943661971831,254.71698113207546
4573.943661971831,251.17924528301887
4579.225352112676,265.3301886792453
4579.225352112676,261.79245283018867
4579.225352112676,258.25471698113205
4579.225352112676,254.71698113207546
4579.225352112676,251.17924528301887
4579.225352112676,247.64150943396226
4584.507042253521,261.79245283018867
4584.507042253521,258.25471698113205
4584.507042253521,254.71698113207546
4584.507042253521,251.17924528301887
4584.507042253521,247.64150943396226
4589.788732394366,261.79245283018867
4589.788732394366,258.25471698113205
4589.788732394366,254.71698113207546
4589.788732394366,251.17924528301887
4589.788732394366,247.64150943396226
4595.070422535211,258.25471698113205
4595.070422535211,254.71698113207546
4595.070422535211,251.17924528301887
4595.070422535211,247.64150943396226
4600.352112676056,258.25471698113205
4600.352112676056,254.71698113207546
4600.352112676056,251.17924528301887
4600.352112676056,247.64150943396226
4605.633802816901,258.25471698113205
4605.633802816901,254.71698113207546
4605.633802816901,251.17924528301887
4605.633802816901,247.64150943396226
4610.915492957746,258.25471698113205
4610.915492957746,254.71698113207546
4610.915492957746,251.17924528301887
4610.915492957746,247.64150943396226
4610.915492957746,244.10377358490567
4616.197183098591,258.25471698113205
4616.197183098591,254.71698113207546
4616.197183098591,251.17924528301887
4616.197183098591,247.64150943396226
4616.197183098591,244.10377358490567
4621.478873239436,258.25471698113205
4621.478873239436,254.71698113207546
4621.478873239436,251.17924528301887
4621.478873239436,247.64150943396226
4621.478873239436,244.10377358490567
4626.760563380281,258.25471698113205
4626.760563380281,254.71698113207546
4626.760563380281,251.17924528301887
4626.760563380281,247.64150943396226
4626.760563380281,244.10377358490567
4632.042253521126,258.25471698113205
4632.042253521126,254.71698113207546
4632.042253521126,251.17924528301887
4632.042253521126,247.64150943396226
4632.042253521126,244.10377358490567
4637.3239436619715,258.25471698113205
4637.3239436619715,254.71698113207546
4637.3239436619715,251.17924528301887
4637.3239436619715,247.64150943396226
4637.3239436619715,244.10377358490567
4642.605633802817,258.25471698113205
4642.605633802817,254.71698113207546
4642.605633802817,251.17924528301887
4642.605633802817,247.64150943396226
4642.605633802817,244.10377358490567
4647.887323943662,258.25471698113205
4647.887323943662,254.71698113207546
4647.887323943662,251.17924528301887
4647.887323943662,247.64150943396226
4647.887323943662,244.10377358490567
4653.169014084507,254.71698113207546
4653.169014084507,251.17924528301887
4653.169014084507,247.64150943396226
4653.169014084507,244.10377358490567
4653.169014084507,240.56603773584905
4658.450704225352,254.71698113207546
4658.450704225352,251.17924528301887
4658.450704225352,247.64150943396226
4658.450704225352,244.10377358490567
4658.450704225352,240.56603773584905
4663.732394366197,254.71698113207546
4663.732394366197,251.17924528301887
4663.732394366197,247.64150943396226
4663.732394366197,244.10377358490567
4663.732394366197,240.56603773584905
4669.014084507042,254.71698113207546
4669.014084507042,251.17924528301887
4669.014084507042,247.64150943396226
4669.014084507042,244.10377358490567
4669.014084507042,240.56603773584905
4674.295774647887,254.71698113207546
4674.295774647887,251.17924528301887
4674.295774647887,247.64150943396226
4674.295774647887,244.10377358490567
4674.295774647887,240.56603773584905
4679.577464788732,254.71698113207546
4679.577464788732,251.17924528301887
4679.577464788732,247.64150943396226
4679.577464788732,244.10377358490567
4679.577464788732,240.56603773584905
4684.859154929577,254.71698113207546
4684.859154929577,251.17924528301887
4684.859154929577,247.64150943396226
4684.859154929577,244.10377358490567
4684.859154929577,240.56603773584905
4684.859154929577,237.02830188679246
4690.140845070423,254.71698113207546
4690.140845070423,251.17924528301887
4690.140845070423,247.64150943396226
4690.140845070423,244.10377358490567
4690.140845070423,240.56603773584905
4690.140845070423,237.02830188679246
4695.422535211268,254.71698113207546
4695.422535211268,251.17924528301887
4695.422535211268,247.64150943396226
4695.422535211268,244.10377358490567
4695.422535211268,240.56603773584905
4695.422535211268,237.02830188679246
4700.704225352113,254.71698113207546
4700.704225352113,251.17924528301887
4700.704225352113,247.64150943396226
4700.704225352113,244.10377358490567
4700.704225352113,240.56603773584905
4700.704225352113,237.02830188679246
4705.985915492958,251.17924528301887
4705.985915492958,247.64150943396226
4705.985915492958,244.10377358490567
4705.985915492958,240.56603773584905
4705.985915492958,237.02830188679246
4711.267605633803,251.17924528301887
4711.267605633803,247.64150943396226
4711.267605633803,244.10377358490567
4711.267605633803,240.56603773584905
4711.267605633803,237.02830188679246
4716.549295774648,251.17924528301887
4716.549295774648,247.64150943396226
4716.549295774648,244.10377358490567
4716.549295774648,240.56603773584905
4716.549295774648,237.02830188679246
4721.830985915493,251.17924528301887
4721.830985915493,247.64150943396226
4721.830985915493,244.10377358490567
4721.830985915493,240.56603773584905
4721.830985915493,237.02830188679246
4721.830985915493,233.49056603773585
4727.112676056338,251.17924528301887
4727.112676056338,247.64150943396226
4727.112676056338,244.10377358490567
4727.112676056338,240.56603773584905
4727.112676056338,237.02830188679246
4727.112676056338,233.49056603773585
4732.394366197183,247.64150943396226
4732.394366197183,244.10377358490567
4732.394366197183,240.56603773584905
4732.394366197183,237.02830188679246
4732.394366197183,233.49056603773585
4737.6760563380285,247.64150943396226
4737.6760563380285,244.10377358490567
4737.6760563380285,240.56603773584905
4737.6760563380285,237.02830188679246
4737.6760563380285,233.49056603773585
4742.957746478874,247.64150943396226
4742.957746478874,244.10377358490567
4742.957746478874,240.56603773584905
4742.957746478874,237.02830188679246
4742.957746478874,233.49056603773585
4748.239436619719,244.10377358490567
4748.239436619719,240.56603773584905
4748.239436619719,237.02830188679246
4748.239436619719,233.49056603773585
4753.521126760564,244.10377358490567
4753.521126760564,240.56603773584905
4753.521126760564,237.02830188679246
4753.521126760564,233.49056603773585
4758.802816901409,244.10377358490567
4758.802816901409,240.56603773584905
4758.802816901409,237.02830188679246
4758.802816901409,233.49056603773585
4764.084507042254,244.10377358490567
4764.084507042254,240.56603773584905
4764.084507042254,237.02830188679246
4764.084507042254,233.49056603773585
4769.366197183099,247.64150943396226
4769.366197183099,244.10377358490567
4769.366197183099,240.56603773584905
4769.366197183099,237.02830188679246
4769.366197183099,233.49056603773585
4774.647887323944,247.64150943396226
4774.647887323944,244.10377358490567
4774.647887323944,240.56603773584905
4774.647887323944,237.02830188679246
4774.647887323944,233.49056603773585
4779.929577464789,247.64150943396226
4779.929577464789,244.10377358490567
4779.929577464789,240.56603773584905
4779.929577464789,237.02830188679246
4779.929577464789,233.49056603773585
4779.929577464789,229.95283018867926
4785.211267605634,244.10377358490567
4785.211267605634,240.56603773584905
4785.211267605634,237.02830188679246
4785.211267605634,233.49056603773585
4785.211267605634,229.95283018867926
4790.492957746479,244.10377358490567
4790.492957746479,240.56603773584905
4790.492957746479,237.02830188679246
4790.492957746479,233.49056603773585
4790.492957746479,229.95283018867926
4795.774647887324,244.10377358490567
4795.774647887324,240.56603773584905
4795.774647887324,237.02830188679246
4795.774647887324,233.49056603773585
4795.774647887324,229.95283018867926
4801.056338028169,244.10377358490567
4801.056338028169,240.56603773584905
4801.056338028169,237.02830188679246
4801.056338028169,233.49056603773585
4801.056338028169,229.95283018867926
4806.338028169014,244.10377358490567
4806.338028169014,240.56603773584905
4806.338028169014,237.02830188679246
4806.338028169014,233.49056603773585
4806.338028169014,229.95283018867926
4811.619718309859,240.56603773584905
4811.619718309859,237.02830188679246
4811.619718309859,233.49056603773585
4811.619718309859,229.95283018867926
4811.619718309859,226.41509433962264
4816.901408450704,240.56603773584905
4816.901408450704,237.02830188679246
4816.901408450704,233.49056603773585
4816.901408450704,229.95283018867926
4816.901408450704,226.41509433962264
4822.183098591549,240.56603773584905
4822.183098591549,237.02830188679246
4822.183098591549,233.49056603773585
4822.183098591549,229.95283018867926
4822.183098591549,226.41509433962264
4827.4647887323945,240.56603773584905
4827.4647887323945,237.02830188679246
4827.4647887323945,233.49056603773585
4827.4647887323945,229.95283018867926
4827.4647887323945,226.41509433962264
4832.7464788732395,240.56603773584905
4832.7464788732395,237.02830188679246
4832.7464788732395,233.49056603773585
4832.7464788732395,229.95283018867926
4832.7464788732395,226.41509433962264
4832.7464788732395,222.87735849056602
4838.028169014085,240.56603773584905
4838.028169014085,237.02830188679246
4838.028169014085,233.49056603773585
4838.028169014085,229.95283018867926
4838.028169014085,226.41509433962264
4838.028169014085,222.87735849056602
4843.30985915493,237.02830188679246
4843.30985915493,233.49056603773585
4843.30985915493,229.95283018867926
4843.30985915493,226.41509433962264
4843.30985915493,222.87735849056602
4848.591549295775,237.02830188679246
4848.591549295775,233.49056603773585
4848.591549295775,229.95283018867926
4848.591549295775,226.41509433962264
4848.591549295775,222.87735849056602
4853.87323943662,237.02830188679246
4853.87323943662,233.49056603773585
4853.87323943662,229.95283018867926
4853.87323943662,226.41509433962264
4853.87323943662,222.87735849056602
4859.154929577465,237.02830188679246
4859.154929577465,233.49056603773585
4859.154929577465,229.95283018867926
4859.154929577465,226.41509433962264
4859.154929577465,222.87735849056602
4864.43661971831,237.02830188679246
4864.43661971831,233.49056603773585
4864.43661971831,229.95283018867926
4864.43661971831,226.41509433962264
4864.43661971831,222.87735849056602
4869.718309859155,237.02830188679246
4869.718309859155,233.49056603773585
4869.718309859155,229.95283018867926
4869.718309859155,226.41509433962264
4869.718309859155,222.87735849056602
4875.0,233.49056603773585
4875.0,229.95283018867926
4875.0,226.41509433962264
4875.0,222.87735849056602
4880.281690140845,233.49056603773585
4880.281690140845,229.95283018867926
4880.281690140845,226.41509433962264
4880.281690140845,222.87735849056602
4885.56338028169,233.49056603773585
4885.56338028169,229.95283018867926
4885.56338028169,226.41509433962264
4885.56338028169,222.87735849056602
4885.56338028169,219.33962264150944
4890.845070422535,237.02830188679246
4890.845070422535,233.49056603773585
4890.845070422535,229.95283018867926
4890.845070422535,226.41509433962264
4890.845070422535,222.87735849056602
4890.845070422535,219.33962264150944
4896.12676056338,233.49056603773585
4896.12676056338,229.95283018867926
4896.12676056338,226.41509433962264
4896.12676056338,222.87735849056602
4896.12676056338,219.33962264150944
4896.12676056338,215.80188679245282
4901.408450704225,233.49056603773585
4901.408450704225,229.95283018867926
4901.408450704225,226.41509433962264
4901.408450704225,222.87735849056602
4901.408450704225,219.33962264150944
4901.408450704225,215.80188679245282
4906.69014084507,233.49056603773585
4906.69014084507,229.95283018867926
4906.69014084507,226.41509433962264
4906.69014084507,222.87735849056602
4906.69014084507,219.33962264150944
4906.69014084507,215.80188679245282
4911.971830985915,233.49056603773585
4911.971830985915,229.95283018867926
4911.971830985915,226.41509433962264
4911.971830985915,222.87735849056602
4911.971830985915,219.33962264150944
4911.971830985915,215.80188679245282
4917.2535211267605,229.95283018867926
4917.2535211267605,226.41509433962264
4917.2535211267605,222.87735849056602
4917.2535211267605,219.33962264150944
4917.2535211267605,215.80188679245282
4922.5352112676055,229.95283018867926
4922.5352112676055,226.41509433962264
4922.5352112676055,222.87735849056602
4922.5352112676055,219.33962264150944
4922.5352112676055,215.80188679245282
4927.816901408451,229.95283018867926
4927.816901408451,226.41509433962264
4927.816901408451,222.87735849056602
4927.816901408451,219.33962264150944
4927.816901408451,215.80188679245282
4933.098591549296,229.95283018867926
4933.098591549296,226.41509433962264
4933.098591549296,222.87735849056602
4933.098591549296,219.33962264150944
4933.098591549296,215.80188679245282
4938.380281690141,229.95283018867926
4938.380281690141,226.41509433962264
4938.380281690141,222.87735849056602
4938.380281690141,219.33962264150944
4938.380281690141,215.80188679245282
4943.661971830986,229.95283018867926
4943.661971830986,226.41509433962264
4943.661971830986,222.87735849056602
4943.661971830986,219.33962264150944
4943.661971830986,215.80188679245282
4948.943661971831,226.41509433962264
4948.943661971831,222.87735849056602
4948.943661971831,219.33962264150944
4948.943661971831,215.80188679245282
4954.225352112676,226.41509433962264
4954.225352112676,222.87735849056602
4954.225352112676,219.33962264150944
4954.225352112676,215.80188679245282
4954.225352112676,212.26415094339623
4959.507042253521,226.41509433962264
4959.507042253521,222.87735849056602
4959.507042253521,219.33962264150944
4959.507042253521,215.80188679245282
4959.507042253521,212.26415094339623
4964.788732394366,226.41509433962264
4964.788732394366,222.87735849056602
4964.788732394366,219.33962264150944
4964.788732394366,215.80188679245282
4964.788732394366,212.26415094339623
4970.070422535211,226.41509433962264
4970.070422535211,222.87735849056602
4970.070422535211,219.33962264150944
4970.070422535211,215.80188679245282
4970.070422535211,212.26415094339623
4975.352112676056,226.41509433962264
4975.352112676056,222.87735849056602
4975.352112676056,219.33962264150944
4975.352112676056,215.80188679245282
4975.352112676056,212.26415094339623
4980.633802816901,222.87735849056602
4980.633802816901,219.33962264150944
4980.633802816901,215.80188679245282
4980.633802816901,212.26415094339623
4980.633802816901,208.72641509433961
4985.915492957746,222.87735849056602
4985.915492957746,219.33962264150944
4985.915492957746,215.80188679245282
4985.915492957746,212.26415094339623
4985.915492957746,208.72641509433961
4991.197183098591,222.87735849056602
4991.197183098591,219.33962264150944
4991.197183098591,215.80188679245282
4991.197183098591,212.26415094339623
4991.197183098591,208.72641509433961
4996.478873239436,222.87735849056602
4996.478873239436,219.33962264150944
4996.478873239436,215.80188679245282
4996.478873239436,212.26415094339623
4996.478873239436,208.72641509433961
5001.760563380281,222.87735849056602
5001.760563380281,219.33962264150944
5001.760563380281,215.80188679245282
5001.760563380281,212.26415094339623
5001.760563380281,208.72641509433961
5007.042253521126,222.87735849056602
5007.042253521126,219.33962264150944
5007.042253521126,215.80188679245282
5007.042253521126,212.26415094339623
5007.042253521126,208.72641509433961
5012.3239436619715,222.87735849056602
5012.3239436619715,219.33962264150944
5012.3239436619715,215.80188679245282
5012.3239436619715,212.26415094339623
5012.3239436619715,208.72641509433961
5017.605633802817,222.87735849056602
5017.605633802817,219.33962264150944
5017.605633802817,215.80188679245282
5017.605633802817,212.26415094339623
5017.605633802817,208.72641509433961
5022.887323943662,219.33962264150944
5022.887323943662,215.80188679245282
5022.887323943662,212.26415094339623
5022.887323943662,208.72641509433961
5022.887323943662,205.18867924528303
5028.169014084507,219.33962264150944
5028.169014084507,215.80188679245282
5028.169014084507,212.26415094339623
5028.169014084507,208.72641509433961
5028.169014084507,205.18867924528303
5033.450704225352,219.33962264150944
5033.450704225352,215.80188679245282
5033.450704225352,212.26415094339623
5033.450704225352,208.72641509433961
5033.450704225352,205.18867924528303
5038.732394366197,219.33962264150944
5038.732394366197,215.80188679245282
5038.732394366197,212.26415094339623
5038.732394366197,208.72641509433961
5038.732394366197,205.18867924528303
5044.014084507042,215.80188679245282
5044.014084507042,212.26415094339623
5044.014084507042,208.72641509433961
5044.014084507042,205.18867924528303
5049.295774647887,215.80188679245282
5049.295774647887,212.26415094339623
5049.295774647887,208.72641509433961
5049.295774647887,205.18867924528303
5054.577464788732,215.80188679245282
5054.577464788732,212.26415094339623
5054.577464788732,208.72641509433961
5054.577464788732,205.18867924528303
5054.577464788732,201.6509433962264
5059.859154929577,215.80188679245282
5059.859154929577,212.26415094339623
5059.859154929577,208.72641509433961
5059.859154929577,205.18867924528303
5059.859154929577,201.6509433962264
5065.140845070423,215.80188679245282
5065.140845070423,212.26415094339623
5065.140845070423,208.72641509433961
5065.140845070423,205.18867924528303
5065.140845070423,201.6509433962264
5070.422535211268,215.80188679245282
5070.422535211268,212.26415094339623
5070.422535211268,208.72641509433961
5070.422535211268,205.18867924528303
5070.422535211268,201.6509433962264
5075.704225352113,215.80188679245282
5075.704225352113,212.26415094339623
5075.704225352113,208.72641509433961
5075.704225352113,205.18867924528303
5075.704225352113,201.6509433962264
5080.985915492958,215.80188679245282
5080.985915492958,212.26415094339623
5080.985915492958,208.72641509433961
5080.985915492958,205.18867924528303
5080.985915492958,201.6509433962264
5086.267605633803,215.80188679245282
5086.267605633803,212.26415094339623
5086.267605633803,208.72641509433961
5086.267605633803,205.18867924528303
5086.267605633803,201.6509433962264
5091.549295774648,212.26415094339623
5091.549295774648,208.72641509433961
5091.549295774648,205.18867924528303
5091.549295774648,201.6509433962264
5091.549295774648,198.11320754716982
5096.830985915493,212.26415094339623
5096.830985915493,208.72641509433961
5096.830985915493,205.18867924528303
5096.830985915493,201.6509433962264
5096.830985915493,198.11320754716982
5102.112676056338,212.26415094339623
5102.112676056338,208.72641509433961
5102.112676056338,205.18867924528303
5102.112676056338,201.6509433962264
5102.112676056338,198.11320754716982
5107.394366197183,212.26415094339623
5107.394366197183,208.72641509433961
5107.394366197183,205.18867924528303
5107.394366197183,201.6509433962264
5107.394366197183,198.11320754716982
5112.6760563380285,212.26415094339623
5112.6760563380285,208.72641509433961
5112.6760563380285,205.18867924528303
5112.6760563380285,201.6509433962264
5112.6760563380285,198.11320754716982
5117.957746478874,212.26415094339623
5117.957746478874,208.72641509433961
5117.957746478874,205.18867924528303
5117.957746478874,201.6509433962264
5117.957746478874,198.11320754716982
5123.239436619719,212.26415094339623
5123.239436619719,208.72641509433961
5123.239436619719,205.18867924528303
5123.239436619719,201.6509433962264
5123.239436619719,198.11320754716982
5128.521126760564,212.26415094339623
5128.521126760564,208.72641509433961
5128.521126760564,205.18867924528303
5128.521126760564,201.6509433962264
5128.521126760564,198.11320754716982
5133.802816901409,208.72641509433961
5133.802816901409,205.18867924528303
5133.802816901409,201.6509433962264
5133.802816901409,198.11320754716982
5133.802816901409,194.5754716981132
5139.084507042254,208.72641509433961
5139.084507042254,205.18867924528303
5139.084507042254,201.6509433962264
5139.084507042254,198.11320754716982
5139.084507042254,194.5754716981132
5144.366197183099,208.72641509433961
5144.366197183099,205.18867924528303
5144.366197183099,201.6509433962264
5144.366197183099,198.11320754716982
5144.366197183099,194.5754716981132
5149.647887323944,208.72641509433961
5149.647887323944,205.18867924528303
5149.647887323944,201.6509433962264
5149.647887323944,198.11320754716982
5149.647887323944,194.5754716981132
5154.929577464789,208.72641509433961
5154.929577464789,205.18867924528303
5154.929577464789,201.6509433962264
5154.929577464789,198.11320754716982
5154.929577464789,194.5754716981132
5160.211267605634,208.72641509433961
5160.211267605634,205.18867924528303
5160.211267605634,201.6509433962264
5160.211267605634,198.11320754716982
5160.211267605634,194.5754716981132
5165.492957746479,208.72641509433961
5165.492957746479,205.18867924528303
5165.492957746479,201.6509433962264
5165.492957746479,198.11320754716982
5165.492957746479,194.5754716981132
5170.774647887324,208.72641509433961
5170.774647887324,205.18867924528303
5170.774647887324,201.6509433962264
5170.774647887324,198.11320754716982
5170.774647887324,194.5754716981132
5170.774647887324,191.03773584905662
5176.056338028169,208.72641509433961
5176.056338028169,205.18867924528303
5176.056338028169,201.6509433962264
5176.056338028169,198.11320754716982
5176.056338028169,194.5754716981132
5176.056338028169,191.03773584905662
5181.338028169014,208.72641509433961
5181.338028169014,205.18867924528303
5181.338028169014,201.6509433962264
5181.338028169014,198.11320754716982
5181.338028169014,194.5754716981132
5181.338028169014,191.03773584905662
5186.619718309859,205.18867924528303
5186.619718309859,201.6509433962264
5186.619718309859,198.11320754716982
5186.619718309859,194.5754716981132
5186.619718309859,191.03773584905662
5191.901408450704,205.18867924528303
5191.901408450704,201.6509433962264
5191.901408450704,198.11320754716982
5191.901408450704,194.5754716981132
5191.901408450704,191.03773584905662
5197.183098591549,205.18867924528303
5197.183098591549,201.6509433962264
5197.183098591549,198.11320754716982
5197.183098591549,194.5754716981132
5197.183098591549,191.03773584905662
5202.4647887323945,205.18867924528303
5202.4647887323945,201.6509433962264
5202.4647887323945,198.11320754716982
5202.4647887323945,194.5754716981132
5202.4647887323945,191.03773584905662
5202.4647887323945,187.5
5207.7464788732395,201.6509433962264
5207.7464788732395,198.11320754716982
5207.7464788732395,194.5754716981132
5207.7464788732395,191.03773584905662
5207.7464788732395,187.5
5213.028169014085,201.6509433962264
5213.028169014085,198.11320754716982
5213.028169014085,194.5754716981132
5213.028169014085,191.03773584905662
5213.028169014085,187.5
5218.30985915493,201.6509433962264
5218.30985915493,198.11320754716982
5218.30985915493,194.5754716981132
5218.30985915493,191.03773584905662
5218.30985915493,187.5
5223.591549295775,201.6509433962264
5223.591549295775,198.11320754716982
5223.591549295775,194.5754716981132
5223.591549295775,191.03773584905662
5223.591549295775,187.5
5228.87323943662,198.11320754716982
5228.87323943662,194.5754716981132
5228.87323943662,191.03773584905662
5228.87323943662,187.5
5234.154929577465,198.11320754716982
5234.154929577465,194.5754716981132
5234.154929577465,191.03773584905662
5234.154929577465,187.5
5234.154929577465,183.96226415094338
5239.43661971831,198.11320754716982
5239.43661971831,194.5754716981132
5239.43661971831,191.03773584905662
5239.43661971831,187.5
5239.43661971831,183.96226415094338
5244.718309859155,198.11320754716982
5244.718309859155,194.5754716981132
5244.718309859155,191.03773584905662
5244.718309859155,187.5
5244.718309859155,183.96226415094338
5250.0,198.11320754716982
5250.0,194.5754716981132
5250.0,191.03773584905662
5250.0,187.5
5250.0,183.96226415094338
5255.281690140845,198.11320754716982
5255.281690140845,194.5754716981132
5255.281690140845,191.03773584905662
5255.281690140845,187.5
5255.281690140845,183.96226415094338
5260.56338028169,198.11320754716982
5260.56338028169,194.5754716981132
5260.56338028169,191.03773584905662
5260.56338028169,187.5
5260.56338028169,183.96226415094338
5260.56338028169,180.4245283018868
5265.845070422535,198.11320754716982
5265.845070422535,194.5754716981132
5265.845070422535,191.03773584905662
5265.845070422535,187.5
5265.845070422535,183.96226415094338
5265.845070422535,180.4245283018868
5271.12676056338,198.11320754716982
5271.12676056338,194.5754716981132
5271.12676056338,191.03773584905662
5271.12676056338,187.5
5271.12676056338,183.96226415094338
5271.12676056338,180.4245283018868
5276.408450704225,194.5754716981132
5276.408450704225,191.03773584905662
5276.408450704225,187.5
5276.408450704225,183.96226415094338
5276.408450704225,180.4245283018868
5281.69014084507,194.5754716981132
5281.69014084507,191.03773584905662
5281.69014084507,187.5
5281.69014084507,183.96226415094338
5281.69014084507,180.4245283018868
5286.971830985915,194.5754716981132
5286.971830985915,191.03773584905662
5286.971830985915,187.5
5286.971830985915,183.96226415094338
5286.971830985915,180.4245283018868
5292.2535211267605,194.5754716981132
5292.2535211267605,191.03773584905662
5292.2535211267605,187.5
5292.2535211267605,183.96226415094338
5292.2535211267605,180.4245283018868
5292.2535211267605,176.88679245283018
5297.5352112676055,191.03773584905662
5297.5352112676055,187.5
5297.5352112676055,183.96226415094338
5297.5352112676055,180.4245283018868
5297.5352112676055,176.88679245283018
5302.816901408451,191.03773584905662
5302.816901408451,187.5
5302.816901408451,183.96226415094338
5302.816901408451,180.4245283018868
5302.816901408451,176.88679245283018
5308.098591549296,191.03773584905662
5308.098591549296,187.5
5308.098591549296,183.96226415094338
5308.098591549296,180.4245283018868
5308.098591549296,176.88679245283018
5313.380281690141,191.03773584905662
5313.380281690141,187.5
5313.380281690141,183.96226415094338
5313.380281690141,180.4245283018868
5313.380281690141,176.88679245283018
5318.661971830986,191.03773584905662
5318.661971830986,187.5
5318.661971830986,183.96226415094338
5318.661971830986,180.4245283018868
5318.661971830986,176.88679245283018
5323.943661971831,191.03773584905662
5323.943661971831,187.5
5323.943661971831,183.96226415094338
5323.943661971831,180.4245283018868
5323.943661971831,176.88679245283018
5329.225352112676,187.5
5329.225352112676,183.96226415094338
5329.225352112676,180.4245283018868
5329.225352112676,176.88679245283018
5334.507042253521,187.5
5334.507042253521,183.96226415094338
5334.507042253521,180.4245283018868
5334.507042253521,176.88679245283018
5334.507042253521,173.3490566037736
5339.788732394366,187.5
5339.788732394366,183.96226415094338
5339.788732394366,180.4245283018868
5339.788732394366,176.88679245283018
5339.788732394366,173.3490566037736
5345.070422535211,187.5
5345.070422535211,183.96226415094338
5345.070422535211,180.4245283018868
5345.070422535211,176.88679245283018
5345.070422535211,173.3490566037736
5350.352112676056,187.5
5350.352112676056,183.96226415094338
5350.352112676056,180.4245283018868
5350.352112676056,176.88679245283018
5350.352112676056,173.3490566037736
5355.633802816901,187.5
5355.633802816901,183.96226415094338
5355.633802816901,180.4245283018868
5355.633802816901,176.88679245283018
5355.633802816901,173.3490566037736
5360.915492957746,187.5
5360.915492957746,183.96226415094338
5360.915492957746,180.4245283018868
5360.915492957746,176.88679245283018
5360.915492957746,173.3490566037736
5366.197183098591,183.96226415094338
5366.197183098591,180.4245283018868
5366.197183098591,176.88679245283018
5366.197183098591,173.3490566037736
5371.478873239436,183.96226415094338
5371.478873239436,180.4245283018868
5371.478873239436,176.88679245283018
5371.478873239436,173.3490566037736
5376.760563380281,183.96226415094338
5376.760563380281,180.4245283018868
5376.760563380281,176.88679245283018
5376.760563380281,173.3490566037736
5376.760563380281,169.81132075471697
5382.042253521126,183.96226415094338
5382.042253521126,180.4245283018868
5382.042253521126,176.88679245283018
5382.042253521126,173.3490566037736
5382.042253521126,169.81132075471697
5387.3239436619715,183.96226415094338
5387.3239436619715,180.4245283018868
5387.3239436619715,176.88679245283018
5387.3239436619715,173.3490566037736
5387.3239436619715,169.81132075471697
5392.605633802817,183.96226415094338
5392.605633802817,180.4245283018868
5392.605633802817,176.88679245283018
5392.605633802817,173.3490566037736
5392.605633802817,169.81132075471697
5397.887323943662,183.96226415094338
5397.887323943662,180.4245283018868
5397.887323943662,176.88679245283018
5397.887323943662,173.3490566037736
5397.887323943662,169.81132075471697
5403.169014084507,183.96226415094338
5403.169014084507,180.4245283018868
5403.169014084507,176.88679245283018
5403.169014084507,173.3490566037736
5403.169014084507,169.81132075471697
5408.450704225352,180.4245283018868
5408.450704225352,176.88679245283018
5408.450704225352,173.3490566037736
5408.450704225352,169.81132075471697
5408.450704225352,166.27358490566039
5413.732394366197,180.4245283018868
5413.732394366197,176.88679245283018
5413.732394366197,173.3490566037736
5413.732394366197,169.81132075471697
5413.732394366197,166.27358490566039
5419.014084507042,180.4245283018868
5419.014084507042,176.88679245283018
5419.014084507042,173.3490566037736
5419.014084507042,169.81132075471697
5419.014084507042,166.27358490566039
5419.014084507042,162.73584905660377
5424.295774647887,180.4245283018868
5424.295774647887,176.88679245283018
5424.295774647887,173.3490566037736
5424.295774647887,169.81132075471697
5424.295774647887,166.27358490566039
5424.295774647887,162.73584905660377
5429.577464788732,180.4245283018868
5429.577464788732,176.88679245283018
5429.577464788732,173.3490566037736
5429.577464788732,169.81132075471697
5429.577464788732,166.27358490566039
5429.577464788732,162.73584905660377
5434.859154929577,176.88679245283018
5434.859154929577,173.3490566037736
5434.859154929577,169.81132075471697
5434.859154929577,166.27358490566039
5434.859154929577,162.73584905660377
5440.140845070423,176.88679245283018
5440.140845070423,173.3490566037736
5440.140845070423,169.81132075471697
5440.140845070423,166.27358490566039
5440.140845070423,162.73584905660377
5445.422535211268,173.3490566037736
5445.422535211268,169.81132075471697
5445.422535211268,166.27358490566039
5445.422535211268,162.73584905660377
5450.704225352113,173.3490566037736
5450.704225352113,169.81132075471697
5450.704225352113,166.27358490566039
5450.704225352113,162.73584905660377
5450.704225352113,159.19811320754718
5455.985915492958,173.3490566037736
5455.985915492958,169.81132075471697
5455.985915492958,166.27358490566039
5455.985915492958,162.73584905660377
5455.985915492958,159.19811320754718
5461.267605633803,173.3490566037736
5461.267605633803,169.81132075471697
5461.267605633803,166.27358490566039
5461.267605633803,162.73584905660377
5461.267605633803,159.19811320754718
5466.549295774648,173.3490566037736
5466.549295774648,169.81132075471697
5466.549295774648,166.27358490566039
5466.549295774648,162.73584905660377
5466.549295774648,159.19811320754718
5471.830985915493,173.3490566037736
5471.830985915493,169.81132075471697
5471.830985915493,166.27358490566039
5471.830985915493,162.73584905660377
5471.830985915493,159.19811320754718
5477.112676056338,173.3490566037736
5477.112676056338,169.81132075471697
5477.112676056338,166.27358490566039
5477.112676056338,162.73584905660377
5477.112676056338,159.19811320754718
5482.394366197183,173.3490566037736
5482.394366197183,169.81132075471697
5482.394366197183,166.27358490566039
5482.394366197183,162.73584905660377
5482.394366197183,159.19811320754718
5487.6760563380285,173.3490566037736
5487.6760563380285,169.81132075471697
5487.6760563380285,166.27358490566039
5487.6760563380285,162.73584905660377
5487.6760563380285,159.19811320754718
5487.6760563380285,155.66037735849056
5492.957746478874,169.81132075471697
5492.957746478874,166.27358490566039
5492.957746478874,162.73584905660377
5492.957746478874,159.19811320754718
5492.957746478874,155.66037735849056
5498.239436619719,169.81132075471697
5498.239436619719,166.27358490566039
5498.239436619719,162.73584905660377
5498.239436619719,159.19811320754718
5498.239436619719,155.66037735849056
5503.521126760564,169.81132075471697
5503.521126760564,166.27358490566039
5503.521126760564,162.73584905660377
5503.521126760564,159.19811320754718
5503.521126760564,155.66037735849056
5508.802816901409,169.81132075471697
5508.802816901409,166.27358490566039
5508.802816901409,162.73584905660377
5508.802816901409,159.19811320754718
5508.802816901409,155.66037735849056
5508.802816901409,152.12264150943398
5514.084507042254,169.81132075471697
5514.084507042254,166.27358490566039
5514.084507042254,162.73584905660377
5514.084507042254,159.19811320754718
5514.084507042254,155.66037735849056
5514.084507042254,152.12264150943398
5519.366197183099,169.81132075471697
5519.366197183099,166.27358490566039
5519.366197183099,162.73584905660377
5519.366197183099,159.19811320754718
5519.366197183099,155.66037735849056
5519.366197183099,152.12264150943398
5524.647887323944,169.81132075471697
5524.647887323944,166.27358490566039
5524.647887323944,162.73584905660377
5524.647887323944,159.19811320754718
5524.647887323944,155.66037735849056
5524.647887323944,152.12264150943398
5529.929577464789,166.27358490566039
5529.929577464789,162.73584905660377
5529.929577464789,159.19811320754718
5529.929577464789,155.66037735849056
5529.929577464789,152.12264150943398
5535.211267605634,166.27358490566039
5535.211267605634,162.73584905660377
5535.211267605634,159.19811320754718
5535.211267605634,155.66037735849056
5535.211267605634,152.12264150943398
5540.492957746479,166.27358490566039
5540.492957746479,162.73584905660377
5540.492957746479,159.19811320754718
5540.492957746479,155.66037735849056
5540.492957746479,152.12264150943398
5545.774647887324,166.27358490566039
5545.774647887324,162.73584905660377
5545.774647887324,159.19811320754718
5545.774647887324,155.66037735849056
5545.774647887324,152.12264150943398
5545.774647887324,148.58490566037736
5551.056338028169,166.27358490566039
5551.056338028169,162.73584905660377
5551.056338028169,159.19811320754718
5551.056338028169,155.66037735849056
5551.056338028169,152.12264150943398
5551.056338028169,148.58490566037736
5556.338028169014,166.27358490566039
5556.338028169014,162.73584905660377
5556.338028169014,159.19811320754718
5556.338028169014,155.66037735849056
5556.338028169014,152.12264150943398
5556.338028169014,148.58490566037736
5561.619718309859,166.27358490566039
5561.619718309859,162.73584905660377
5561.619718309859,159.19811320754718
5561.619718309859,155.66037735849056
5561.619718309859,152.12264150943398
5561.619718309859,148.58490566037736
5566.901408450704,162.73584905660377
5566.901408450704,159.19811320754718
5566.901408450704,155.66037735849056
5566.901408450704,152.12264150943398
5566.901408450704,148.58490566037736
5572.183098591549,162.73584905660377
5572.183098591549,159.19811320754718
5572.183098591549,155.66037735849056
5572.183098591549,152.12264150943398
5572.183098591549,148.58490566037736
5577.4647887323945,159.19811320754718
5577.4647887323945,155.66037735849056
5577.4647887323945,152.12264150943398
5577.4647887323945,148.58490566037736
5577.4647887323945,145.04716981132074
5582.7464788732395,159.19811320754718
5582.7464788732395,155.66037735849056
5582.7464788732395,152.12264150943398
5582.7464788732395,148.58490566037736
5582.7464788732395,145.04716981132074
5588.028169014085,159.19811320754718
5588.028169014085,155.66037735849056
5588.028169014085,152.12264150943398
5588.028169014085,148.58490566037736
5588.028169014085,145.04716981132074
5593.30985915493,159.19811320754718
5593.30985915493,155.66037735849056
5593.30985915493,152.12264150943398
5593.30985915493,148.58490566037736
5593.30985915493,145.04716981132074
5598.591549295775,159.19811320754718
5598.591549295775,155.66037735849056
5598.591549295775,152.12264150943398
5598.591549295775,148.58490566037736
5598.591549295775,145.04716981132074
5603.87323943662,159.19811320754718
5603.87323943662,155.66037735849056
5603.87323943662,152.12264150943398
5603.87323943662,148.58490566037736
5603.87323943662,145.04716981132074
5603.87323943662,141.50943396226415
5609.154929577465,159.19811320754718
5609.154929577465,155.66037735849056
5609.154929577465,152.12264150943398
5609.154929577465,148.58490566037736
5609.154929577465,145.04716981132074
5609.154929577465,141.50943396226415
5614.43661971831,155.66037735849056
5614.43661971831,152.12264150943398
5614.43661971831,148.58490566037736
5614.43661971831,145.04716981132074
5614.43661971831,141.50943396226415
5619.718309859155,155.66037735849056
5619.718309859155,152.12264150943398
5619.718309859155,148.58490566037736
5619.718309859155,145.04716981132074
5619.718309859155,141.50943396226415
5619.718309859155,137.97169811320754
5625.0,155.66037735849056
5625.0,152.12264150943398
5625.0,148.58490566037736
5625.0,145.04716981132074
5625.0,141.50943396226415
5625.0,137.97169811320754
5630.281690140845,155.66037735849056
5630.281690140845,152.12264150943398
5630.281690140845,148.58490566037736
5630.281690140845,145.04716981132074
5630.281690140845,141.50943396226415
5630.281690140845,137.97169811320754
5635.56338028169,155.66037735849056
5635.56338028169,152.12264150943398
5635.56338028169,148.58490566037736
5635.56338028169,145.04716981132074
5635.56338028169,141.50943396226415
5635.56338028169,137.97169811320754
5640.845070422535,152.12264150943398
5640.845070422535,148.58490566037736
5640.845070422535,145.04716981132074
5640.845070422535,141.50943396226415
5640.845070422535,137.97169811320754
5646.12676056338,152.12264150943398
5646.12676056338,148.58490566037736
5646.12676056338,145.04716981132074
5646.12676056338,141.50943396226415
5646.12676056338,137.97169811320754
5651.408450704225,152.12264150943398
5651.408450704225,148.58490566037736
5651.408450704225,145.04716981132074
5651.408450704225,141.50943396226415
5651.408450704225,137.97169811320754
5656.69014084507,152.12264150943398
5656.69014084507,148.58490566037736
5656.69014084507,145.04716981132074
5656.69014084507,141.50943396226415
5656.69014084507,137.97169811320754
5661.971830985915,152.12264150943398
5661.971830985915,148.58490566037736
5661.971830985915,145.04716981132074
5661.971830985915,141.50943396226415
5661.971830985915,137.97169811320754
5667.2535211267605,152.12264150943398
5667.2535211267605,148.58490566037736
5667.2535211267605,145.04716981132074
5667.2535211267605,141.50943396226415
5667.2535211267605,137.97169811320754
5672.5352112676055,155.66037735849056
5672.5352112676055,152.12264150943398
5672.5352112676055,148.58490566037736
5672.5352112676055,145.04716981132074
5672.5352112676055,141.50943396226415
5672.5352112676055,137.97169811320754
5677.816901408451,152.12264150943398
5677.816901408451,148.58490566037736
5677.816901408451,145.04716981132074
5677.816901408451,141.50943396226415
5677.816901408451,137.97169811320754
5677.816901408451,134.43396226415095
5683.098591549296,152.12264150943398
5683.098591549296,148.58490566037736
5683.098591549296,145.04716981132074
5683.098591549296,141.50943396226415
5683.098591549296,137.97169811320754
5683.098591549296,134.43396226415095
5683.098591549296,130.89622641509433
5688.380281690141,148.58490566037736
5688.380281690141,145.04716981132074
5688.380281690141,141.50943396226415
5688.380281690141,137.97169811320754
5688.380281690141,134.43396226415095
5688.380281690141,130.89622641509433
5693.661971830986,148.58490566037736
5693.661971830986,145.04716981132074
5693.661971830986,141.50943396226415
5693.661971830986,137.97169811320754
5693.661971830986,134.43396226415095
5693.661971830986,130.89622641509433
5698.943661971831,148.58490566037736
5698.943661971831,145.04716981132074
5698.943661971831,141.50943396226415
5698.943661971831,137.97169811320754
5698.943661971831,134.43396226415095
5704.225352112676,148.58490566037736
5704.225352112676,145.04716981132074
5704.225352112676,141.50943396226415
5704.225352112676,137.97169811320754
5704.225352112676,134.43396226415095
5709.507042253521,145.04716981132074
5709.507042253521,141.50943396226415
5709.507042253521,137.97169811320754
5709.507042253521,134.43396226415095
5714.788732394366,145.04716981132074
5714.788732394366,141.50943396226415
5714.788732394366,137.97169811320754
5714.788732394366,134.43396226415095
5714.788732394366,130.89622641509433
5720.070422535211,145.04716981132074
5720.070422535211,141.50943396226415
5720.070422535211,137.97169811320754
5720.070422535211,134.43396226415095
5720.070422535211,130.89622641509433
5725.352112676056,145.04716981132074
5725.352112676056,141.50943396226415
5725.352112676056,137.97169811320754
5725.352112676056,134.43396226415095
5725.352112676056,130.89622641509433
5730.633802816901,141.50943396226415
5730.633802816901,137.97169811320754
5730.633802816901,134.43396226415095
5730.633802816901,130.89622641509433
5730.633802816901,127.35849056603773
5735.915492957746,141.50943396226415
5735.915492957746,137.97169811320754
5735.915492957746,134.43396226415095
5735.915492957746,130.89622641509433
5735.915492957746,127.35849056603773
5741.197183098591,141.50943396226415
5741.197183098591,137.97169811320754
5741.197183098591,134.43396226415095
5741.197183098591,130.89622641509433
5741.197183098591,127.35849056603773
5746.478873239436,141.50943396226415
5746.478873239436,137.97169811320754
5746.478873239436,134.43396226415095
5746.478873239436,130.89622641509433
5746.478873239436,127.35849056603773
5751.760563380281,137.97169811320754
5751.760563380281,134.43396226415095
5751.760563380281,130.89622641509433
5751.760563380281,127.35849056603773
5757.042253521126,137.97169811320754
5757.042253521126,134.43396226415095
5757.042253521126,130.89622641509433
5757.042253521126,127.35849056603773
5757.042253521126,123.82075471698113
5762.3239436619715,137.97169811320754
5762.3239436619715,134.43396226415095
5762.3239436619715,130.89622641509433
5762.3239436619715,127.35849056603773
5762.3239436619715,123.82075471698113
5767.605633802817,137.97169811320754
5767.605633802817,134.43396226415095
5767.605633802817,130.89622641509433
5767.605633802817,127.35849056603773
5767.605633802817,123.82075471698113
5772.887323943662,137.97169811320754
5772.887323943662,134.43396226415095
5772.887323943662,130.89622641509433
5772.887323943662,127.35849056603773
5772.887323943662,123.82075471698113
5778.169014084507,137.97169811320754
5778.169014084507,134.43396226415095
5778.169014084507,130.89622641509433
5778.169014084507,127.35849056603773
5778.169014084507,123.82075471698113
5783.450704225352,137.97169811320754
5783.450704225352,134.43396226415095
5783.450704225352,130.89622641509433
5783.450704225352,127.35849056603773
5783.450704225352,123.82075471698113
5788.732394366197,134.43396226415095
5788.732394366197,130.89622641509433
5788.732394366197,127.35849056603773
5788.732394366197,123.82075471698113
5788.732394366197,120.28301886792453
5794.014084507042,134.43396226415095
5794.014084507042,130.89622641509433
5794.014084507042,127.35849056603773
5794.014084507042,123.82075471698113
5794.014084507042,120.28301886792453
5799.295774647887,134.43396226415095
5799.295774647887,130.89622641509433
5799.295774647887,127.35849056603773
5799.295774647887,123.82075471698113
5799.295774647887,120.28301886792453
5804.577464788732,134.43396226415095
5804.577464788732,130.89622641509433
5804.577464788732,127.35849056603773
5804.577464788732,123.82075471698113
5804.577464788732,120.28301886792453
5809.859154929577,134.43396226415095
5809.859154929577,130.89622641509433
5809.859154929577,127.35849056603773
5809.859154929577,123.82075471698113
5809.859154929577,120.28301886792453
5815.140845070423,130.89622641509433
5815.140845070423,127.35849056603773
5815.140845070423,123.82075471698113
5815.140845070423,120.28301886792453
5820.422535211268,130.89622641509433
5820.422535211268,127.35849056603773
5820.422535211268,123.82075471698113
5820.422535211268,120.28301886792453
5820.422535211268,116.74528301886792
5825.704225352113,130.89622641509433
5825.704225352113,127.35849056603773
5825.704225352113,123.82075471698113
5825.704225352113,120.28301886792453
5825.704225352113,116.74528301886792
5830.985915492958,130.89622641509433
5830.985915492958,127.35849056603773
5830.985915492958,123.82075471698113
5830.985915492958,120.28301886792453
5830.985915492958,116.74528301886792
5836.267605633803,127.35849056603773
5836.267605633803,123.82075471698113
5836.267605633803,120.28301886792453
5836.267605633803,116.74528301886792
5841.549295774648,127.35849056603773
5841.549295774648,123.82075471698113
5841.549295774648,120.28301886792453
5841.549295774648,116.74528301886792
5846.830985915493,127.35849056603773
5846.830985915493,123.82075471698113
5846.830985915493,120.28301886792453
5846.830985915493,116.74528301886792
5852.112676056338,127.35849056603773
5852.112676056338,123.82075471698113
5852.112676056338,120.28301886792453
5852.112676056338,116.74528301886792
5852.112676056338,113.20754716981132
5857.394366197183,127.35849056603773
5857.394366197183,123.82075471698113
5857.394366197183,120.28301886792453
5857.394366197183,116.74528301886792
5857.394366197183,113.20754716981132
5862.6760563380285,127.35849056603773
5862.6760563380285,123.82075471698113
5862.6760563380285,120.28301886792453
5862.6760563380285,116.74528301886792
5862.6760563380285,113.20754716981132
5867.957746478874,127.35849056603773
5867.957746478874,123.82075471698113
5867.957746478874,120.28301886792453
5867.957746478874,116.74528301886792
5867.957746478874,113.20754716981132
5873.239436619719,127.35849056603773
5873.239436619719,123.82075471698113
5873.239436619719,120.28301886792453
5873.239436619719,116.74528301886792
5873.239436619719,113.20754716981132
5878.521126760564,127.35849056603773
5878.521126760564,123.82075471698113
5878.521126760564,120.28301886792453
5878.521126760564,116.74528301886792
5878.521126760564,113.20754716981132
5883.802816901409,123.82075471698113
5883.802816901409,120.28301886792453
5883.802816901409,116.74528301886792
5883.802816901409,113.20754716981132
5889.084507042254,123.82075471698113
5889.084507042254,120.28301886792453
5889.084507042254,116.74528301886792
5889.084507042254,113.20754716981132
5894.366197183099,123.82075471698113
5894.366197183099,120.28301886792453
5894.366197183099,116.74528301886792
5894.366197183099,113.20754716981132
5894.366197183099,109.66981132075472
5899.647887323944,123.82075471698113
5899.647887323944,120.28301886792453
5899.647887323944,116.74528301886792
5899.647887323944,113.20754716981132
5899.647887323944,109.66981132075472
5904.929577464789,123.82075471698113
5904.929577464789,120.28301886792453
5904.929577464789,116.74528301886792
5904.929577464789,113.20754716981132
5904.929577464789,109.66981132075472
5910.211267605634,123.82075471698113
5910.211267605634,120.28301886792453
5910.211267605634,116.74528301886792
5910.211267605634,113.20754716981132
5910.211267605634,109.66981132075472
5915.492957746479,127.35849056603773
5915.492957746479,123.82075471698113
5915.492957746479,120.28301886792453
5915.492957746479,116.74528301886792
5915.492957746479,113.20754716981132
5915.492957746479,109.66981132075472
5920.774647887324,123.82075471698113
5920.774647887324,120.28301886792453
5920.774647887324,116.74528301886792
5920.774647887324,113.20754716981132
5920.774647887324,109.66981132075472
5920.774647887324,106.13207547169812
5926.056338028169,123.82075471698113
5926.056338028169,120.28301886792453
5926.056338028169,116.74528301886792
5926.056338028169,113.20754716981132
5926.056338028169,109.66981132075472
5926.056338028169,106.13207547169812
5931.338028169014,123.82075471698113
5931.338028169014,120.28301886792453
5931.338028169014,116.74528301886792
5931.338028169014,113.20754716981132
5931.338028169014,109.66981132075472
5931.338028169014,106.13207547169812
5936.619718309859,120.28301886792453
5936.619718309859,116.74528301886792
5936.619718309859,113.20754716981132
5936.619718309859,109.66981132075472
5936.619718309859,106.13207547169812
5941.901408450704,120.28301886792453
5941.901408450704,116.74528301886792
5941.901408450704,113.20754716981132
5941.901408450704,109.66981132075472
5941.901408450704,106.13207547169812
5947.183098591549,120.28301886792453
5947.183098591549,116.74528301886792
5947.183098591549,113.20754716981132
5947.183098591549,109.66981132075472
5947.183098591549,106.13207547169812
5952.4647887323945,120.28301886792453
5952.4647887323945,116.74528301886792
5952.4647887323945,113.20754716981132
5952.4647887323945,109.66981132075472
5952.4647887323945,106.13207547169812
5957.7464788732395,120.28301886792453
5957.7464788732395,116.74528301886792
5957.7464788732395,113.20754716981132
5957.7464788732395,109.66981132075472
5957.7464788732395,106.13207547169812
5963.028169014085,120.28301886792453
5963.028169014085,116.74528301886792
5963.028169014085,113.20754716981132
5963.028169014085,109.66981132075472
5963.028169014085,106.13207547169812
5968.30985915493,120.28301886792453
5968.30985915493,116.74528301886792
5968.30985915493,113.20754716981132
5968.30985915493,109.66981132075472
5968.30985915493,106.13207547169812
5973.591549295775,120.28301886792453
5973.591549295775,116.74528301886792
5973.591549295775,113.20754716981132
5973.591549295775,109.66981132075472
5973.591549295775,106.13207547169812
5978.87323943662,123.82075471698113
5978.87323943662,120.28301886792453
5978.87323943662,116.74528301886792
5978.87323943662,113.20754716981132
5978.87323943662,109.66981132075472
5978.87323943662,106.13207547169812
5984.154929577465,123.82075471698113
5984.154929577465,120.28301886792453
5984.154929577465,116.74528301886792
5984.154929577465,113.20754716981132
5984.154929577465,109.66981132075472
5984.154929577465,106.13207547169812
5989.43661971831,123.82075471698113
5989.43661971831,120.28301886792453
5989.43661971831,116.74528301886792
5989.43661971831,113.20754716981132
5989.43661971831,109.66981132075472
5989.43661971831,106.13207547169812
5994.718309859155,120.28301886792453
5994.718309859155,116.74528301886792
5994.718309859155,113.20754716981132
5994.718309859155,109.66981132075472
5994.718309859155,106.13207547169812
5994.718309859155,102.59433962264151
6000.0,113.20754716981132
6000.0,109.66981132075472
6000.0,106.13207547169812
6000.0,102.59433962264151
6000.0,99.05660377358491
6005.281690140845,113.20754716981132
6005.281690140845,109.66981132075472
6005.281690140845,106.13207547169812
6005.281690140845,102.59433962264151
6005.281690140845,99.05660377358491
6010.56338028169,113.20754716981132
6010.56338028169,109.66981132075472
6010.56338028169,106.13207547169812
6010.56338028169,102.59433962264151
6010.56338028169,99.05660377358491
6015.845070422535,113.20754716981132
6015.845070422535,109.66981132075472
6015.845070422535,106.13207547169812
6015.845070422535,102.59433962264151
6015.845070422535,99.05660377358491
6021.12676056338,113.20754716981132
6021.12676056338,109.66981132075472
6021.12676056338,106.13207547169812
6021.12676056338,102.59433962264151
6021.12676056338,99.05660377358491
6021.12676056338,95.51886792452831
6026.408450704225,113.20754716981132
6026.408450704225,109.66981132075472
6026.408450704225,106.13207547169812
6026.408450704225,102.59433962264151
6026.408450704225,99.05660377358491
6026.408450704225,95.51886792452831
6031.69014084507,113.20754716981132
6031.69014084507,109.66981132075472
6031.69014084507,106.13207547169812
6031.69014084507,102.59433962264151
6031.69014084507,99.05660377358491
6031.69014084507,95.51886792452831
6036.971830985915,109.66981132075472
6036.971830985915,106.13207547169812
6036.971830985915,102.59433962264151
6036.971830985915,99.05660377358491
6036.971830985915,95.51886792452831
6042.2535211267605,109.66981132075472
6042.2535211267605,106.13207547169812
6042.2535211267605,102.59433962264151
6042.2535211267605,99.05660377358491
6042.2535211267605,95.51886792452831
6047.5352112676055,109.66981132075472
6047.5352112676055,106.13207547169812
6047.5352112676055,102.59433962264151
6047.5352112676055,99.05660377358491
6047.5352112676055,95.51886792452831
6052.816901408451,109.66981132075472
6052.816901408451,106.13207547169812
6052.816901408451,102.59433962264151
6052.816901408451,99.05660377358491
6052.816901408451,95.51886792452831
6058.098591549296,109.66981132075472
6058.098591549296,106.13207547169812
6058.098591549296,102.59433962264151
6058.098591549296,99.05660377358491
6058.098591549296,95.51886792452831
6063.380281690141,109.66981132075472
6063.380281690141,106.13207547169812
6063.380281690141,102.59433962264151
6063.380281690141,99.05660377358491
6063.380281690141,95.51886792452831
6068.661971830986,106.13207547169812
6068.661971830986,102.59433962264151
6068.661971830986,99.05660377358491
6068.661971830986,95.51886792452831
6073.943661971831,106.13207547169812
6073.943661971831,102.59433962264151
6073.943661971831,99.05660377358491
6073.943661971831,95.51886792452831
6073.943661971831,91.98113207547169
6079.225352112676,106.13207547169812
6079.225352112676,102.59433962264151
6079.225352112676,99.05660377358491
6079.225352112676,95.51886792452831
6079.225352112676,91.98113207547169
6084.507042253521,106.13207547169812
6084.507042253521,102.59433962264151
6084.507042253521,99.05660377358491
6084.507042253521,95.51886792452831
6084.507042253521,91.98113207547169
6089.788732394366,106.13207547169812
6089.788732394366,102.59433962264151
6089.788732394366,99.05660377358491
6089.788732394366,95.51886792452831
6089.788732394366,91.98113207547169
6089.788732394366,88.44339622641509
6095.070422535211,102.59433962264151
6095.070422535211,99.05660377358491
6095.070422535211,95.51886792452831
6095.070422535211,91.98113207547169
6095.070422535211,88.44339622641509
6100.352112676056,102.59433962264151
6100.352112676056,99.05660377358491
6100.352112676056,95.51886792452831
6100.352112676056,91.98113207547169
6100.352112676056,88.44339622641509
6105.633802816901,102.59433962264151
6105.633802816901,99.05660377358491
6105.633802816901,95.51886792452831
6105.633802816901,91.98113207547169
6105.633802816901,88.44339622641509
6110.915492957746,102.59433962264151
6110.915492957746,99.05660377358491
6110.915492957746,95.51886792452831
6110.915492957746,91.98113207547169
6110.915492957746,88.44339622641509
6116.197183098591,106.13207547169812
6116.197183098591,102.59433962264151
6116.197183098591,99.05660377358491
6116.197183098591,95.51886792452831
6116.197183098591,91.98113207547169
6116.197183098591,88.44339622641509
6121.478873239436,106.13207547169812
6121.478873239436,102.59433962264151
6121.478873239436,99.05660377358491
6121.478873239436,95.51886792452831
6121.478873239436,91.98113207547169
6121.478873239436,88.44339622641509
6121.478873239436,84.90566037735849
6126.760563380281,102.59433962264151
6126.760563380281,99.05660377358491
6126.760563380281,95.51886792452831
6126.760563380281,91.98113207547169
6126.760563380281,88.44339622641509
6126.760563380281,84.90566037735849
6132.042253521126,102.59433962264151
6132.042253521126,99.05660377358491
6132.042253521126,95.51886792452831
6132.042253521126,91.98113207547169
6132.042253521126,88.44339622641509
6132.042253521126,84.90566037735849
6137.3239436619715,102.59433962264151
6137.3239436619715,99.05660377358491
6137.3239436619715,95.51886792452831
6137.3239436619715,91.98113207547169
6137.3239436619715,88.44339622641509
6137.3239436619715,84.90566037735849
6142.605633802817,102.59433962264151
6142.605633802817,99.05660377358491
6142.605633802817,95.51886792452831
6142.605633802817,91.98113207547169
6142.605633802817,88.44339622641509
6142.605633802817,84.90566037735849
6147.887323943662,99.05660377358491
6147.887323943662,95.51886792452831
6147.887323943662,91.98113207547169
6147.887323943662,88.44339622641509
6147.887323943662,84.90566037735849
6153.169014084507,99.05660377358491
6153.169014084507,95.51886792452831
6153.169014084507,91.98113207547169
6153.169014084507,88.44339622641509
6153.169014084507,84.90566037735849
6158.450704225352,99.05660377358491
6158.450704225352,95.51886792452831
6158.450704225352,91.98113207547169
6158.450704225352,88.44339622641509
6158.450704225352,84.90566037735849
6163.732394366197,95.51886792452831
6163.732394366197,91.98113207547169
6163.732394366197,88.44339622641509
6163.732394366197,84.90566037735849
6169.014084507042,95.51886792452831
6169.014084507042,91.98113207547169
6169.014084507042,88.44339622641509
6169.014084507042,84.90566037735849
6169.014084507042,81.36792452830188
6174.295774647887,95.51886792452831
6174.295774647887,91.98113207547169
6174.295774647887,88.44339622641509
6174.295774647887,84.90566037735849
6174.295774647887,81.36792452830188
6179.577464788732,95.51886792452831
6179.577464788732,91.98113207547169
6179.577464788732,88.44339622641509
6179.577464788732,84.90566037735849
6179.577464788732,81.36792452830188
6184.859154929577,95.51886792452831
6184.859154929577,91.98113207547169
6184.859154929577,88.44339622641509
6184.859154929577,84.90566037735849
6184.859154929577,81.36792452830188
6190.140845070423,95.51886792452831
6190.140845070423,91.98113207547169
6190.140845070423,88.44339622641509
6190.140845070423,84.90566037735849
6190.140845070423,81.36792452830188
6195.422535211268,95.51886792452831
6195.422535211268,91.98113207547169
6195.422535211268,88.44339622641509
6195.422535211268,84.90566037735849
6195.422535211268,81.36792452830188
6200.704225352113,95.51886792452831
6200.704225352113,91.98113207547169
6200.704225352113,88.44339622641509
6200.704225352113,84.90566037735849
6200.704225352113,81.36792452830188
6205.985915492958,95.51886792452831
6205.985915492958,91.98113207547169
6205.985915492958,88.44339622641509
6205.985915492958,84.90566037735849
6205.985915492958,81.36792452830188
6211.267605633803,91.98113207547169
6211.267605633803,88.44339622641509
6211.267605633803,84.90566037735849
6211.267605633803,81.36792452830188
6211.267605633803,77.83018867924528
6216.549295774648,91.98113207547169
6216.549295774648,88.44339622641509
6216.549295774648,84.90566037735849
6216.549295774648,81.36792452830188
6216.549295774648,77.83018867924528
6221.830985915493,91.98113207547169
6221.830985915493,88.44339622641509
6221.830985915493,84.90566037735849
6221.830985915493,81.36792452830188
6221.830985915493,77.83018867924528
6227.112676056338,91.98113207547169
6227.112676056338,88.44339622641509
6227.112676056338,84.90566037735849
6227.112676056338,81.36792452830188
6227.112676056338,77.83018867924528
6232.394366197183,91.98113207547169
6232.394366197183,88.44339622641509
6232.394366197183,84.90566037735849
6232.394366197183,81.36792452830188
6232.394366197183,77.83018867924528
6237.6760563380285,91.98113207547169
6237.6760563380285,88.44339622641509
6237.6760563380285,84.90566037735849
6237.6760563380285,81.36792452830188
6237.6760563380285,77.83018867924528
6242.957746478874,91.98113207547169
6242.957746478874,88.44339622641509
6242.957746478874,84.90566037735849
6242.957746478874,81.36792452830188
6242.957746478874,77.83018867924528
6248.239436619719,91.98113207547169
6248.239436619719,88.44339622641509
6248.239436619719,84.90566037735849
6248.239436619719,81.36792452830188
6248.239436619719,77.83018867924528
6248.239436619719,74.29245283018868
6253.521126760564,88.44339622641509
6253.521126760564,84.90566037735849
6253.521126760564,81.36792452830188
6253.521126760564,77.83018867924528
6253.521126760564,74.29245283018868
6258.802816901409,88.44339622641509
6258.802816901409,84.90566037735849
6258.802816901409,81.36792452830188
6258.802816901409,77.83018867924528
6258.802816901409,74.29245283018868
6264.084507042254,88.44339622641509
6264.084507042254,84.90566037735849
6264.084507042254,81.36792452830188
6264.084507042254,77.83018867924528
6264.084507042254,74.29245283018868
6269.366197183099,88.44339622641509
6269.366197183099,84.90566037735849
6269.366197183099,81.36792452830188
6269.366197183099,77.83018867924528
6269.366197183099,74.29245283018868
6274.647887323944,88.44339622641509
6274.647887323944,84.90566037735849
6274.647887323944,81.36792452830188
6274.647887323944,77.83018867924528
6274.647887323944,74.29245283018868
6279.929577464789,88.44339622641509
6279.929577464789,84.90566037735849
6279.929577464789,81.36792452830188
6279.929577464789,77.83018867924528
6279.929577464789,74.29245283018868
6285.211267605634,88.44339622641509
6285.211267605634,84.90566037735849
6285.211267605634,81.36792452830188
6285.211267605634,77.83018867924528
6285.211267605634,74.29245283018868
6290.492957746479,84.90566037735849
6290.492957746479,81.36792452830188
6290.492957746479,77.83018867924528
6290.492957746479,74.29245283018868
6295.774647887324,84.90566037735849
6295.774647887324,81.36792452830188
6295.774647887324,77.83018867924528
6295.774647887324,74.29245283018868
6301.056338028169,84.90566037735849
6301.056338028169,81.36792452830188
6301.056338028169,77.83018867924528
6301.056338028169,74.29245283018868
6306.338028169014,84.90566037735849
6306.338028169014,81.36792452830188
6306.338028169014,77.83018867924528
6306.338028169014,74.29245283018868
6306.338028169014,70.75471698113208
6311.619718309859,84.90566037735849
6311.619718309859,81.36792452830188
6311.619718309859,77.83018867924528
6311.619718309859,74.29245283018868
6311.619718309859,70.75471698113208
6316.901408450704,84.90566037735849
6316.901408450704,81.36792452830188
6316.901408450704,77.83018867924528
6316.901408450704,74.29245283018868
6316.901408450704,70.75471698113208
6322.183098591549,84.90566037735849
6322.183098591549,81.36792452830188
6322.183098591549,77.83018867924528
6322.183098591549,74.29245283018868
6322.183098591549,70.75471698113208
6327.4647887323945,84.90566037735849
6327.4647887323945,81.36792452830188
6327.4647887323945,77.83018867924528
6327.4647887323945,74.29245283018868
6327.4647887323945,70.75471698113208
6332.7464788732395,81.36792452830188
6332.7464788732395,77.83018867924528
6332.7464788732395,74.29245283018868
6332.7464788732395,70.75471698113208
6332.7464788732395,67.21698113207547
6338.028169014085,81.36792452830188
6338.028169014085,77.83018867924528
6338.028169014085,74.29245283018868
6338.028169014085,70.75471698113208
6338.028169014085,67.21698113207547
6343.30985915493,81.36792452830188
6343.30985915493,77.83018867924528
6343.30985915493,74.29245283018868
6343.30985915493,70.75471698113208
6343.30985915493,67.21698113207547
6348.591549295775,81.36792452830188
6348.591549295775,77.83018867924528
6348.591549295775,74.29245283018868
6348.591549295775,70.75471698113208
6348.591549295775,67.21698113207547
6353.87323943662,81.36792452830188
6353.87323943662,77.83018867924528
6353.87323943662,74.29245283018868
6353.87323943662,70.75471698113208
6353.87323943662,67.21698113207547
6359.154929577465,81.36792452830188
6359.154929577465,77.83018867924528
6359.154929577465,74.29245283018868
6359.154929577465,70.75471698113208
6359.154929577465,67.21698113207547
6364.43661971831,81.36792452830188
6364.43661971831,77.83018867924528
6364.43661971831,74.29245283018868
6364.43661971831,70.75471698113208
6364.43661971831,67.21698113207547
6369.718309859155,81.36792452830188
6369.718309859155,77.83018867924528
6369.718309859155,74.29245283018868
6369.718309859155,70.75471698113208
6369.718309859155,67.21698113207547
6375.0,81.36792452830188
6375.0,77.83018867924528
6375.0,74.29245283018868
6375.0,70.75471698113208
6375.0,67.21698113207547
6380.281690140845,81.36792452830188
6380.281690140845,77.83018867924528
6380.281690140845,74.29245283018868
6380.281690140845,70.75471698113208
6380.281690140845,67.21698113207547
6385.56338028169,77.83018867924528
6385.56338028169,74.29245283018868
6385.56338028169,70.75471698113208
6385.56338028169,67.21698113207547
6390.845070422535,77.83018867924528
6390.845070422535,74.29245283018868
6390.845070422535,70.75471698113208
6390.845070422535,67.21698113207547
6390.845070422535,63.679245283018865
6396.12676056338,77.83018867924528
6396.12676056338,74.29245283018868
6396.12676056338,70.75471698113208
6396.12676056338,67.21698113207547
6396.12676056338,63.679245283018865
6401.408450704225,77.83018867924528
6401.408450704225,74.29245283018868
6401.408450704225,70.75471698113208
6401.408450704225,67.21698113207547
6401.408450704225,63.679245283018865
6406.69014084507,77.83018867924528
6406.69014084507,74.29245283018868
6406.69014084507,70.75471698113208
6406.69014084507,67.21698113207547
6406.69014084507,63.679245283018865
6411.971830985915,77.83018867924528
6411.971830985915,74.29245283018868
6411.971830985915,70.75471698113208
6411.971830985915,67.21698113207547
6411.971830985915,63.679245283018865
6417.2535211267605,77.83018867924528
6417.2535211267605,74.29245283018868
6417.2535211267605,70.75471698113208
6417.2535211267605,67.21698113207547
6417.2535211267605,63.679245283018865
6422.5352112676055,77.83018867924528
6422.5352112676055,74.29245283018868
6422.5352112676055,70.75471698113208
6422.5352112676055,67.21698113207547
6422.5352112676055,63.679245283018865
6427.816901408451,77.83018867924528
6427.816901408451,74.29245283018868
6427.816901408451,70.75471698113208
6427.816901408451,67.21698113207547
6427.816901408451,63.679245283018865
6433.098591549296,77.83018867924528
6433.098591549296,74.29245283018868
6433.098591549296,70.75471698113208
6433.098591549296,67.21698113207547
6433.098591549296,63.679245283018865
6438.380281690141,77.83018867924528
6438.380281690141,74.29245283018868
6438.380281690141,70.75471698113208
6438.380281690141,67.21698113207547
6438.380281690141,63.679245283018865
6443.661971830986,77.83018867924528
6443.661971830986,74.29245283018868
6443.661971830986,70.75471698113208
6443.661971830986,67.21698113207547
6443.661971830986,63.679245283018865
6443.661971830986,60.14150943396226
6448.943661971831,74.29245283018868
6448.943661971831,70.75471698113208
6448.943661971831,67.21698113207547
6448.943661971831,63.679245283018865
6448.943661971831,60.14150943396226
6454.225352112676,74.29245283018868
6454.225352112676,70.75471698113208
6454.225352112676,67.21698113207547
6454.225352112676,63.679245283018865
6454.225352112676,60.14150943396226
6459.507042253521,74.29245283018868
6459.507042253521,70.75471698113208
6459.507042253521,67.21698113207547
6459.507042253521,63.679245283018865
6459.507042253521,60.14150943396226
6464.788732394366,74.29245283018868
6464.788732394366,70.75471698113208
6464.788732394366,67.21698113207547
6464.788732394366,63.679245283018865
6464.788732394366,60.14150943396226
6470.070422535211,74.29245283018868
6470.070422535211,70.75471698113208
6470.070422535211,67.21698113207547
6470.070422535211,63.679245283018865
6470.070422535211,60.14150943396226
6475.352112676056,74.29245283018868
6475.352112676056,70.75471698113208
6475.352112676056,67.21698113207547
6475.352112676056,63.679245283018865
6475.352112676056,60.14150943396226
6475.352112676056,56.60377358490566
6480.633802816901,74.29245283018868
6480.633802816901,70.75471698113208
6480.633802816901,67.21698113207547
6480.633802816901,63.679245283018865
6480.633802816901,60.14150943396226
6480.633802816901,56.60377358490566
6485.915492957746,74.29245283018868
6485.915492957746,70.75471698113208
6485.915492957746,67.21698113207547
6485.915492957746,63.679245283018865
6485.915492957746,60.14150943396226
6485.915492957746,56.60377358490566
6491.197183098591,74.29245283018868
6491.197183098591,70.75471698113208
6491.197183098591,67.21698113207547
6491.197183098591,63.679245283018865
6491.197183098591,60.14150943396226
6491.197183098591,56.60377358490566
6496.478873239436,74.29245283018868
6496.478873239436,70.75471698113208
6496.478873239436,67.21698113207547
6496.478873239436,63.679245283018865
6496.478873239436,60.14150943396226
6496.478873239436,56.60377358490566
6501.760563380281,70.75471698113208
6501.760563380281,67.21698113207547
6501.760563380281,63.679245283018865
6501.760563380281,60.14150943396226
6501.760563380281,56.60377358490566
6507.042253521126,70.75471698113208
6507.042253521126,67.21698113207547
6507.042253521126,63.679245283018865
6507.042253521126,60.14150943396226
6507.042253521126,56.60377358490566
6512.3239436619715,70.75471698113208
6512.3239436619715,67.21698113207547
6512.3239436619715,63.679245283018865
6512.3239436619715,60.14150943396226
6512.3239436619715,56.60377358490566
6517.605633802817,70.75471698113208
6517.605633802817,67.21698113207547
6517.605633802817,63.679245283018865
6517.605633802817,60.14150943396226
6517.605633802817,56.60377358490566
6522.887323943662,67.21698113207547
6522.887323943662,63.679245283018865
6522.887323943662,60.14150943396226
6522.887323943662,56.60377358490566
6528.169014084507,67.21698113207547
6528.169014084507,63.679245283018865
6528.169014084507,60.14150943396226
6528.169014084507,56.60377358490566
6533.450704225352,67.21698113207547
6533.450704225352,63.679245283018865
6533.450704225352,60.14150943396226
6533.450704225352,56.60377358490566
6533.450704225352,53.06603773584906
6538.732394366197,67.21698113207547
6538.732394366197,63.679245283018865
6538.732394366197,60.14150943396226
6538.732394366197,56.60377358490566
6538.732394366197,53.06603773584906
6544.014084507042,67.21698113207547
6544.014084507042,63.679245283018865
6544.014084507042,60.14150943396226
6544.014084507042,56.60377358490566
6549.295774647887,67.21698113207547
6549.295774647887,63.679245283018865
6549.295774647887,60.14150943396226
6549.295774647887,56.60377358490566
6554.577464788732,67.21698113207547
6554.577464788732,63.679245283018865
6554.577464788732,60.14150943396226
6554.577464788732,56.60377358490566
6559.859154929577,67.21698113207547
6559.859154929577,63.679245283018865
6559.859154929577,60.14150943396226
6559.859154929577,56.60377358490566
6559.859154929577,53.06603773584906
6565.140845070423,67.21698113207547
6565.140845070423,63.679245283018865
6565.140845070423,60.14150943396226
6565.140845070423,56.60377358490566
6565.140845070423,53.06603773584906
6570.422535211268,67.21698113207547
6570.422535211268,63.679245283018865
6570.422535211268,60.14150943396226
6570.422535211268,56.60377358490566
6570.422535211268,53.06603773584906
6575.704225352113,67.21698113207547
6575.704225352113,63.679245283018865
6575.704225352113,60.14150943396226
6575.704225352113,56.60377358490566
6575.704225352113,53.06603773584906
6580.985915492958,67.21698113207547
6580.985915492958,63.679245283018865
6580.985915492958,60.14150943396226
6580.985915492958,56.60377358490566
6580.985915492958,53.06603773584906
6580.985915492958,49.528301886792455
6586.267605633803,63.679245283018865
6586.267605633803,60.14150943396226
6586.267605633803,56.60377358490566
6586.267605633803,53.06603773584906
6586.267605633803,49.528301886792455
6591.549295774648,63.679245283018865
6591.549295774648,60.14150943396226
6591.549295774648,56.60377358490566
6591.549295774648,53.06603773584906
6591.549295774648,49.528301886792455
6596.830985915493,63.679245283018865
6596.830985915493,60.14150943396226
6596.830985915493,56.60377358490566
6596.830985915493,53.06603773584906
6596.830985915493,49.528301886792455
6602.112676056338,63.679245283018865
6602.112676056338,60.14150943396226
6602.112676056338,56.60377358490566
6602.112676056338,53.06603773584906
6602.112676056338,49.528301886792455
6607.394366197183,63.679245283018865
6607.394366197183,60.14150943396226
6607.394366197183,56.60377358490566
6607.394366197183,53.06603773584906
6607.394366197183,49.528301886792455
6612.6760563380285,63.679245283018865
6612.6760563380285,60.14150943396226
6612.6760563380285,56.60377358490566
6612.6760563380285,53.06603773584906
6612.6760563380285,49.528301886792455
6617.957746478874,63.679245283018865
6617.957746478874,60.14150943396226
6617.957746478874,56.60377358490566
6617.957746478874,53.06603773584906
6617.957746478874,49.528301886792455
6623.239436619719,63.679245283018865
6623.239436619719,60.14150943396226
6623.239436619719,56.60377358490566
6623.239436619719,53.06603773584906
6623.239436619719,49.528301886792455
6628.521126760564,63.679245283018865
6628.521126760564,60.14150943396226
6628.521126760564,56.60377358490566
6628.521126760564,53.06603773584906
6628.521126760564,49.528301886792455
6633.802816901409,60.14150943396226
6633.802816901409,56.60377358490566
6633.802816901409,53.06603773584906
6633.802816901409,49.528301886792455
6639.084507042254,56.60377358490566
6639.084507042254,53.06603773584906
